"semana"|"aduana"|"aduana_desc"|"mercaderia"|"mercaderia_desc"|"cantidad"|"kilos"|"importe"
69|91|"BS.AS. NORTE"|10|"CEREALES"|5|262000|103630.14
70|91|"BS.AS. NORTE"|10|"CEREALES"|2|311500|80724.97
71|91|"BS.AS. NORTE"|10|"CEREALES"|4|194780|76931.4
72|91|"BS.AS. NORTE"|10|"CEREALES"|6|706520|236468.38
73|91|"BS.AS. NORTE"|10|"CEREALES"|3|124000|47458.2
74|91|"BS.AS. NORTE"|10|"CEREALES"|10|638679|264342.47
75|91|"BS.AS. NORTE"|10|"CEREALES"|4|309000|100800
76|91|"BS.AS. NORTE"|10|"CEREALES"|9|406000|151881.75
77|91|"BS.AS. NORTE"|10|"CEREALES"|9|592060|218961.2
78|91|"BS.AS. NORTE"|10|"CEREALES"|5|397029.8|730592.29
79|91|"BS.AS. NORTE"|10|"CEREALES"|3|526000|191800
80|91|"BS.AS. NORTE"|10|"CEREALES"|4|334125|99327.6
81|91|"BS.AS. NORTE"|10|"CEREALES"|2|130000|42540
82|91|"BS.AS. NORTE"|10|"CEREALES"|8|1167900|342431.36
83|91|"BS.AS. NORTE"|10|"CEREALES"|2|741750|281267
84|91|"BS.AS. NORTE"|10|"CEREALES"|8|1006600|341805
85|91|"BS.AS. NORTE"|10|"CEREALES"|2|175000|67975
86|91|"BS.AS. NORTE"|10|"CEREALES"|3|423540|158948.4
87|91|"BS.AS. NORTE"|10|"CEREALES"|6|381980|224758.25
88|91|"BS.AS. NORTE"|10|"CEREALES"|4|366000|118080
89|91|"BS.AS. NORTE"|10|"CEREALES"|3|361500|106625
90|91|"BS.AS. NORTE"|10|"CEREALES"|7|564800|615341.6
91|91|"BS.AS. NORTE"|10|"CEREALES"|3|130000|175110
92|91|"BS.AS. NORTE"|10|"CEREALES"|6|281700|102910
93|91|"BS.AS. NORTE"|10|"CEREALES"|8|431925|173259.5
94|91|"BS.AS. NORTE"|10|"CEREALES"|5|440234|162643.22
95|91|"BS.AS. NORTE"|10|"CEREALES"|7|465897.1|168830.98
96|91|"BS.AS. NORTE"|10|"CEREALES"|1|337000|117950
97|91|"BS.AS. NORTE"|10|"CEREALES"|6|927940|362782.4
98|91|"BS.AS. NORTE"|10|"CEREALES"|8|739260|377607.79
99|91|"BS.AS. NORTE"|10|"CEREALES"|11|1337220|488218.61
100|91|"BS.AS. NORTE"|10|"CEREALES"|7|1038500|420776.88
101|91|"BS.AS. NORTE"|10|"CEREALES"|5|663580|255280.56
102|91|"BS.AS. NORTE"|10|"CEREALES"|10|1100640|425301.96
103|91|"BS.AS. NORTE"|10|"CEREALES"|8|1159350|419139.16
104|91|"BS.AS. NORTE"|10|"CEREALES"|4|404770|176346.16
