"semana"|"aduana"|"aduana_desc"|"mercaderia"|"mercaderia_desc"|"cantidad"|"kilos"|"importe"
35|84|"SANTO TOME"|95|"JUGUETES, JUEGOS Y ARTICULOS PARA RECREO O DEPORTE; SUS PART"|1|5160|194827.48
37|84|"SANTO TOME"|95|"JUGUETES, JUEGOS Y ARTICULOS PARA RECREO O DEPORTE; SUS PART"|2|125138.32|1459840.81
38|84|"SANTO TOME"|95|"JUGUETES, JUEGOS Y ARTICULOS PARA RECREO O DEPORTE; SUS PART"|7|473000|409504.5
39|84|"SANTO TOME"|95|"JUGUETES, JUEGOS Y ARTICULOS PARA RECREO O DEPORTE; SUS PART"|1|11553.5|215661.49
55|84|"SANTO TOME"|95|"JUGUETES, JUEGOS Y ARTICULOS PARA RECREO O DEPORTE; SUS PART"|1|73705|673531.37
64|84|"SANTO TOME"|95|"JUGUETES, JUEGOS Y ARTICULOS PARA RECREO O DEPORTE; SUS PART"|3|9439|182837.6
72|84|"SANTO TOME"|95|"JUGUETES, JUEGOS Y ARTICULOS PARA RECREO O DEPORTE; SUS PART"|1|1275|25657.9
73|84|"SANTO TOME"|95|"JUGUETES, JUEGOS Y ARTICULOS PARA RECREO O DEPORTE; SUS PART"|2|10117.8|466299.2
97|84|"SANTO TOME"|95|"JUGUETES, JUEGOS Y ARTICULOS PARA RECREO O DEPORTE; SUS PART"|1|36302|3122972.99
