"semana"|"aduana"|"aduana_desc"|"mercaderia"|"mercaderia_desc"|"cantidad"|"kilos"|"importe"
19|49|"RIO GRANDE"|73|"MANUFACTURAS DE FUNDICION, HIERRO O ACERO"|1|417.5|10295.41
21|49|"RIO GRANDE"|73|"MANUFACTURAS DE FUNDICION, HIERRO O ACERO"|1|14000|25416
22|49|"RIO GRANDE"|73|"MANUFACTURAS DE FUNDICION, HIERRO O ACERO"|1|14000|25416
23|49|"RIO GRANDE"|73|"MANUFACTURAS DE FUNDICION, HIERRO O ACERO"|1|10.5|267.2
26|49|"RIO GRANDE"|73|"MANUFACTURAS DE FUNDICION, HIERRO O ACERO"|1|14000|25416
28|49|"RIO GRANDE"|73|"MANUFACTURAS DE FUNDICION, HIERRO O ACERO"|1|0.65|17.17
30|49|"RIO GRANDE"|73|"MANUFACTURAS DE FUNDICION, HIERRO O ACERO"|2|14016.2|25677.1
34|49|"RIO GRANDE"|73|"MANUFACTURAS DE FUNDICION, HIERRO O ACERO"|1|8.4|104.44
36|49|"RIO GRANDE"|73|"MANUFACTURAS DE FUNDICION, HIERRO O ACERO"|2|245|431.49
38|49|"RIO GRANDE"|73|"MANUFACTURAS DE FUNDICION, HIERRO O ACERO"|1|14000|25416
50|49|"RIO GRANDE"|73|"MANUFACTURAS DE FUNDICION, HIERRO O ACERO"|1|54|525.6
51|49|"RIO GRANDE"|73|"MANUFACTURAS DE FUNDICION, HIERRO O ACERO"|1|215.17|6906.04
58|49|"RIO GRANDE"|73|"MANUFACTURAS DE FUNDICION, HIERRO O ACERO"|1|8|500
63|49|"RIO GRANDE"|73|"MANUFACTURAS DE FUNDICION, HIERRO O ACERO"|34|27957.05|453534.52
78|49|"RIO GRANDE"|73|"MANUFACTURAS DE FUNDICION, HIERRO O ACERO"|3|51.83|745.02
86|49|"RIO GRANDE"|73|"MANUFACTURAS DE FUNDICION, HIERRO O ACERO"|2|40.8|479.43
100|49|"RIO GRANDE"|73|"MANUFACTURAS DE FUNDICION, HIERRO O ACERO"|1|171.7|2524.5
102|49|"RIO GRANDE"|73|"MANUFACTURAS DE FUNDICION, HIERRO O ACERO"|2|191.7|2615.3
