"semana"|"aduana"|"aduana_desc"|"mercaderia"|"mercaderia_desc"|"cantidad"|"kilos"|"importe"
68|92|"BS.AS. SUR"|10|"CEREALES"|3|19000|14250
69|92|"BS.AS. SUR"|10|"CEREALES"|4|164000|66290
71|92|"BS.AS. SUR"|10|"CEREALES"|12|1011240|356770.8
72|92|"BS.AS. SUR"|10|"CEREALES"|8|616990|201482.6
73|92|"BS.AS. SUR"|10|"CEREALES"|3|378000|118860
74|92|"BS.AS. SUR"|10|"CEREALES"|9|905857|397752.55
75|92|"BS.AS. SUR"|10|"CEREALES"|8|603900|216151.84
76|92|"BS.AS. SUR"|10|"CEREALES"|3|270000|95138.93
77|92|"BS.AS. SUR"|10|"CEREALES"|3|137820|55620
78|92|"BS.AS. SUR"|10|"CEREALES"|1|120371|252779.1
79|92|"BS.AS. SUR"|10|"CEREALES"|9|503000|198079.91
80|92|"BS.AS. SUR"|10|"CEREALES"|4|155000|51498.77
81|92|"BS.AS. SUR"|10|"CEREALES"|2|75000|24850
82|92|"BS.AS. SUR"|10|"CEREALES"|6|636180|256652.07
83|92|"BS.AS. SUR"|10|"CEREALES"|3|172000|78436.24
84|92|"BS.AS. SUR"|10|"CEREALES"|4|115000|52470
85|92|"BS.AS. SUR"|10|"CEREALES"|7|295000|109200.23
86|92|"BS.AS. SUR"|10|"CEREALES"|7|483000|168713.84
87|92|"BS.AS. SUR"|10|"CEREALES"|11|525890|174547.53
88|92|"BS.AS. SUR"|10|"CEREALES"|4|297750|114393.9
89|92|"BS.AS. SUR"|10|"CEREALES"|5|487500|153010.64
90|92|"BS.AS. SUR"|10|"CEREALES"|6|454500|136722.18
91|92|"BS.AS. SUR"|10|"CEREALES"|3|606000|239527.72
92|92|"BS.AS. SUR"|10|"CEREALES"|5|550236|181479.49
93|92|"BS.AS. SUR"|10|"CEREALES"|6|758000|289458.12
94|92|"BS.AS. SUR"|10|"CEREALES"|3|338000|113467.68
95|92|"BS.AS. SUR"|10|"CEREALES"|11|843380|313885.9
96|92|"BS.AS. SUR"|10|"CEREALES"|4|333000|120385.44
97|92|"BS.AS. SUR"|10|"CEREALES"|6|373930|134299.3
98|92|"BS.AS. SUR"|10|"CEREALES"|3|186100|62676.24
99|92|"BS.AS. SUR"|10|"CEREALES"|7|439440|162670
100|92|"BS.AS. SUR"|10|"CEREALES"|11|560500|248176.5
101|92|"BS.AS. SUR"|10|"CEREALES"|3|312000|104004.96
102|92|"BS.AS. SUR"|10|"CEREALES"|6|356244.5|127307.48
103|92|"BS.AS. SUR"|10|"CEREALES"|9|654660|249253.59
104|92|"BS.AS. SUR"|10|"CEREALES"|7|361400|159546.31
