"semana"|"aduana"|"aduana_desc"|"mercaderia"|"mercaderia_desc"|"cantidad"|"kilos"|"importe"
68|91|"BS.AS. NORTE"|33|"ACEITES ESENCIALES Y RESINOIDES; PEPARACIONES DE PERFUMERIA,"|34|347881.96|1530645.38
69|91|"BS.AS. NORTE"|33|"ACEITES ESENCIALES Y RESINOIDES; PEPARACIONES DE PERFUMERIA,"|249|2048977.14|9451246.51
70|91|"BS.AS. NORTE"|33|"ACEITES ESENCIALES Y RESINOIDES; PEPARACIONES DE PERFUMERIA,"|188|990312.77|4599621.21
71|91|"BS.AS. NORTE"|33|"ACEITES ESENCIALES Y RESINOIDES; PEPARACIONES DE PERFUMERIA,"|288|2161006.25|9707900.47
72|91|"BS.AS. NORTE"|33|"ACEITES ESENCIALES Y RESINOIDES; PEPARACIONES DE PERFUMERIA,"|247|1686248.64|7548121.23
73|91|"BS.AS. NORTE"|33|"ACEITES ESENCIALES Y RESINOIDES; PEPARACIONES DE PERFUMERIA,"|178|1676851.84|8570661.12
74|91|"BS.AS. NORTE"|33|"ACEITES ESENCIALES Y RESINOIDES; PEPARACIONES DE PERFUMERIA,"|317|1678245.23|8836030.42
75|91|"BS.AS. NORTE"|33|"ACEITES ESENCIALES Y RESINOIDES; PEPARACIONES DE PERFUMERIA,"|272|1587552.28|8389088.4
76|91|"BS.AS. NORTE"|33|"ACEITES ESENCIALES Y RESINOIDES; PEPARACIONES DE PERFUMERIA,"|264|1757195.85|8626733.05
77|91|"BS.AS. NORTE"|33|"ACEITES ESENCIALES Y RESINOIDES; PEPARACIONES DE PERFUMERIA,"|285|1918873.27|10024789.14
78|91|"BS.AS. NORTE"|33|"ACEITES ESENCIALES Y RESINOIDES; PEPARACIONES DE PERFUMERIA,"|179|885569.24|5038641.13
79|91|"BS.AS. NORTE"|33|"ACEITES ESENCIALES Y RESINOIDES; PEPARACIONES DE PERFUMERIA,"|300|2312506.96|10140809.23
80|91|"BS.AS. NORTE"|33|"ACEITES ESENCIALES Y RESINOIDES; PEPARACIONES DE PERFUMERIA,"|203|1170044.34|6464958.29
81|91|"BS.AS. NORTE"|33|"ACEITES ESENCIALES Y RESINOIDES; PEPARACIONES DE PERFUMERIA,"|203|1705739.8|9423289.62
82|91|"BS.AS. NORTE"|33|"ACEITES ESENCIALES Y RESINOIDES; PEPARACIONES DE PERFUMERIA,"|206|1551343.99|8544420.05
83|91|"BS.AS. NORTE"|33|"ACEITES ESENCIALES Y RESINOIDES; PEPARACIONES DE PERFUMERIA,"|192|1239096.46|6069295.5
84|91|"BS.AS. NORTE"|33|"ACEITES ESENCIALES Y RESINOIDES; PEPARACIONES DE PERFUMERIA,"|250|1504090.63|7840505.67
85|91|"BS.AS. NORTE"|33|"ACEITES ESENCIALES Y RESINOIDES; PEPARACIONES DE PERFUMERIA,"|173|1180661.43|7029849.12
86|91|"BS.AS. NORTE"|33|"ACEITES ESENCIALES Y RESINOIDES; PEPARACIONES DE PERFUMERIA,"|224|1456523.97|7334577.93
87|91|"BS.AS. NORTE"|33|"ACEITES ESENCIALES Y RESINOIDES; PEPARACIONES DE PERFUMERIA,"|209|1596177.82|6756855.31
88|91|"BS.AS. NORTE"|33|"ACEITES ESENCIALES Y RESINOIDES; PEPARACIONES DE PERFUMERIA,"|244|1414783.6|7579504.17
89|91|"BS.AS. NORTE"|33|"ACEITES ESENCIALES Y RESINOIDES; PEPARACIONES DE PERFUMERIA,"|200|1415661.08|7341056.27
90|91|"BS.AS. NORTE"|33|"ACEITES ESENCIALES Y RESINOIDES; PEPARACIONES DE PERFUMERIA,"|188|1091837.44|6292793.21
91|91|"BS.AS. NORTE"|33|"ACEITES ESENCIALES Y RESINOIDES; PEPARACIONES DE PERFUMERIA,"|243|1152483.57|6215556.49
92|91|"BS.AS. NORTE"|33|"ACEITES ESENCIALES Y RESINOIDES; PEPARACIONES DE PERFUMERIA,"|189|1278168.13|5733829.75
93|91|"BS.AS. NORTE"|33|"ACEITES ESENCIALES Y RESINOIDES; PEPARACIONES DE PERFUMERIA,"|139|1096346.97|5954243.4
94|91|"BS.AS. NORTE"|33|"ACEITES ESENCIALES Y RESINOIDES; PEPARACIONES DE PERFUMERIA,"|234|1362993.83|8809096.6
95|91|"BS.AS. NORTE"|33|"ACEITES ESENCIALES Y RESINOIDES; PEPARACIONES DE PERFUMERIA,"|238|1334246.11|7839747.2
96|91|"BS.AS. NORTE"|33|"ACEITES ESENCIALES Y RESINOIDES; PEPARACIONES DE PERFUMERIA,"|172|1024153.55|4131722.69
97|91|"BS.AS. NORTE"|33|"ACEITES ESENCIALES Y RESINOIDES; PEPARACIONES DE PERFUMERIA,"|236|1405519.51|7658560.33
98|91|"BS.AS. NORTE"|33|"ACEITES ESENCIALES Y RESINOIDES; PEPARACIONES DE PERFUMERIA,"|163|1083809.04|6237400.63
99|91|"BS.AS. NORTE"|33|"ACEITES ESENCIALES Y RESINOIDES; PEPARACIONES DE PERFUMERIA,"|232|1767904.78|8411882.42
100|91|"BS.AS. NORTE"|33|"ACEITES ESENCIALES Y RESINOIDES; PEPARACIONES DE PERFUMERIA,"|140|852128.85|5437465.56
101|91|"BS.AS. NORTE"|33|"ACEITES ESENCIALES Y RESINOIDES; PEPARACIONES DE PERFUMERIA,"|135|794818.06|4643352.13
102|91|"BS.AS. NORTE"|33|"ACEITES ESENCIALES Y RESINOIDES; PEPARACIONES DE PERFUMERIA,"|241|1714531.73|9548862.59
103|91|"BS.AS. NORTE"|33|"ACEITES ESENCIALES Y RESINOIDES; PEPARACIONES DE PERFUMERIA,"|204|769935.34|4353318.49
104|91|"BS.AS. NORTE"|33|"ACEITES ESENCIALES Y RESINOIDES; PEPARACIONES DE PERFUMERIA,"|29|76089.99|515034.13
