"semana"|"aduana"|"aduana_desc"|"mercaderia"|"mercaderia_desc"|"cantidad"|"kilos"|"importe"
3|82|"BERNARDO DE YRIGOYEN"|11|"PRODUCTOS DE LA MOLINERIA; MALTA; ALMIDON Y FECULA; INULINA;"|1|114000|68400
5|82|"BERNARDO DE YRIGOYEN"|11|"PRODUCTOS DE LA MOLINERIA; MALTA; ALMIDON Y FECULA; INULINA;"|3|113000|54010
6|82|"BERNARDO DE YRIGOYEN"|11|"PRODUCTOS DE LA MOLINERIA; MALTA; ALMIDON Y FECULA; INULINA;"|9|396000|198000
7|82|"BERNARDO DE YRIGOYEN"|11|"PRODUCTOS DE LA MOLINERIA; MALTA; ALMIDON Y FECULA; INULINA;"|11|591000|293145
8|82|"BERNARDO DE YRIGOYEN"|11|"PRODUCTOS DE LA MOLINERIA; MALTA; ALMIDON Y FECULA; INULINA;"|10|540500|268960
9|82|"BERNARDO DE YRIGOYEN"|11|"PRODUCTOS DE LA MOLINERIA; MALTA; ALMIDON Y FECULA; INULINA;"|10|563980|281122.2
10|82|"BERNARDO DE YRIGOYEN"|11|"PRODUCTOS DE LA MOLINERIA; MALTA; ALMIDON Y FECULA; INULINA;"|7|425000|193202.5
11|82|"BERNARDO DE YRIGOYEN"|11|"PRODUCTOS DE LA MOLINERIA; MALTA; ALMIDON Y FECULA; INULINA;"|11|426500|200747.5
12|82|"BERNARDO DE YRIGOYEN"|11|"PRODUCTOS DE LA MOLINERIA; MALTA; ALMIDON Y FECULA; INULINA;"|14|590500|269310
13|82|"BERNARDO DE YRIGOYEN"|11|"PRODUCTOS DE LA MOLINERIA; MALTA; ALMIDON Y FECULA; INULINA;"|15|734500|347425
14|82|"BERNARDO DE YRIGOYEN"|11|"PRODUCTOS DE LA MOLINERIA; MALTA; ALMIDON Y FECULA; INULINA;"|7|285000|134020
15|82|"BERNARDO DE YRIGOYEN"|11|"PRODUCTOS DE LA MOLINERIA; MALTA; ALMIDON Y FECULA; INULINA;"|9|561600|251683
16|82|"BERNARDO DE YRIGOYEN"|11|"PRODUCTOS DE LA MOLINERIA; MALTA; ALMIDON Y FECULA; INULINA;"|8|367500|190272.5
17|82|"BERNARDO DE YRIGOYEN"|11|"PRODUCTOS DE LA MOLINERIA; MALTA; ALMIDON Y FECULA; INULINA;"|13|562500|282650
18|82|"BERNARDO DE YRIGOYEN"|11|"PRODUCTOS DE LA MOLINERIA; MALTA; ALMIDON Y FECULA; INULINA;"|7|225500|111360
19|82|"BERNARDO DE YRIGOYEN"|11|"PRODUCTOS DE LA MOLINERIA; MALTA; ALMIDON Y FECULA; INULINA;"|8|4e+05|173205
20|82|"BERNARDO DE YRIGOYEN"|11|"PRODUCTOS DE LA MOLINERIA; MALTA; ALMIDON Y FECULA; INULINA;"|3|200500|98457.5
21|82|"BERNARDO DE YRIGOYEN"|11|"PRODUCTOS DE LA MOLINERIA; MALTA; ALMIDON Y FECULA; INULINA;"|3|142500|70150
22|82|"BERNARDO DE YRIGOYEN"|11|"PRODUCTOS DE LA MOLINERIA; MALTA; ALMIDON Y FECULA; INULINA;"|14|567000|266887.5
23|82|"BERNARDO DE YRIGOYEN"|11|"PRODUCTOS DE LA MOLINERIA; MALTA; ALMIDON Y FECULA; INULINA;"|19|1053500|461642.5
24|82|"BERNARDO DE YRIGOYEN"|11|"PRODUCTOS DE LA MOLINERIA; MALTA; ALMIDON Y FECULA; INULINA;"|14|564000|277775
25|82|"BERNARDO DE YRIGOYEN"|11|"PRODUCTOS DE LA MOLINERIA; MALTA; ALMIDON Y FECULA; INULINA;"|13|537500|268247.5
26|82|"BERNARDO DE YRIGOYEN"|11|"PRODUCTOS DE LA MOLINERIA; MALTA; ALMIDON Y FECULA; INULINA;"|11|596500|277092.5
27|82|"BERNARDO DE YRIGOYEN"|11|"PRODUCTOS DE LA MOLINERIA; MALTA; ALMIDON Y FECULA; INULINA;"|13|740000|341260
28|82|"BERNARDO DE YRIGOYEN"|11|"PRODUCTOS DE LA MOLINERIA; MALTA; ALMIDON Y FECULA; INULINA;"|7|256500|128867.5
29|82|"BERNARDO DE YRIGOYEN"|11|"PRODUCTOS DE LA MOLINERIA; MALTA; ALMIDON Y FECULA; INULINA;"|3|142000|74940
30|82|"BERNARDO DE YRIGOYEN"|11|"PRODUCTOS DE LA MOLINERIA; MALTA; ALMIDON Y FECULA; INULINA;"|4|314000|154190
31|82|"BERNARDO DE YRIGOYEN"|11|"PRODUCTOS DE LA MOLINERIA; MALTA; ALMIDON Y FECULA; INULINA;"|4|255500|115300
32|82|"BERNARDO DE YRIGOYEN"|11|"PRODUCTOS DE LA MOLINERIA; MALTA; ALMIDON Y FECULA; INULINA;"|5|283000|120490
33|82|"BERNARDO DE YRIGOYEN"|11|"PRODUCTOS DE LA MOLINERIA; MALTA; ALMIDON Y FECULA; INULINA;"|17|733000|324953
34|82|"BERNARDO DE YRIGOYEN"|11|"PRODUCTOS DE LA MOLINERIA; MALTA; ALMIDON Y FECULA; INULINA;"|7|285000|136297.5
35|82|"BERNARDO DE YRIGOYEN"|11|"PRODUCTOS DE LA MOLINERIA; MALTA; ALMIDON Y FECULA; INULINA;"|9|422500|192217.5
36|82|"BERNARDO DE YRIGOYEN"|11|"PRODUCTOS DE LA MOLINERIA; MALTA; ALMIDON Y FECULA; INULINA;"|10|394500|188367.5
37|82|"BERNARDO DE YRIGOYEN"|11|"PRODUCTOS DE LA MOLINERIA; MALTA; ALMIDON Y FECULA; INULINA;"|10|367000|175610
38|82|"BERNARDO DE YRIGOYEN"|11|"PRODUCTOS DE LA MOLINERIA; MALTA; ALMIDON Y FECULA; INULINA;"|3|111500|47945
39|82|"BERNARDO DE YRIGOYEN"|11|"PRODUCTOS DE LA MOLINERIA; MALTA; ALMIDON Y FECULA; INULINA;"|2|56000|23240
40|82|"BERNARDO DE YRIGOYEN"|11|"PRODUCTOS DE LA MOLINERIA; MALTA; ALMIDON Y FECULA; INULINA;"|4|141500|60985
41|82|"BERNARDO DE YRIGOYEN"|11|"PRODUCTOS DE LA MOLINERIA; MALTA; ALMIDON Y FECULA; INULINA;"|4|173000|74697.5
42|82|"BERNARDO DE YRIGOYEN"|11|"PRODUCTOS DE LA MOLINERIA; MALTA; ALMIDON Y FECULA; INULINA;"|9|455000|200192.5
43|82|"BERNARDO DE YRIGOYEN"|11|"PRODUCTOS DE LA MOLINERIA; MALTA; ALMIDON Y FECULA; INULINA;"|17|541000|226150
44|82|"BERNARDO DE YRIGOYEN"|11|"PRODUCTOS DE LA MOLINERIA; MALTA; ALMIDON Y FECULA; INULINA;"|4|200500|78845
45|82|"BERNARDO DE YRIGOYEN"|11|"PRODUCTOS DE LA MOLINERIA; MALTA; ALMIDON Y FECULA; INULINA;"|11|532000|245560
46|82|"BERNARDO DE YRIGOYEN"|11|"PRODUCTOS DE LA MOLINERIA; MALTA; ALMIDON Y FECULA; INULINA;"|8|310500|128477.5
47|82|"BERNARDO DE YRIGOYEN"|11|"PRODUCTOS DE LA MOLINERIA; MALTA; ALMIDON Y FECULA; INULINA;"|2|114000|43610
48|82|"BERNARDO DE YRIGOYEN"|11|"PRODUCTOS DE LA MOLINERIA; MALTA; ALMIDON Y FECULA; INULINA;"|11|539000|218017.5
49|82|"BERNARDO DE YRIGOYEN"|11|"PRODUCTOS DE LA MOLINERIA; MALTA; ALMIDON Y FECULA; INULINA;"|8|339500|112070
50|82|"BERNARDO DE YRIGOYEN"|11|"PRODUCTOS DE LA MOLINERIA; MALTA; ALMIDON Y FECULA; INULINA;"|9|428000|143167.5
51|82|"BERNARDO DE YRIGOYEN"|11|"PRODUCTOS DE LA MOLINERIA; MALTA; ALMIDON Y FECULA; INULINA;"|5|171500|59372.5
52|82|"BERNARDO DE YRIGOYEN"|11|"PRODUCTOS DE LA MOLINERIA; MALTA; ALMIDON Y FECULA; INULINA;"|3|114500|42067.5
53|82|"BERNARDO DE YRIGOYEN"|11|"PRODUCTOS DE LA MOLINERIA; MALTA; ALMIDON Y FECULA; INULINA;"|7|476000|138880
54|82|"BERNARDO DE YRIGOYEN"|11|"PRODUCTOS DE LA MOLINERIA; MALTA; ALMIDON Y FECULA; INULINA;"|3|143000|51265
55|82|"BERNARDO DE YRIGOYEN"|11|"PRODUCTOS DE LA MOLINERIA; MALTA; ALMIDON Y FECULA; INULINA;"|9|365500|127822.5
56|82|"BERNARDO DE YRIGOYEN"|11|"PRODUCTOS DE LA MOLINERIA; MALTA; ALMIDON Y FECULA; INULINA;"|7|366000|109372.5
57|82|"BERNARDO DE YRIGOYEN"|11|"PRODUCTOS DE LA MOLINERIA; MALTA; ALMIDON Y FECULA; INULINA;"|10|509500|182375
58|82|"BERNARDO DE YRIGOYEN"|11|"PRODUCTOS DE LA MOLINERIA; MALTA; ALMIDON Y FECULA; INULINA;"|5|229500|76625
59|82|"BERNARDO DE YRIGOYEN"|11|"PRODUCTOS DE LA MOLINERIA; MALTA; ALMIDON Y FECULA; INULINA;"|3|142000|59520
60|82|"BERNARDO DE YRIGOYEN"|11|"PRODUCTOS DE LA MOLINERIA; MALTA; ALMIDON Y FECULA; INULINA;"|9|397000|133622.5
61|82|"BERNARDO DE YRIGOYEN"|11|"PRODUCTOS DE LA MOLINERIA; MALTA; ALMIDON Y FECULA; INULINA;"|6|228500|74207.5
62|82|"BERNARDO DE YRIGOYEN"|11|"PRODUCTOS DE LA MOLINERIA; MALTA; ALMIDON Y FECULA; INULINA;"|2|116000|41900
63|82|"BERNARDO DE YRIGOYEN"|11|"PRODUCTOS DE LA MOLINERIA; MALTA; ALMIDON Y FECULA; INULINA;"|14|508500|178045
64|82|"BERNARDO DE YRIGOYEN"|11|"PRODUCTOS DE LA MOLINERIA; MALTA; ALMIDON Y FECULA; INULINA;"|6|282500|103305
65|82|"BERNARDO DE YRIGOYEN"|11|"PRODUCTOS DE LA MOLINERIA; MALTA; ALMIDON Y FECULA; INULINA;"|13|503000|174847.5
66|82|"BERNARDO DE YRIGOYEN"|11|"PRODUCTOS DE LA MOLINERIA; MALTA; ALMIDON Y FECULA; INULINA;"|5|197000|73252.5
67|82|"BERNARDO DE YRIGOYEN"|11|"PRODUCTOS DE LA MOLINERIA; MALTA; ALMIDON Y FECULA; INULINA;"|3|168000|48440
68|82|"BERNARDO DE YRIGOYEN"|11|"PRODUCTOS DE LA MOLINERIA; MALTA; ALMIDON Y FECULA; INULINA;"|13|566000|175017.5
69|82|"BERNARDO DE YRIGOYEN"|11|"PRODUCTOS DE LA MOLINERIA; MALTA; ALMIDON Y FECULA; INULINA;"|10|422000|144150
70|82|"BERNARDO DE YRIGOYEN"|11|"PRODUCTOS DE LA MOLINERIA; MALTA; ALMIDON Y FECULA; INULINA;"|6|252000|94410
71|82|"BERNARDO DE YRIGOYEN"|11|"PRODUCTOS DE LA MOLINERIA; MALTA; ALMIDON Y FECULA; INULINA;"|8|561500|174437.5
72|82|"BERNARDO DE YRIGOYEN"|11|"PRODUCTOS DE LA MOLINERIA; MALTA; ALMIDON Y FECULA; INULINA;"|7|282500|83135
73|82|"BERNARDO DE YRIGOYEN"|11|"PRODUCTOS DE LA MOLINERIA; MALTA; ALMIDON Y FECULA; INULINA;"|10|365000|112030
74|82|"BERNARDO DE YRIGOYEN"|11|"PRODUCTOS DE LA MOLINERIA; MALTA; ALMIDON Y FECULA; INULINA;"|10|508500|146885
75|82|"BERNARDO DE YRIGOYEN"|11|"PRODUCTOS DE LA MOLINERIA; MALTA; ALMIDON Y FECULA; INULINA;"|10|362000|112381
76|82|"BERNARDO DE YRIGOYEN"|11|"PRODUCTOS DE LA MOLINERIA; MALTA; ALMIDON Y FECULA; INULINA;"|6|227500|71192.5
77|82|"BERNARDO DE YRIGOYEN"|11|"PRODUCTOS DE LA MOLINERIA; MALTA; ALMIDON Y FECULA; INULINA;"|10|365500|105877.5
78|82|"BERNARDO DE YRIGOYEN"|11|"PRODUCTOS DE LA MOLINERIA; MALTA; ALMIDON Y FECULA; INULINA;"|9|425500|122660
79|82|"BERNARDO DE YRIGOYEN"|11|"PRODUCTOS DE LA MOLINERIA; MALTA; ALMIDON Y FECULA; INULINA;"|12|451500|137200
80|82|"BERNARDO DE YRIGOYEN"|11|"PRODUCTOS DE LA MOLINERIA; MALTA; ALMIDON Y FECULA; INULINA;"|8|279500|84496
81|82|"BERNARDO DE YRIGOYEN"|11|"PRODUCTOS DE LA MOLINERIA; MALTA; ALMIDON Y FECULA; INULINA;"|10|311000|103810
82|82|"BERNARDO DE YRIGOYEN"|11|"PRODUCTOS DE LA MOLINERIA; MALTA; ALMIDON Y FECULA; INULINA;"|6|225500|66995
83|82|"BERNARDO DE YRIGOYEN"|11|"PRODUCTOS DE LA MOLINERIA; MALTA; ALMIDON Y FECULA; INULINA;"|5|230000|73100
84|82|"BERNARDO DE YRIGOYEN"|11|"PRODUCTOS DE LA MOLINERIA; MALTA; ALMIDON Y FECULA; INULINA;"|10|395500|122580
85|82|"BERNARDO DE YRIGOYEN"|11|"PRODUCTOS DE LA MOLINERIA; MALTA; ALMIDON Y FECULA; INULINA;"|5|253500|72480
86|82|"BERNARDO DE YRIGOYEN"|11|"PRODUCTOS DE LA MOLINERIA; MALTA; ALMIDON Y FECULA; INULINA;"|3|114000|41550
87|82|"BERNARDO DE YRIGOYEN"|11|"PRODUCTOS DE LA MOLINERIA; MALTA; ALMIDON Y FECULA; INULINA;"|8|250000|70840
88|82|"BERNARDO DE YRIGOYEN"|11|"PRODUCTOS DE LA MOLINERIA; MALTA; ALMIDON Y FECULA; INULINA;"|9|478000|136450
89|82|"BERNARDO DE YRIGOYEN"|11|"PRODUCTOS DE LA MOLINERIA; MALTA; ALMIDON Y FECULA; INULINA;"|14|646000|181050
90|82|"BERNARDO DE YRIGOYEN"|11|"PRODUCTOS DE LA MOLINERIA; MALTA; ALMIDON Y FECULA; INULINA;"|5|253000|76420
91|82|"BERNARDO DE YRIGOYEN"|11|"PRODUCTOS DE LA MOLINERIA; MALTA; ALMIDON Y FECULA; INULINA;"|2|86000|26550
92|82|"BERNARDO DE YRIGOYEN"|11|"PRODUCTOS DE LA MOLINERIA; MALTA; ALMIDON Y FECULA; INULINA;"|6|283000|81160
93|82|"BERNARDO DE YRIGOYEN"|11|"PRODUCTOS DE LA MOLINERIA; MALTA; ALMIDON Y FECULA; INULINA;"|7|281500|77620
94|82|"BERNARDO DE YRIGOYEN"|11|"PRODUCTOS DE LA MOLINERIA; MALTA; ALMIDON Y FECULA; INULINA;"|6|287000|84320
95|82|"BERNARDO DE YRIGOYEN"|11|"PRODUCTOS DE LA MOLINERIA; MALTA; ALMIDON Y FECULA; INULINA;"|7|421500|115800
96|82|"BERNARDO DE YRIGOYEN"|11|"PRODUCTOS DE LA MOLINERIA; MALTA; ALMIDON Y FECULA; INULINA;"|9|336000|85042.5
97|82|"BERNARDO DE YRIGOYEN"|11|"PRODUCTOS DE LA MOLINERIA; MALTA; ALMIDON Y FECULA; INULINA;"|8|479000|119292.5
98|82|"BERNARDO DE YRIGOYEN"|11|"PRODUCTOS DE LA MOLINERIA; MALTA; ALMIDON Y FECULA; INULINA;"|11|729000|188808
99|82|"BERNARDO DE YRIGOYEN"|11|"PRODUCTOS DE LA MOLINERIA; MALTA; ALMIDON Y FECULA; INULINA;"|14|702500|179685
100|82|"BERNARDO DE YRIGOYEN"|11|"PRODUCTOS DE LA MOLINERIA; MALTA; ALMIDON Y FECULA; INULINA;"|7|367000|101815
101|82|"BERNARDO DE YRIGOYEN"|11|"PRODUCTOS DE LA MOLINERIA; MALTA; ALMIDON Y FECULA; INULINA;"|13|641000|182343
102|82|"BERNARDO DE YRIGOYEN"|11|"PRODUCTOS DE LA MOLINERIA; MALTA; ALMIDON Y FECULA; INULINA;"|4|280000|86520
103|82|"BERNARDO DE YRIGOYEN"|11|"PRODUCTOS DE LA MOLINERIA; MALTA; ALMIDON Y FECULA; INULINA;"|12|506500|149650
104|82|"BERNARDO DE YRIGOYEN"|11|"PRODUCTOS DE LA MOLINERIA; MALTA; ALMIDON Y FECULA; INULINA;"|4|196000|51240
