"semana"|"aduana"|"aduana_desc"|"mercaderia"|"mercaderia_desc"|"cantidad"|"kilos"|"importe"
2|83|"SAN LUIS"|68|"MANUFACTURAS DE PIEDRA, YESO FRAGUABLE, CEMENTO, AMIANTO (AS"|1|2080|4590.48
3|83|"SAN LUIS"|68|"MANUFACTURAS DE PIEDRA, YESO FRAGUABLE, CEMENTO, AMIANTO (AS"|1|1040|2296.46
5|83|"SAN LUIS"|68|"MANUFACTURAS DE PIEDRA, YESO FRAGUABLE, CEMENTO, AMIANTO (AS"|1|1962|4315.67
7|83|"SAN LUIS"|68|"MANUFACTURAS DE PIEDRA, YESO FRAGUABLE, CEMENTO, AMIANTO (AS"|3|4638|10237.17
9|83|"SAN LUIS"|68|"MANUFACTURAS DE PIEDRA, YESO FRAGUABLE, CEMENTO, AMIANTO (AS"|1|1462|3211.84
11|83|"SAN LUIS"|68|"MANUFACTURAS DE PIEDRA, YESO FRAGUABLE, CEMENTO, AMIANTO (AS"|1|2498.7|8328.72
13|83|"SAN LUIS"|68|"MANUFACTURAS DE PIEDRA, YESO FRAGUABLE, CEMENTO, AMIANTO (AS"|1|8470|21353.62
14|83|"SAN LUIS"|68|"MANUFACTURAS DE PIEDRA, YESO FRAGUABLE, CEMENTO, AMIANTO (AS"|1|3542|7801.58
15|83|"SAN LUIS"|68|"MANUFACTURAS DE PIEDRA, YESO FRAGUABLE, CEMENTO, AMIANTO (AS"|1|1794|4539.88
17|83|"SAN LUIS"|68|"MANUFACTURAS DE PIEDRA, YESO FRAGUABLE, CEMENTO, AMIANTO (AS"|1|3212|7070.56
19|83|"SAN LUIS"|68|"MANUFACTURAS DE PIEDRA, YESO FRAGUABLE, CEMENTO, AMIANTO (AS"|3|5739|22818.64
22|83|"SAN LUIS"|68|"MANUFACTURAS DE PIEDRA, YESO FRAGUABLE, CEMENTO, AMIANTO (AS"|2|3035|6801.75
25|83|"SAN LUIS"|68|"MANUFACTURAS DE PIEDRA, YESO FRAGUABLE, CEMENTO, AMIANTO (AS"|2|1288|2705.88
26|83|"SAN LUIS"|68|"MANUFACTURAS DE PIEDRA, YESO FRAGUABLE, CEMENTO, AMIANTO (AS"|1|200|459.66
27|83|"SAN LUIS"|68|"MANUFACTURAS DE PIEDRA, YESO FRAGUABLE, CEMENTO, AMIANTO (AS"|1|2940|7157.28
28|83|"SAN LUIS"|68|"MANUFACTURAS DE PIEDRA, YESO FRAGUABLE, CEMENTO, AMIANTO (AS"|4|3583.5|18577.34
29|83|"SAN LUIS"|68|"MANUFACTURAS DE PIEDRA, YESO FRAGUABLE, CEMENTO, AMIANTO (AS"|1|1872|4135.11
30|83|"SAN LUIS"|68|"MANUFACTURAS DE PIEDRA, YESO FRAGUABLE, CEMENTO, AMIANTO (AS"|1|1294|3302.78
31|83|"SAN LUIS"|68|"MANUFACTURAS DE PIEDRA, YESO FRAGUABLE, CEMENTO, AMIANTO (AS"|2|1348|2983.29
33|83|"SAN LUIS"|68|"MANUFACTURAS DE PIEDRA, YESO FRAGUABLE, CEMENTO, AMIANTO (AS"|2|2920|7479.49
34|83|"SAN LUIS"|68|"MANUFACTURAS DE PIEDRA, YESO FRAGUABLE, CEMENTO, AMIANTO (AS"|3|7714|17031.15
35|83|"SAN LUIS"|68|"MANUFACTURAS DE PIEDRA, YESO FRAGUABLE, CEMENTO, AMIANTO (AS"|3|29170|285169.81
36|83|"SAN LUIS"|68|"MANUFACTURAS DE PIEDRA, YESO FRAGUABLE, CEMENTO, AMIANTO (AS"|2|2880|6335.16
37|83|"SAN LUIS"|68|"MANUFACTURAS DE PIEDRA, YESO FRAGUABLE, CEMENTO, AMIANTO (AS"|7|41350|301191.28
39|83|"SAN LUIS"|68|"MANUFACTURAS DE PIEDRA, YESO FRAGUABLE, CEMENTO, AMIANTO (AS"|1|105|240.45
40|83|"SAN LUIS"|68|"MANUFACTURAS DE PIEDRA, YESO FRAGUABLE, CEMENTO, AMIANTO (AS"|2|4584|10097.31
42|83|"SAN LUIS"|68|"MANUFACTURAS DE PIEDRA, YESO FRAGUABLE, CEMENTO, AMIANTO (AS"|1|2496|5508.58
43|83|"SAN LUIS"|68|"MANUFACTURAS DE PIEDRA, YESO FRAGUABLE, CEMENTO, AMIANTO (AS"|3|4368|9369.04
45|83|"SAN LUIS"|68|"MANUFACTURAS DE PIEDRA, YESO FRAGUABLE, CEMENTO, AMIANTO (AS"|1|296|642.82
47|83|"SAN LUIS"|68|"MANUFACTURAS DE PIEDRA, YESO FRAGUABLE, CEMENTO, AMIANTO (AS"|1|154|911.79
48|83|"SAN LUIS"|68|"MANUFACTURAS DE PIEDRA, YESO FRAGUABLE, CEMENTO, AMIANTO (AS"|3|2800|7559.72
49|83|"SAN LUIS"|68|"MANUFACTURAS DE PIEDRA, YESO FRAGUABLE, CEMENTO, AMIANTO (AS"|1|2548|5630.87
50|83|"SAN LUIS"|68|"MANUFACTURAS DE PIEDRA, YESO FRAGUABLE, CEMENTO, AMIANTO (AS"|3|9550|31900.02
51|83|"SAN LUIS"|68|"MANUFACTURAS DE PIEDRA, YESO FRAGUABLE, CEMENTO, AMIANTO (AS"|1|3042|6698.23
53|83|"SAN LUIS"|68|"MANUFACTURAS DE PIEDRA, YESO FRAGUABLE, CEMENTO, AMIANTO (AS"|2|2912|6426.67
54|83|"SAN LUIS"|68|"MANUFACTURAS DE PIEDRA, YESO FRAGUABLE, CEMENTO, AMIANTO (AS"|2|2096|5229.47
55|83|"SAN LUIS"|68|"MANUFACTURAS DE PIEDRA, YESO FRAGUABLE, CEMENTO, AMIANTO (AS"|1|4691|10366.54
57|83|"SAN LUIS"|68|"MANUFACTURAS DE PIEDRA, YESO FRAGUABLE, CEMENTO, AMIANTO (AS"|1|2524|5554.7
58|83|"SAN LUIS"|68|"MANUFACTURAS DE PIEDRA, YESO FRAGUABLE, CEMENTO, AMIANTO (AS"|2|5445|10900.03
60|83|"SAN LUIS"|68|"MANUFACTURAS DE PIEDRA, YESO FRAGUABLE, CEMENTO, AMIANTO (AS"|2|5612|12391.23
61|83|"SAN LUIS"|68|"MANUFACTURAS DE PIEDRA, YESO FRAGUABLE, CEMENTO, AMIANTO (AS"|2|5874|12938.16
63|83|"SAN LUIS"|68|"MANUFACTURAS DE PIEDRA, YESO FRAGUABLE, CEMENTO, AMIANTO (AS"|1|1975|4395.52
64|83|"SAN LUIS"|68|"MANUFACTURAS DE PIEDRA, YESO FRAGUABLE, CEMENTO, AMIANTO (AS"|1|1780|3902.89
66|83|"SAN LUIS"|68|"MANUFACTURAS DE PIEDRA, YESO FRAGUABLE, CEMENTO, AMIANTO (AS"|3|5408|11935.24
67|83|"SAN LUIS"|68|"MANUFACTURAS DE PIEDRA, YESO FRAGUABLE, CEMENTO, AMIANTO (AS"|1|5434|12006.35
68|83|"SAN LUIS"|68|"MANUFACTURAS DE PIEDRA, YESO FRAGUABLE, CEMENTO, AMIANTO (AS"|1|4896|10853.84
69|83|"SAN LUIS"|68|"MANUFACTURAS DE PIEDRA, YESO FRAGUABLE, CEMENTO, AMIANTO (AS"|1|1524|3353.12
70|83|"SAN LUIS"|68|"MANUFACTURAS DE PIEDRA, YESO FRAGUABLE, CEMENTO, AMIANTO (AS"|1|2469|5437
71|83|"SAN LUIS"|68|"MANUFACTURAS DE PIEDRA, YESO FRAGUABLE, CEMENTO, AMIANTO (AS"|1|13552|34669.39
72|83|"SAN LUIS"|68|"MANUFACTURAS DE PIEDRA, YESO FRAGUABLE, CEMENTO, AMIANTO (AS"|1|2316|5095.65
73|83|"SAN LUIS"|68|"MANUFACTURAS DE PIEDRA, YESO FRAGUABLE, CEMENTO, AMIANTO (AS"|1|1664|3672.38
74|83|"SAN LUIS"|68|"MANUFACTURAS DE PIEDRA, YESO FRAGUABLE, CEMENTO, AMIANTO (AS"|1|624|1377.14
75|83|"SAN LUIS"|68|"MANUFACTURAS DE PIEDRA, YESO FRAGUABLE, CEMENTO, AMIANTO (AS"|5|10229.6|35147.74
76|83|"SAN LUIS"|68|"MANUFACTURAS DE PIEDRA, YESO FRAGUABLE, CEMENTO, AMIANTO (AS"|4|9585.6|31534.33
77|83|"SAN LUIS"|68|"MANUFACTURAS DE PIEDRA, YESO FRAGUABLE, CEMENTO, AMIANTO (AS"|5|18389.2|80924.14
78|83|"SAN LUIS"|68|"MANUFACTURAS DE PIEDRA, YESO FRAGUABLE, CEMENTO, AMIANTO (AS"|2|9730|21882.09
79|83|"SAN LUIS"|68|"MANUFACTURAS DE PIEDRA, YESO FRAGUABLE, CEMENTO, AMIANTO (AS"|4|5635.2|14997.43
81|83|"SAN LUIS"|68|"MANUFACTURAS DE PIEDRA, YESO FRAGUABLE, CEMENTO, AMIANTO (AS"|2|7727|17113.19
82|83|"SAN LUIS"|68|"MANUFACTURAS DE PIEDRA, YESO FRAGUABLE, CEMENTO, AMIANTO (AS"|4|14654|37101.16
83|83|"SAN LUIS"|68|"MANUFACTURAS DE PIEDRA, YESO FRAGUABLE, CEMENTO, AMIANTO (AS"|2|97700|62086.75
84|83|"SAN LUIS"|68|"MANUFACTURAS DE PIEDRA, YESO FRAGUABLE, CEMENTO, AMIANTO (AS"|1|3219|6990.63
86|83|"SAN LUIS"|68|"MANUFACTURAS DE PIEDRA, YESO FRAGUABLE, CEMENTO, AMIANTO (AS"|1|1643|3570.48
87|83|"SAN LUIS"|68|"MANUFACTURAS DE PIEDRA, YESO FRAGUABLE, CEMENTO, AMIANTO (AS"|1|390|880.24
88|83|"SAN LUIS"|68|"MANUFACTURAS DE PIEDRA, YESO FRAGUABLE, CEMENTO, AMIANTO (AS"|3|3076|6884.89
92|83|"SAN LUIS"|68|"MANUFACTURAS DE PIEDRA, YESO FRAGUABLE, CEMENTO, AMIANTO (AS"|1|2080|4590.48
96|83|"SAN LUIS"|68|"MANUFACTURAS DE PIEDRA, YESO FRAGUABLE, CEMENTO, AMIANTO (AS"|2|11046.4|30297.75
97|83|"SAN LUIS"|68|"MANUFACTURAS DE PIEDRA, YESO FRAGUABLE, CEMENTO, AMIANTO (AS"|1|163|356.4
98|83|"SAN LUIS"|68|"MANUFACTURAS DE PIEDRA, YESO FRAGUABLE, CEMENTO, AMIANTO (AS"|3|122401|43457.02
100|83|"SAN LUIS"|68|"MANUFACTURAS DE PIEDRA, YESO FRAGUABLE, CEMENTO, AMIANTO (AS"|15|80694.98|64379.88
103|83|"SAN LUIS"|68|"MANUFACTURAS DE PIEDRA, YESO FRAGUABLE, CEMENTO, AMIANTO (AS"|1|1620|3575.66
