"semana"|"aduana"|"aduana_desc"|"mercaderia"|"mercaderia_desc"|"cantidad"|"kilos"|"importe"
2|88|"GENERAL DEHEZA"|7|"HORTALIZAS, PLANTAS, RAICES Y TUBERCULOS ALIMENTICIOS"|7|182436|111533.86
5|88|"GENERAL DEHEZA"|7|"HORTALIZAS, PLANTAS, RAICES Y TUBERCULOS ALIMENTICIOS"|2|45212|27878.07
7|88|"GENERAL DEHEZA"|7|"HORTALIZAS, PLANTAS, RAICES Y TUBERCULOS ALIMENTICIOS"|1|23000|14490
19|88|"GENERAL DEHEZA"|7|"HORTALIZAS, PLANTAS, RAICES Y TUBERCULOS ALIMENTICIOS"|1|23000|11730
21|88|"GENERAL DEHEZA"|7|"HORTALIZAS, PLANTAS, RAICES Y TUBERCULOS ALIMENTICIOS"|1|22900|11679
24|88|"GENERAL DEHEZA"|7|"HORTALIZAS, PLANTAS, RAICES Y TUBERCULOS ALIMENTICIOS"|1|74835|84600
26|88|"GENERAL DEHEZA"|7|"HORTALIZAS, PLANTAS, RAICES Y TUBERCULOS ALIMENTICIOS"|1|72778.63|82276.32
27|88|"GENERAL DEHEZA"|7|"HORTALIZAS, PLANTAS, RAICES Y TUBERCULOS ALIMENTICIOS"|1|5000|4025.3
30|88|"GENERAL DEHEZA"|7|"HORTALIZAS, PLANTAS, RAICES Y TUBERCULOS ALIMENTICIOS"|1|5000|4025.3
35|88|"GENERAL DEHEZA"|7|"HORTALIZAS, PLANTAS, RAICES Y TUBERCULOS ALIMENTICIOS"|1|24000|29856
61|88|"GENERAL DEHEZA"|7|"HORTALIZAS, PLANTAS, RAICES Y TUBERCULOS ALIMENTICIOS"|1|5000|3000
67|88|"GENERAL DEHEZA"|7|"HORTALIZAS, PLANTAS, RAICES Y TUBERCULOS ALIMENTICIOS"|1|46620|23310
69|88|"GENERAL DEHEZA"|7|"HORTALIZAS, PLANTAS, RAICES Y TUBERCULOS ALIMENTICIOS"|2|49000|30090
70|88|"GENERAL DEHEZA"|7|"HORTALIZAS, PLANTAS, RAICES Y TUBERCULOS ALIMENTICIOS"|3|219000|236386
71|88|"GENERAL DEHEZA"|7|"HORTALIZAS, PLANTAS, RAICES Y TUBERCULOS ALIMENTICIOS"|2|70140|56816.1
72|88|"GENERAL DEHEZA"|7|"HORTALIZAS, PLANTAS, RAICES Y TUBERCULOS ALIMENTICIOS"|1|100300|100701.2
73|88|"GENERAL DEHEZA"|7|"HORTALIZAS, PLANTAS, RAICES Y TUBERCULOS ALIMENTICIOS"|1|48000|53640
74|88|"GENERAL DEHEZA"|7|"HORTALIZAS, PLANTAS, RAICES Y TUBERCULOS ALIMENTICIOS"|1|144000|165960
75|88|"GENERAL DEHEZA"|7|"HORTALIZAS, PLANTAS, RAICES Y TUBERCULOS ALIMENTICIOS"|1|23000|26450
76|88|"GENERAL DEHEZA"|7|"HORTALIZAS, PLANTAS, RAICES Y TUBERCULOS ALIMENTICIOS"|1|125000|77500
77|88|"GENERAL DEHEZA"|7|"HORTALIZAS, PLANTAS, RAICES Y TUBERCULOS ALIMENTICIOS"|1|120000|141750
78|88|"GENERAL DEHEZA"|7|"HORTALIZAS, PLANTAS, RAICES Y TUBERCULOS ALIMENTICIOS"|1|117800|73036
80|88|"GENERAL DEHEZA"|7|"HORTALIZAS, PLANTAS, RAICES Y TUBERCULOS ALIMENTICIOS"|3|140000|148200
82|88|"GENERAL DEHEZA"|7|"HORTALIZAS, PLANTAS, RAICES Y TUBERCULOS ALIMENTICIOS"|2|147820|155656.04
84|88|"GENERAL DEHEZA"|7|"HORTALIZAS, PLANTAS, RAICES Y TUBERCULOS ALIMENTICIOS"|1|96000|102000
91|88|"GENERAL DEHEZA"|7|"HORTALIZAS, PLANTAS, RAICES Y TUBERCULOS ALIMENTICIOS"|1|46000|37527
92|88|"GENERAL DEHEZA"|7|"HORTALIZAS, PLANTAS, RAICES Y TUBERCULOS ALIMENTICIOS"|1|47890|47735.2
93|88|"GENERAL DEHEZA"|7|"HORTALIZAS, PLANTAS, RAICES Y TUBERCULOS ALIMENTICIOS"|1|50000|32250
94|88|"GENERAL DEHEZA"|7|"HORTALIZAS, PLANTAS, RAICES Y TUBERCULOS ALIMENTICIOS"|1|47670|47516.41
95|88|"GENERAL DEHEZA"|7|"HORTALIZAS, PLANTAS, RAICES Y TUBERCULOS ALIMENTICIOS"|1|46060|29708.7
100|88|"GENERAL DEHEZA"|7|"HORTALIZAS, PLANTAS, RAICES Y TUBERCULOS ALIMENTICIOS"|1|46000|37527.96
103|88|"GENERAL DEHEZA"|7|"HORTALIZAS, PLANTAS, RAICES Y TUBERCULOS ALIMENTICIOS"|1|46000|37527
