"semana"|"aduana"|"aduana_desc"|"mercaderia"|"mercaderia_desc"|"cantidad"|"kilos"|"importe"
71|92|"BS.AS. SUR"|89|"BARCOS Y DEMAS ARTEFACTOS FLOTANTES"|1|350|8185
73|92|"BS.AS. SUR"|89|"BARCOS Y DEMAS ARTEFACTOS FLOTANTES"|1|3824000|18296805.53
79|92|"BS.AS. SUR"|89|"BARCOS Y DEMAS ARTEFACTOS FLOTANTES"|2|1778|102755
82|92|"BS.AS. SUR"|89|"BARCOS Y DEMAS ARTEFACTOS FLOTANTES"|1|3261000|12845896.65
88|92|"BS.AS. SUR"|89|"BARCOS Y DEMAS ARTEFACTOS FLOTANTES"|1|757.03|7500
91|92|"BS.AS. SUR"|89|"BARCOS Y DEMAS ARTEFACTOS FLOTANTES"|1|47504|63752.72
97|92|"BS.AS. SUR"|89|"BARCOS Y DEMAS ARTEFACTOS FLOTANTES"|1|860|58212.94
99|92|"BS.AS. SUR"|89|"BARCOS Y DEMAS ARTEFACTOS FLOTANTES"|6|2090|316522.24
101|92|"BS.AS. SUR"|89|"BARCOS Y DEMAS ARTEFACTOS FLOTANTES"|2|2435|28256.17
