"semana"|"aduana"|"aduana_desc"|"mercaderia"|"mercaderia_desc"|"cantidad"|"kilos"|"importe"
1|88|"GENERAL DEHEZA"|35|"MATERIAS ALBUMINOIDEAS; PRODUCTOS A BASE DE ALMIDON O DE FEC"|5|395000|4005404.5
2|88|"GENERAL DEHEZA"|35|"MATERIAS ALBUMINOIDEAS; PRODUCTOS A BASE DE ALMIDON O DE FEC"|1|24000|253200
3|88|"GENERAL DEHEZA"|35|"MATERIAS ALBUMINOIDEAS; PRODUCTOS A BASE DE ALMIDON O DE FEC"|3|285000|2858806.5
4|88|"GENERAL DEHEZA"|35|"MATERIAS ALBUMINOIDEAS; PRODUCTOS A BASE DE ALMIDON O DE FEC"|1|95000|952935.5
9|88|"GENERAL DEHEZA"|35|"MATERIAS ALBUMINOIDEAS; PRODUCTOS A BASE DE ALMIDON O DE FEC"|1|10000|110200
12|88|"GENERAL DEHEZA"|35|"MATERIAS ALBUMINOIDEAS; PRODUCTOS A BASE DE ALMIDON O DE FEC"|1|38000|406307.4
15|88|"GENERAL DEHEZA"|35|"MATERIAS ALBUMINOIDEAS; PRODUCTOS A BASE DE ALMIDON O DE FEC"|4|304000|3183457.6
16|88|"GENERAL DEHEZA"|35|"MATERIAS ALBUMINOIDEAS; PRODUCTOS A BASE DE ALMIDON O DE FEC"|1|24000|261600
20|88|"GENERAL DEHEZA"|35|"MATERIAS ALBUMINOIDEAS; PRODUCTOS A BASE DE ALMIDON O DE FEC"|10|380000|3853200
21|88|"GENERAL DEHEZA"|35|"MATERIAS ALBUMINOIDEAS; PRODUCTOS A BASE DE ALMIDON O DE FEC"|11|440000|4461600
22|88|"GENERAL DEHEZA"|35|"MATERIAS ALBUMINOIDEAS; PRODUCTOS A BASE DE ALMIDON O DE FEC"|1|40000|405600
24|88|"GENERAL DEHEZA"|35|"MATERIAS ALBUMINOIDEAS; PRODUCTOS A BASE DE ALMIDON O DE FEC"|4|140000|1419600
26|88|"GENERAL DEHEZA"|35|"MATERIAS ALBUMINOIDEAS; PRODUCTOS A BASE DE ALMIDON O DE FEC"|1|24000|261600
27|88|"GENERAL DEHEZA"|35|"MATERIAS ALBUMINOIDEAS; PRODUCTOS A BASE DE ALMIDON O DE FEC"|14|500003|5070121.95
30|88|"GENERAL DEHEZA"|35|"MATERIAS ALBUMINOIDEAS; PRODUCTOS A BASE DE ALMIDON O DE FEC"|1|10000|110200
31|88|"GENERAL DEHEZA"|35|"MATERIAS ALBUMINOIDEAS; PRODUCTOS A BASE DE ALMIDON O DE FEC"|10|190000|1801152.5
32|88|"GENERAL DEHEZA"|35|"MATERIAS ALBUMINOIDEAS; PRODUCTOS A BASE DE ALMIDON O DE FEC"|1|24000|248400
34|88|"GENERAL DEHEZA"|35|"MATERIAS ALBUMINOIDEAS; PRODUCTOS A BASE DE ALMIDON O DE FEC"|2|190000|1717372
36|88|"GENERAL DEHEZA"|35|"MATERIAS ALBUMINOIDEAS; PRODUCTOS A BASE DE ALMIDON O DE FEC"|6|228000|2069236.8
37|88|"GENERAL DEHEZA"|35|"MATERIAS ALBUMINOIDEAS; PRODUCTOS A BASE DE ALMIDON O DE FEC"|1|19000|182210
40|88|"GENERAL DEHEZA"|35|"MATERIAS ALBUMINOIDEAS; PRODUCTOS A BASE DE ALMIDON O DE FEC"|2|49000|448965
41|88|"GENERAL DEHEZA"|35|"MATERIAS ALBUMINOIDEAS; PRODUCTOS A BASE DE ALMIDON O DE FEC"|1|25000|237285
43|88|"GENERAL DEHEZA"|35|"MATERIAS ALBUMINOIDEAS; PRODUCTOS A BASE DE ALMIDON O DE FEC"|3|190000|1633601
44|88|"GENERAL DEHEZA"|35|"MATERIAS ALBUMINOIDEAS; PRODUCTOS A BASE DE ALMIDON O DE FEC"|5|304000|2479728
45|88|"GENERAL DEHEZA"|35|"MATERIAS ALBUMINOIDEAS; PRODUCTOS A BASE DE ALMIDON O DE FEC"|4|148000|1289360.6
46|88|"GENERAL DEHEZA"|35|"MATERIAS ALBUMINOIDEAS; PRODUCTOS A BASE DE ALMIDON O DE FEC"|2|95000|816800.5
47|88|"GENERAL DEHEZA"|35|"MATERIAS ALBUMINOIDEAS; PRODUCTOS A BASE DE ALMIDON O DE FEC"|1|57000|490080.3
49|88|"GENERAL DEHEZA"|35|"MATERIAS ALBUMINOIDEAS; PRODUCTOS A BASE DE ALMIDON O DE FEC"|1|1e+05|793660
51|88|"GENERAL DEHEZA"|35|"MATERIAS ALBUMINOIDEAS; PRODUCTOS A BASE DE ALMIDON O DE FEC"|1|38000|326720.2
52|88|"GENERAL DEHEZA"|35|"MATERIAS ALBUMINOIDEAS; PRODUCTOS A BASE DE ALMIDON O DE FEC"|5|380000|2764538
53|88|"GENERAL DEHEZA"|35|"MATERIAS ALBUMINOIDEAS; PRODUCTOS A BASE DE ALMIDON O DE FEC"|1|24000|195840
54|88|"GENERAL DEHEZA"|35|"MATERIAS ALBUMINOIDEAS; PRODUCTOS A BASE DE ALMIDON O DE FEC"|2|76000|653440.4
55|88|"GENERAL DEHEZA"|35|"MATERIAS ALBUMINOIDEAS; PRODUCTOS A BASE DE ALMIDON O DE FEC"|1|800|6320
56|88|"GENERAL DEHEZA"|35|"MATERIAS ALBUMINOIDEAS; PRODUCTOS A BASE DE ALMIDON O DE FEC"|5|342000|2412707.4
60|88|"GENERAL DEHEZA"|35|"MATERIAS ALBUMINOIDEAS; PRODUCTOS A BASE DE ALMIDON O DE FEC"|2|10800|84320
62|88|"GENERAL DEHEZA"|35|"MATERIAS ALBUMINOIDEAS; PRODUCTOS A BASE DE ALMIDON O DE FEC"|1|24000|187200
65|88|"GENERAL DEHEZA"|35|"MATERIAS ALBUMINOIDEAS; PRODUCTOS A BASE DE ALMIDON O DE FEC"|4|304000|2142744
68|88|"GENERAL DEHEZA"|35|"MATERIAS ALBUMINOIDEAS; PRODUCTOS A BASE DE ALMIDON O DE FEC"|5|399000|2637390
69|88|"GENERAL DEHEZA"|35|"MATERIAS ALBUMINOIDEAS; PRODUCTOS A BASE DE ALMIDON O DE FEC"|2|29000|204586.3
70|88|"GENERAL DEHEZA"|35|"MATERIAS ALBUMINOIDEAS; PRODUCTOS A BASE DE ALMIDON O DE FEC"|1|76000|502648.8
71|88|"GENERAL DEHEZA"|35|"MATERIAS ALBUMINOIDEAS; PRODUCTOS A BASE DE ALMIDON O DE FEC"|5|494000|3265340
72|88|"GENERAL DEHEZA"|35|"MATERIAS ALBUMINOIDEAS; PRODUCTOS A BASE DE ALMIDON O DE FEC"|8|581000|3855403.9
73|88|"GENERAL DEHEZA"|35|"MATERIAS ALBUMINOIDEAS; PRODUCTOS A BASE DE ALMIDON O DE FEC"|1|76000|502648.8
74|88|"GENERAL DEHEZA"|35|"MATERIAS ALBUMINOIDEAS; PRODUCTOS A BASE DE ALMIDON O DE FEC"|1|1e+05|617290
77|88|"GENERAL DEHEZA"|35|"MATERIAS ALBUMINOIDEAS; PRODUCTOS A BASE DE ALMIDON O DE FEC"|2|240000|1402128
80|88|"GENERAL DEHEZA"|35|"MATERIAS ALBUMINOIDEAS; PRODUCTOS A BASE DE ALMIDON O DE FEC"|1|24000|151200
81|88|"GENERAL DEHEZA"|35|"MATERIAS ALBUMINOIDEAS; PRODUCTOS A BASE DE ALMIDON O DE FEC"|5|5e+05|2755750
82|88|"GENERAL DEHEZA"|35|"MATERIAS ALBUMINOIDEAS; PRODUCTOS A BASE DE ALMIDON O DE FEC"|2|2e+05|1102300
83|88|"GENERAL DEHEZA"|35|"MATERIAS ALBUMINOIDEAS; PRODUCTOS A BASE DE ALMIDON O DE FEC"|2|110000|613650
86|88|"GENERAL DEHEZA"|35|"MATERIAS ALBUMINOIDEAS; PRODUCTOS A BASE DE ALMIDON O DE FEC"|4|418000|2395976
87|88|"GENERAL DEHEZA"|35|"MATERIAS ALBUMINOIDEAS; PRODUCTOS A BASE DE ALMIDON O DE FEC"|6|405000|2264726
88|88|"GENERAL DEHEZA"|35|"MATERIAS ALBUMINOIDEAS; PRODUCTOS A BASE DE ALMIDON O DE FEC"|7|511000|2839686
89|88|"GENERAL DEHEZA"|35|"MATERIAS ALBUMINOIDEAS; PRODUCTOS A BASE DE ALMIDON O DE FEC"|2|176000|969986
90|88|"GENERAL DEHEZA"|35|"MATERIAS ALBUMINOIDEAS; PRODUCTOS A BASE DE ALMIDON O DE FEC"|2|176000|969986
91|88|"GENERAL DEHEZA"|35|"MATERIAS ALBUMINOIDEAS; PRODUCTOS A BASE DE ALMIDON O DE FEC"|4|352000|1939972
93|88|"GENERAL DEHEZA"|35|"MATERIAS ALBUMINOIDEAS; PRODUCTOS A BASE DE ALMIDON O DE FEC"|1|1e+05|551150
94|88|"GENERAL DEHEZA"|35|"MATERIAS ALBUMINOIDEAS; PRODUCTOS A BASE DE ALMIDON O DE FEC"|1|1e+05|551150
96|88|"GENERAL DEHEZA"|35|"MATERIAS ALBUMINOIDEAS; PRODUCTOS A BASE DE ALMIDON O DE FEC"|3|285000|1654558
98|88|"GENERAL DEHEZA"|35|"MATERIAS ALBUMINOIDEAS; PRODUCTOS A BASE DE ALMIDON O DE FEC"|1|95000|544540
100|88|"GENERAL DEHEZA"|35|"MATERIAS ALBUMINOIDEAS; PRODUCTOS A BASE DE ALMIDON O DE FEC"|5|5e+05|2755750
101|88|"GENERAL DEHEZA"|35|"MATERIAS ALBUMINOIDEAS; PRODUCTOS A BASE DE ALMIDON O DE FEC"|1|10000|64000
103|88|"GENERAL DEHEZA"|35|"MATERIAS ALBUMINOIDEAS; PRODUCTOS A BASE DE ALMIDON O DE FEC"|3|210000|1166300
