"semana"|"aduana"|"aduana_desc"|"mercaderia"|"mercaderia_desc"|"cantidad"|"kilos"|"importe"
11|88|"GENERAL DEHEZA"|90|"INSTRUMENTOS Y APARATOS DE OPTICA, FOTOGRAFIA O CINEMATOGRAF"|1|30.23|273.48
20|88|"GENERAL DEHEZA"|90|"INSTRUMENTOS Y APARATOS DE OPTICA, FOTOGRAFIA O CINEMATOGRAF"|1|63.93|770
22|88|"GENERAL DEHEZA"|90|"INSTRUMENTOS Y APARATOS DE OPTICA, FOTOGRAFIA O CINEMATOGRAF"|1|120|17800
34|88|"GENERAL DEHEZA"|90|"INSTRUMENTOS Y APARATOS DE OPTICA, FOTOGRAFIA O CINEMATOGRAF"|1|2|37.5
39|88|"GENERAL DEHEZA"|90|"INSTRUMENTOS Y APARATOS DE OPTICA, FOTOGRAFIA O CINEMATOGRAF"|2|56.75|589.36
45|88|"GENERAL DEHEZA"|90|"INSTRUMENTOS Y APARATOS DE OPTICA, FOTOGRAFIA O CINEMATOGRAF"|1|81.1|910
58|88|"GENERAL DEHEZA"|90|"INSTRUMENTOS Y APARATOS DE OPTICA, FOTOGRAFIA O CINEMATOGRAF"|1|90.4|858
61|88|"GENERAL DEHEZA"|90|"INSTRUMENTOS Y APARATOS DE OPTICA, FOTOGRAFIA O CINEMATOGRAF"|1|2.4|570.64
67|88|"GENERAL DEHEZA"|90|"INSTRUMENTOS Y APARATOS DE OPTICA, FOTOGRAFIA O CINEMATOGRAF"|1|35.36|429
69|88|"GENERAL DEHEZA"|90|"INSTRUMENTOS Y APARATOS DE OPTICA, FOTOGRAFIA O CINEMATOGRAF"|1|56.6|570.64
71|88|"GENERAL DEHEZA"|90|"INSTRUMENTOS Y APARATOS DE OPTICA, FOTOGRAFIA O CINEMATOGRAF"|1|56.6|570.64
82|88|"GENERAL DEHEZA"|90|"INSTRUMENTOS Y APARATOS DE OPTICA, FOTOGRAFIA O CINEMATOGRAF"|1|38.81|429
83|88|"GENERAL DEHEZA"|90|"INSTRUMENTOS Y APARATOS DE OPTICA, FOTOGRAFIA O CINEMATOGRAF"|1|6.72|89.6
84|88|"GENERAL DEHEZA"|90|"INSTRUMENTOS Y APARATOS DE OPTICA, FOTOGRAFIA O CINEMATOGRAF"|1|6.72|89.6
94|88|"GENERAL DEHEZA"|90|"INSTRUMENTOS Y APARATOS DE OPTICA, FOTOGRAFIA O CINEMATOGRAF"|1|5|317.46
102|88|"GENERAL DEHEZA"|90|"INSTRUMENTOS Y APARATOS DE OPTICA, FOTOGRAFIA O CINEMATOGRAF"|1|13.83|143
