"semana"|"aduana"|"aduana_desc"|"mercaderia"|"mercaderia_desc"|"cantidad"|"kilos"|"importe"
68|92|"BS.AS. SUR"|72|"METALES COMUNES Y MANUFACTURAS DE ESTOS METALES"|10|435670|689575.05
69|92|"BS.AS. SUR"|72|"METALES COMUNES Y MANUFACTURAS DE ESTOS METALES"|24|782911|1325144.72
70|92|"BS.AS. SUR"|72|"METALES COMUNES Y MANUFACTURAS DE ESTOS METALES"|28|736710.95|736448.42
71|92|"BS.AS. SUR"|72|"METALES COMUNES Y MANUFACTURAS DE ESTOS METALES"|22|613859.5|907624.04
72|92|"BS.AS. SUR"|72|"METALES COMUNES Y MANUFACTURAS DE ESTOS METALES"|58|1756138.81|1835088.61
73|92|"BS.AS. SUR"|72|"METALES COMUNES Y MANUFACTURAS DE ESTOS METALES"|17|417948.67|793468.63
74|92|"BS.AS. SUR"|72|"METALES COMUNES Y MANUFACTURAS DE ESTOS METALES"|40|1467896.71|1756808.43
75|92|"BS.AS. SUR"|72|"METALES COMUNES Y MANUFACTURAS DE ESTOS METALES"|18|392810.83|575727.39
76|92|"BS.AS. SUR"|72|"METALES COMUNES Y MANUFACTURAS DE ESTOS METALES"|48|1476248.19|1803191.68
77|92|"BS.AS. SUR"|72|"METALES COMUNES Y MANUFACTURAS DE ESTOS METALES"|36|1541669.59|1291954.29
78|92|"BS.AS. SUR"|72|"METALES COMUNES Y MANUFACTURAS DE ESTOS METALES"|17|486717.19|791794.23
79|92|"BS.AS. SUR"|72|"METALES COMUNES Y MANUFACTURAS DE ESTOS METALES"|27|792809.5|995330.6
80|92|"BS.AS. SUR"|72|"METALES COMUNES Y MANUFACTURAS DE ESTOS METALES"|30|625899.71|755265.56
81|92|"BS.AS. SUR"|72|"METALES COMUNES Y MANUFACTURAS DE ESTOS METALES"|22|408955|705682.18
82|92|"BS.AS. SUR"|72|"METALES COMUNES Y MANUFACTURAS DE ESTOS METALES"|25|717706.6|763223.76
83|92|"BS.AS. SUR"|72|"METALES COMUNES Y MANUFACTURAS DE ESTOS METALES"|21|367332.2|518391.58
84|92|"BS.AS. SUR"|72|"METALES COMUNES Y MANUFACTURAS DE ESTOS METALES"|39|1455625.54|888066.44
85|92|"BS.AS. SUR"|72|"METALES COMUNES Y MANUFACTURAS DE ESTOS METALES"|15|352245|462875.77
86|92|"BS.AS. SUR"|72|"METALES COMUNES Y MANUFACTURAS DE ESTOS METALES"|26|757111|859035.02
87|92|"BS.AS. SUR"|72|"METALES COMUNES Y MANUFACTURAS DE ESTOS METALES"|53|955960.54|841283.19
88|92|"BS.AS. SUR"|72|"METALES COMUNES Y MANUFACTURAS DE ESTOS METALES"|16|351226.54|290839.37
89|92|"BS.AS. SUR"|72|"METALES COMUNES Y MANUFACTURAS DE ESTOS METALES"|42|1867206.4|1143666.87
90|92|"BS.AS. SUR"|72|"METALES COMUNES Y MANUFACTURAS DE ESTOS METALES"|30|617287.81|881499.58
91|92|"BS.AS. SUR"|72|"METALES COMUNES Y MANUFACTURAS DE ESTOS METALES"|32|695019.14|620504.5
92|92|"BS.AS. SUR"|72|"METALES COMUNES Y MANUFACTURAS DE ESTOS METALES"|33|699574.02|394050.84
93|92|"BS.AS. SUR"|72|"METALES COMUNES Y MANUFACTURAS DE ESTOS METALES"|12|409263.72|554588.83
94|92|"BS.AS. SUR"|72|"METALES COMUNES Y MANUFACTURAS DE ESTOS METALES"|12|325067.68|315127.21
95|92|"BS.AS. SUR"|72|"METALES COMUNES Y MANUFACTURAS DE ESTOS METALES"|24|286633.84|479575.71
96|92|"BS.AS. SUR"|72|"METALES COMUNES Y MANUFACTURAS DE ESTOS METALES"|10|155480.5|198766.31
97|92|"BS.AS. SUR"|72|"METALES COMUNES Y MANUFACTURAS DE ESTOS METALES"|35|1036312|638299.1
98|92|"BS.AS. SUR"|72|"METALES COMUNES Y MANUFACTURAS DE ESTOS METALES"|25|1089135.88|981899.13
99|92|"BS.AS. SUR"|72|"METALES COMUNES Y MANUFACTURAS DE ESTOS METALES"|21|455093.19|539191.71
100|92|"BS.AS. SUR"|72|"METALES COMUNES Y MANUFACTURAS DE ESTOS METALES"|13|385266.35|588687.62
101|92|"BS.AS. SUR"|72|"METALES COMUNES Y MANUFACTURAS DE ESTOS METALES"|18|168258.28|150757.68
102|92|"BS.AS. SUR"|72|"METALES COMUNES Y MANUFACTURAS DE ESTOS METALES"|21|1124676.88|742378.76
103|92|"BS.AS. SUR"|72|"METALES COMUNES Y MANUFACTURAS DE ESTOS METALES"|19|507932|834794.6
104|92|"BS.AS. SUR"|72|"METALES COMUNES Y MANUFACTURAS DE ESTOS METALES"|6|139041.19|241929.76
