"semana"|"aduana"|"aduana_desc"|"mercaderia"|"mercaderia_desc"|"cantidad"|"kilos"|"importe"
69|92|"BS.AS. SUR"|60|"TEJIDOS DE PUNTO"|4|27494.02|184311.68
70|92|"BS.AS. SUR"|60|"TEJIDOS DE PUNTO"|11|13921.33|182768.96
71|92|"BS.AS. SUR"|60|"TEJIDOS DE PUNTO"|2|4989.75|49025.17
72|92|"BS.AS. SUR"|60|"TEJIDOS DE PUNTO"|8|21349.56|226614.13
73|92|"BS.AS. SUR"|60|"TEJIDOS DE PUNTO"|6|14018.38|100276.73
74|92|"BS.AS. SUR"|60|"TEJIDOS DE PUNTO"|5|20655.96|213276.71
75|92|"BS.AS. SUR"|60|"TEJIDOS DE PUNTO"|4|16673.6|157493.13
76|92|"BS.AS. SUR"|60|"TEJIDOS DE PUNTO"|3|16439.9|129855.8
77|92|"BS.AS. SUR"|60|"TEJIDOS DE PUNTO"|3|12210.58|68131.85
78|92|"BS.AS. SUR"|60|"TEJIDOS DE PUNTO"|6|26960.48|219507.23
79|92|"BS.AS. SUR"|60|"TEJIDOS DE PUNTO"|6|4115.03|70762.09
80|92|"BS.AS. SUR"|60|"TEJIDOS DE PUNTO"|7|15489.58|154347.94
81|92|"BS.AS. SUR"|60|"TEJIDOS DE PUNTO"|4|1503.87|21846.11
82|92|"BS.AS. SUR"|60|"TEJIDOS DE PUNTO"|3|27105.78|206186.81
83|92|"BS.AS. SUR"|60|"TEJIDOS DE PUNTO"|12|12295.94|230289.43
84|92|"BS.AS. SUR"|60|"TEJIDOS DE PUNTO"|12|41009.57|401325.72
85|92|"BS.AS. SUR"|60|"TEJIDOS DE PUNTO"|5|4379.15|79518.47
86|92|"BS.AS. SUR"|60|"TEJIDOS DE PUNTO"|14|14189.89|250136.4
87|92|"BS.AS. SUR"|60|"TEJIDOS DE PUNTO"|6|28467.53|227881.77
88|92|"BS.AS. SUR"|60|"TEJIDOS DE PUNTO"|3|7339.27|137718.15
89|92|"BS.AS. SUR"|60|"TEJIDOS DE PUNTO"|9|31105.39|236837.36
90|92|"BS.AS. SUR"|60|"TEJIDOS DE PUNTO"|5|25400.32|192265.67
91|92|"BS.AS. SUR"|60|"TEJIDOS DE PUNTO"|5|31267.35|291765.79
92|92|"BS.AS. SUR"|60|"TEJIDOS DE PUNTO"|1|395.78|7354.75
93|92|"BS.AS. SUR"|60|"TEJIDOS DE PUNTO"|3|4432.01|75071.05
94|92|"BS.AS. SUR"|60|"TEJIDOS DE PUNTO"|5|25487.37|196328.92
95|92|"BS.AS. SUR"|60|"TEJIDOS DE PUNTO"|6|11357.47|155560.74
96|92|"BS.AS. SUR"|60|"TEJIDOS DE PUNTO"|10|36187.71|338836.58
97|92|"BS.AS. SUR"|60|"TEJIDOS DE PUNTO"|2|3952.4|72815.17
98|92|"BS.AS. SUR"|60|"TEJIDOS DE PUNTO"|5|31910.89|262154
99|92|"BS.AS. SUR"|60|"TEJIDOS DE PUNTO"|5|27015.97|207001.54
100|92|"BS.AS. SUR"|60|"TEJIDOS DE PUNTO"|4|10253.58|140753.39
101|92|"BS.AS. SUR"|60|"TEJIDOS DE PUNTO"|1|3902.51|72379.35
102|92|"BS.AS. SUR"|60|"TEJIDOS DE PUNTO"|2|24527.7|127944.96
103|92|"BS.AS. SUR"|60|"TEJIDOS DE PUNTO"|4|8370.17|150917.35
104|92|"BS.AS. SUR"|60|"TEJIDOS DE PUNTO"|3|50830.55|289250.06
