"semana"|"aduana"|"aduana_desc"|"mercaderia"|"mercaderia_desc"|"cantidad"|"kilos"|"importe"
68|92|"BS.AS. SUR"|62|"PRENDAS Y COMPLEMENTOS (ACCESORIOS) DE VESTIR, EXCEPTO LOS D"|21|113.77|24702.01
69|92|"BS.AS. SUR"|62|"PRENDAS Y COMPLEMENTOS (ACCESORIOS) DE VESTIR, EXCEPTO LOS D"|115|2165.23|142898.02
70|92|"BS.AS. SUR"|62|"PRENDAS Y COMPLEMENTOS (ACCESORIOS) DE VESTIR, EXCEPTO LOS D"|99|3401.95|186569.8
71|92|"BS.AS. SUR"|62|"PRENDAS Y COMPLEMENTOS (ACCESORIOS) DE VESTIR, EXCEPTO LOS D"|79|1238.76|72197.88
72|92|"BS.AS. SUR"|62|"PRENDAS Y COMPLEMENTOS (ACCESORIOS) DE VESTIR, EXCEPTO LOS D"|51|1405.42|122287.26
73|92|"BS.AS. SUR"|62|"PRENDAS Y COMPLEMENTOS (ACCESORIOS) DE VESTIR, EXCEPTO LOS D"|80|1458.48|113997.8
74|92|"BS.AS. SUR"|62|"PRENDAS Y COMPLEMENTOS (ACCESORIOS) DE VESTIR, EXCEPTO LOS D"|99|4396.31|218669.47
75|92|"BS.AS. SUR"|62|"PRENDAS Y COMPLEMENTOS (ACCESORIOS) DE VESTIR, EXCEPTO LOS D"|103|2050.15|169644.88
76|92|"BS.AS. SUR"|62|"PRENDAS Y COMPLEMENTOS (ACCESORIOS) DE VESTIR, EXCEPTO LOS D"|36|784.25|42146.71
77|92|"BS.AS. SUR"|62|"PRENDAS Y COMPLEMENTOS (ACCESORIOS) DE VESTIR, EXCEPTO LOS D"|72|889.36|85929.24
78|92|"BS.AS. SUR"|62|"PRENDAS Y COMPLEMENTOS (ACCESORIOS) DE VESTIR, EXCEPTO LOS D"|19|698.78|50032.04
79|92|"BS.AS. SUR"|62|"PRENDAS Y COMPLEMENTOS (ACCESORIOS) DE VESTIR, EXCEPTO LOS D"|34|2193.59|102997.77
80|92|"BS.AS. SUR"|62|"PRENDAS Y COMPLEMENTOS (ACCESORIOS) DE VESTIR, EXCEPTO LOS D"|31|2183.58|47452.48
81|92|"BS.AS. SUR"|62|"PRENDAS Y COMPLEMENTOS (ACCESORIOS) DE VESTIR, EXCEPTO LOS D"|65|1637.39|152343.09
82|92|"BS.AS. SUR"|62|"PRENDAS Y COMPLEMENTOS (ACCESORIOS) DE VESTIR, EXCEPTO LOS D"|63|963.88|51016.51
83|92|"BS.AS. SUR"|62|"PRENDAS Y COMPLEMENTOS (ACCESORIOS) DE VESTIR, EXCEPTO LOS D"|110|2332.99|151391.57
84|92|"BS.AS. SUR"|62|"PRENDAS Y COMPLEMENTOS (ACCESORIOS) DE VESTIR, EXCEPTO LOS D"|98|2508.15|147755.26
85|92|"BS.AS. SUR"|62|"PRENDAS Y COMPLEMENTOS (ACCESORIOS) DE VESTIR, EXCEPTO LOS D"|89|1020.074|51379.62
86|92|"BS.AS. SUR"|62|"PRENDAS Y COMPLEMENTOS (ACCESORIOS) DE VESTIR, EXCEPTO LOS D"|58|977.78|102060.52
87|92|"BS.AS. SUR"|62|"PRENDAS Y COMPLEMENTOS (ACCESORIOS) DE VESTIR, EXCEPTO LOS D"|37|637.61|50751.04
88|92|"BS.AS. SUR"|62|"PRENDAS Y COMPLEMENTOS (ACCESORIOS) DE VESTIR, EXCEPTO LOS D"|113|1749.32|116874.94
89|92|"BS.AS. SUR"|62|"PRENDAS Y COMPLEMENTOS (ACCESORIOS) DE VESTIR, EXCEPTO LOS D"|124|1555.41|137765.78
90|92|"BS.AS. SUR"|62|"PRENDAS Y COMPLEMENTOS (ACCESORIOS) DE VESTIR, EXCEPTO LOS D"|60|1015.49|70749
91|92|"BS.AS. SUR"|62|"PRENDAS Y COMPLEMENTOS (ACCESORIOS) DE VESTIR, EXCEPTO LOS D"|78|948.21|77882.37
92|92|"BS.AS. SUR"|62|"PRENDAS Y COMPLEMENTOS (ACCESORIOS) DE VESTIR, EXCEPTO LOS D"|76|611.44|50262.94
93|92|"BS.AS. SUR"|62|"PRENDAS Y COMPLEMENTOS (ACCESORIOS) DE VESTIR, EXCEPTO LOS D"|61|1218.47|82488.78
94|92|"BS.AS. SUR"|62|"PRENDAS Y COMPLEMENTOS (ACCESORIOS) DE VESTIR, EXCEPTO LOS D"|89|1505.31|57044.79
95|92|"BS.AS. SUR"|62|"PRENDAS Y COMPLEMENTOS (ACCESORIOS) DE VESTIR, EXCEPTO LOS D"|123|1622.26|144205.21
96|92|"BS.AS. SUR"|62|"PRENDAS Y COMPLEMENTOS (ACCESORIOS) DE VESTIR, EXCEPTO LOS D"|33|637.12|27512.04
97|92|"BS.AS. SUR"|62|"PRENDAS Y COMPLEMENTOS (ACCESORIOS) DE VESTIR, EXCEPTO LOS D"|105|1332.44|113693.81
98|92|"BS.AS. SUR"|62|"PRENDAS Y COMPLEMENTOS (ACCESORIOS) DE VESTIR, EXCEPTO LOS D"|130|1485.92|72643.44
99|92|"BS.AS. SUR"|62|"PRENDAS Y COMPLEMENTOS (ACCESORIOS) DE VESTIR, EXCEPTO LOS D"|141|3742.1|163572.81
100|92|"BS.AS. SUR"|62|"PRENDAS Y COMPLEMENTOS (ACCESORIOS) DE VESTIR, EXCEPTO LOS D"|200|2263.74|138959.37
101|92|"BS.AS. SUR"|62|"PRENDAS Y COMPLEMENTOS (ACCESORIOS) DE VESTIR, EXCEPTO LOS D"|40|565.72|26418.04
102|92|"BS.AS. SUR"|62|"PRENDAS Y COMPLEMENTOS (ACCESORIOS) DE VESTIR, EXCEPTO LOS D"|129|1796.926|148832.85
103|92|"BS.AS. SUR"|62|"PRENDAS Y COMPLEMENTOS (ACCESORIOS) DE VESTIR, EXCEPTO LOS D"|97|745.46|32337.88
104|92|"BS.AS. SUR"|62|"PRENDAS Y COMPLEMENTOS (ACCESORIOS) DE VESTIR, EXCEPTO LOS D"|14|561.6|25533.5
