"semana"|"aduana"|"aduana_desc"|"mercaderia"|"mercaderia_desc"|"cantidad"|"kilos"|"importe"
69|91|"BS.AS. NORTE"|72|"METALES COMUNES Y MANUFACTURAS DE ESTOS METALES"|5|392882|334277.39
70|91|"BS.AS. NORTE"|72|"METALES COMUNES Y MANUFACTURAS DE ESTOS METALES"|4|57015|89404.37
71|91|"BS.AS. NORTE"|72|"METALES COMUNES Y MANUFACTURAS DE ESTOS METALES"|4|2471.84|8648.9
72|91|"BS.AS. NORTE"|72|"METALES COMUNES Y MANUFACTURAS DE ESTOS METALES"|1|36.53|418.4
73|91|"BS.AS. NORTE"|72|"METALES COMUNES Y MANUFACTURAS DE ESTOS METALES"|9|216129|313736.36
74|91|"BS.AS. NORTE"|72|"METALES COMUNES Y MANUFACTURAS DE ESTOS METALES"|6|10735.26|56577.08
75|91|"BS.AS. NORTE"|72|"METALES COMUNES Y MANUFACTURAS DE ESTOS METALES"|11|482279|455843.03
76|91|"BS.AS. NORTE"|72|"METALES COMUNES Y MANUFACTURAS DE ESTOS METALES"|1|629|2252.5
77|91|"BS.AS. NORTE"|72|"METALES COMUNES Y MANUFACTURAS DE ESTOS METALES"|11|7873.87|28705.26
78|91|"BS.AS. NORTE"|72|"METALES COMUNES Y MANUFACTURAS DE ESTOS METALES"|3|58054|95653.66
79|91|"BS.AS. NORTE"|72|"METALES COMUNES Y MANUFACTURAS DE ESTOS METALES"|2|965|4805.46
80|91|"BS.AS. NORTE"|72|"METALES COMUNES Y MANUFACTURAS DE ESTOS METALES"|10|81559.47|101783.74
81|91|"BS.AS. NORTE"|72|"METALES COMUNES Y MANUFACTURAS DE ESTOS METALES"|6|161438|183888.8
82|91|"BS.AS. NORTE"|72|"METALES COMUNES Y MANUFACTURAS DE ESTOS METALES"|5|7763.96|40510.38
83|91|"BS.AS. NORTE"|72|"METALES COMUNES Y MANUFACTURAS DE ESTOS METALES"|1|28160|49645.62
84|91|"BS.AS. NORTE"|72|"METALES COMUNES Y MANUFACTURAS DE ESTOS METALES"|3|2112.66|11545.68
85|91|"BS.AS. NORTE"|72|"METALES COMUNES Y MANUFACTURAS DE ESTOS METALES"|2|30046|56981.84
86|91|"BS.AS. NORTE"|72|"METALES COMUNES Y MANUFACTURAS DE ESTOS METALES"|8|48302.17|77139.5
87|91|"BS.AS. NORTE"|72|"METALES COMUNES Y MANUFACTURAS DE ESTOS METALES"|3|38320.22|57317.52
88|91|"BS.AS. NORTE"|72|"METALES COMUNES Y MANUFACTURAS DE ESTOS METALES"|1|3712|12580.07
89|91|"BS.AS. NORTE"|72|"METALES COMUNES Y MANUFACTURAS DE ESTOS METALES"|11|209065.95|264606.78
90|91|"BS.AS. NORTE"|72|"METALES COMUNES Y MANUFACTURAS DE ESTOS METALES"|6|35103.38|94853.82
91|91|"BS.AS. NORTE"|72|"METALES COMUNES Y MANUFACTURAS DE ESTOS METALES"|7|137664|194532.11
92|91|"BS.AS. NORTE"|72|"METALES COMUNES Y MANUFACTURAS DE ESTOS METALES"|2|28130|41271.59
93|91|"BS.AS. NORTE"|72|"METALES COMUNES Y MANUFACTURAS DE ESTOS METALES"|3|62978.11|57619.02
94|91|"BS.AS. NORTE"|72|"METALES COMUNES Y MANUFACTURAS DE ESTOS METALES"|4|86234.39|142954.73
95|91|"BS.AS. NORTE"|72|"METALES COMUNES Y MANUFACTURAS DE ESTOS METALES"|9|232664|316864.39
96|91|"BS.AS. NORTE"|72|"METALES COMUNES Y MANUFACTURAS DE ESTOS METALES"|4|818000|601482.22
97|91|"BS.AS. NORTE"|72|"METALES COMUNES Y MANUFACTURAS DE ESTOS METALES"|9|231910|306583.54
98|91|"BS.AS. NORTE"|72|"METALES COMUNES Y MANUFACTURAS DE ESTOS METALES"|7|192328.42|290828.65
99|91|"BS.AS. NORTE"|72|"METALES COMUNES Y MANUFACTURAS DE ESTOS METALES"|16|289139.62|387127.66
100|91|"BS.AS. NORTE"|72|"METALES COMUNES Y MANUFACTURAS DE ESTOS METALES"|6|539948|408133.27
101|91|"BS.AS. NORTE"|72|"METALES COMUNES Y MANUFACTURAS DE ESTOS METALES"|4|152080|216205.65
102|91|"BS.AS. NORTE"|72|"METALES COMUNES Y MANUFACTURAS DE ESTOS METALES"|3|68000|47369.29
103|91|"BS.AS. NORTE"|72|"METALES COMUNES Y MANUFACTURAS DE ESTOS METALES"|5|139196|212893.01
104|91|"BS.AS. NORTE"|72|"METALES COMUNES Y MANUFACTURAS DE ESTOS METALES"|3|44198|55911.8
