"semana"|"aduana"|"aduana_desc"|"mercaderia"|"mercaderia_desc"|"cantidad"|"kilos"|"importe"
2|88|"GENERAL DEHEZA"|28|"PRODUCTOS QUIMICOS INORGANICOS; COMPUESTOS INORGANICOS U ORG"|2|55000|27073.09
3|88|"GENERAL DEHEZA"|28|"PRODUCTOS QUIMICOS INORGANICOS; COMPUESTOS INORGANICOS U ORG"|7|178900|102021.61
4|88|"GENERAL DEHEZA"|28|"PRODUCTOS QUIMICOS INORGANICOS; COMPUESTOS INORGANICOS U ORG"|1|27000|6633.09
5|88|"GENERAL DEHEZA"|28|"PRODUCTOS QUIMICOS INORGANICOS; COMPUESTOS INORGANICOS U ORG"|1|26980|6628.18
7|88|"GENERAL DEHEZA"|28|"PRODUCTOS QUIMICOS INORGANICOS; COMPUESTOS INORGANICOS U ORG"|1|27000|6633.09
8|88|"GENERAL DEHEZA"|28|"PRODUCTOS QUIMICOS INORGANICOS; COMPUESTOS INORGANICOS U ORG"|4|108920|40319.61
9|88|"GENERAL DEHEZA"|28|"PRODUCTOS QUIMICOS INORGANICOS; COMPUESTOS INORGANICOS U ORG"|1|26980|6628.18
10|88|"GENERAL DEHEZA"|28|"PRODUCTOS QUIMICOS INORGANICOS; COMPUESTOS INORGANICOS U ORG"|2|43000|28680
11|88|"GENERAL DEHEZA"|28|"PRODUCTOS QUIMICOS INORGANICOS; COMPUESTOS INORGANICOS U ORG"|1|27000|6633.09
12|88|"GENERAL DEHEZA"|28|"PRODUCTOS QUIMICOS INORGANICOS; COMPUESTOS INORGANICOS U ORG"|1|28000|20580
13|88|"GENERAL DEHEZA"|28|"PRODUCTOS QUIMICOS INORGANICOS; COMPUESTOS INORGANICOS U ORG"|2|46000|30300
15|88|"GENERAL DEHEZA"|28|"PRODUCTOS QUIMICOS INORGANICOS; COMPUESTOS INORGANICOS U ORG"|3|83000|47793.09
17|88|"GENERAL DEHEZA"|28|"PRODUCTOS QUIMICOS INORGANICOS; COMPUESTOS INORGANICOS U ORG"|2|54920|27193.44
18|88|"GENERAL DEHEZA"|28|"PRODUCTOS QUIMICOS INORGANICOS; COMPUESTOS INORGANICOS U ORG"|1|28000|20580
19|88|"GENERAL DEHEZA"|28|"PRODUCTOS QUIMICOS INORGANICOS; COMPUESTOS INORGANICOS U ORG"|3|67000|34908.09
20|88|"GENERAL DEHEZA"|28|"PRODUCTOS QUIMICOS INORGANICOS; COMPUESTOS INORGANICOS U ORG"|2|55040|28439.72
21|88|"GENERAL DEHEZA"|28|"PRODUCTOS QUIMICOS INORGANICOS; COMPUESTOS INORGANICOS U ORG"|2|55000|27213.09
22|88|"GENERAL DEHEZA"|28|"PRODUCTOS QUIMICOS INORGANICOS; COMPUESTOS INORGANICOS U ORG"|2|55120|27242.57
23|88|"GENERAL DEHEZA"|28|"PRODUCTOS QUIMICOS INORGANICOS; COMPUESTOS INORGANICOS U ORG"|1|13000|7020
24|88|"GENERAL DEHEZA"|28|"PRODUCTOS QUIMICOS INORGANICOS; COMPUESTOS INORGANICOS U ORG"|1|28000|20580
25|88|"GENERAL DEHEZA"|28|"PRODUCTOS QUIMICOS INORGANICOS; COMPUESTOS INORGANICOS U ORG"|2|55000|27213.09
27|88|"GENERAL DEHEZA"|28|"PRODUCTOS QUIMICOS INORGANICOS; COMPUESTOS INORGANICOS U ORG"|1|28000|20580
28|88|"GENERAL DEHEZA"|28|"PRODUCTOS QUIMICOS INORGANICOS; COMPUESTOS INORGANICOS U ORG"|1|13000|7020
29|88|"GENERAL DEHEZA"|28|"PRODUCTOS QUIMICOS INORGANICOS; COMPUESTOS INORGANICOS U ORG"|1|28000|20580
30|88|"GENERAL DEHEZA"|28|"PRODUCTOS QUIMICOS INORGANICOS; COMPUESTOS INORGANICOS U ORG"|1|28000|20580
31|88|"GENERAL DEHEZA"|28|"PRODUCTOS QUIMICOS INORGANICOS; COMPUESTOS INORGANICOS U ORG"|2|40000|13653.09
32|88|"GENERAL DEHEZA"|28|"PRODUCTOS QUIMICOS INORGANICOS; COMPUESTOS INORGANICOS U ORG"|1|25000|13750
33|88|"GENERAL DEHEZA"|28|"PRODUCTOS QUIMICOS INORGANICOS; COMPUESTOS INORGANICOS U ORG"|3|83000|47793.09
34|88|"GENERAL DEHEZA"|28|"PRODUCTOS QUIMICOS INORGANICOS; COMPUESTOS INORGANICOS U ORG"|1|24740|13607
35|88|"GENERAL DEHEZA"|28|"PRODUCTOS QUIMICOS INORGANICOS; COMPUESTOS INORGANICOS U ORG"|2|54000|14926.14
36|88|"GENERAL DEHEZA"|28|"PRODUCTOS QUIMICOS INORGANICOS; COMPUESTOS INORGANICOS U ORG"|2|53960|14914.51
37|88|"GENERAL DEHEZA"|28|"PRODUCTOS QUIMICOS INORGANICOS; COMPUESTOS INORGANICOS U ORG"|2|42000|28140
39|88|"GENERAL DEHEZA"|28|"PRODUCTOS QUIMICOS INORGANICOS; COMPUESTOS INORGANICOS U ORG"|2|56000|41160
40|88|"GENERAL DEHEZA"|28|"PRODUCTOS QUIMICOS INORGANICOS; COMPUESTOS INORGANICOS U ORG"|1|28000|20580
42|88|"GENERAL DEHEZA"|28|"PRODUCTOS QUIMICOS INORGANICOS; COMPUESTOS INORGANICOS U ORG"|4|108980|42794.95
43|88|"GENERAL DEHEZA"|28|"PRODUCTOS QUIMICOS INORGANICOS; COMPUESTOS INORGANICOS U ORG"|6|151860|79192.52
44|88|"GENERAL DEHEZA"|28|"PRODUCTOS QUIMICOS INORGANICOS; COMPUESTOS INORGANICOS U ORG"|1|25340|13937
46|88|"GENERAL DEHEZA"|28|"PRODUCTOS QUIMICOS INORGANICOS; COMPUESTOS INORGANICOS U ORG"|3|83000|49121.76
48|88|"GENERAL DEHEZA"|28|"PRODUCTOS QUIMICOS INORGANICOS; COMPUESTOS INORGANICOS U ORG"|4|88020|46367.66
49|88|"GENERAL DEHEZA"|28|"PRODUCTOS QUIMICOS INORGANICOS; COMPUESTOS INORGANICOS U ORG"|1|28000|20580
50|88|"GENERAL DEHEZA"|28|"PRODUCTOS QUIMICOS INORGANICOS; COMPUESTOS INORGANICOS U ORG"|2|55000|28680
51|88|"GENERAL DEHEZA"|28|"PRODUCTOS QUIMICOS INORGANICOS; COMPUESTOS INORGANICOS U ORG"|1|27140|8142
52|88|"GENERAL DEHEZA"|28|"PRODUCTOS QUIMICOS INORGANICOS; COMPUESTOS INORGANICOS U ORG"|1|28000|20580
54|88|"GENERAL DEHEZA"|28|"PRODUCTOS QUIMICOS INORGANICOS; COMPUESTOS INORGANICOS U ORG"|3|72000|37860
55|88|"GENERAL DEHEZA"|28|"PRODUCTOS QUIMICOS INORGANICOS; COMPUESTOS INORGANICOS U ORG"|1|28000|20580
56|88|"GENERAL DEHEZA"|28|"PRODUCTOS QUIMICOS INORGANICOS; COMPUESTOS INORGANICOS U ORG"|2|55060|28698
57|88|"GENERAL DEHEZA"|28|"PRODUCTOS QUIMICOS INORGANICOS; COMPUESTOS INORGANICOS U ORG"|2|55000|28680
58|88|"GENERAL DEHEZA"|28|"PRODUCTOS QUIMICOS INORGANICOS; COMPUESTOS INORGANICOS U ORG"|3|81740|37522.8
59|88|"GENERAL DEHEZA"|28|"PRODUCTOS QUIMICOS INORGANICOS; COMPUESTOS INORGANICOS U ORG"|1|26940|8900.98
60|88|"GENERAL DEHEZA"|28|"PRODUCTOS QUIMICOS INORGANICOS; COMPUESTOS INORGANICOS U ORG"|1|25000|13750
61|88|"GENERAL DEHEZA"|28|"PRODUCTOS QUIMICOS INORGANICOS; COMPUESTOS INORGANICOS U ORG"|3|59920|26126
62|88|"GENERAL DEHEZA"|28|"PRODUCTOS QUIMICOS INORGANICOS; COMPUESTOS INORGANICOS U ORG"|1|27000|8111.07
63|88|"GENERAL DEHEZA"|28|"PRODUCTOS QUIMICOS INORGANICOS; COMPUESTOS INORGANICOS U ORG"|3|81900|39292.1
64|88|"GENERAL DEHEZA"|28|"PRODUCTOS QUIMICOS INORGANICOS; COMPUESTOS INORGANICOS U ORG"|1|27040|8123.09
67|88|"GENERAL DEHEZA"|28|"PRODUCTOS QUIMICOS INORGANICOS; COMPUESTOS INORGANICOS U ORG"|3|82000|40131.87
68|88|"GENERAL DEHEZA"|28|"PRODUCTOS QUIMICOS INORGANICOS; COMPUESTOS INORGANICOS U ORG"|2|37000|19906
69|88|"GENERAL DEHEZA"|28|"PRODUCTOS QUIMICOS INORGANICOS; COMPUESTOS INORGANICOS U ORG"|3|82020|40138.48
71|88|"GENERAL DEHEZA"|28|"PRODUCTOS QUIMICOS INORGANICOS; COMPUESTOS INORGANICOS U ORG"|3|79700|44816.04
72|88|"GENERAL DEHEZA"|28|"PRODUCTOS QUIMICOS INORGANICOS; COMPUESTOS INORGANICOS U ORG"|3|84000|69300
74|88|"GENERAL DEHEZA"|28|"PRODUCTOS QUIMICOS INORGANICOS; COMPUESTOS INORGANICOS U ORG"|1|13000|7020
76|88|"GENERAL DEHEZA"|28|"PRODUCTOS QUIMICOS INORGANICOS; COMPUESTOS INORGANICOS U ORG"|1|28000|23100
78|88|"GENERAL DEHEZA"|28|"PRODUCTOS QUIMICOS INORGANICOS; COMPUESTOS INORGANICOS U ORG"|2|52000|21861.07
79|88|"GENERAL DEHEZA"|28|"PRODUCTOS QUIMICOS INORGANICOS; COMPUESTOS INORGANICOS U ORG"|4|97920|39281.75
80|88|"GENERAL DEHEZA"|28|"PRODUCTOS QUIMICOS INORGANICOS; COMPUESTOS INORGANICOS U ORG"|1|28000|23100
81|88|"GENERAL DEHEZA"|28|"PRODUCTOS QUIMICOS INORGANICOS; COMPUESTOS INORGANICOS U ORG"|2|54020|16217.07
82|88|"GENERAL DEHEZA"|28|"PRODUCTOS QUIMICOS INORGANICOS; COMPUESTOS INORGANICOS U ORG"|1|28000|23100
83|88|"GENERAL DEHEZA"|28|"PRODUCTOS QUIMICOS INORGANICOS; COMPUESTOS INORGANICOS U ORG"|3|72860|25414.08
85|88|"GENERAL DEHEZA"|28|"PRODUCTOS QUIMICOS INORGANICOS; COMPUESTOS INORGANICOS U ORG"|3|79000|29972.14
86|88|"GENERAL DEHEZA"|28|"PRODUCTOS QUIMICOS INORGANICOS; COMPUESTOS INORGANICOS U ORG"|3|59020|33161.08
87|88|"GENERAL DEHEZA"|28|"PRODUCTOS QUIMICOS INORGANICOS; COMPUESTOS INORGANICOS U ORG"|3|78800|29872.12
88|88|"GENERAL DEHEZA"|28|"PRODUCTOS QUIMICOS INORGANICOS; COMPUESTOS INORGANICOS U ORG"|1|26940|8093.05
89|88|"GENERAL DEHEZA"|28|"PRODUCTOS QUIMICOS INORGANICOS; COMPUESTOS INORGANICOS U ORG"|4|99960|49030.12
90|88|"GENERAL DEHEZA"|28|"PRODUCTOS QUIMICOS INORGANICOS; COMPUESTOS INORGANICOS U ORG"|1|27000|8111.07
91|88|"GENERAL DEHEZA"|28|"PRODUCTOS QUIMICOS INORGANICOS; COMPUESTOS INORGANICOS U ORG"|2|54940|31193.05
92|88|"GENERAL DEHEZA"|28|"PRODUCTOS QUIMICOS INORGANICOS; COMPUESTOS INORGANICOS U ORG"|2|41000|30120
93|88|"GENERAL DEHEZA"|28|"PRODUCTOS QUIMICOS INORGANICOS; COMPUESTOS INORGANICOS U ORG"|1|14000|7560
94|88|"GENERAL DEHEZA"|28|"PRODUCTOS QUIMICOS INORGANICOS; COMPUESTOS INORGANICOS U ORG"|1|28000|23100
95|88|"GENERAL DEHEZA"|28|"PRODUCTOS QUIMICOS INORGANICOS; COMPUESTOS INORGANICOS U ORG"|1|25000|13750
96|88|"GENERAL DEHEZA"|28|"PRODUCTOS QUIMICOS INORGANICOS; COMPUESTOS INORGANICOS U ORG"|2|43000|31200
98|88|"GENERAL DEHEZA"|28|"PRODUCTOS QUIMICOS INORGANICOS; COMPUESTOS INORGANICOS U ORG"|3|79620|44757.06
99|88|"GENERAL DEHEZA"|28|"PRODUCTOS QUIMICOS INORGANICOS; COMPUESTOS INORGANICOS U ORG"|2|42000|30660
100|88|"GENERAL DEHEZA"|28|"PRODUCTOS QUIMICOS INORGANICOS; COMPUESTOS INORGANICOS U ORG"|2|36000|19440
101|88|"GENERAL DEHEZA"|28|"PRODUCTOS QUIMICOS INORGANICOS; COMPUESTOS INORGANICOS U ORG"|1|27000|9450
102|88|"GENERAL DEHEZA"|28|"PRODUCTOS QUIMICOS INORGANICOS; COMPUESTOS INORGANICOS U ORG"|1|27000|9450
103|88|"GENERAL DEHEZA"|28|"PRODUCTOS QUIMICOS INORGANICOS; COMPUESTOS INORGANICOS U ORG"|2|53720|18802
104|88|"GENERAL DEHEZA"|28|"PRODUCTOS QUIMICOS INORGANICOS; COMPUESTOS INORGANICOS U ORG"|2|35000|16450
