"semana"|"aduana"|"aduana_desc"|"mercaderia"|"mercaderia_desc"|"cantidad"|"kilos"|"importe"
69|92|"BS.AS. SUR"|43|"PELETERIA Y CONFECCIONES DE PELETERIA; PELETERIA FACTICIA O "|4|24156|51843
70|92|"BS.AS. SUR"|43|"PELETERIA Y CONFECCIONES DE PELETERIA; PELETERIA FACTICIA O "|2|3450|101697
75|92|"BS.AS. SUR"|43|"PELETERIA Y CONFECCIONES DE PELETERIA; PELETERIA FACTICIA O "|1|270|11654.4
79|92|"BS.AS. SUR"|43|"PELETERIA Y CONFECCIONES DE PELETERIA; PELETERIA FACTICIA O "|1|104.1|5107.2
81|92|"BS.AS. SUR"|43|"PELETERIA Y CONFECCIONES DE PELETERIA; PELETERIA FACTICIA O "|6|1190|51580
82|92|"BS.AS. SUR"|43|"PELETERIA Y CONFECCIONES DE PELETERIA; PELETERIA FACTICIA O "|1|40.18|660
83|92|"BS.AS. SUR"|43|"PELETERIA Y CONFECCIONES DE PELETERIA; PELETERIA FACTICIA O "|1|11721.62|38980
84|92|"BS.AS. SUR"|43|"PELETERIA Y CONFECCIONES DE PELETERIA; PELETERIA FACTICIA O "|2|15330|420521.4
85|92|"BS.AS. SUR"|43|"PELETERIA Y CONFECCIONES DE PELETERIA; PELETERIA FACTICIA O "|1|1475|37524
86|92|"BS.AS. SUR"|43|"PELETERIA Y CONFECCIONES DE PELETERIA; PELETERIA FACTICIA O "|2|1330|49200
88|92|"BS.AS. SUR"|43|"PELETERIA Y CONFECCIONES DE PELETERIA; PELETERIA FACTICIA O "|1|11600|56000
90|92|"BS.AS. SUR"|43|"PELETERIA Y CONFECCIONES DE PELETERIA; PELETERIA FACTICIA O "|3|1978.2|82414.38
92|92|"BS.AS. SUR"|43|"PELETERIA Y CONFECCIONES DE PELETERIA; PELETERIA FACTICIA O "|1|56.32|2918.4
93|92|"BS.AS. SUR"|43|"PELETERIA Y CONFECCIONES DE PELETERIA; PELETERIA FACTICIA O "|1|193|9156.16
94|92|"BS.AS. SUR"|43|"PELETERIA Y CONFECCIONES DE PELETERIA; PELETERIA FACTICIA O "|1|5471.1|21550
95|92|"BS.AS. SUR"|43|"PELETERIA Y CONFECCIONES DE PELETERIA; PELETERIA FACTICIA O "|1|1181|41895.91
99|92|"BS.AS. SUR"|43|"PELETERIA Y CONFECCIONES DE PELETERIA; PELETERIA FACTICIA O "|2|341|16381.79
100|92|"BS.AS. SUR"|43|"PELETERIA Y CONFECCIONES DE PELETERIA; PELETERIA FACTICIA O "|1|22200|39570
