"semana"|"aduana"|"aduana_desc"|"mercaderia"|"mercaderia_desc"|"cantidad"|"kilos"|"importe"
68|92|"BS.AS. SUR"|69|"PRODUCTOS CERAMICOS"|11|272080|30912.43
69|92|"BS.AS. SUR"|69|"PRODUCTOS CERAMICOS"|13|269181.1|53304.81
70|92|"BS.AS. SUR"|69|"PRODUCTOS CERAMICOS"|10|200111.64|73687.92
71|92|"BS.AS. SUR"|69|"PRODUCTOS CERAMICOS"|14|268792.73|40766.04
72|92|"BS.AS. SUR"|69|"PRODUCTOS CERAMICOS"|33|393025.22|516597.58
73|92|"BS.AS. SUR"|69|"PRODUCTOS CERAMICOS"|7|75220.11|27736.22
74|92|"BS.AS. SUR"|69|"PRODUCTOS CERAMICOS"|25|426142.08|119242.18
75|92|"BS.AS. SUR"|69|"PRODUCTOS CERAMICOS"|21|247638.89|63994.64
76|92|"BS.AS. SUR"|69|"PRODUCTOS CERAMICOS"|43|430166.43|196869.33
77|92|"BS.AS. SUR"|69|"PRODUCTOS CERAMICOS"|31|551737.4|110797.12
78|92|"BS.AS. SUR"|69|"PRODUCTOS CERAMICOS"|25|197695.88|42743.25
79|92|"BS.AS. SUR"|69|"PRODUCTOS CERAMICOS"|21|365625.88|218763.03
80|92|"BS.AS. SUR"|69|"PRODUCTOS CERAMICOS"|12|110928.82|48020.78
81|92|"BS.AS. SUR"|69|"PRODUCTOS CERAMICOS"|12|173136.7|59240.45
82|92|"BS.AS. SUR"|69|"PRODUCTOS CERAMICOS"|11|59936.1|114765.16
83|92|"BS.AS. SUR"|69|"PRODUCTOS CERAMICOS"|7|13865.08|59038.83
84|92|"BS.AS. SUR"|69|"PRODUCTOS CERAMICOS"|4|9587.11|94081
85|92|"BS.AS. SUR"|69|"PRODUCTOS CERAMICOS"|47|240579.52|123750.91
86|92|"BS.AS. SUR"|69|"PRODUCTOS CERAMICOS"|6|82620.58|34728.12
87|92|"BS.AS. SUR"|69|"PRODUCTOS CERAMICOS"|9|106875.5|86313.64
88|92|"BS.AS. SUR"|69|"PRODUCTOS CERAMICOS"|46|195406.6|93876.13
89|92|"BS.AS. SUR"|69|"PRODUCTOS CERAMICOS"|20|225886.77|132140.37
90|92|"BS.AS. SUR"|69|"PRODUCTOS CERAMICOS"|10|12498.54|18820.73
91|92|"BS.AS. SUR"|69|"PRODUCTOS CERAMICOS"|5|14861.2|41300.18
92|92|"BS.AS. SUR"|69|"PRODUCTOS CERAMICOS"|7|54790.65|25367.33
93|92|"BS.AS. SUR"|69|"PRODUCTOS CERAMICOS"|12|110982|143761.68
94|92|"BS.AS. SUR"|69|"PRODUCTOS CERAMICOS"|11|83540|76447.98
95|92|"BS.AS. SUR"|69|"PRODUCTOS CERAMICOS"|5|73990.39|22528.84
96|92|"BS.AS. SUR"|69|"PRODUCTOS CERAMICOS"|5|26644|11556.39
97|92|"BS.AS. SUR"|69|"PRODUCTOS CERAMICOS"|28|74580.3|31062.93
98|92|"BS.AS. SUR"|69|"PRODUCTOS CERAMICOS"|12|100996.19|168489.84
99|92|"BS.AS. SUR"|69|"PRODUCTOS CERAMICOS"|19|52023.43|97092.68
100|92|"BS.AS. SUR"|69|"PRODUCTOS CERAMICOS"|3|54850|21876.49
101|92|"BS.AS. SUR"|69|"PRODUCTOS CERAMICOS"|4|31126.56|34195.89
102|92|"BS.AS. SUR"|69|"PRODUCTOS CERAMICOS"|12|135415.41|150772.66
103|92|"BS.AS. SUR"|69|"PRODUCTOS CERAMICOS"|4|73576.11|36382.01
104|92|"BS.AS. SUR"|69|"PRODUCTOS CERAMICOS"|1|125|111.25
