"semana"|"aduana"|"aduana_desc"|"mercaderia"|"mercaderia_desc"|"cantidad"|"kilos"|"importe"
69|92|"BS.AS. SUR"|58|"TEJIDOS ESPECIALES; SUPERFICIES TEXTILES CON MECHON INSERTAD"|3|4436.67|39626.42
71|92|"BS.AS. SUR"|58|"TEJIDOS ESPECIALES; SUPERFICIES TEXTILES CON MECHON INSERTAD"|1|318|2750
72|92|"BS.AS. SUR"|58|"TEJIDOS ESPECIALES; SUPERFICIES TEXTILES CON MECHON INSERTAD"|3|223.98|19194.36
73|92|"BS.AS. SUR"|58|"TEJIDOS ESPECIALES; SUPERFICIES TEXTILES CON MECHON INSERTAD"|5|341.58|13639.64
74|92|"BS.AS. SUR"|58|"TEJIDOS ESPECIALES; SUPERFICIES TEXTILES CON MECHON INSERTAD"|8|1284.91|46108.49
75|92|"BS.AS. SUR"|58|"TEJIDOS ESPECIALES; SUPERFICIES TEXTILES CON MECHON INSERTAD"|2|1669|16500
77|92|"BS.AS. SUR"|58|"TEJIDOS ESPECIALES; SUPERFICIES TEXTILES CON MECHON INSERTAD"|2|14|249.77
81|92|"BS.AS. SUR"|58|"TEJIDOS ESPECIALES; SUPERFICIES TEXTILES CON MECHON INSERTAD"|8|8565.32|76750.86
82|92|"BS.AS. SUR"|58|"TEJIDOS ESPECIALES; SUPERFICIES TEXTILES CON MECHON INSERTAD"|1|2007.5|18720
83|92|"BS.AS. SUR"|58|"TEJIDOS ESPECIALES; SUPERFICIES TEXTILES CON MECHON INSERTAD"|3|311.42|11047.6
84|92|"BS.AS. SUR"|58|"TEJIDOS ESPECIALES; SUPERFICIES TEXTILES CON MECHON INSERTAD"|2|775.23|12174.75
85|92|"BS.AS. SUR"|58|"TEJIDOS ESPECIALES; SUPERFICIES TEXTILES CON MECHON INSERTAD"|1|0.4|22
87|92|"BS.AS. SUR"|58|"TEJIDOS ESPECIALES; SUPERFICIES TEXTILES CON MECHON INSERTAD"|4|7004.21|111827.86
88|92|"BS.AS. SUR"|58|"TEJIDOS ESPECIALES; SUPERFICIES TEXTILES CON MECHON INSERTAD"|3|1235.4|38253
89|92|"BS.AS. SUR"|58|"TEJIDOS ESPECIALES; SUPERFICIES TEXTILES CON MECHON INSERTAD"|3|106.6|6851.37
90|92|"BS.AS. SUR"|58|"TEJIDOS ESPECIALES; SUPERFICIES TEXTILES CON MECHON INSERTAD"|2|6.35|83.67
91|92|"BS.AS. SUR"|58|"TEJIDOS ESPECIALES; SUPERFICIES TEXTILES CON MECHON INSERTAD"|3|4346.25|70188.27
92|92|"BS.AS. SUR"|58|"TEJIDOS ESPECIALES; SUPERFICIES TEXTILES CON MECHON INSERTAD"|1|4|471.99
94|92|"BS.AS. SUR"|58|"TEJIDOS ESPECIALES; SUPERFICIES TEXTILES CON MECHON INSERTAD"|1|84.24|2237.92
95|92|"BS.AS. SUR"|58|"TEJIDOS ESPECIALES; SUPERFICIES TEXTILES CON MECHON INSERTAD"|3|648.34|26666.2
97|92|"BS.AS. SUR"|58|"TEJIDOS ESPECIALES; SUPERFICIES TEXTILES CON MECHON INSERTAD"|1|40|660.4
98|92|"BS.AS. SUR"|58|"TEJIDOS ESPECIALES; SUPERFICIES TEXTILES CON MECHON INSERTAD"|11|1928.63|18612.01
100|92|"BS.AS. SUR"|58|"TEJIDOS ESPECIALES; SUPERFICIES TEXTILES CON MECHON INSERTAD"|2|125.6|6488.43
101|92|"BS.AS. SUR"|58|"TEJIDOS ESPECIALES; SUPERFICIES TEXTILES CON MECHON INSERTAD"|1|14|551.89
102|92|"BS.AS. SUR"|58|"TEJIDOS ESPECIALES; SUPERFICIES TEXTILES CON MECHON INSERTAD"|5|298.44|9405.14
103|92|"BS.AS. SUR"|58|"TEJIDOS ESPECIALES; SUPERFICIES TEXTILES CON MECHON INSERTAD"|3|2711.99|99793.99
104|92|"BS.AS. SUR"|58|"TEJIDOS ESPECIALES; SUPERFICIES TEXTILES CON MECHON INSERTAD"|1|0.56|4
