"semana"|"aduana"|"aduana_desc"|"mercaderia"|"mercaderia_desc"|"cantidad"|"kilos"|"importe"
69|92|"BS.AS. SUR"|37|"PRODUCTOS FOTOGRAFICOS O CINEMATOGRAFICOS"|8|69659.29|631511.4
70|92|"BS.AS. SUR"|37|"PRODUCTOS FOTOGRAFICOS O CINEMATOGRAFICOS"|4|19638.07|74518.48
71|92|"BS.AS. SUR"|37|"PRODUCTOS FOTOGRAFICOS O CINEMATOGRAFICOS"|3|34484|250105.06
72|92|"BS.AS. SUR"|37|"PRODUCTOS FOTOGRAFICOS O CINEMATOGRAFICOS"|1|13956.96|189251.98
73|92|"BS.AS. SUR"|37|"PRODUCTOS FOTOGRAFICOS O CINEMATOGRAFICOS"|3|23166.17|52509.87
74|92|"BS.AS. SUR"|37|"PRODUCTOS FOTOGRAFICOS O CINEMATOGRAFICOS"|14|56726.575|476219.75
75|92|"BS.AS. SUR"|37|"PRODUCTOS FOTOGRAFICOS O CINEMATOGRAFICOS"|5|79560.9|722557.23
77|92|"BS.AS. SUR"|37|"PRODUCTOS FOTOGRAFICOS O CINEMATOGRAFICOS"|1|11904.73|155222.81
78|92|"BS.AS. SUR"|37|"PRODUCTOS FOTOGRAFICOS O CINEMATOGRAFICOS"|1|12108.61|157230.12
79|92|"BS.AS. SUR"|37|"PRODUCTOS FOTOGRAFICOS O CINEMATOGRAFICOS"|1|1020|4692
82|92|"BS.AS. SUR"|37|"PRODUCTOS FOTOGRAFICOS O CINEMATOGRAFICOS"|4|45720|75214.51
83|92|"BS.AS. SUR"|37|"PRODUCTOS FOTOGRAFICOS O CINEMATOGRAFICOS"|1|15537.89|201454.87
84|92|"BS.AS. SUR"|37|"PRODUCTOS FOTOGRAFICOS O CINEMATOGRAFICOS"|2|1593.08|6874
85|92|"BS.AS. SUR"|37|"PRODUCTOS FOTOGRAFICOS O CINEMATOGRAFICOS"|7|30013.48|81854.78
86|92|"BS.AS. SUR"|37|"PRODUCTOS FOTOGRAFICOS O CINEMATOGRAFICOS"|2|13959.67|181298.23
88|92|"BS.AS. SUR"|37|"PRODUCTOS FOTOGRAFICOS O CINEMATOGRAFICOS"|3|22939.74|178229.32
89|92|"BS.AS. SUR"|37|"PRODUCTOS FOTOGRAFICOS O CINEMATOGRAFICOS"|4|25880.08|216149.71
90|92|"BS.AS. SUR"|37|"PRODUCTOS FOTOGRAFICOS O CINEMATOGRAFICOS"|5|3249.63|34859.48
91|92|"BS.AS. SUR"|37|"PRODUCTOS FOTOGRAFICOS O CINEMATOGRAFICOS"|3|34228.53|374220.01
93|92|"BS.AS. SUR"|37|"PRODUCTOS FOTOGRAFICOS O CINEMATOGRAFICOS"|1|6474|15974.4
94|92|"BS.AS. SUR"|37|"PRODUCTOS FOTOGRAFICOS O CINEMATOGRAFICOS"|2|9024|14716.8
95|92|"BS.AS. SUR"|37|"PRODUCTOS FOTOGRAFICOS O CINEMATOGRAFICOS"|2|1230.02|27411.2
96|92|"BS.AS. SUR"|37|"PRODUCTOS FOTOGRAFICOS O CINEMATOGRAFICOS"|2|11623|28221.44
97|92|"BS.AS. SUR"|37|"PRODUCTOS FOTOGRAFICOS O CINEMATOGRAFICOS"|2|23405.7|54943.63
98|92|"BS.AS. SUR"|37|"PRODUCTOS FOTOGRAFICOS O CINEMATOGRAFICOS"|6|9396.24|31640.42
99|92|"BS.AS. SUR"|37|"PRODUCTOS FOTOGRAFICOS O CINEMATOGRAFICOS"|3|19955.36|253339.66
101|92|"BS.AS. SUR"|37|"PRODUCTOS FOTOGRAFICOS O CINEMATOGRAFICOS"|2|16223.8|29955.52
103|92|"BS.AS. SUR"|37|"PRODUCTOS FOTOGRAFICOS O CINEMATOGRAFICOS"|8|19624.48|221876.3
104|92|"BS.AS. SUR"|37|"PRODUCTOS FOTOGRAFICOS O CINEMATOGRAFICOS"|5|17391.17|215182.23
