"semana"|"aduana"|"aduana_desc"|"mercaderia"|"mercaderia_desc"|"cantidad"|"kilos"|"importe"
27|49|"RIO GRANDE"|84|"REACTORES NUCLEARES, CALDERAS, MAQUINAS, APARATOS Y ARTEFACT"|1|2500|20000
29|49|"RIO GRANDE"|84|"REACTORES NUCLEARES, CALDERAS, MAQUINAS, APARATOS Y ARTEFACT"|2|4.27|141.9
34|49|"RIO GRANDE"|84|"REACTORES NUCLEARES, CALDERAS, MAQUINAS, APARATOS Y ARTEFACT"|3|11.5|9710.76
45|49|"RIO GRANDE"|84|"REACTORES NUCLEARES, CALDERAS, MAQUINAS, APARATOS Y ARTEFACT"|1|6891|88565.07
48|49|"RIO GRANDE"|84|"REACTORES NUCLEARES, CALDERAS, MAQUINAS, APARATOS Y ARTEFACT"|1|22|3290
49|49|"RIO GRANDE"|84|"REACTORES NUCLEARES, CALDERAS, MAQUINAS, APARATOS Y ARTEFACT"|1|67.92|74500.8
50|49|"RIO GRANDE"|84|"REACTORES NUCLEARES, CALDERAS, MAQUINAS, APARATOS Y ARTEFACT"|1|35.21|8384.58
51|49|"RIO GRANDE"|84|"REACTORES NUCLEARES, CALDERAS, MAQUINAS, APARATOS Y ARTEFACT"|3|2197.82|70539.12
63|49|"RIO GRANDE"|84|"REACTORES NUCLEARES, CALDERAS, MAQUINAS, APARATOS Y ARTEFACT"|83|182800.67|3642163.06
65|49|"RIO GRANDE"|84|"REACTORES NUCLEARES, CALDERAS, MAQUINAS, APARATOS Y ARTEFACT"|5|4375|143587.36
78|49|"RIO GRANDE"|84|"REACTORES NUCLEARES, CALDERAS, MAQUINAS, APARATOS Y ARTEFACT"|1|8|1507.28
86|49|"RIO GRANDE"|84|"REACTORES NUCLEARES, CALDERAS, MAQUINAS, APARATOS Y ARTEFACT"|2|89.05|158858.47
101|49|"RIO GRANDE"|84|"REACTORES NUCLEARES, CALDERAS, MAQUINAS, APARATOS Y ARTEFACT"|1|5|3435.15
103|49|"RIO GRANDE"|84|"REACTORES NUCLEARES, CALDERAS, MAQUINAS, APARATOS Y ARTEFACT"|1|35.21|8300.94
