"semana"|"aduana"|"aduana_desc"|"mercaderia"|"mercaderia_desc"|"cantidad"|"kilos"|"importe"
69|91|"BS.AS. NORTE"|61|"PRENDAS Y COMPLEMENTOS (ACCESORIOS), DE VESTIR, DE PUNTO"|2|144.87|1367.2
70|91|"BS.AS. NORTE"|61|"PRENDAS Y COMPLEMENTOS (ACCESORIOS), DE VESTIR, DE PUNTO"|69|21893.32|678915.91
71|91|"BS.AS. NORTE"|61|"PRENDAS Y COMPLEMENTOS (ACCESORIOS), DE VESTIR, DE PUNTO"|27|5226.09|197232.8
72|91|"BS.AS. NORTE"|61|"PRENDAS Y COMPLEMENTOS (ACCESORIOS), DE VESTIR, DE PUNTO"|1|90.17|832.77
74|91|"BS.AS. NORTE"|61|"PRENDAS Y COMPLEMENTOS (ACCESORIOS), DE VESTIR, DE PUNTO"|62|19939.7|472735.07
75|91|"BS.AS. NORTE"|61|"PRENDAS Y COMPLEMENTOS (ACCESORIOS), DE VESTIR, DE PUNTO"|8|861.95|21219.81
76|91|"BS.AS. NORTE"|61|"PRENDAS Y COMPLEMENTOS (ACCESORIOS), DE VESTIR, DE PUNTO"|11|4880.67|186950.8
77|91|"BS.AS. NORTE"|61|"PRENDAS Y COMPLEMENTOS (ACCESORIOS), DE VESTIR, DE PUNTO"|2|28.41|233.2
78|91|"BS.AS. NORTE"|61|"PRENDAS Y COMPLEMENTOS (ACCESORIOS), DE VESTIR, DE PUNTO"|56|3043.83|139663.2
79|91|"BS.AS. NORTE"|61|"PRENDAS Y COMPLEMENTOS (ACCESORIOS), DE VESTIR, DE PUNTO"|5|16576.56|283286.3
81|91|"BS.AS. NORTE"|61|"PRENDAS Y COMPLEMENTOS (ACCESORIOS), DE VESTIR, DE PUNTO"|5|521.98|10636.48
82|91|"BS.AS. NORTE"|61|"PRENDAS Y COMPLEMENTOS (ACCESORIOS), DE VESTIR, DE PUNTO"|3|20.28|121.26
83|91|"BS.AS. NORTE"|61|"PRENDAS Y COMPLEMENTOS (ACCESORIOS), DE VESTIR, DE PUNTO"|54|17859.52|368670.25
84|91|"BS.AS. NORTE"|61|"PRENDAS Y COMPLEMENTOS (ACCESORIOS), DE VESTIR, DE PUNTO"|5|903.6|37129.71
85|91|"BS.AS. NORTE"|61|"PRENDAS Y COMPLEMENTOS (ACCESORIOS), DE VESTIR, DE PUNTO"|2|111.42|972.51
86|91|"BS.AS. NORTE"|61|"PRENDAS Y COMPLEMENTOS (ACCESORIOS), DE VESTIR, DE PUNTO"|5|604.53|5795.74
87|91|"BS.AS. NORTE"|61|"PRENDAS Y COMPLEMENTOS (ACCESORIOS), DE VESTIR, DE PUNTO"|52|1760.76|94540.02
88|91|"BS.AS. NORTE"|61|"PRENDAS Y COMPLEMENTOS (ACCESORIOS), DE VESTIR, DE PUNTO"|25|24106.65|575015.39
89|91|"BS.AS. NORTE"|61|"PRENDAS Y COMPLEMENTOS (ACCESORIOS), DE VESTIR, DE PUNTO"|1|521.13|50554.01
90|91|"BS.AS. NORTE"|61|"PRENDAS Y COMPLEMENTOS (ACCESORIOS), DE VESTIR, DE PUNTO"|45|2746.82|165920.53
91|91|"BS.AS. NORTE"|61|"PRENDAS Y COMPLEMENTOS (ACCESORIOS), DE VESTIR, DE PUNTO"|2|302.61|2839.2
93|91|"BS.AS. NORTE"|61|"PRENDAS Y COMPLEMENTOS (ACCESORIOS), DE VESTIR, DE PUNTO"|4|4771.63|205209.6
94|91|"BS.AS. NORTE"|61|"PRENDAS Y COMPLEMENTOS (ACCESORIOS), DE VESTIR, DE PUNTO"|52|3491.88|186741.62
97|91|"BS.AS. NORTE"|61|"PRENDAS Y COMPLEMENTOS (ACCESORIOS), DE VESTIR, DE PUNTO"|13|7545.6|328652.08
98|91|"BS.AS. NORTE"|61|"PRENDAS Y COMPLEMENTOS (ACCESORIOS), DE VESTIR, DE PUNTO"|61|14234.67|348393.09
99|91|"BS.AS. NORTE"|61|"PRENDAS Y COMPLEMENTOS (ACCESORIOS), DE VESTIR, DE PUNTO"|4|46.25|415.01
100|91|"BS.AS. NORTE"|61|"PRENDAS Y COMPLEMENTOS (ACCESORIOS), DE VESTIR, DE PUNTO"|1|73.34|755.25
101|91|"BS.AS. NORTE"|61|"PRENDAS Y COMPLEMENTOS (ACCESORIOS), DE VESTIR, DE PUNTO"|48|1374.65|75507.52
102|91|"BS.AS. NORTE"|61|"PRENDAS Y COMPLEMENTOS (ACCESORIOS), DE VESTIR, DE PUNTO"|25|7718.94|333063.71
104|91|"BS.AS. NORTE"|61|"PRENDAS Y COMPLEMENTOS (ACCESORIOS), DE VESTIR, DE PUNTO"|43|1439.64|56423.17
