"semana"|"aduana"|"aduana_desc"|"mercaderia"|"mercaderia_desc"|"cantidad"|"kilos"|"importe"
68|92|"BS.AS. SUR"|11|"PRODUCTOS DE LA MOLINERIA; MALTA; ALMIDON Y FECULA; INULINA;"|4|144500|63550
69|92|"BS.AS. SUR"|11|"PRODUCTOS DE LA MOLINERIA; MALTA; ALMIDON Y FECULA; INULINA;"|6|768750|284597.5
71|92|"BS.AS. SUR"|11|"PRODUCTOS DE LA MOLINERIA; MALTA; ALMIDON Y FECULA; INULINA;"|9|1080500|357910
72|92|"BS.AS. SUR"|11|"PRODUCTOS DE LA MOLINERIA; MALTA; ALMIDON Y FECULA; INULINA;"|5|417860|115822.13
73|92|"BS.AS. SUR"|11|"PRODUCTOS DE LA MOLINERIA; MALTA; ALMIDON Y FECULA; INULINA;"|3|122250|47109.48
74|92|"BS.AS. SUR"|11|"PRODUCTOS DE LA MOLINERIA; MALTA; ALMIDON Y FECULA; INULINA;"|4|657750|241705.92
75|92|"BS.AS. SUR"|11|"PRODUCTOS DE LA MOLINERIA; MALTA; ALMIDON Y FECULA; INULINA;"|6|287750|131895
76|92|"BS.AS. SUR"|11|"PRODUCTOS DE LA MOLINERIA; MALTA; ALMIDON Y FECULA; INULINA;"|4|190003.2|63709.29
77|92|"BS.AS. SUR"|11|"PRODUCTOS DE LA MOLINERIA; MALTA; ALMIDON Y FECULA; INULINA;"|5|397500|137680
78|92|"BS.AS. SUR"|11|"PRODUCTOS DE LA MOLINERIA; MALTA; ALMIDON Y FECULA; INULINA;"|5|526695|204544.11
79|92|"BS.AS. SUR"|11|"PRODUCTOS DE LA MOLINERIA; MALTA; ALMIDON Y FECULA; INULINA;"|4|353500|118600.24
80|92|"BS.AS. SUR"|11|"PRODUCTOS DE LA MOLINERIA; MALTA; ALMIDON Y FECULA; INULINA;"|10|855300|316482.5
81|92|"BS.AS. SUR"|11|"PRODUCTOS DE LA MOLINERIA; MALTA; ALMIDON Y FECULA; INULINA;"|9|710000|260267.2
82|92|"BS.AS. SUR"|11|"PRODUCTOS DE LA MOLINERIA; MALTA; ALMIDON Y FECULA; INULINA;"|5|498450|183119
83|92|"BS.AS. SUR"|11|"PRODUCTOS DE LA MOLINERIA; MALTA; ALMIDON Y FECULA; INULINA;"|6|271500|103864.5
84|92|"BS.AS. SUR"|11|"PRODUCTOS DE LA MOLINERIA; MALTA; ALMIDON Y FECULA; INULINA;"|5|236000|81946.4
85|92|"BS.AS. SUR"|11|"PRODUCTOS DE LA MOLINERIA; MALTA; ALMIDON Y FECULA; INULINA;"|11|705725|275857.22
86|92|"BS.AS. SUR"|11|"PRODUCTOS DE LA MOLINERIA; MALTA; ALMIDON Y FECULA; INULINA;"|3|417000|144750
87|92|"BS.AS. SUR"|11|"PRODUCTOS DE LA MOLINERIA; MALTA; ALMIDON Y FECULA; INULINA;"|1|19000|6916.4
88|92|"BS.AS. SUR"|11|"PRODUCTOS DE LA MOLINERIA; MALTA; ALMIDON Y FECULA; INULINA;"|8|653300|258476.5
89|92|"BS.AS. SUR"|11|"PRODUCTOS DE LA MOLINERIA; MALTA; ALMIDON Y FECULA; INULINA;"|9|6e+05|241090.4
90|92|"BS.AS. SUR"|11|"PRODUCTOS DE LA MOLINERIA; MALTA; ALMIDON Y FECULA; INULINA;"|4|96940|55950.02
91|92|"BS.AS. SUR"|11|"PRODUCTOS DE LA MOLINERIA; MALTA; ALMIDON Y FECULA; INULINA;"|3|51456.8|29975.3
92|92|"BS.AS. SUR"|11|"PRODUCTOS DE LA MOLINERIA; MALTA; ALMIDON Y FECULA; INULINA;"|6|938300|307560.5
93|92|"BS.AS. SUR"|11|"PRODUCTOS DE LA MOLINERIA; MALTA; ALMIDON Y FECULA; INULINA;"|8|904000|342790
94|92|"BS.AS. SUR"|11|"PRODUCTOS DE LA MOLINERIA; MALTA; ALMIDON Y FECULA; INULINA;"|1|95000|32300
95|92|"BS.AS. SUR"|11|"PRODUCTOS DE LA MOLINERIA; MALTA; ALMIDON Y FECULA; INULINA;"|8|535000|182976
96|92|"BS.AS. SUR"|11|"PRODUCTOS DE LA MOLINERIA; MALTA; ALMIDON Y FECULA; INULINA;"|3|210600|73571.4
97|92|"BS.AS. SUR"|11|"PRODUCTOS DE LA MOLINERIA; MALTA; ALMIDON Y FECULA; INULINA;"|3|168000|74700
98|92|"BS.AS. SUR"|11|"PRODUCTOS DE LA MOLINERIA; MALTA; ALMIDON Y FECULA; INULINA;"|1|38000|12920
99|92|"BS.AS. SUR"|11|"PRODUCTOS DE LA MOLINERIA; MALTA; ALMIDON Y FECULA; INULINA;"|8|929750|327760.5
102|92|"BS.AS. SUR"|11|"PRODUCTOS DE LA MOLINERIA; MALTA; ALMIDON Y FECULA; INULINA;"|8|440000|168158.13
103|92|"BS.AS. SUR"|11|"PRODUCTOS DE LA MOLINERIA; MALTA; ALMIDON Y FECULA; INULINA;"|2|207000|76560
104|92|"BS.AS. SUR"|11|"PRODUCTOS DE LA MOLINERIA; MALTA; ALMIDON Y FECULA; INULINA;"|6|660000|226720
