"semana"|"aduana"|"aduana_desc"|"mercaderia"|"mercaderia_desc"|"cantidad"|"kilos"|"importe"
69|92|"BS.AS. SUR"|95|"JUGUETES, JUEGOS Y ARTICULOS PARA RECREO O DEPORTE; SUS PART"|3|1112.8|15650.52
70|92|"BS.AS. SUR"|95|"JUGUETES, JUEGOS Y ARTICULOS PARA RECREO O DEPORTE; SUS PART"|12|20680.75|368135.08
71|92|"BS.AS. SUR"|95|"JUGUETES, JUEGOS Y ARTICULOS PARA RECREO O DEPORTE; SUS PART"|13|6555.13|76572.66
72|92|"BS.AS. SUR"|95|"JUGUETES, JUEGOS Y ARTICULOS PARA RECREO O DEPORTE; SUS PART"|10|5357.32|54269.3
73|92|"BS.AS. SUR"|95|"JUGUETES, JUEGOS Y ARTICULOS PARA RECREO O DEPORTE; SUS PART"|1|123.3|7500
74|92|"BS.AS. SUR"|95|"JUGUETES, JUEGOS Y ARTICULOS PARA RECREO O DEPORTE; SUS PART"|9|3747.34|41280.2
75|92|"BS.AS. SUR"|95|"JUGUETES, JUEGOS Y ARTICULOS PARA RECREO O DEPORTE; SUS PART"|2|649.5|28330
76|92|"BS.AS. SUR"|95|"JUGUETES, JUEGOS Y ARTICULOS PARA RECREO O DEPORTE; SUS PART"|10|9299.8|81228.68
77|92|"BS.AS. SUR"|95|"JUGUETES, JUEGOS Y ARTICULOS PARA RECREO O DEPORTE; SUS PART"|11|954.84|15518.61
78|92|"BS.AS. SUR"|95|"JUGUETES, JUEGOS Y ARTICULOS PARA RECREO O DEPORTE; SUS PART"|3|21838.5|625155.58
79|92|"BS.AS. SUR"|95|"JUGUETES, JUEGOS Y ARTICULOS PARA RECREO O DEPORTE; SUS PART"|4|1050.49|7916.02
80|92|"BS.AS. SUR"|95|"JUGUETES, JUEGOS Y ARTICULOS PARA RECREO O DEPORTE; SUS PART"|4|44433.34|343765.24
81|92|"BS.AS. SUR"|95|"JUGUETES, JUEGOS Y ARTICULOS PARA RECREO O DEPORTE; SUS PART"|14|3559.62|43643.24
82|92|"BS.AS. SUR"|95|"JUGUETES, JUEGOS Y ARTICULOS PARA RECREO O DEPORTE; SUS PART"|16|14503.37|56456.51
83|92|"BS.AS. SUR"|95|"JUGUETES, JUEGOS Y ARTICULOS PARA RECREO O DEPORTE; SUS PART"|3|18917.54|64300.57
84|92|"BS.AS. SUR"|95|"JUGUETES, JUEGOS Y ARTICULOS PARA RECREO O DEPORTE; SUS PART"|9|1891.59|15817.04
85|92|"BS.AS. SUR"|95|"JUGUETES, JUEGOS Y ARTICULOS PARA RECREO O DEPORTE; SUS PART"|3|6695.6|99600
86|92|"BS.AS. SUR"|95|"JUGUETES, JUEGOS Y ARTICULOS PARA RECREO O DEPORTE; SUS PART"|14|11874.41|56080.57
87|92|"BS.AS. SUR"|95|"JUGUETES, JUEGOS Y ARTICULOS PARA RECREO O DEPORTE; SUS PART"|5|7223.1|76561.85
88|92|"BS.AS. SUR"|95|"JUGUETES, JUEGOS Y ARTICULOS PARA RECREO O DEPORTE; SUS PART"|3|7647.15|38722.84
89|92|"BS.AS. SUR"|95|"JUGUETES, JUEGOS Y ARTICULOS PARA RECREO O DEPORTE; SUS PART"|7|8812.23|49152.4
90|92|"BS.AS. SUR"|95|"JUGUETES, JUEGOS Y ARTICULOS PARA RECREO O DEPORTE; SUS PART"|4|11427.63|178932.8
91|92|"BS.AS. SUR"|95|"JUGUETES, JUEGOS Y ARTICULOS PARA RECREO O DEPORTE; SUS PART"|4|2378.56|47597.63
92|92|"BS.AS. SUR"|95|"JUGUETES, JUEGOS Y ARTICULOS PARA RECREO O DEPORTE; SUS PART"|4|52632.77|647538.78
94|92|"BS.AS. SUR"|95|"JUGUETES, JUEGOS Y ARTICULOS PARA RECREO O DEPORTE; SUS PART"|3|1275.4|9010.1
95|92|"BS.AS. SUR"|95|"JUGUETES, JUEGOS Y ARTICULOS PARA RECREO O DEPORTE; SUS PART"|4|350.73|8729.98
96|92|"BS.AS. SUR"|95|"JUGUETES, JUEGOS Y ARTICULOS PARA RECREO O DEPORTE; SUS PART"|10|10000.02|288035.1
97|92|"BS.AS. SUR"|95|"JUGUETES, JUEGOS Y ARTICULOS PARA RECREO O DEPORTE; SUS PART"|23|248079.67|558806.49
98|92|"BS.AS. SUR"|95|"JUGUETES, JUEGOS Y ARTICULOS PARA RECREO O DEPORTE; SUS PART"|8|161990.48|346295.51
99|92|"BS.AS. SUR"|95|"JUGUETES, JUEGOS Y ARTICULOS PARA RECREO O DEPORTE; SUS PART"|10|57973.72|136265.4
100|92|"BS.AS. SUR"|95|"JUGUETES, JUEGOS Y ARTICULOS PARA RECREO O DEPORTE; SUS PART"|6|57116.1|178399.68
101|92|"BS.AS. SUR"|95|"JUGUETES, JUEGOS Y ARTICULOS PARA RECREO O DEPORTE; SUS PART"|7|3232.12|142246.23
102|92|"BS.AS. SUR"|95|"JUGUETES, JUEGOS Y ARTICULOS PARA RECREO O DEPORTE; SUS PART"|20|440857.08|1194020.6
103|92|"BS.AS. SUR"|95|"JUGUETES, JUEGOS Y ARTICULOS PARA RECREO O DEPORTE; SUS PART"|7|217107.5|514094.95
104|92|"BS.AS. SUR"|95|"JUGUETES, JUEGOS Y ARTICULOS PARA RECREO O DEPORTE; SUS PART"|2|692.31|12572.57
