"semana"|"aduana"|"aduana_desc"|"mercaderia"|"mercaderia_desc"|"cantidad"|"kilos"|"importe"
68|92|"BS.AS. SUR"|76|"ALUMINIO Y SUS MANUFACTURAS"|9|1860.25|32743.14
69|92|"BS.AS. SUR"|76|"ALUMINIO Y SUS MANUFACTURAS"|37|29570.42|339936.45
70|92|"BS.AS. SUR"|76|"ALUMINIO Y SUS MANUFACTURAS"|19|18306.17|220306.36
71|92|"BS.AS. SUR"|76|"ALUMINIO Y SUS MANUFACTURAS"|30|15889.66|180196.09
72|92|"BS.AS. SUR"|76|"ALUMINIO Y SUS MANUFACTURAS"|22|20738.11|293970.45
73|92|"BS.AS. SUR"|76|"ALUMINIO Y SUS MANUFACTURAS"|22|84280.46|605211.5
74|92|"BS.AS. SUR"|76|"ALUMINIO Y SUS MANUFACTURAS"|43|46783.07|348148.26
75|92|"BS.AS. SUR"|76|"ALUMINIO Y SUS MANUFACTURAS"|28|13264.15|184303.11
76|92|"BS.AS. SUR"|76|"ALUMINIO Y SUS MANUFACTURAS"|14|32517.8|511174.75
77|92|"BS.AS. SUR"|76|"ALUMINIO Y SUS MANUFACTURAS"|32|33919.43|300114.15
78|92|"BS.AS. SUR"|76|"ALUMINIO Y SUS MANUFACTURAS"|33|81409.38|706528.35
79|92|"BS.AS. SUR"|76|"ALUMINIO Y SUS MANUFACTURAS"|16|23468.83|223571.54
80|92|"BS.AS. SUR"|76|"ALUMINIO Y SUS MANUFACTURAS"|27|78839.71|428202.15
81|92|"BS.AS. SUR"|76|"ALUMINIO Y SUS MANUFACTURAS"|15|14014.16|176654.54
82|92|"BS.AS. SUR"|76|"ALUMINIO Y SUS MANUFACTURAS"|30|32604.54|459966.83
83|92|"BS.AS. SUR"|76|"ALUMINIO Y SUS MANUFACTURAS"|22|17180.26|192589.6
84|92|"BS.AS. SUR"|76|"ALUMINIO Y SUS MANUFACTURAS"|20|49191.95|604543.81
85|92|"BS.AS. SUR"|76|"ALUMINIO Y SUS MANUFACTURAS"|33|29159.82|297818.19
86|92|"BS.AS. SUR"|76|"ALUMINIO Y SUS MANUFACTURAS"|40|44293.78|457350.15
87|92|"BS.AS. SUR"|76|"ALUMINIO Y SUS MANUFACTURAS"|29|17759.6|142867.54
88|92|"BS.AS. SUR"|76|"ALUMINIO Y SUS MANUFACTURAS"|34|30094.95|280322.72
89|92|"BS.AS. SUR"|76|"ALUMINIO Y SUS MANUFACTURAS"|34|35615.94|447611.42
90|92|"BS.AS. SUR"|76|"ALUMINIO Y SUS MANUFACTURAS"|24|60292.94|517193.29
91|92|"BS.AS. SUR"|76|"ALUMINIO Y SUS MANUFACTURAS"|28|38274.02|453049.53
92|92|"BS.AS. SUR"|76|"ALUMINIO Y SUS MANUFACTURAS"|18|23511.99|133631.31
93|92|"BS.AS. SUR"|76|"ALUMINIO Y SUS MANUFACTURAS"|21|26987.47|264908.87
94|92|"BS.AS. SUR"|76|"ALUMINIO Y SUS MANUFACTURAS"|29|24748.42|317111.84
95|92|"BS.AS. SUR"|76|"ALUMINIO Y SUS MANUFACTURAS"|33|26487.4|355622.92
96|92|"BS.AS. SUR"|76|"ALUMINIO Y SUS MANUFACTURAS"|24|9095.09|243703.93
97|92|"BS.AS. SUR"|76|"ALUMINIO Y SUS MANUFACTURAS"|21|11610.53|124907
98|92|"BS.AS. SUR"|76|"ALUMINIO Y SUS MANUFACTURAS"|30|21273.88|286687.46
99|92|"BS.AS. SUR"|76|"ALUMINIO Y SUS MANUFACTURAS"|35|77474.28|667452.51
100|92|"BS.AS. SUR"|76|"ALUMINIO Y SUS MANUFACTURAS"|17|24909.62|246585.39
101|92|"BS.AS. SUR"|76|"ALUMINIO Y SUS MANUFACTURAS"|18|28373.83|240707.97
102|92|"BS.AS. SUR"|76|"ALUMINIO Y SUS MANUFACTURAS"|33|27753.58|295074.47
103|92|"BS.AS. SUR"|76|"ALUMINIO Y SUS MANUFACTURAS"|33|40201.48|582992.92
104|92|"BS.AS. SUR"|76|"ALUMINIO Y SUS MANUFACTURAS"|4|3141.71|25192.5
