"semana"|"aduana"|"aduana_desc"|"mercaderia"|"mercaderia_desc"|"cantidad"|"kilos"|"importe"
2|84|"SANTO TOME"|20|"PREPARACIONES DE HORTALIZAS, FRUTAS U OTROS FRUTOS O DEMAS P"|7|53399.03|83781.65
4|84|"SANTO TOME"|20|"PREPARACIONES DE HORTALIZAS, FRUTAS U OTROS FRUTOS O DEMAS P"|3|64368.02|72415
5|84|"SANTO TOME"|20|"PREPARACIONES DE HORTALIZAS, FRUTAS U OTROS FRUTOS O DEMAS P"|2|43200.02|42750
6|84|"SANTO TOME"|20|"PREPARACIONES DE HORTALIZAS, FRUTAS U OTROS FRUTOS O DEMAS P"|1|21600.01|21375
7|84|"SANTO TOME"|20|"PREPARACIONES DE HORTALIZAS, FRUTAS U OTROS FRUTOS O DEMAS P"|7|72742.42|89959.5
8|84|"SANTO TOME"|20|"PREPARACIONES DE HORTALIZAS, FRUTAS U OTROS FRUTOS O DEMAS P"|2|43200.02|42750
9|84|"SANTO TOME"|20|"PREPARACIONES DE HORTALIZAS, FRUTAS U OTROS FRUTOS O DEMAS P"|4|15650|25177.5
11|84|"SANTO TOME"|20|"PREPARACIONES DE HORTALIZAS, FRUTAS U OTROS FRUTOS O DEMAS P"|4|78692.43|86157
12|84|"SANTO TOME"|20|"PREPARACIONES DE HORTALIZAS, FRUTAS U OTROS FRUTOS O DEMAS P"|3|62592.03|63040
14|84|"SANTO TOME"|20|"PREPARACIONES DE HORTALIZAS, FRUTAS U OTROS FRUTOS O DEMAS P"|4|15420|26371
15|84|"SANTO TOME"|20|"PREPARACIONES DE HORTALIZAS, FRUTAS U OTROS FRUTOS O DEMAS P"|1|13892.4|22032
16|84|"SANTO TOME"|20|"PREPARACIONES DE HORTALIZAS, FRUTAS U OTROS FRUTOS O DEMAS P"|8|15660|29625
17|84|"SANTO TOME"|20|"PREPARACIONES DE HORTALIZAS, FRUTAS U OTROS FRUTOS O DEMAS P"|1|13892.4|22032
20|84|"SANTO TOME"|20|"PREPARACIONES DE HORTALIZAS, FRUTAS U OTROS FRUTOS O DEMAS P"|1|13892.4|22032
21|84|"SANTO TOME"|20|"PREPARACIONES DE HORTALIZAS, FRUTAS U OTROS FRUTOS O DEMAS P"|1|21120.01|19800
22|84|"SANTO TOME"|20|"PREPARACIONES DE HORTALIZAS, FRUTAS U OTROS FRUTOS O DEMAS P"|3|23118.01|38646
23|84|"SANTO TOME"|20|"PREPARACIONES DE HORTALIZAS, FRUTAS U OTROS FRUTOS O DEMAS P"|8|31390|57492
27|84|"SANTO TOME"|20|"PREPARACIONES DE HORTALIZAS, FRUTAS U OTROS FRUTOS O DEMAS P"|1|21120.01|19800
28|84|"SANTO TOME"|20|"PREPARACIONES DE HORTALIZAS, FRUTAS U OTROS FRUTOS O DEMAS P"|4|15290|30043
30|84|"SANTO TOME"|20|"PREPARACIONES DE HORTALIZAS, FRUTAS U OTROS FRUTOS O DEMAS P"|1|13892.4|22032
31|84|"SANTO TOME"|20|"PREPARACIONES DE HORTALIZAS, FRUTAS U OTROS FRUTOS O DEMAS P"|5|38200.01|44970
32|84|"SANTO TOME"|20|"PREPARACIONES DE HORTALIZAS, FRUTAS U OTROS FRUTOS O DEMAS P"|3|41677.2|66096
33|84|"SANTO TOME"|20|"PREPARACIONES DE HORTALIZAS, FRUTAS U OTROS FRUTOS O DEMAS P"|9|92872.43|115015.98
34|84|"SANTO TOME"|20|"PREPARACIONES DE HORTALIZAS, FRUTAS U OTROS FRUTOS O DEMAS P"|2|42720.02|40050
35|84|"SANTO TOME"|20|"PREPARACIONES DE HORTALIZAS, FRUTAS U OTROS FRUTOS O DEMAS P"|4|16000|28983
36|84|"SANTO TOME"|20|"PREPARACIONES DE HORTALIZAS, FRUTAS U OTROS FRUTOS O DEMAS P"|1|21600.01|20250
37|84|"SANTO TOME"|20|"PREPARACIONES DE HORTALIZAS, FRUTAS U OTROS FRUTOS O DEMAS P"|4|51828.25|73280.88
38|84|"SANTO TOME"|20|"PREPARACIONES DE HORTALIZAS, FRUTAS U OTROS FRUTOS O DEMAS P"|1|21600.01|20250
39|84|"SANTO TOME"|20|"PREPARACIONES DE HORTALIZAS, FRUTAS U OTROS FRUTOS O DEMAS P"|1|2592|14904
40|84|"SANTO TOME"|20|"PREPARACIONES DE HORTALIZAS, FRUTAS U OTROS FRUTOS O DEMAS P"|7|50265.21|71125
41|84|"SANTO TOME"|20|"PREPARACIONES DE HORTALIZAS, FRUTAS U OTROS FRUTOS O DEMAS P"|1|21600.01|20250
42|84|"SANTO TOME"|20|"PREPARACIONES DE HORTALIZAS, FRUTAS U OTROS FRUTOS O DEMAS P"|3|64320.03|60300
43|84|"SANTO TOME"|20|"PREPARACIONES DE HORTALIZAS, FRUTAS U OTROS FRUTOS O DEMAS P"|3|57092.42|62532
45|84|"SANTO TOME"|20|"PREPARACIONES DE HORTALIZAS, FRUTAS U OTROS FRUTOS O DEMAS P"|5|36720.01|50990
46|84|"SANTO TOME"|20|"PREPARACIONES DE HORTALIZAS, FRUTAS U OTROS FRUTOS O DEMAS P"|3|49742.41|75057
47|84|"SANTO TOME"|20|"PREPARACIONES DE HORTALIZAS, FRUTAS U OTROS FRUTOS O DEMAS P"|2|24192.01|33858
49|84|"SANTO TOME"|20|"PREPARACIONES DE HORTALIZAS, FRUTAS U OTROS FRUTOS O DEMAS P"|4|29012.4|51846
50|84|"SANTO TOME"|20|"PREPARACIONES DE HORTALIZAS, FRUTAS U OTROS FRUTOS O DEMAS P"|1|21120.01|19800
51|84|"SANTO TOME"|20|"PREPARACIONES DE HORTALIZAS, FRUTAS U OTROS FRUTOS O DEMAS P"|2|35012.41|41832
53|84|"SANTO TOME"|20|"PREPARACIONES DE HORTALIZAS, FRUTAS U OTROS FRUTOS O DEMAS P"|1|13892.4|22032
55|84|"SANTO TOME"|20|"PREPARACIONES DE HORTALIZAS, FRUTAS U OTROS FRUTOS O DEMAS P"|3|16030|28547
59|84|"SANTO TOME"|20|"PREPARACIONES DE HORTALIZAS, FRUTAS U OTROS FRUTOS O DEMAS P"|3|15750|28275
60|84|"SANTO TOME"|20|"PREPARACIONES DE HORTALIZAS, FRUTAS U OTROS FRUTOS O DEMAS P"|2|35492.41|42282
61|84|"SANTO TOME"|20|"PREPARACIONES DE HORTALIZAS, FRUTAS U OTROS FRUTOS O DEMAS P"|6|80090.03|90025
62|84|"SANTO TOME"|20|"PREPARACIONES DE HORTALIZAS, FRUTAS U OTROS FRUTOS O DEMAS P"|3|49384.81|67680
63|84|"SANTO TOME"|20|"PREPARACIONES DE HORTALIZAS, FRUTAS U OTROS FRUTOS O DEMAS P"|2|43200.02|40500
64|84|"SANTO TOME"|20|"PREPARACIONES DE HORTALIZAS, FRUTAS U OTROS FRUTOS O DEMAS P"|1|21120.01|19800
66|84|"SANTO TOME"|20|"PREPARACIONES DE HORTALIZAS, FRUTAS U OTROS FRUTOS O DEMAS P"|1|13892.4|23022
67|84|"SANTO TOME"|20|"PREPARACIONES DE HORTALIZAS, FRUTAS U OTROS FRUTOS O DEMAS P"|5|105600.03|113100
68|84|"SANTO TOME"|20|"PREPARACIONES DE HORTALIZAS, FRUTAS U OTROS FRUTOS O DEMAS P"|3|54212.42|60822
69|84|"SANTO TOME"|20|"PREPARACIONES DE HORTALIZAS, FRUTAS U OTROS FRUTOS O DEMAS P"|9|129892.45|145478
70|84|"SANTO TOME"|20|"PREPARACIONES DE HORTALIZAS, FRUTAS U OTROS FRUTOS O DEMAS P"|3|54212.42|60822
71|84|"SANTO TOME"|20|"PREPARACIONES DE HORTALIZAS, FRUTAS U OTROS FRUTOS O DEMAS P"|3|15750|26085
72|84|"SANTO TOME"|20|"PREPARACIONES DE HORTALIZAS, FRUTAS U OTROS FRUTOS O DEMAS P"|2|36452.4|51222
73|84|"SANTO TOME"|20|"PREPARACIONES DE HORTALIZAS, FRUTAS U OTROS FRUTOS O DEMAS P"|1|13892.4|23022
74|84|"SANTO TOME"|20|"PREPARACIONES DE HORTALIZAS, FRUTAS U OTROS FRUTOS O DEMAS P"|2|14800|27680
76|84|"SANTO TOME"|20|"PREPARACIONES DE HORTALIZAS, FRUTAS U OTROS FRUTOS O DEMAS P"|3|15450|25642.5
77|84|"SANTO TOME"|20|"PREPARACIONES DE HORTALIZAS, FRUTAS U OTROS FRUTOS O DEMAS P"|1|13892.4|23220
82|84|"SANTO TOME"|20|"PREPARACIONES DE HORTALIZAS, FRUTAS U OTROS FRUTOS O DEMAS P"|1|13892.4|22032
83|84|"SANTO TOME"|20|"PREPARACIONES DE HORTALIZAS, FRUTAS U OTROS FRUTOS O DEMAS P"|4|15200|24970
88|84|"SANTO TOME"|20|"PREPARACIONES DE HORTALIZAS, FRUTAS U OTROS FRUTOS O DEMAS P"|1|13892.4|22626
91|84|"SANTO TOME"|20|"PREPARACIONES DE HORTALIZAS, FRUTAS U OTROS FRUTOS O DEMAS P"|3|15610|23424
93|84|"SANTO TOME"|20|"PREPARACIONES DE HORTALIZAS, FRUTAS U OTROS FRUTOS O DEMAS P"|3|13900|15717
101|84|"SANTO TOME"|20|"PREPARACIONES DE HORTALIZAS, FRUTAS U OTROS FRUTOS O DEMAS P"|4|15850|21422.5
103|84|"SANTO TOME"|20|"PREPARACIONES DE HORTALIZAS, FRUTAS U OTROS FRUTOS O DEMAS P"|1|12258|19440
