"semana"|"aduana"|"aduana_desc"|"mercaderia"|"mercaderia_desc"|"cantidad"|"kilos"|"importe"
68|91|"BS.AS. NORTE"|94|"MUEBLES; MOBILIARIO MEDICOQUIRURGICO; ARTICULOS DE CAMA Y SI"|7|3700.15|17975.66
69|91|"BS.AS. NORTE"|94|"MUEBLES; MOBILIARIO MEDICOQUIRURGICO; ARTICULOS DE CAMA Y SI"|5|9043.33|52515.65
70|91|"BS.AS. NORTE"|94|"MUEBLES; MOBILIARIO MEDICOQUIRURGICO; ARTICULOS DE CAMA Y SI"|15|9718.76|62286.71
71|91|"BS.AS. NORTE"|94|"MUEBLES; MOBILIARIO MEDICOQUIRURGICO; ARTICULOS DE CAMA Y SI"|42|108874.3|571914.68
72|91|"BS.AS. NORTE"|94|"MUEBLES; MOBILIARIO MEDICOQUIRURGICO; ARTICULOS DE CAMA Y SI"|39|46375.85|227788.66
73|91|"BS.AS. NORTE"|94|"MUEBLES; MOBILIARIO MEDICOQUIRURGICO; ARTICULOS DE CAMA Y SI"|25|57869.73|296092.3
74|91|"BS.AS. NORTE"|94|"MUEBLES; MOBILIARIO MEDICOQUIRURGICO; ARTICULOS DE CAMA Y SI"|26|24257.22|316776.27
75|91|"BS.AS. NORTE"|94|"MUEBLES; MOBILIARIO MEDICOQUIRURGICO; ARTICULOS DE CAMA Y SI"|28|22874.64|174170.51
76|91|"BS.AS. NORTE"|94|"MUEBLES; MOBILIARIO MEDICOQUIRURGICO; ARTICULOS DE CAMA Y SI"|30|38631.34|172843.21
77|91|"BS.AS. NORTE"|94|"MUEBLES; MOBILIARIO MEDICOQUIRURGICO; ARTICULOS DE CAMA Y SI"|18|23842.58|168450.94
78|91|"BS.AS. NORTE"|94|"MUEBLES; MOBILIARIO MEDICOQUIRURGICO; ARTICULOS DE CAMA Y SI"|36|108343.3|612129.83
79|91|"BS.AS. NORTE"|94|"MUEBLES; MOBILIARIO MEDICOQUIRURGICO; ARTICULOS DE CAMA Y SI"|28|35954.7|196132.95
80|91|"BS.AS. NORTE"|94|"MUEBLES; MOBILIARIO MEDICOQUIRURGICO; ARTICULOS DE CAMA Y SI"|7|14399|55228.8
81|91|"BS.AS. NORTE"|94|"MUEBLES; MOBILIARIO MEDICOQUIRURGICO; ARTICULOS DE CAMA Y SI"|46|26895.47|171557.69
82|91|"BS.AS. NORTE"|94|"MUEBLES; MOBILIARIO MEDICOQUIRURGICO; ARTICULOS DE CAMA Y SI"|35|100377.23|545080.82
83|91|"BS.AS. NORTE"|94|"MUEBLES; MOBILIARIO MEDICOQUIRURGICO; ARTICULOS DE CAMA Y SI"|24|23647.64|100424.19
84|91|"BS.AS. NORTE"|94|"MUEBLES; MOBILIARIO MEDICOQUIRURGICO; ARTICULOS DE CAMA Y SI"|15|28601.46|240444.26
85|91|"BS.AS. NORTE"|94|"MUEBLES; MOBILIARIO MEDICOQUIRURGICO; ARTICULOS DE CAMA Y SI"|16|31264.58|209138.39
86|91|"BS.AS. NORTE"|94|"MUEBLES; MOBILIARIO MEDICOQUIRURGICO; ARTICULOS DE CAMA Y SI"|36|21157.19|132313.41
87|91|"BS.AS. NORTE"|94|"MUEBLES; MOBILIARIO MEDICOQUIRURGICO; ARTICULOS DE CAMA Y SI"|16|18952.37|69456.1
88|91|"BS.AS. NORTE"|94|"MUEBLES; MOBILIARIO MEDICOQUIRURGICO; ARTICULOS DE CAMA Y SI"|14|43083.25|133558.77
89|91|"BS.AS. NORTE"|94|"MUEBLES; MOBILIARIO MEDICOQUIRURGICO; ARTICULOS DE CAMA Y SI"|14|34402.36|89976.99
90|91|"BS.AS. NORTE"|94|"MUEBLES; MOBILIARIO MEDICOQUIRURGICO; ARTICULOS DE CAMA Y SI"|32|23740.3|167301.88
91|91|"BS.AS. NORTE"|94|"MUEBLES; MOBILIARIO MEDICOQUIRURGICO; ARTICULOS DE CAMA Y SI"|13|45405.11|223078.52
92|91|"BS.AS. NORTE"|94|"MUEBLES; MOBILIARIO MEDICOQUIRURGICO; ARTICULOS DE CAMA Y SI"|60|187851.83|1444000.72
93|91|"BS.AS. NORTE"|94|"MUEBLES; MOBILIARIO MEDICOQUIRURGICO; ARTICULOS DE CAMA Y SI"|15|36378.82|144043.87
94|91|"BS.AS. NORTE"|94|"MUEBLES; MOBILIARIO MEDICOQUIRURGICO; ARTICULOS DE CAMA Y SI"|30|84181.21|761627.65
95|91|"BS.AS. NORTE"|94|"MUEBLES; MOBILIARIO MEDICOQUIRURGICO; ARTICULOS DE CAMA Y SI"|21|61280.48|197216.19
96|91|"BS.AS. NORTE"|94|"MUEBLES; MOBILIARIO MEDICOQUIRURGICO; ARTICULOS DE CAMA Y SI"|30|103403.68|778041.61
97|91|"BS.AS. NORTE"|94|"MUEBLES; MOBILIARIO MEDICOQUIRURGICO; ARTICULOS DE CAMA Y SI"|26|80944.32|281818.88
98|91|"BS.AS. NORTE"|94|"MUEBLES; MOBILIARIO MEDICOQUIRURGICO; ARTICULOS DE CAMA Y SI"|29|54883.79|644633.52
99|91|"BS.AS. NORTE"|94|"MUEBLES; MOBILIARIO MEDICOQUIRURGICO; ARTICULOS DE CAMA Y SI"|27|22743.41|117118.76
100|91|"BS.AS. NORTE"|94|"MUEBLES; MOBILIARIO MEDICOQUIRURGICO; ARTICULOS DE CAMA Y SI"|22|15398.65|104899.85
101|91|"BS.AS. NORTE"|94|"MUEBLES; MOBILIARIO MEDICOQUIRURGICO; ARTICULOS DE CAMA Y SI"|22|41024.58|148651.36
102|91|"BS.AS. NORTE"|94|"MUEBLES; MOBILIARIO MEDICOQUIRURGICO; ARTICULOS DE CAMA Y SI"|36|70252.3|307816.6
103|91|"BS.AS. NORTE"|94|"MUEBLES; MOBILIARIO MEDICOQUIRURGICO; ARTICULOS DE CAMA Y SI"|25|16578.11|127407.02
104|91|"BS.AS. NORTE"|94|"MUEBLES; MOBILIARIO MEDICOQUIRURGICO; ARTICULOS DE CAMA Y SI"|15|19287.66|179622.3
