"semana"|"aduana"|"aduana_desc"|"mercaderia"|"mercaderia_desc"|"cantidad"|"kilos"|"importe"
13|82|"BERNARDO DE YRIGOYEN"|94|"MUEBLES; MOBILIARIO MEDICOQUIRURGICO; ARTICULOS DE CAMA Y SI"|1|30|160
32|82|"BERNARDO DE YRIGOYEN"|94|"MUEBLES; MOBILIARIO MEDICOQUIRURGICO; ARTICULOS DE CAMA Y SI"|1|11250|13665
86|82|"BERNARDO DE YRIGOYEN"|94|"MUEBLES; MOBILIARIO MEDICOQUIRURGICO; ARTICULOS DE CAMA Y SI"|1|19950|12023.8
90|82|"BERNARDO DE YRIGOYEN"|94|"MUEBLES; MOBILIARIO MEDICOQUIRURGICO; ARTICULOS DE CAMA Y SI"|1|26650|17416.08
