"semana"|"aduana"|"aduana_desc"|"mercaderia"|"mercaderia_desc"|"cantidad"|"kilos"|"importe"
69|91|"BS.AS. NORTE"|83|"MANUFACTURAS DIVERSAS DE METAL COMUN"|13|3804.7|74402.83
70|91|"BS.AS. NORTE"|83|"MANUFACTURAS DIVERSAS DE METAL COMUN"|17|3248.64|70164.89
71|91|"BS.AS. NORTE"|83|"MANUFACTURAS DIVERSAS DE METAL COMUN"|9|8352.14|61155.57
72|91|"BS.AS. NORTE"|83|"MANUFACTURAS DIVERSAS DE METAL COMUN"|25|12301.75|142289.35
73|91|"BS.AS. NORTE"|83|"MANUFACTURAS DIVERSAS DE METAL COMUN"|5|473.75|10299.78
74|91|"BS.AS. NORTE"|83|"MANUFACTURAS DIVERSAS DE METAL COMUN"|10|1321.75|12126.77
75|91|"BS.AS. NORTE"|83|"MANUFACTURAS DIVERSAS DE METAL COMUN"|9|897.94|38956.28
76|91|"BS.AS. NORTE"|83|"MANUFACTURAS DIVERSAS DE METAL COMUN"|15|4519.51|69465.5
77|91|"BS.AS. NORTE"|83|"MANUFACTURAS DIVERSAS DE METAL COMUN"|6|7358.68|60501.93
78|91|"BS.AS. NORTE"|83|"MANUFACTURAS DIVERSAS DE METAL COMUN"|13|86.86|1834.9
79|91|"BS.AS. NORTE"|83|"MANUFACTURAS DIVERSAS DE METAL COMUN"|13|823.11|17360.59
80|91|"BS.AS. NORTE"|83|"MANUFACTURAS DIVERSAS DE METAL COMUN"|10|745.77|23474.4
81|91|"BS.AS. NORTE"|83|"MANUFACTURAS DIVERSAS DE METAL COMUN"|19|1801|33048.95
82|91|"BS.AS. NORTE"|83|"MANUFACTURAS DIVERSAS DE METAL COMUN"|9|5660.86|41775.49
83|91|"BS.AS. NORTE"|83|"MANUFACTURAS DIVERSAS DE METAL COMUN"|16|721.87|41729.96
84|91|"BS.AS. NORTE"|83|"MANUFACTURAS DIVERSAS DE METAL COMUN"|7|129.13|5119.85
85|91|"BS.AS. NORTE"|83|"MANUFACTURAS DIVERSAS DE METAL COMUN"|8|1081.12|20965.49
86|91|"BS.AS. NORTE"|83|"MANUFACTURAS DIVERSAS DE METAL COMUN"|10|998.56|33558.92
87|91|"BS.AS. NORTE"|83|"MANUFACTURAS DIVERSAS DE METAL COMUN"|12|3832.36|25021.36
88|91|"BS.AS. NORTE"|83|"MANUFACTURAS DIVERSAS DE METAL COMUN"|10|578.77|21906.18
89|91|"BS.AS. NORTE"|83|"MANUFACTURAS DIVERSAS DE METAL COMUN"|15|877.28|36213.41
90|91|"BS.AS. NORTE"|83|"MANUFACTURAS DIVERSAS DE METAL COMUN"|15|3015.29|35120.8
91|91|"BS.AS. NORTE"|83|"MANUFACTURAS DIVERSAS DE METAL COMUN"|14|4658.53|20220.02
92|91|"BS.AS. NORTE"|83|"MANUFACTURAS DIVERSAS DE METAL COMUN"|8|3580.31|90521.49
93|91|"BS.AS. NORTE"|83|"MANUFACTURAS DIVERSAS DE METAL COMUN"|14|786.94|16500.76
94|91|"BS.AS. NORTE"|83|"MANUFACTURAS DIVERSAS DE METAL COMUN"|14|702.93|11078.78
95|91|"BS.AS. NORTE"|83|"MANUFACTURAS DIVERSAS DE METAL COMUN"|23|4055.49|54705.44
96|91|"BS.AS. NORTE"|83|"MANUFACTURAS DIVERSAS DE METAL COMUN"|3|370.39|34230
97|91|"BS.AS. NORTE"|83|"MANUFACTURAS DIVERSAS DE METAL COMUN"|16|9169.04|110655.31
98|91|"BS.AS. NORTE"|83|"MANUFACTURAS DIVERSAS DE METAL COMUN"|16|6444.07|112052.35
99|91|"BS.AS. NORTE"|83|"MANUFACTURAS DIVERSAS DE METAL COMUN"|12|7206.56|28039.94
100|91|"BS.AS. NORTE"|83|"MANUFACTURAS DIVERSAS DE METAL COMUN"|7|1116.54|25631.38
101|91|"BS.AS. NORTE"|83|"MANUFACTURAS DIVERSAS DE METAL COMUN"|2|1099.11|35220.36
102|91|"BS.AS. NORTE"|83|"MANUFACTURAS DIVERSAS DE METAL COMUN"|23|2555.03|19896.82
103|91|"BS.AS. NORTE"|83|"MANUFACTURAS DIVERSAS DE METAL COMUN"|11|1682.66|37569.56
104|91|"BS.AS. NORTE"|83|"MANUFACTURAS DIVERSAS DE METAL COMUN"|3|303.41|8638.46
