"semana"|"aduana"|"aduana_desc"|"mercaderia"|"mercaderia_desc"|"cantidad"|"kilos"|"importe"
3|83|"SAN LUIS"|47|"PASTA DE MADERA O DE LAS DEMAS MATERIAS FIBROSAS CELULOSICAS"|1|19778|34413.72
4|83|"SAN LUIS"|47|"PASTA DE MADERA O DE LAS DEMAS MATERIAS FIBROSAS CELULOSICAS"|2|39851|69360.72
5|83|"SAN LUIS"|47|"PASTA DE MADERA O DE LAS DEMAS MATERIAS FIBROSAS CELULOSICAS"|1|18245|31764.55
6|83|"SAN LUIS"|47|"PASTA DE MADERA O DE LAS DEMAS MATERIAS FIBROSAS CELULOSICAS"|1|16596|28877.04
27|83|"SAN LUIS"|47|"PASTA DE MADERA O DE LAS DEMAS MATERIAS FIBROSAS CELULOSICAS"|3|42687|37564.56
29|83|"SAN LUIS"|47|"PASTA DE MADERA O DE LAS DEMAS MATERIAS FIBROSAS CELULOSICAS"|2|21032|18508.16
33|83|"SAN LUIS"|47|"PASTA DE MADERA O DE LAS DEMAS MATERIAS FIBROSAS CELULOSICAS"|1|1365|1201.2
38|83|"SAN LUIS"|47|"PASTA DE MADERA O DE LAS DEMAS MATERIAS FIBROSAS CELULOSICAS"|1|25293|22257.84
43|83|"SAN LUIS"|47|"PASTA DE MADERA O DE LAS DEMAS MATERIAS FIBROSAS CELULOSICAS"|1|24678|21716.64
55|83|"SAN LUIS"|47|"PASTA DE MADERA O DE LAS DEMAS MATERIAS FIBROSAS CELULOSICAS"|1|2071|1739.64
62|83|"SAN LUIS"|47|"PASTA DE MADERA O DE LAS DEMAS MATERIAS FIBROSAS CELULOSICAS"|2|35931|30182.04
63|83|"SAN LUIS"|47|"PASTA DE MADERA O DE LAS DEMAS MATERIAS FIBROSAS CELULOSICAS"|2|52671|44243.64
64|83|"SAN LUIS"|47|"PASTA DE MADERA O DE LAS DEMAS MATERIAS FIBROSAS CELULOSICAS"|4|88572|74400.48
