"semana"|"aduana"|"aduana_desc"|"mercaderia"|"mercaderia_desc"|"cantidad"|"kilos"|"importe"
1|79|"LA RIOJA"|22|"BEBIDAS, LIQUIDOS ALCOHOLICOS Y VINAGRE"|4|41850|173115.42
2|79|"LA RIOJA"|22|"BEBIDAS, LIQUIDOS ALCOHOLICOS Y VINAGRE"|9|93555|350698.11
3|79|"LA RIOJA"|22|"BEBIDAS, LIQUIDOS ALCOHOLICOS Y VINAGRE"|2|28350|75184.06
4|79|"LA RIOJA"|22|"BEBIDAS, LIQUIDOS ALCOHOLICOS Y VINAGRE"|11|106028|260957.11
5|79|"LA RIOJA"|22|"BEBIDAS, LIQUIDOS ALCOHOLICOS Y VINAGRE"|9|109986|269605.13
6|79|"LA RIOJA"|22|"BEBIDAS, LIQUIDOS ALCOHOLICOS Y VINAGRE"|10|188973|423727.33
7|79|"LA RIOJA"|22|"BEBIDAS, LIQUIDOS ALCOHOLICOS Y VINAGRE"|5|99504|208790.86
8|79|"LA RIOJA"|22|"BEBIDAS, LIQUIDOS ALCOHOLICOS Y VINAGRE"|10|114087|227614.86
9|79|"LA RIOJA"|22|"BEBIDAS, LIQUIDOS ALCOHOLICOS Y VINAGRE"|1|12285|67730
10|79|"LA RIOJA"|22|"BEBIDAS, LIQUIDOS ALCOHOLICOS Y VINAGRE"|14|193068|395237.96
11|79|"LA RIOJA"|22|"BEBIDAS, LIQUIDOS ALCOHOLICOS Y VINAGRE"|10|150852|302982.49
12|79|"LA RIOJA"|22|"BEBIDAS, LIQUIDOS ALCOHOLICOS Y VINAGRE"|13|153369|205358.96
13|79|"LA RIOJA"|22|"BEBIDAS, LIQUIDOS ALCOHOLICOS Y VINAGRE"|17|170697|473349.33
14|79|"LA RIOJA"|22|"BEBIDAS, LIQUIDOS ALCOHOLICOS Y VINAGRE"|3|71424|112731.49
15|79|"LA RIOJA"|22|"BEBIDAS, LIQUIDOS ALCOHOLICOS Y VINAGRE"|16|187190|382940.51
17|79|"LA RIOJA"|22|"BEBIDAS, LIQUIDOS ALCOHOLICOS Y VINAGRE"|20|93564|163878.89
18|79|"LA RIOJA"|22|"BEBIDAS, LIQUIDOS ALCOHOLICOS Y VINAGRE"|2|47616|58017.22
19|79|"LA RIOJA"|22|"BEBIDAS, LIQUIDOS ALCOHOLICOS Y VINAGRE"|7|94822|231103.03
20|79|"LA RIOJA"|22|"BEBIDAS, LIQUIDOS ALCOHOLICOS Y VINAGRE"|12|143562|325115.02
21|79|"LA RIOJA"|22|"BEBIDAS, LIQUIDOS ALCOHOLICOS Y VINAGRE"|12|206478|418883.88
22|79|"LA RIOJA"|22|"BEBIDAS, LIQUIDOS ALCOHOLICOS Y VINAGRE"|13|166116|299425.04
23|79|"LA RIOJA"|22|"BEBIDAS, LIQUIDOS ALCOHOLICOS Y VINAGRE"|9|96891|227204.88
24|79|"LA RIOJA"|22|"BEBIDAS, LIQUIDOS ALCOHOLICOS Y VINAGRE"|10|201802.8|313419.98
25|79|"LA RIOJA"|22|"BEBIDAS, LIQUIDOS ALCOHOLICOS Y VINAGRE"|7|39915|192072.17
26|79|"LA RIOJA"|22|"BEBIDAS, LIQUIDOS ALCOHOLICOS Y VINAGRE"|7|98685|312704.31
27|79|"LA RIOJA"|22|"BEBIDAS, LIQUIDOS ALCOHOLICOS Y VINAGRE"|18|312687|589047.57
28|79|"LA RIOJA"|22|"BEBIDAS, LIQUIDOS ALCOHOLICOS Y VINAGRE"|6|103776|240113.88
29|79|"LA RIOJA"|22|"BEBIDAS, LIQUIDOS ALCOHOLICOS Y VINAGRE"|24|407775|957927.78
30|79|"LA RIOJA"|22|"BEBIDAS, LIQUIDOS ALCOHOLICOS Y VINAGRE"|15|172314|526411.6
31|79|"LA RIOJA"|22|"BEBIDAS, LIQUIDOS ALCOHOLICOS Y VINAGRE"|11|187077|428208.22
32|79|"LA RIOJA"|22|"BEBIDAS, LIQUIDOS ALCOHOLICOS Y VINAGRE"|13|179067|394361.19
33|79|"LA RIOJA"|22|"BEBIDAS, LIQUIDOS ALCOHOLICOS Y VINAGRE"|4|95232|128577.82
34|79|"LA RIOJA"|22|"BEBIDAS, LIQUIDOS ALCOHOLICOS Y VINAGRE"|27|380801.47|864937.75
35|79|"LA RIOJA"|22|"BEBIDAS, LIQUIDOS ALCOHOLICOS Y VINAGRE"|11|107403|225134.23
36|79|"LA RIOJA"|22|"BEBIDAS, LIQUIDOS ALCOHOLICOS Y VINAGRE"|13|161074|262111.59
37|79|"LA RIOJA"|22|"BEBIDAS, LIQUIDOS ALCOHOLICOS Y VINAGRE"|25|140390|342336.38
38|79|"LA RIOJA"|22|"BEBIDAS, LIQUIDOS ALCOHOLICOS Y VINAGRE"|8|104850|340311.25
39|79|"LA RIOJA"|22|"BEBIDAS, LIQUIDOS ALCOHOLICOS Y VINAGRE"|19|201945|459600.48
40|79|"LA RIOJA"|22|"BEBIDAS, LIQUIDOS ALCOHOLICOS Y VINAGRE"|24|241428|436329.08
41|79|"LA RIOJA"|22|"BEBIDAS, LIQUIDOS ALCOHOLICOS Y VINAGRE"|11|172545|293886.27
42|79|"LA RIOJA"|22|"BEBIDAS, LIQUIDOS ALCOHOLICOS Y VINAGRE"|15|76050|287333.69
43|79|"LA RIOJA"|22|"BEBIDAS, LIQUIDOS ALCOHOLICOS Y VINAGRE"|13|156162|350352.4
44|79|"LA RIOJA"|22|"BEBIDAS, LIQUIDOS ALCOHOLICOS Y VINAGRE"|14|147252|273907.97
46|79|"LA RIOJA"|22|"BEBIDAS, LIQUIDOS ALCOHOLICOS Y VINAGRE"|8|53820|173349.37
47|79|"LA RIOJA"|22|"BEBIDAS, LIQUIDOS ALCOHOLICOS Y VINAGRE"|11|195540|420741.6
48|79|"LA RIOJA"|22|"BEBIDAS, LIQUIDOS ALCOHOLICOS Y VINAGRE"|7|131304|214974.48
49|79|"LA RIOJA"|22|"BEBIDAS, LIQUIDOS ALCOHOLICOS Y VINAGRE"|10|166782|322579.5
50|79|"LA RIOJA"|22|"BEBIDAS, LIQUIDOS ALCOHOLICOS Y VINAGRE"|9|136134|291061.71
51|79|"LA RIOJA"|22|"BEBIDAS, LIQUIDOS ALCOHOLICOS Y VINAGRE"|8|76119|151102.17
54|79|"LA RIOJA"|22|"BEBIDAS, LIQUIDOS ALCOHOLICOS Y VINAGRE"|9|111915|265372.32
55|79|"LA RIOJA"|22|"BEBIDAS, LIQUIDOS ALCOHOLICOS Y VINAGRE"|13|214174|331035.58
56|79|"LA RIOJA"|22|"BEBIDAS, LIQUIDOS ALCOHOLICOS Y VINAGRE"|13|255669|400728.01
57|79|"LA RIOJA"|22|"BEBIDAS, LIQUIDOS ALCOHOLICOS Y VINAGRE"|9|153282|296130.45
58|79|"LA RIOJA"|22|"BEBIDAS, LIQUIDOS ALCOHOLICOS Y VINAGRE"|3|42525|105733.11
59|79|"LA RIOJA"|22|"BEBIDAS, LIQUIDOS ALCOHOLICOS Y VINAGRE"|7|137757|203702.23
60|79|"LA RIOJA"|22|"BEBIDAS, LIQUIDOS ALCOHOLICOS Y VINAGRE"|16|153372|313525.79
61|79|"LA RIOJA"|22|"BEBIDAS, LIQUIDOS ALCOHOLICOS Y VINAGRE"|18|214289|315981.76
62|79|"LA RIOJA"|22|"BEBIDAS, LIQUIDOS ALCOHOLICOS Y VINAGRE"|8|110478|278171.78
63|79|"LA RIOJA"|22|"BEBIDAS, LIQUIDOS ALCOHOLICOS Y VINAGRE"|8|141624|238451.07
64|79|"LA RIOJA"|22|"BEBIDAS, LIQUIDOS ALCOHOLICOS Y VINAGRE"|1|12285|57160.67
65|79|"LA RIOJA"|22|"BEBIDAS, LIQUIDOS ALCOHOLICOS Y VINAGRE"|3|40365|97813.13
66|79|"LA RIOJA"|22|"BEBIDAS, LIQUIDOS ALCOHOLICOS Y VINAGRE"|5|69573|150491.94
67|79|"LA RIOJA"|22|"BEBIDAS, LIQUIDOS ALCOHOLICOS Y VINAGRE"|15|176294|387919.72
68|79|"LA RIOJA"|22|"BEBIDAS, LIQUIDOS ALCOHOLICOS Y VINAGRE"|8|123033|262633.92
69|79|"LA RIOJA"|22|"BEBIDAS, LIQUIDOS ALCOHOLICOS Y VINAGRE"|14|131575.31|363763.23
70|79|"LA RIOJA"|22|"BEBIDAS, LIQUIDOS ALCOHOLICOS Y VINAGRE"|9|156339|317398.98
71|79|"LA RIOJA"|22|"BEBIDAS, LIQUIDOS ALCOHOLICOS Y VINAGRE"|9|41535|117839.69
72|79|"LA RIOJA"|22|"BEBIDAS, LIQUIDOS ALCOHOLICOS Y VINAGRE"|20|242919|594984.91
73|79|"LA RIOJA"|22|"BEBIDAS, LIQUIDOS ALCOHOLICOS Y VINAGRE"|10|180282|364953.42
74|79|"LA RIOJA"|22|"BEBIDAS, LIQUIDOS ALCOHOLICOS Y VINAGRE"|15|261204|344121.18
75|79|"LA RIOJA"|22|"BEBIDAS, LIQUIDOS ALCOHOLICOS Y VINAGRE"|16|159936|341852.81
76|79|"LA RIOJA"|22|"BEBIDAS, LIQUIDOS ALCOHOLICOS Y VINAGRE"|9|184698|292392.53
77|79|"LA RIOJA"|22|"BEBIDAS, LIQUIDOS ALCOHOLICOS Y VINAGRE"|20|143202|231667.09
78|79|"LA RIOJA"|22|"BEBIDAS, LIQUIDOS ALCOHOLICOS Y VINAGRE"|13|232035|418254.33
79|79|"LA RIOJA"|22|"BEBIDAS, LIQUIDOS ALCOHOLICOS Y VINAGRE"|7|68040|211690.57
80|79|"LA RIOJA"|22|"BEBIDAS, LIQUIDOS ALCOHOLICOS Y VINAGRE"|4|60391|99670.04
81|79|"LA RIOJA"|22|"BEBIDAS, LIQUIDOS ALCOHOLICOS Y VINAGRE"|8|147120|205640.59
82|79|"LA RIOJA"|22|"BEBIDAS, LIQUIDOS ALCOHOLICOS Y VINAGRE"|5|98964|144772.31
83|79|"LA RIOJA"|22|"BEBIDAS, LIQUIDOS ALCOHOLICOS Y VINAGRE"|13|186537|364000.69
84|79|"LA RIOJA"|22|"BEBIDAS, LIQUIDOS ALCOHOLICOS Y VINAGRE"|17|208497|399009.53
85|79|"LA RIOJA"|22|"BEBIDAS, LIQUIDOS ALCOHOLICOS Y VINAGRE"|8|107382|123013.92
86|79|"LA RIOJA"|22|"BEBIDAS, LIQUIDOS ALCOHOLICOS Y VINAGRE"|11|128841|252769.57
87|79|"LA RIOJA"|22|"BEBIDAS, LIQUIDOS ALCOHOLICOS Y VINAGRE"|12|165747|306125.61
88|79|"LA RIOJA"|22|"BEBIDAS, LIQUIDOS ALCOHOLICOS Y VINAGRE"|22|180498|360775.69
89|79|"LA RIOJA"|22|"BEBIDAS, LIQUIDOS ALCOHOLICOS Y VINAGRE"|7|104316|189920.95
90|79|"LA RIOJA"|22|"BEBIDAS, LIQUIDOS ALCOHOLICOS Y VINAGRE"|6|49005|113806.38
91|79|"LA RIOJA"|22|"BEBIDAS, LIQUIDOS ALCOHOLICOS Y VINAGRE"|19|329340|530111.14
92|79|"LA RIOJA"|22|"BEBIDAS, LIQUIDOS ALCOHOLICOS Y VINAGRE"|17|154365|254879.07
93|79|"LA RIOJA"|22|"BEBIDAS, LIQUIDOS ALCOHOLICOS Y VINAGRE"|12|228730.5|306156.09
94|79|"LA RIOJA"|22|"BEBIDAS, LIQUIDOS ALCOHOLICOS Y VINAGRE"|8|190464|198028.88
95|79|"LA RIOJA"|22|"BEBIDAS, LIQUIDOS ALCOHOLICOS Y VINAGRE"|14|68872.5|178214.32
96|79|"LA RIOJA"|22|"BEBIDAS, LIQUIDOS ALCOHOLICOS Y VINAGRE"|10|39150|112303.63
97|79|"LA RIOJA"|22|"BEBIDAS, LIQUIDOS ALCOHOLICOS Y VINAGRE"|6|38160|96064.86
99|79|"LA RIOJA"|22|"BEBIDAS, LIQUIDOS ALCOHOLICOS Y VINAGRE"|11|66494|92833.75
100|79|"LA RIOJA"|22|"BEBIDAS, LIQUIDOS ALCOHOLICOS Y VINAGRE"|7|242487|203039.02
101|79|"LA RIOJA"|22|"BEBIDAS, LIQUIDOS ALCOHOLICOS Y VINAGRE"|3|71424|34410.64
103|79|"LA RIOJA"|22|"BEBIDAS, LIQUIDOS ALCOHOLICOS Y VINAGRE"|7|98955|257043.05
