"semana"|"aduana"|"aduana_desc"|"mercaderia"|"mercaderia_desc"|"cantidad"|"kilos"|"importe"
69|92|"BS.AS. SUR"|2|"CARNE Y DESPOJOS COMESTIBLES"|246|2053425.05|6911578.97
70|92|"BS.AS. SUR"|2|"CARNE Y DESPOJOS COMESTIBLES"|170|2909623.23|6034830.32
71|92|"BS.AS. SUR"|2|"CARNE Y DESPOJOS COMESTIBLES"|248|2411689.96|7780351.1
72|92|"BS.AS. SUR"|2|"CARNE Y DESPOJOS COMESTIBLES"|216|2381432.93|6144444.36
73|92|"BS.AS. SUR"|2|"CARNE Y DESPOJOS COMESTIBLES"|291|3339006.26|8237012.36
74|92|"BS.AS. SUR"|2|"CARNE Y DESPOJOS COMESTIBLES"|387|4899248.73|11598081.36
75|92|"BS.AS. SUR"|2|"CARNE Y DESPOJOS COMESTIBLES"|227|2737578.41|7510376.07
76|92|"BS.AS. SUR"|2|"CARNE Y DESPOJOS COMESTIBLES"|287|3498600.61|8747444.9
77|92|"BS.AS. SUR"|2|"CARNE Y DESPOJOS COMESTIBLES"|319|4484799.88|10785979.04
78|92|"BS.AS. SUR"|2|"CARNE Y DESPOJOS COMESTIBLES"|299|4056382.02|8719915.99
79|92|"BS.AS. SUR"|2|"CARNE Y DESPOJOS COMESTIBLES"|395|4545271.3|10083701.73
80|92|"BS.AS. SUR"|2|"CARNE Y DESPOJOS COMESTIBLES"|242|3859781.31|8444299.74
81|92|"BS.AS. SUR"|2|"CARNE Y DESPOJOS COMESTIBLES"|353|3765386|8686911.78
82|92|"BS.AS. SUR"|2|"CARNE Y DESPOJOS COMESTIBLES"|217|3146823.65|6499140.09
83|92|"BS.AS. SUR"|2|"CARNE Y DESPOJOS COMESTIBLES"|360|5070666.63|10061986.53
84|92|"BS.AS. SUR"|2|"CARNE Y DESPOJOS COMESTIBLES"|255|3086101.21|7144550.04
85|92|"BS.AS. SUR"|2|"CARNE Y DESPOJOS COMESTIBLES"|285|3523147.92|8037863.88
86|92|"BS.AS. SUR"|2|"CARNE Y DESPOJOS COMESTIBLES"|262|3768538.85|8000245.13
87|92|"BS.AS. SUR"|2|"CARNE Y DESPOJOS COMESTIBLES"|423|5152313.31|11136666.29
88|92|"BS.AS. SUR"|2|"CARNE Y DESPOJOS COMESTIBLES"|336|3722387.66|9169007.05
89|92|"BS.AS. SUR"|2|"CARNE Y DESPOJOS COMESTIBLES"|324|4624001.74|8745630.76
90|92|"BS.AS. SUR"|2|"CARNE Y DESPOJOS COMESTIBLES"|353|4599133.32|9770034.69
91|92|"BS.AS. SUR"|2|"CARNE Y DESPOJOS COMESTIBLES"|411|4483353.73|9929202.3
92|92|"BS.AS. SUR"|2|"CARNE Y DESPOJOS COMESTIBLES"|351|4283257.25|9494638.65
93|92|"BS.AS. SUR"|2|"CARNE Y DESPOJOS COMESTIBLES"|238|2227957.35|6448425.42
94|92|"BS.AS. SUR"|2|"CARNE Y DESPOJOS COMESTIBLES"|262|3997296.4|7147763.92
95|92|"BS.AS. SUR"|2|"CARNE Y DESPOJOS COMESTIBLES"|310|3887230.15|7937686.92
96|92|"BS.AS. SUR"|2|"CARNE Y DESPOJOS COMESTIBLES"|347|3677250.68|8919085.04
97|92|"BS.AS. SUR"|2|"CARNE Y DESPOJOS COMESTIBLES"|389|4258907.02|9458211.58
98|92|"BS.AS. SUR"|2|"CARNE Y DESPOJOS COMESTIBLES"|287|3580954.86|7097008.76
99|92|"BS.AS. SUR"|2|"CARNE Y DESPOJOS COMESTIBLES"|245|3149814|6205754.43
100|92|"BS.AS. SUR"|2|"CARNE Y DESPOJOS COMESTIBLES"|123|1534749.11|3107586.67
101|92|"BS.AS. SUR"|2|"CARNE Y DESPOJOS COMESTIBLES"|132|1089180.37|3530854.32
102|92|"BS.AS. SUR"|2|"CARNE Y DESPOJOS COMESTIBLES"|122|1173726.51|2428088.44
103|92|"BS.AS. SUR"|2|"CARNE Y DESPOJOS COMESTIBLES"|400|5709108.96|11210321.25
104|92|"BS.AS. SUR"|2|"CARNE Y DESPOJOS COMESTIBLES"|163|2036282.4|4324588.88
