"semana"|"aduana"|"aduana_desc"|"mercaderia"|"mercaderia_desc"|"cantidad"|"kilos"|"importe"
68|92|"BS.AS. SUR"|83|"MANUFACTURAS DIVERSAS DE METAL COMUN"|8|7746.44|63623.16
69|92|"BS.AS. SUR"|83|"MANUFACTURAS DIVERSAS DE METAL COMUN"|39|36189.78|194621.44
70|92|"BS.AS. SUR"|83|"MANUFACTURAS DIVERSAS DE METAL COMUN"|46|14716.81|214435.46
71|92|"BS.AS. SUR"|83|"MANUFACTURAS DIVERSAS DE METAL COMUN"|34|13002.93|191405.85
72|92|"BS.AS. SUR"|83|"MANUFACTURAS DIVERSAS DE METAL COMUN"|18|66597.62|178240.79
73|92|"BS.AS. SUR"|83|"MANUFACTURAS DIVERSAS DE METAL COMUN"|17|10431.68|128824.03
74|92|"BS.AS. SUR"|83|"MANUFACTURAS DIVERSAS DE METAL COMUN"|40|42317.24|203608.04
75|92|"BS.AS. SUR"|83|"MANUFACTURAS DIVERSAS DE METAL COMUN"|35|9675.39|143910.26
76|92|"BS.AS. SUR"|83|"MANUFACTURAS DIVERSAS DE METAL COMUN"|17|50997.71|198972.57
77|92|"BS.AS. SUR"|83|"MANUFACTURAS DIVERSAS DE METAL COMUN"|40|98010|334183.61
78|92|"BS.AS. SUR"|83|"MANUFACTURAS DIVERSAS DE METAL COMUN"|27|36205.5|182320.7
79|92|"BS.AS. SUR"|83|"MANUFACTURAS DIVERSAS DE METAL COMUN"|49|13510.12|104738.07
80|92|"BS.AS. SUR"|83|"MANUFACTURAS DIVERSAS DE METAL COMUN"|22|62133.19|176838.85
81|92|"BS.AS. SUR"|83|"MANUFACTURAS DIVERSAS DE METAL COMUN"|28|2623.38|79370.42
82|92|"BS.AS. SUR"|83|"MANUFACTURAS DIVERSAS DE METAL COMUN"|59|21468.37|308709.86
83|92|"BS.AS. SUR"|83|"MANUFACTURAS DIVERSAS DE METAL COMUN"|53|12070.47|123551.42
84|92|"BS.AS. SUR"|83|"MANUFACTURAS DIVERSAS DE METAL COMUN"|33|7348.57|111481.7
85|92|"BS.AS. SUR"|83|"MANUFACTURAS DIVERSAS DE METAL COMUN"|23|104639.24|456857.25
86|92|"BS.AS. SUR"|83|"MANUFACTURAS DIVERSAS DE METAL COMUN"|32|5574.71|84778.97
87|92|"BS.AS. SUR"|83|"MANUFACTURAS DIVERSAS DE METAL COMUN"|32|42111.84|297030.23
88|92|"BS.AS. SUR"|83|"MANUFACTURAS DIVERSAS DE METAL COMUN"|41|10987.43|137874.7
89|92|"BS.AS. SUR"|83|"MANUFACTURAS DIVERSAS DE METAL COMUN"|27|15717.13|157826.87
90|92|"BS.AS. SUR"|83|"MANUFACTURAS DIVERSAS DE METAL COMUN"|34|10854.58|100578.59
91|92|"BS.AS. SUR"|83|"MANUFACTURAS DIVERSAS DE METAL COMUN"|19|76588.09|280910.36
92|92|"BS.AS. SUR"|83|"MANUFACTURAS DIVERSAS DE METAL COMUN"|43|17685.82|194577.54
93|92|"BS.AS. SUR"|83|"MANUFACTURAS DIVERSAS DE METAL COMUN"|24|15072.98|124753.79
94|92|"BS.AS. SUR"|83|"MANUFACTURAS DIVERSAS DE METAL COMUN"|35|25269.36|111782.23
95|92|"BS.AS. SUR"|83|"MANUFACTURAS DIVERSAS DE METAL COMUN"|39|84907.52|217637.87
96|92|"BS.AS. SUR"|83|"MANUFACTURAS DIVERSAS DE METAL COMUN"|76|38088.63|460842.29
97|92|"BS.AS. SUR"|83|"MANUFACTURAS DIVERSAS DE METAL COMUN"|25|46443.76|176815.33
98|92|"BS.AS. SUR"|83|"MANUFACTURAS DIVERSAS DE METAL COMUN"|26|27024.94|129330.02
99|92|"BS.AS. SUR"|83|"MANUFACTURAS DIVERSAS DE METAL COMUN"|32|14833.91|161049.8
100|92|"BS.AS. SUR"|83|"MANUFACTURAS DIVERSAS DE METAL COMUN"|49|25667|205284.31
101|92|"BS.AS. SUR"|83|"MANUFACTURAS DIVERSAS DE METAL COMUN"|14|6112.54|52416.68
102|92|"BS.AS. SUR"|83|"MANUFACTURAS DIVERSAS DE METAL COMUN"|38|61304.09|191041.95
103|92|"BS.AS. SUR"|83|"MANUFACTURAS DIVERSAS DE METAL COMUN"|20|2911.22|37560.64
104|92|"BS.AS. SUR"|83|"MANUFACTURAS DIVERSAS DE METAL COMUN"|9|3209.57|39041.46
