"semana"|"aduana"|"aduana_desc"|"mercaderia"|"mercaderia_desc"|"cantidad"|"kilos"|"importe"
68|92|"BS.AS. SUR"|48|"PAPEL Y CARTON; MANUFACTURAS DE PASTA DE CELULOSA, DE PAPEL "|4|9214.75|70140.11
69|92|"BS.AS. SUR"|48|"PAPEL Y CARTON; MANUFACTURAS DE PASTA DE CELULOSA, DE PAPEL "|54|319380.2|813351.76
70|92|"BS.AS. SUR"|48|"PAPEL Y CARTON; MANUFACTURAS DE PASTA DE CELULOSA, DE PAPEL "|47|145075.52|717508.47
71|92|"BS.AS. SUR"|48|"PAPEL Y CARTON; MANUFACTURAS DE PASTA DE CELULOSA, DE PAPEL "|56|177975.51|524986.22
72|92|"BS.AS. SUR"|48|"PAPEL Y CARTON; MANUFACTURAS DE PASTA DE CELULOSA, DE PAPEL "|51|208146.47|754658.52
73|92|"BS.AS. SUR"|48|"PAPEL Y CARTON; MANUFACTURAS DE PASTA DE CELULOSA, DE PAPEL "|62|236674.08|995445.71
74|92|"BS.AS. SUR"|48|"PAPEL Y CARTON; MANUFACTURAS DE PASTA DE CELULOSA, DE PAPEL "|46|111879.15|416212.23
75|92|"BS.AS. SUR"|48|"PAPEL Y CARTON; MANUFACTURAS DE PASTA DE CELULOSA, DE PAPEL "|43|215235.27|613226
76|92|"BS.AS. SUR"|48|"PAPEL Y CARTON; MANUFACTURAS DE PASTA DE CELULOSA, DE PAPEL "|49|129093.88|682691.12
77|92|"BS.AS. SUR"|48|"PAPEL Y CARTON; MANUFACTURAS DE PASTA DE CELULOSA, DE PAPEL "|44|128497.16|590913.74
78|92|"BS.AS. SUR"|48|"PAPEL Y CARTON; MANUFACTURAS DE PASTA DE CELULOSA, DE PAPEL "|49|148075.55|950997.9
79|92|"BS.AS. SUR"|48|"PAPEL Y CARTON; MANUFACTURAS DE PASTA DE CELULOSA, DE PAPEL "|48|166193.15|717914.2
80|92|"BS.AS. SUR"|48|"PAPEL Y CARTON; MANUFACTURAS DE PASTA DE CELULOSA, DE PAPEL "|54|293776.02|785939.66
81|92|"BS.AS. SUR"|48|"PAPEL Y CARTON; MANUFACTURAS DE PASTA DE CELULOSA, DE PAPEL "|44|151164.77|386415.02
82|92|"BS.AS. SUR"|48|"PAPEL Y CARTON; MANUFACTURAS DE PASTA DE CELULOSA, DE PAPEL "|35|196894.32|419329.7
83|92|"BS.AS. SUR"|48|"PAPEL Y CARTON; MANUFACTURAS DE PASTA DE CELULOSA, DE PAPEL "|45|259743.09|573515.99
84|92|"BS.AS. SUR"|48|"PAPEL Y CARTON; MANUFACTURAS DE PASTA DE CELULOSA, DE PAPEL "|43|209360.83|610575.71
85|92|"BS.AS. SUR"|48|"PAPEL Y CARTON; MANUFACTURAS DE PASTA DE CELULOSA, DE PAPEL "|43|151051.33|528307.03
86|92|"BS.AS. SUR"|48|"PAPEL Y CARTON; MANUFACTURAS DE PASTA DE CELULOSA, DE PAPEL "|75|162448.36|534941.73
87|92|"BS.AS. SUR"|48|"PAPEL Y CARTON; MANUFACTURAS DE PASTA DE CELULOSA, DE PAPEL "|52|193116.33|662622.1
88|92|"BS.AS. SUR"|48|"PAPEL Y CARTON; MANUFACTURAS DE PASTA DE CELULOSA, DE PAPEL "|40|166618.17|483697.76
89|92|"BS.AS. SUR"|48|"PAPEL Y CARTON; MANUFACTURAS DE PASTA DE CELULOSA, DE PAPEL "|64|176501.09|636585.81
90|92|"BS.AS. SUR"|48|"PAPEL Y CARTON; MANUFACTURAS DE PASTA DE CELULOSA, DE PAPEL "|39|207477.99|1032106.2
91|92|"BS.AS. SUR"|48|"PAPEL Y CARTON; MANUFACTURAS DE PASTA DE CELULOSA, DE PAPEL "|57|168255.81|695897.26
92|92|"BS.AS. SUR"|48|"PAPEL Y CARTON; MANUFACTURAS DE PASTA DE CELULOSA, DE PAPEL "|55|330371.67|1145811.02
93|92|"BS.AS. SUR"|48|"PAPEL Y CARTON; MANUFACTURAS DE PASTA DE CELULOSA, DE PAPEL "|34|180324.93|526680.23
94|92|"BS.AS. SUR"|48|"PAPEL Y CARTON; MANUFACTURAS DE PASTA DE CELULOSA, DE PAPEL "|63|258679.53|867239.95
95|92|"BS.AS. SUR"|48|"PAPEL Y CARTON; MANUFACTURAS DE PASTA DE CELULOSA, DE PAPEL "|58|170095.09|479296.51
96|92|"BS.AS. SUR"|48|"PAPEL Y CARTON; MANUFACTURAS DE PASTA DE CELULOSA, DE PAPEL "|68|118162.53|249364.88
97|92|"BS.AS. SUR"|48|"PAPEL Y CARTON; MANUFACTURAS DE PASTA DE CELULOSA, DE PAPEL "|52|211182.11|443689.54
98|92|"BS.AS. SUR"|48|"PAPEL Y CARTON; MANUFACTURAS DE PASTA DE CELULOSA, DE PAPEL "|72|148610.25|615422.41
99|92|"BS.AS. SUR"|48|"PAPEL Y CARTON; MANUFACTURAS DE PASTA DE CELULOSA, DE PAPEL "|60|234987.92|621028.76
100|92|"BS.AS. SUR"|48|"PAPEL Y CARTON; MANUFACTURAS DE PASTA DE CELULOSA, DE PAPEL "|50|225120.58|843989.12
101|92|"BS.AS. SUR"|48|"PAPEL Y CARTON; MANUFACTURAS DE PASTA DE CELULOSA, DE PAPEL "|30|118465.96|375671.74
102|92|"BS.AS. SUR"|48|"PAPEL Y CARTON; MANUFACTURAS DE PASTA DE CELULOSA, DE PAPEL "|78|252905.67|932640
103|92|"BS.AS. SUR"|48|"PAPEL Y CARTON; MANUFACTURAS DE PASTA DE CELULOSA, DE PAPEL "|58|62834.75|495448.4
104|92|"BS.AS. SUR"|48|"PAPEL Y CARTON; MANUFACTURAS DE PASTA DE CELULOSA, DE PAPEL "|29|66385.53|265233.02
