"semana"|"aduana"|"aduana_desc"|"mercaderia"|"mercaderia_desc"|"cantidad"|"kilos"|"importe"
1|88|"GENERAL DEHEZA"|29|"PRODUCTOS QUIMICOS ORGANICOS"|13|425520|787498.37
2|88|"GENERAL DEHEZA"|29|"PRODUCTOS QUIMICOS ORGANICOS"|31|1229980|1714790.38
3|88|"GENERAL DEHEZA"|29|"PRODUCTOS QUIMICOS ORGANICOS"|23|620340|1305747.3
4|88|"GENERAL DEHEZA"|29|"PRODUCTOS QUIMICOS ORGANICOS"|12|503240|671926.13
5|88|"GENERAL DEHEZA"|29|"PRODUCTOS QUIMICOS ORGANICOS"|20|937780|1054050.91
6|88|"GENERAL DEHEZA"|29|"PRODUCTOS QUIMICOS ORGANICOS"|14|654400|778566.76
7|88|"GENERAL DEHEZA"|29|"PRODUCTOS QUIMICOS ORGANICOS"|15|681600|815286
8|88|"GENERAL DEHEZA"|29|"PRODUCTOS QUIMICOS ORGANICOS"|33|893320|2165805.09
9|88|"GENERAL DEHEZA"|29|"PRODUCTOS QUIMICOS ORGANICOS"|15|331940|755774.98
10|88|"GENERAL DEHEZA"|29|"PRODUCTOS QUIMICOS ORGANICOS"|31|1384360|2035175.88
11|88|"GENERAL DEHEZA"|29|"PRODUCTOS QUIMICOS ORGANICOS"|28|794500|1313233.77
12|88|"GENERAL DEHEZA"|29|"PRODUCTOS QUIMICOS ORGANICOS"|33|1244180|2012575.94
13|88|"GENERAL DEHEZA"|29|"PRODUCTOS QUIMICOS ORGANICOS"|29|1253470|1461663.36
14|88|"GENERAL DEHEZA"|29|"PRODUCTOS QUIMICOS ORGANICOS"|22|794000|1055105.79
15|88|"GENERAL DEHEZA"|29|"PRODUCTOS QUIMICOS ORGANICOS"|42|1504310|2200788.5
16|88|"GENERAL DEHEZA"|29|"PRODUCTOS QUIMICOS ORGANICOS"|31|1126700|1398410.2
17|88|"GENERAL DEHEZA"|29|"PRODUCTOS QUIMICOS ORGANICOS"|30|952000|1192577.89
18|88|"GENERAL DEHEZA"|29|"PRODUCTOS QUIMICOS ORGANICOS"|23|662520|925377.8
19|88|"GENERAL DEHEZA"|29|"PRODUCTOS QUIMICOS ORGANICOS"|46|1786720|2052514.92
20|88|"GENERAL DEHEZA"|29|"PRODUCTOS QUIMICOS ORGANICOS"|31|1184700|1551001.04
21|88|"GENERAL DEHEZA"|29|"PRODUCTOS QUIMICOS ORGANICOS"|22|1030380|1011072.3
22|88|"GENERAL DEHEZA"|29|"PRODUCTOS QUIMICOS ORGANICOS"|44|1558450|2057696.58
23|88|"GENERAL DEHEZA"|29|"PRODUCTOS QUIMICOS ORGANICOS"|32|1295620|1599097.78
24|88|"GENERAL DEHEZA"|29|"PRODUCTOS QUIMICOS ORGANICOS"|30|1446820|1041545.95
25|88|"GENERAL DEHEZA"|29|"PRODUCTOS QUIMICOS ORGANICOS"|24|1028080|1031636.56
26|88|"GENERAL DEHEZA"|29|"PRODUCTOS QUIMICOS ORGANICOS"|15|635760|534041.77
27|88|"GENERAL DEHEZA"|29|"PRODUCTOS QUIMICOS ORGANICOS"|33|1093160|1284871
28|88|"GENERAL DEHEZA"|29|"PRODUCTOS QUIMICOS ORGANICOS"|30|1201390|1226922.81
29|88|"GENERAL DEHEZA"|29|"PRODUCTOS QUIMICOS ORGANICOS"|24|1226738.15|1022220.33
30|88|"GENERAL DEHEZA"|29|"PRODUCTOS QUIMICOS ORGANICOS"|31|1156130|1571634.72
31|88|"GENERAL DEHEZA"|29|"PRODUCTOS QUIMICOS ORGANICOS"|19|1073140|831813.75
32|88|"GENERAL DEHEZA"|29|"PRODUCTOS QUIMICOS ORGANICOS"|20|879250|1061657.3
33|88|"GENERAL DEHEZA"|29|"PRODUCTOS QUIMICOS ORGANICOS"|23|885320|992650.94
34|88|"GENERAL DEHEZA"|29|"PRODUCTOS QUIMICOS ORGANICOS"|43|1806770|2098667.15
35|88|"GENERAL DEHEZA"|29|"PRODUCTOS QUIMICOS ORGANICOS"|38|1284610|1840458.81
36|88|"GENERAL DEHEZA"|29|"PRODUCTOS QUIMICOS ORGANICOS"|31|1132180|1346831.61
37|88|"GENERAL DEHEZA"|29|"PRODUCTOS QUIMICOS ORGANICOS"|25|1025940|1386213.55
38|88|"GENERAL DEHEZA"|29|"PRODUCTOS QUIMICOS ORGANICOS"|30|1522720|1643269.53
39|88|"GENERAL DEHEZA"|29|"PRODUCTOS QUIMICOS ORGANICOS"|42|1998350|1907227.32
40|88|"GENERAL DEHEZA"|29|"PRODUCTOS QUIMICOS ORGANICOS"|34|1331840|1304032.83
41|88|"GENERAL DEHEZA"|29|"PRODUCTOS QUIMICOS ORGANICOS"|30|1541330|1432937.3
42|88|"GENERAL DEHEZA"|29|"PRODUCTOS QUIMICOS ORGANICOS"|34|1477870|1455860.81
43|88|"GENERAL DEHEZA"|29|"PRODUCTOS QUIMICOS ORGANICOS"|38|1903150|1488453.99
44|88|"GENERAL DEHEZA"|29|"PRODUCTOS QUIMICOS ORGANICOS"|36|1828190|1577465.33
45|88|"GENERAL DEHEZA"|29|"PRODUCTOS QUIMICOS ORGANICOS"|16|691900|776117.76
46|88|"GENERAL DEHEZA"|29|"PRODUCTOS QUIMICOS ORGANICOS"|30|1608220|1394269.3
47|88|"GENERAL DEHEZA"|29|"PRODUCTOS QUIMICOS ORGANICOS"|23|992960|1122712.39
48|88|"GENERAL DEHEZA"|29|"PRODUCTOS QUIMICOS ORGANICOS"|40|1723993|1519209.95
49|88|"GENERAL DEHEZA"|29|"PRODUCTOS QUIMICOS ORGANICOS"|22|872110|992100.98
50|88|"GENERAL DEHEZA"|29|"PRODUCTOS QUIMICOS ORGANICOS"|44|1632184|1799296.51
51|88|"GENERAL DEHEZA"|29|"PRODUCTOS QUIMICOS ORGANICOS"|23|1073790|865693.82
52|88|"GENERAL DEHEZA"|29|"PRODUCTOS QUIMICOS ORGANICOS"|10|534520|435000.99
53|88|"GENERAL DEHEZA"|29|"PRODUCTOS QUIMICOS ORGANICOS"|22|894200|877418.56
54|88|"GENERAL DEHEZA"|29|"PRODUCTOS QUIMICOS ORGANICOS"|22|1230933|965562.26
55|88|"GENERAL DEHEZA"|29|"PRODUCTOS QUIMICOS ORGANICOS"|33|1446050|1550185.77
56|88|"GENERAL DEHEZA"|29|"PRODUCTOS QUIMICOS ORGANICOS"|21|936000|920901.17
57|88|"GENERAL DEHEZA"|29|"PRODUCTOS QUIMICOS ORGANICOS"|27|1461240|1153711.49
58|88|"GENERAL DEHEZA"|29|"PRODUCTOS QUIMICOS ORGANICOS"|16|805040|726026.38
59|88|"GENERAL DEHEZA"|29|"PRODUCTOS QUIMICOS ORGANICOS"|21|899720|978008.85
60|88|"GENERAL DEHEZA"|29|"PRODUCTOS QUIMICOS ORGANICOS"|37|1516200|1803498.94
61|88|"GENERAL DEHEZA"|29|"PRODUCTOS QUIMICOS ORGANICOS"|16|679270|636683.6
62|88|"GENERAL DEHEZA"|29|"PRODUCTOS QUIMICOS ORGANICOS"|22|852970|894026.27
63|88|"GENERAL DEHEZA"|29|"PRODUCTOS QUIMICOS ORGANICOS"|21|721400|840036.01
64|88|"GENERAL DEHEZA"|29|"PRODUCTOS QUIMICOS ORGANICOS"|12|435000|394907.36
65|88|"GENERAL DEHEZA"|29|"PRODUCTOS QUIMICOS ORGANICOS"|28|1015463|1068021.59
66|88|"GENERAL DEHEZA"|29|"PRODUCTOS QUIMICOS ORGANICOS"|13|587583|540418.71
67|88|"GENERAL DEHEZA"|29|"PRODUCTOS QUIMICOS ORGANICOS"|30|1507610|1245815.92
68|88|"GENERAL DEHEZA"|29|"PRODUCTOS QUIMICOS ORGANICOS"|24|957680|844944.14
69|88|"GENERAL DEHEZA"|29|"PRODUCTOS QUIMICOS ORGANICOS"|27|1604980|983030.85
70|88|"GENERAL DEHEZA"|29|"PRODUCTOS QUIMICOS ORGANICOS"|13|606310|440511.01
71|88|"GENERAL DEHEZA"|29|"PRODUCTOS QUIMICOS ORGANICOS"|32|1624330|1173587.03
72|88|"GENERAL DEHEZA"|29|"PRODUCTOS QUIMICOS ORGANICOS"|23|1086630|975657.84
73|88|"GENERAL DEHEZA"|29|"PRODUCTOS QUIMICOS ORGANICOS"|21|719850|871213.43
74|88|"GENERAL DEHEZA"|29|"PRODUCTOS QUIMICOS ORGANICOS"|28|1601330|1381181.85
75|88|"GENERAL DEHEZA"|29|"PRODUCTOS QUIMICOS ORGANICOS"|21|966970|929006.69
76|88|"GENERAL DEHEZA"|29|"PRODUCTOS QUIMICOS ORGANICOS"|19|838100|750473.46
77|88|"GENERAL DEHEZA"|29|"PRODUCTOS QUIMICOS ORGANICOS"|23|1027763|562799.01
78|88|"GENERAL DEHEZA"|29|"PRODUCTOS QUIMICOS ORGANICOS"|38|2185430|1614694
79|88|"GENERAL DEHEZA"|29|"PRODUCTOS QUIMICOS ORGANICOS"|32|1883910|1274837.74
80|88|"GENERAL DEHEZA"|29|"PRODUCTOS QUIMICOS ORGANICOS"|21|1275630|812357.58
81|88|"GENERAL DEHEZA"|29|"PRODUCTOS QUIMICOS ORGANICOS"|19|1090750|844725.72
82|88|"GENERAL DEHEZA"|29|"PRODUCTOS QUIMICOS ORGANICOS"|36|2038990|1505655.85
83|88|"GENERAL DEHEZA"|29|"PRODUCTOS QUIMICOS ORGANICOS"|18|1427390|699012.57
84|88|"GENERAL DEHEZA"|29|"PRODUCTOS QUIMICOS ORGANICOS"|26|1296990|891712.76
85|88|"GENERAL DEHEZA"|29|"PRODUCTOS QUIMICOS ORGANICOS"|21|770090|691795.54
86|88|"GENERAL DEHEZA"|29|"PRODUCTOS QUIMICOS ORGANICOS"|25|1125900|1097119.78
87|88|"GENERAL DEHEZA"|29|"PRODUCTOS QUIMICOS ORGANICOS"|24|1312580|882332.3
88|88|"GENERAL DEHEZA"|29|"PRODUCTOS QUIMICOS ORGANICOS"|22|1270700|803771.8
89|88|"GENERAL DEHEZA"|29|"PRODUCTOS QUIMICOS ORGANICOS"|17|1100622|709607.98
90|88|"GENERAL DEHEZA"|29|"PRODUCTOS QUIMICOS ORGANICOS"|19|962600|813843.66
91|88|"GENERAL DEHEZA"|29|"PRODUCTOS QUIMICOS ORGANICOS"|23|1252940|762996.55
92|88|"GENERAL DEHEZA"|29|"PRODUCTOS QUIMICOS ORGANICOS"|15|1017640|507582.19
93|88|"GENERAL DEHEZA"|29|"PRODUCTOS QUIMICOS ORGANICOS"|24|1055212|744632.85
94|88|"GENERAL DEHEZA"|29|"PRODUCTOS QUIMICOS ORGANICOS"|16|872840|599215.66
95|88|"GENERAL DEHEZA"|29|"PRODUCTOS QUIMICOS ORGANICOS"|16|863180|586904.86
96|88|"GENERAL DEHEZA"|29|"PRODUCTOS QUIMICOS ORGANICOS"|13|696670|462641.33
97|88|"GENERAL DEHEZA"|29|"PRODUCTOS QUIMICOS ORGANICOS"|12|697270|252090.34
98|88|"GENERAL DEHEZA"|29|"PRODUCTOS QUIMICOS ORGANICOS"|23|1143640|794924.72
99|88|"GENERAL DEHEZA"|29|"PRODUCTOS QUIMICOS ORGANICOS"|21|1018420|942011.38
100|88|"GENERAL DEHEZA"|29|"PRODUCTOS QUIMICOS ORGANICOS"|12|825370|452614.96
101|88|"GENERAL DEHEZA"|29|"PRODUCTOS QUIMICOS ORGANICOS"|11|733302|296914.15
102|88|"GENERAL DEHEZA"|29|"PRODUCTOS QUIMICOS ORGANICOS"|14|513900|299182.39
103|88|"GENERAL DEHEZA"|29|"PRODUCTOS QUIMICOS ORGANICOS"|9|763540|253723.99
104|88|"GENERAL DEHEZA"|29|"PRODUCTOS QUIMICOS ORGANICOS"|10|414190|231178.29
