"semana"|"aduana"|"aduana_desc"|"mercaderia"|"mercaderia_desc"|"cantidad"|"kilos"|"importe"
1|82|"BERNARDO DE YRIGOYEN"|44|"MADERA, CARBON VEGETAL Y MANUFACTURAS DE MADERA"|6|327078.88|63002.86
2|82|"BERNARDO DE YRIGOYEN"|44|"MADERA, CARBON VEGETAL Y MANUFACTURAS DE MADERA"|5|126954.79|20761.86
3|82|"BERNARDO DE YRIGOYEN"|44|"MADERA, CARBON VEGETAL Y MANUFACTURAS DE MADERA"|4|164419.44|66973.77
4|82|"BERNARDO DE YRIGOYEN"|44|"MADERA, CARBON VEGETAL Y MANUFACTURAS DE MADERA"|9|298549.44|97558.9
5|82|"BERNARDO DE YRIGOYEN"|44|"MADERA, CARBON VEGETAL Y MANUFACTURAS DE MADERA"|9|356118.88|85781.8
6|82|"BERNARDO DE YRIGOYEN"|44|"MADERA, CARBON VEGETAL Y MANUFACTURAS DE MADERA"|12|231850|72342.37
7|82|"BERNARDO DE YRIGOYEN"|44|"MADERA, CARBON VEGETAL Y MANUFACTURAS DE MADERA"|13|611177.76|181141.25
8|82|"BERNARDO DE YRIGOYEN"|44|"MADERA, CARBON VEGETAL Y MANUFACTURAS DE MADERA"|6|152320|44953.16
9|82|"BERNARDO DE YRIGOYEN"|44|"MADERA, CARBON VEGETAL Y MANUFACTURAS DE MADERA"|6|151189|57685.63
10|82|"BERNARDO DE YRIGOYEN"|44|"MADERA, CARBON VEGETAL Y MANUFACTURAS DE MADERA"|6|155247.63|42236.41
11|82|"BERNARDO DE YRIGOYEN"|44|"MADERA, CARBON VEGETAL Y MANUFACTURAS DE MADERA"|11|216545|176698.31
12|82|"BERNARDO DE YRIGOYEN"|44|"MADERA, CARBON VEGETAL Y MANUFACTURAS DE MADERA"|12|247690|87960.04
13|82|"BERNARDO DE YRIGOYEN"|44|"MADERA, CARBON VEGETAL Y MANUFACTURAS DE MADERA"|10|408877.22|138722.55
14|82|"BERNARDO DE YRIGOYEN"|44|"MADERA, CARBON VEGETAL Y MANUFACTURAS DE MADERA"|8|127770|66182.33
15|82|"BERNARDO DE YRIGOYEN"|44|"MADERA, CARBON VEGETAL Y MANUFACTURAS DE MADERA"|14|299412.08|93529.32
16|82|"BERNARDO DE YRIGOYEN"|44|"MADERA, CARBON VEGETAL Y MANUFACTURAS DE MADERA"|8|276691.08|99934.56
17|82|"BERNARDO DE YRIGOYEN"|44|"MADERA, CARBON VEGETAL Y MANUFACTURAS DE MADERA"|6|149330.65|88781.34
18|82|"BERNARDO DE YRIGOYEN"|44|"MADERA, CARBON VEGETAL Y MANUFACTURAS DE MADERA"|10|287399.44|115426.79
19|82|"BERNARDO DE YRIGOYEN"|44|"MADERA, CARBON VEGETAL Y MANUFACTURAS DE MADERA"|4|98526|19645.02
20|82|"BERNARDO DE YRIGOYEN"|44|"MADERA, CARBON VEGETAL Y MANUFACTURAS DE MADERA"|10|368581.52|135496.7
21|82|"BERNARDO DE YRIGOYEN"|44|"MADERA, CARBON VEGETAL Y MANUFACTURAS DE MADERA"|11|238609.44|78311
22|82|"BERNARDO DE YRIGOYEN"|44|"MADERA, CARBON VEGETAL Y MANUFACTURAS DE MADERA"|8|342926.16|137248.73
23|82|"BERNARDO DE YRIGOYEN"|44|"MADERA, CARBON VEGETAL Y MANUFACTURAS DE MADERA"|7|227942.08|49901.48
24|82|"BERNARDO DE YRIGOYEN"|44|"MADERA, CARBON VEGETAL Y MANUFACTURAS DE MADERA"|13|426727.6|196058.92
25|82|"BERNARDO DE YRIGOYEN"|44|"MADERA, CARBON VEGETAL Y MANUFACTURAS DE MADERA"|7|270644.16|82484.48
26|82|"BERNARDO DE YRIGOYEN"|44|"MADERA, CARBON VEGETAL Y MANUFACTURAS DE MADERA"|9|306014.16|128075.66
27|82|"BERNARDO DE YRIGOYEN"|44|"MADERA, CARBON VEGETAL Y MANUFACTURAS DE MADERA"|12|346372.08|122762.84
28|82|"BERNARDO DE YRIGOYEN"|44|"MADERA, CARBON VEGETAL Y MANUFACTURAS DE MADERA"|10|357728.41|148242.88
29|82|"BERNARDO DE YRIGOYEN"|44|"MADERA, CARBON VEGETAL Y MANUFACTURAS DE MADERA"|13|325531.44|113490.26
30|82|"BERNARDO DE YRIGOYEN"|44|"MADERA, CARBON VEGETAL Y MANUFACTURAS DE MADERA"|5|204144.16|43092.1
31|82|"BERNARDO DE YRIGOYEN"|44|"MADERA, CARBON VEGETAL Y MANUFACTURAS DE MADERA"|4|115710|43674.25
32|82|"BERNARDO DE YRIGOYEN"|44|"MADERA, CARBON VEGETAL Y MANUFACTURAS DE MADERA"|4|278562.08|69667.29
33|82|"BERNARDO DE YRIGOYEN"|44|"MADERA, CARBON VEGETAL Y MANUFACTURAS DE MADERA"|14|342373.4|170216.81
34|82|"BERNARDO DE YRIGOYEN"|44|"MADERA, CARBON VEGETAL Y MANUFACTURAS DE MADERA"|12|359138.88|169820.6
35|82|"BERNARDO DE YRIGOYEN"|44|"MADERA, CARBON VEGETAL Y MANUFACTURAS DE MADERA"|8|353334.24|140440.58
36|82|"BERNARDO DE YRIGOYEN"|44|"MADERA, CARBON VEGETAL Y MANUFACTURAS DE MADERA"|9|333735.24|171399.52
37|82|"BERNARDO DE YRIGOYEN"|44|"MADERA, CARBON VEGETAL Y MANUFACTURAS DE MADERA"|14|667988.32|205533.99
38|82|"BERNARDO DE YRIGOYEN"|44|"MADERA, CARBON VEGETAL Y MANUFACTURAS DE MADERA"|3|203111.52|73114.3
39|82|"BERNARDO DE YRIGOYEN"|44|"MADERA, CARBON VEGETAL Y MANUFACTURAS DE MADERA"|10|382617.08|125979.93
40|82|"BERNARDO DE YRIGOYEN"|44|"MADERA, CARBON VEGETAL Y MANUFACTURAS DE MADERA"|6|124056.08|113561.29
41|82|"BERNARDO DE YRIGOYEN"|44|"MADERA, CARBON VEGETAL Y MANUFACTURAS DE MADERA"|10|170150|131211.21
42|82|"BERNARDO DE YRIGOYEN"|44|"MADERA, CARBON VEGETAL Y MANUFACTURAS DE MADERA"|10|586414.72|117697.84
43|82|"BERNARDO DE YRIGOYEN"|44|"MADERA, CARBON VEGETAL Y MANUFACTURAS DE MADERA"|3|81900|42113.08
44|82|"BERNARDO DE YRIGOYEN"|44|"MADERA, CARBON VEGETAL Y MANUFACTURAS DE MADERA"|2|12780|46853.85
45|82|"BERNARDO DE YRIGOYEN"|44|"MADERA, CARBON VEGETAL Y MANUFACTURAS DE MADERA"|6|318260|90289.66
46|82|"BERNARDO DE YRIGOYEN"|44|"MADERA, CARBON VEGETAL Y MANUFACTURAS DE MADERA"|2|12960|46581.11
47|82|"BERNARDO DE YRIGOYEN"|44|"MADERA, CARBON VEGETAL Y MANUFACTURAS DE MADERA"|12|261470.23|181520.93
48|82|"BERNARDO DE YRIGOYEN"|44|"MADERA, CARBON VEGETAL Y MANUFACTURAS DE MADERA"|5|142730|60712.97
49|82|"BERNARDO DE YRIGOYEN"|44|"MADERA, CARBON VEGETAL Y MANUFACTURAS DE MADERA"|3|155469.44|70543.3
50|82|"BERNARDO DE YRIGOYEN"|44|"MADERA, CARBON VEGETAL Y MANUFACTURAS DE MADERA"|10|277996.84|151463.65
51|82|"BERNARDO DE YRIGOYEN"|44|"MADERA, CARBON VEGETAL Y MANUFACTURAS DE MADERA"|4|171539.44|68441.08
52|82|"BERNARDO DE YRIGOYEN"|44|"MADERA, CARBON VEGETAL Y MANUFACTURAS DE MADERA"|2|169320|4233
53|82|"BERNARDO DE YRIGOYEN"|44|"MADERA, CARBON VEGETAL Y MANUFACTURAS DE MADERA"|6|318740|19586
54|82|"BERNARDO DE YRIGOYEN"|44|"MADERA, CARBON VEGETAL Y MANUFACTURAS DE MADERA"|8|166758.18|150418.29
55|82|"BERNARDO DE YRIGOYEN"|44|"MADERA, CARBON VEGETAL Y MANUFACTURAS DE MADERA"|4|91190|24176.75
56|82|"BERNARDO DE YRIGOYEN"|44|"MADERA, CARBON VEGETAL Y MANUFACTURAS DE MADERA"|9|402200|89002.56
57|82|"BERNARDO DE YRIGOYEN"|44|"MADERA, CARBON VEGETAL Y MANUFACTURAS DE MADERA"|9|197270|105755.48
58|82|"BERNARDO DE YRIGOYEN"|44|"MADERA, CARBON VEGETAL Y MANUFACTURAS DE MADERA"|4|83470|36201.35
59|82|"BERNARDO DE YRIGOYEN"|44|"MADERA, CARBON VEGETAL Y MANUFACTURAS DE MADERA"|3|70450|39376.86
60|82|"BERNARDO DE YRIGOYEN"|44|"MADERA, CARBON VEGETAL Y MANUFACTURAS DE MADERA"|5|135980|69004.85
61|82|"BERNARDO DE YRIGOYEN"|44|"MADERA, CARBON VEGETAL Y MANUFACTURAS DE MADERA"|5|123330|106601.25
62|82|"BERNARDO DE YRIGOYEN"|44|"MADERA, CARBON VEGETAL Y MANUFACTURAS DE MADERA"|6|191825|57011.75
63|82|"BERNARDO DE YRIGOYEN"|44|"MADERA, CARBON VEGETAL Y MANUFACTURAS DE MADERA"|4|104460|22077.61
64|82|"BERNARDO DE YRIGOYEN"|44|"MADERA, CARBON VEGETAL Y MANUFACTURAS DE MADERA"|5|64820.83|100385.72
65|82|"BERNARDO DE YRIGOYEN"|44|"MADERA, CARBON VEGETAL Y MANUFACTURAS DE MADERA"|3|129880|45672.92
66|82|"BERNARDO DE YRIGOYEN"|44|"MADERA, CARBON VEGETAL Y MANUFACTURAS DE MADERA"|2|60220|21184
67|82|"BERNARDO DE YRIGOYEN"|44|"MADERA, CARBON VEGETAL Y MANUFACTURAS DE MADERA"|3|86820|48411.3
68|82|"BERNARDO DE YRIGOYEN"|44|"MADERA, CARBON VEGETAL Y MANUFACTURAS DE MADERA"|3|70540|71331.34
69|82|"BERNARDO DE YRIGOYEN"|44|"MADERA, CARBON VEGETAL Y MANUFACTURAS DE MADERA"|10|281344|123249.46
70|82|"BERNARDO DE YRIGOYEN"|44|"MADERA, CARBON VEGETAL Y MANUFACTURAS DE MADERA"|4|83960|65616.27
71|82|"BERNARDO DE YRIGOYEN"|44|"MADERA, CARBON VEGETAL Y MANUFACTURAS DE MADERA"|9|247730|70730.08
72|82|"BERNARDO DE YRIGOYEN"|44|"MADERA, CARBON VEGETAL Y MANUFACTURAS DE MADERA"|6|183290|50977.17
73|82|"BERNARDO DE YRIGOYEN"|44|"MADERA, CARBON VEGETAL Y MANUFACTURAS DE MADERA"|3|62340|25563.3
74|82|"BERNARDO DE YRIGOYEN"|44|"MADERA, CARBON VEGETAL Y MANUFACTURAS DE MADERA"|12|328135.52|170256.99
75|82|"BERNARDO DE YRIGOYEN"|44|"MADERA, CARBON VEGETAL Y MANUFACTURAS DE MADERA"|6|145710|46630.24
76|82|"BERNARDO DE YRIGOYEN"|44|"MADERA, CARBON VEGETAL Y MANUFACTURAS DE MADERA"|6|112515|68156.3
77|82|"BERNARDO DE YRIGOYEN"|44|"MADERA, CARBON VEGETAL Y MANUFACTURAS DE MADERA"|3|76350|20772.5
78|82|"BERNARDO DE YRIGOYEN"|44|"MADERA, CARBON VEGETAL Y MANUFACTURAS DE MADERA"|4|83520|65698.5
79|82|"BERNARDO DE YRIGOYEN"|44|"MADERA, CARBON VEGETAL Y MANUFACTURAS DE MADERA"|8|208780|152858.87
80|82|"BERNARDO DE YRIGOYEN"|44|"MADERA, CARBON VEGETAL Y MANUFACTURAS DE MADERA"|1|31600|790
81|82|"BERNARDO DE YRIGOYEN"|44|"MADERA, CARBON VEGETAL Y MANUFACTURAS DE MADERA"|5|102830|48860.54
82|82|"BERNARDO DE YRIGOYEN"|44|"MADERA, CARBON VEGETAL Y MANUFACTURAS DE MADERA"|3|72160|72743.07
83|82|"BERNARDO DE YRIGOYEN"|44|"MADERA, CARBON VEGETAL Y MANUFACTURAS DE MADERA"|7|204560|91844.45
84|82|"BERNARDO DE YRIGOYEN"|44|"MADERA, CARBON VEGETAL Y MANUFACTURAS DE MADERA"|4|95480|57078
85|82|"BERNARDO DE YRIGOYEN"|44|"MADERA, CARBON VEGETAL Y MANUFACTURAS DE MADERA"|6|112940|52435.2
87|82|"BERNARDO DE YRIGOYEN"|44|"MADERA, CARBON VEGETAL Y MANUFACTURAS DE MADERA"|5|120550|85210.83
88|82|"BERNARDO DE YRIGOYEN"|44|"MADERA, CARBON VEGETAL Y MANUFACTURAS DE MADERA"|4|100580|48069.5
89|82|"BERNARDO DE YRIGOYEN"|44|"MADERA, CARBON VEGETAL Y MANUFACTURAS DE MADERA"|2|39680|24347.1
90|82|"BERNARDO DE YRIGOYEN"|44|"MADERA, CARBON VEGETAL Y MANUFACTURAS DE MADERA"|4|93930|109773.61
91|82|"BERNARDO DE YRIGOYEN"|44|"MADERA, CARBON VEGETAL Y MANUFACTURAS DE MADERA"|1|26100|23189.8
92|82|"BERNARDO DE YRIGOYEN"|44|"MADERA, CARBON VEGETAL Y MANUFACTURAS DE MADERA"|2|29500|12750
93|82|"BERNARDO DE YRIGOYEN"|44|"MADERA, CARBON VEGETAL Y MANUFACTURAS DE MADERA"|3|81346|61426.5
94|82|"BERNARDO DE YRIGOYEN"|44|"MADERA, CARBON VEGETAL Y MANUFACTURAS DE MADERA"|1|26900|22907.8
95|82|"BERNARDO DE YRIGOYEN"|44|"MADERA, CARBON VEGETAL Y MANUFACTURAS DE MADERA"|2|52220|42410
96|82|"BERNARDO DE YRIGOYEN"|44|"MADERA, CARBON VEGETAL Y MANUFACTURAS DE MADERA"|4|112462|91090.65
98|82|"BERNARDO DE YRIGOYEN"|44|"MADERA, CARBON VEGETAL Y MANUFACTURAS DE MADERA"|2|51920|43058.63
99|82|"BERNARDO DE YRIGOYEN"|44|"MADERA, CARBON VEGETAL Y MANUFACTURAS DE MADERA"|3|85610|42900.72
100|82|"BERNARDO DE YRIGOYEN"|44|"MADERA, CARBON VEGETAL Y MANUFACTURAS DE MADERA"|3|77420|66304.91
101|82|"BERNARDO DE YRIGOYEN"|44|"MADERA, CARBON VEGETAL Y MANUFACTURAS DE MADERA"|2|55580|38383.6
102|82|"BERNARDO DE YRIGOYEN"|44|"MADERA, CARBON VEGETAL Y MANUFACTURAS DE MADERA"|3|90380|66631.6
