"semana"|"aduana"|"aduana_desc"|"mercaderia"|"mercaderia_desc"|"cantidad"|"kilos"|"importe"
68|91|"BS.AS. NORTE"|76|"ALUMINIO Y SUS MANUFACTURAS"|1|1304.22|9737.1
69|91|"BS.AS. NORTE"|76|"ALUMINIO Y SUS MANUFACTURAS"|16|29567.14|291562.04
70|91|"BS.AS. NORTE"|76|"ALUMINIO Y SUS MANUFACTURAS"|13|15228.71|83341.22
71|91|"BS.AS. NORTE"|76|"ALUMINIO Y SUS MANUFACTURAS"|10|18143.34|117151.27
72|91|"BS.AS. NORTE"|76|"ALUMINIO Y SUS MANUFACTURAS"|8|4166.99|65210.99
73|91|"BS.AS. NORTE"|76|"ALUMINIO Y SUS MANUFACTURAS"|9|17248.76|213836.56
74|91|"BS.AS. NORTE"|76|"ALUMINIO Y SUS MANUFACTURAS"|20|81638.82|426552.01
75|91|"BS.AS. NORTE"|76|"ALUMINIO Y SUS MANUFACTURAS"|11|19415.44|211823.41
76|91|"BS.AS. NORTE"|76|"ALUMINIO Y SUS MANUFACTURAS"|12|3844.88|41281.29
77|91|"BS.AS. NORTE"|76|"ALUMINIO Y SUS MANUFACTURAS"|13|24654.95|242921.67
78|91|"BS.AS. NORTE"|76|"ALUMINIO Y SUS MANUFACTURAS"|15|62890.01|346769.75
79|91|"BS.AS. NORTE"|76|"ALUMINIO Y SUS MANUFACTURAS"|6|2940.76|36986.97
80|91|"BS.AS. NORTE"|76|"ALUMINIO Y SUS MANUFACTURAS"|7|4673.03|44563.89
81|91|"BS.AS. NORTE"|76|"ALUMINIO Y SUS MANUFACTURAS"|7|12748.18|66891.92
82|91|"BS.AS. NORTE"|76|"ALUMINIO Y SUS MANUFACTURAS"|13|60076.56|247930.9
83|91|"BS.AS. NORTE"|76|"ALUMINIO Y SUS MANUFACTURAS"|9|9908.09|137533.67
84|91|"BS.AS. NORTE"|76|"ALUMINIO Y SUS MANUFACTURAS"|6|20104.39|211119.83
85|91|"BS.AS. NORTE"|76|"ALUMINIO Y SUS MANUFACTURAS"|6|6370.88|62346.66
86|91|"BS.AS. NORTE"|76|"ALUMINIO Y SUS MANUFACTURAS"|15|36251.21|478325.69
87|91|"BS.AS. NORTE"|76|"ALUMINIO Y SUS MANUFACTURAS"|14|74288.96|306059.61
88|91|"BS.AS. NORTE"|76|"ALUMINIO Y SUS MANUFACTURAS"|7|6160.18|26502.52
89|91|"BS.AS. NORTE"|76|"ALUMINIO Y SUS MANUFACTURAS"|8|12583.16|59827.28
90|91|"BS.AS. NORTE"|76|"ALUMINIO Y SUS MANUFACTURAS"|5|140.3|2610.69
91|91|"BS.AS. NORTE"|76|"ALUMINIO Y SUS MANUFACTURAS"|16|18299.73|200120.24
92|91|"BS.AS. NORTE"|76|"ALUMINIO Y SUS MANUFACTURAS"|6|14308.28|164709.54
93|91|"BS.AS. NORTE"|76|"ALUMINIO Y SUS MANUFACTURAS"|11|49611.65|266616.63
94|91|"BS.AS. NORTE"|76|"ALUMINIO Y SUS MANUFACTURAS"|24|146158.33|941372.02
95|91|"BS.AS. NORTE"|76|"ALUMINIO Y SUS MANUFACTURAS"|13|32783.18|353514.05
96|91|"BS.AS. NORTE"|76|"ALUMINIO Y SUS MANUFACTURAS"|8|32072.07|178270.32
97|91|"BS.AS. NORTE"|76|"ALUMINIO Y SUS MANUFACTURAS"|8|25381.02|103554.3
98|91|"BS.AS. NORTE"|76|"ALUMINIO Y SUS MANUFACTURAS"|14|5879.23|101310.96
99|91|"BS.AS. NORTE"|76|"ALUMINIO Y SUS MANUFACTURAS"|18|5152.5|60040.72
100|91|"BS.AS. NORTE"|76|"ALUMINIO Y SUS MANUFACTURAS"|8|5076.21|65462.76
101|91|"BS.AS. NORTE"|76|"ALUMINIO Y SUS MANUFACTURAS"|6|10247.58|51263.17
102|91|"BS.AS. NORTE"|76|"ALUMINIO Y SUS MANUFACTURAS"|13|14835.98|202222.13
103|91|"BS.AS. NORTE"|76|"ALUMINIO Y SUS MANUFACTURAS"|11|1543.39|17584.81
104|91|"BS.AS. NORTE"|76|"ALUMINIO Y SUS MANUFACTURAS"|3|1384.95|55635.97
