"semana"|"aduana"|"aduana_desc"|"mercaderia"|"mercaderia_desc"|"cantidad"|"kilos"|"importe"
2|88|"GENERAL DEHEZA"|84|"REACTORES NUCLEARES, CALDERAS, MAQUINAS, APARATOS Y ARTEFACT"|9|56028.02|254175.94
3|88|"GENERAL DEHEZA"|84|"REACTORES NUCLEARES, CALDERAS, MAQUINAS, APARATOS Y ARTEFACT"|10|12539.24|165676.25
4|88|"GENERAL DEHEZA"|84|"REACTORES NUCLEARES, CALDERAS, MAQUINAS, APARATOS Y ARTEFACT"|7|59457|434778
5|88|"GENERAL DEHEZA"|84|"REACTORES NUCLEARES, CALDERAS, MAQUINAS, APARATOS Y ARTEFACT"|6|53552|213629.45
6|88|"GENERAL DEHEZA"|84|"REACTORES NUCLEARES, CALDERAS, MAQUINAS, APARATOS Y ARTEFACT"|7|62947|198505.76
7|88|"GENERAL DEHEZA"|84|"REACTORES NUCLEARES, CALDERAS, MAQUINAS, APARATOS Y ARTEFACT"|10|61162.85|483394.62
8|88|"GENERAL DEHEZA"|84|"REACTORES NUCLEARES, CALDERAS, MAQUINAS, APARATOS Y ARTEFACT"|13|89575.8|258563.22
10|88|"GENERAL DEHEZA"|84|"REACTORES NUCLEARES, CALDERAS, MAQUINAS, APARATOS Y ARTEFACT"|9|63005|176231.56
11|88|"GENERAL DEHEZA"|84|"REACTORES NUCLEARES, CALDERAS, MAQUINAS, APARATOS Y ARTEFACT"|31|22246.58|137258.44
12|88|"GENERAL DEHEZA"|84|"REACTORES NUCLEARES, CALDERAS, MAQUINAS, APARATOS Y ARTEFACT"|7|45576.22|309153.46
13|88|"GENERAL DEHEZA"|84|"REACTORES NUCLEARES, CALDERAS, MAQUINAS, APARATOS Y ARTEFACT"|25|80656.17|366355.85
14|88|"GENERAL DEHEZA"|84|"REACTORES NUCLEARES, CALDERAS, MAQUINAS, APARATOS Y ARTEFACT"|6|41971|119051.14
15|88|"GENERAL DEHEZA"|84|"REACTORES NUCLEARES, CALDERAS, MAQUINAS, APARATOS Y ARTEFACT"|22|50936.26|463935.61
16|88|"GENERAL DEHEZA"|84|"REACTORES NUCLEARES, CALDERAS, MAQUINAS, APARATOS Y ARTEFACT"|2|25750|165712.8
17|88|"GENERAL DEHEZA"|84|"REACTORES NUCLEARES, CALDERAS, MAQUINAS, APARATOS Y ARTEFACT"|27|128212.76|667070.4
18|88|"GENERAL DEHEZA"|84|"REACTORES NUCLEARES, CALDERAS, MAQUINAS, APARATOS Y ARTEFACT"|4|37311|199716.82
19|88|"GENERAL DEHEZA"|84|"REACTORES NUCLEARES, CALDERAS, MAQUINAS, APARATOS Y ARTEFACT"|8|56682.5|258065.29
20|88|"GENERAL DEHEZA"|84|"REACTORES NUCLEARES, CALDERAS, MAQUINAS, APARATOS Y ARTEFACT"|12|97805.43|538225.48
21|88|"GENERAL DEHEZA"|84|"REACTORES NUCLEARES, CALDERAS, MAQUINAS, APARATOS Y ARTEFACT"|13|155095.2|526290.39
22|88|"GENERAL DEHEZA"|84|"REACTORES NUCLEARES, CALDERAS, MAQUINAS, APARATOS Y ARTEFACT"|11|61920.93|217160.62
23|88|"GENERAL DEHEZA"|84|"REACTORES NUCLEARES, CALDERAS, MAQUINAS, APARATOS Y ARTEFACT"|12|117796|599682.22
24|88|"GENERAL DEHEZA"|84|"REACTORES NUCLEARES, CALDERAS, MAQUINAS, APARATOS Y ARTEFACT"|22|75499.836|423925.33
25|88|"GENERAL DEHEZA"|84|"REACTORES NUCLEARES, CALDERAS, MAQUINAS, APARATOS Y ARTEFACT"|4|37717|246314.73
26|88|"GENERAL DEHEZA"|84|"REACTORES NUCLEARES, CALDERAS, MAQUINAS, APARATOS Y ARTEFACT"|2|42646|129221.6
27|88|"GENERAL DEHEZA"|84|"REACTORES NUCLEARES, CALDERAS, MAQUINAS, APARATOS Y ARTEFACT"|10|96508|508983.38
28|88|"GENERAL DEHEZA"|84|"REACTORES NUCLEARES, CALDERAS, MAQUINAS, APARATOS Y ARTEFACT"|8|35439.95|243270.05
29|88|"GENERAL DEHEZA"|84|"REACTORES NUCLEARES, CALDERAS, MAQUINAS, APARATOS Y ARTEFACT"|1|7500|53400
30|88|"GENERAL DEHEZA"|84|"REACTORES NUCLEARES, CALDERAS, MAQUINAS, APARATOS Y ARTEFACT"|12|114414.61|310722.79
31|88|"GENERAL DEHEZA"|84|"REACTORES NUCLEARES, CALDERAS, MAQUINAS, APARATOS Y ARTEFACT"|1|1000|6950
32|88|"GENERAL DEHEZA"|84|"REACTORES NUCLEARES, CALDERAS, MAQUINAS, APARATOS Y ARTEFACT"|31|164608.28|717480.94
33|88|"GENERAL DEHEZA"|84|"REACTORES NUCLEARES, CALDERAS, MAQUINAS, APARATOS Y ARTEFACT"|10|178521|572078.07
34|88|"GENERAL DEHEZA"|84|"REACTORES NUCLEARES, CALDERAS, MAQUINAS, APARATOS Y ARTEFACT"|43|127741.32|483070.37
35|88|"GENERAL DEHEZA"|84|"REACTORES NUCLEARES, CALDERAS, MAQUINAS, APARATOS Y ARTEFACT"|1|12620|145470
36|88|"GENERAL DEHEZA"|84|"REACTORES NUCLEARES, CALDERAS, MAQUINAS, APARATOS Y ARTEFACT"|2|106468|214524
37|88|"GENERAL DEHEZA"|84|"REACTORES NUCLEARES, CALDERAS, MAQUINAS, APARATOS Y ARTEFACT"|15|265378|780461.49
38|88|"GENERAL DEHEZA"|84|"REACTORES NUCLEARES, CALDERAS, MAQUINAS, APARATOS Y ARTEFACT"|8|36683|165609.14
39|88|"GENERAL DEHEZA"|84|"REACTORES NUCLEARES, CALDERAS, MAQUINAS, APARATOS Y ARTEFACT"|27|51386.37|230649.89
40|88|"GENERAL DEHEZA"|84|"REACTORES NUCLEARES, CALDERAS, MAQUINAS, APARATOS Y ARTEFACT"|9|61177|384212.03
41|88|"GENERAL DEHEZA"|84|"REACTORES NUCLEARES, CALDERAS, MAQUINAS, APARATOS Y ARTEFACT"|6|65685|138999.73
42|88|"GENERAL DEHEZA"|84|"REACTORES NUCLEARES, CALDERAS, MAQUINAS, APARATOS Y ARTEFACT"|12|78632|210385.52
43|88|"GENERAL DEHEZA"|84|"REACTORES NUCLEARES, CALDERAS, MAQUINAS, APARATOS Y ARTEFACT"|10|58202.5|192754.34
44|88|"GENERAL DEHEZA"|84|"REACTORES NUCLEARES, CALDERAS, MAQUINAS, APARATOS Y ARTEFACT"|1|6424|38370
45|88|"GENERAL DEHEZA"|84|"REACTORES NUCLEARES, CALDERAS, MAQUINAS, APARATOS Y ARTEFACT"|9|70984.71|317128.01
46|88|"GENERAL DEHEZA"|84|"REACTORES NUCLEARES, CALDERAS, MAQUINAS, APARATOS Y ARTEFACT"|15|95700|311864.91
47|88|"GENERAL DEHEZA"|84|"REACTORES NUCLEARES, CALDERAS, MAQUINAS, APARATOS Y ARTEFACT"|7|32925.53|130395.35
48|88|"GENERAL DEHEZA"|84|"REACTORES NUCLEARES, CALDERAS, MAQUINAS, APARATOS Y ARTEFACT"|3|20694|93604.85
49|88|"GENERAL DEHEZA"|84|"REACTORES NUCLEARES, CALDERAS, MAQUINAS, APARATOS Y ARTEFACT"|1|16650|48450
50|88|"GENERAL DEHEZA"|84|"REACTORES NUCLEARES, CALDERAS, MAQUINAS, APARATOS Y ARTEFACT"|13|109713.11|408141.93
51|88|"GENERAL DEHEZA"|84|"REACTORES NUCLEARES, CALDERAS, MAQUINAS, APARATOS Y ARTEFACT"|5|50636|224983.1
55|88|"GENERAL DEHEZA"|84|"REACTORES NUCLEARES, CALDERAS, MAQUINAS, APARATOS Y ARTEFACT"|18|4516.02|76184.64
56|88|"GENERAL DEHEZA"|84|"REACTORES NUCLEARES, CALDERAS, MAQUINAS, APARATOS Y ARTEFACT"|11|68971.5|170165.96
57|88|"GENERAL DEHEZA"|84|"REACTORES NUCLEARES, CALDERAS, MAQUINAS, APARATOS Y ARTEFACT"|3|24009|53959.1
58|88|"GENERAL DEHEZA"|84|"REACTORES NUCLEARES, CALDERAS, MAQUINAS, APARATOS Y ARTEFACT"|8|53606.8|228938.31
59|88|"GENERAL DEHEZA"|84|"REACTORES NUCLEARES, CALDERAS, MAQUINAS, APARATOS Y ARTEFACT"|20|104085.41|313214.84
60|88|"GENERAL DEHEZA"|84|"REACTORES NUCLEARES, CALDERAS, MAQUINAS, APARATOS Y ARTEFACT"|12|52504.06|145415.96
61|88|"GENERAL DEHEZA"|84|"REACTORES NUCLEARES, CALDERAS, MAQUINAS, APARATOS Y ARTEFACT"|22|101606.71|487490.24
63|88|"GENERAL DEHEZA"|84|"REACTORES NUCLEARES, CALDERAS, MAQUINAS, APARATOS Y ARTEFACT"|9|64314.85|258425.4
65|88|"GENERAL DEHEZA"|84|"REACTORES NUCLEARES, CALDERAS, MAQUINAS, APARATOS Y ARTEFACT"|4|19513.78|83575.3
66|88|"GENERAL DEHEZA"|84|"REACTORES NUCLEARES, CALDERAS, MAQUINAS, APARATOS Y ARTEFACT"|3|10810|102643.94
67|88|"GENERAL DEHEZA"|84|"REACTORES NUCLEARES, CALDERAS, MAQUINAS, APARATOS Y ARTEFACT"|16|72825.48|409962.96
68|88|"GENERAL DEHEZA"|84|"REACTORES NUCLEARES, CALDERAS, MAQUINAS, APARATOS Y ARTEFACT"|1|1703.1|10167
69|88|"GENERAL DEHEZA"|84|"REACTORES NUCLEARES, CALDERAS, MAQUINAS, APARATOS Y ARTEFACT"|13|98863.36|384807.56
70|88|"GENERAL DEHEZA"|84|"REACTORES NUCLEARES, CALDERAS, MAQUINAS, APARATOS Y ARTEFACT"|3|37770.16|265423.62
71|88|"GENERAL DEHEZA"|84|"REACTORES NUCLEARES, CALDERAS, MAQUINAS, APARATOS Y ARTEFACT"|9|35775.6|160176.12
73|88|"GENERAL DEHEZA"|84|"REACTORES NUCLEARES, CALDERAS, MAQUINAS, APARATOS Y ARTEFACT"|6|41140.01|148004.77
74|88|"GENERAL DEHEZA"|84|"REACTORES NUCLEARES, CALDERAS, MAQUINAS, APARATOS Y ARTEFACT"|16|102130.09|512272.35
75|88|"GENERAL DEHEZA"|84|"REACTORES NUCLEARES, CALDERAS, MAQUINAS, APARATOS Y ARTEFACT"|12|72439.12|391183.9
76|88|"GENERAL DEHEZA"|84|"REACTORES NUCLEARES, CALDERAS, MAQUINAS, APARATOS Y ARTEFACT"|9|68632|282077.59
77|88|"GENERAL DEHEZA"|84|"REACTORES NUCLEARES, CALDERAS, MAQUINAS, APARATOS Y ARTEFACT"|4|24344|101818.99
78|88|"GENERAL DEHEZA"|84|"REACTORES NUCLEARES, CALDERAS, MAQUINAS, APARATOS Y ARTEFACT"|12|62665.37|659232.57
79|88|"GENERAL DEHEZA"|84|"REACTORES NUCLEARES, CALDERAS, MAQUINAS, APARATOS Y ARTEFACT"|38|165767.928|1989994.08
81|88|"GENERAL DEHEZA"|84|"REACTORES NUCLEARES, CALDERAS, MAQUINAS, APARATOS Y ARTEFACT"|5|36236|81560.35
82|88|"GENERAL DEHEZA"|84|"REACTORES NUCLEARES, CALDERAS, MAQUINAS, APARATOS Y ARTEFACT"|3|13504.19|133479.96
83|88|"GENERAL DEHEZA"|84|"REACTORES NUCLEARES, CALDERAS, MAQUINAS, APARATOS Y ARTEFACT"|24|67699.16|351703.35
84|88|"GENERAL DEHEZA"|84|"REACTORES NUCLEARES, CALDERAS, MAQUINAS, APARATOS Y ARTEFACT"|26|140703.16|510121.73
85|88|"GENERAL DEHEZA"|84|"REACTORES NUCLEARES, CALDERAS, MAQUINAS, APARATOS Y ARTEFACT"|21|45066.14|216929.49
86|88|"GENERAL DEHEZA"|84|"REACTORES NUCLEARES, CALDERAS, MAQUINAS, APARATOS Y ARTEFACT"|10|74976.65|487241.12
87|88|"GENERAL DEHEZA"|84|"REACTORES NUCLEARES, CALDERAS, MAQUINAS, APARATOS Y ARTEFACT"|1|64.41|605
88|88|"GENERAL DEHEZA"|84|"REACTORES NUCLEARES, CALDERAS, MAQUINAS, APARATOS Y ARTEFACT"|10|52188.57|444412
89|88|"GENERAL DEHEZA"|84|"REACTORES NUCLEARES, CALDERAS, MAQUINAS, APARATOS Y ARTEFACT"|10|58141.04|343905.68
90|88|"GENERAL DEHEZA"|84|"REACTORES NUCLEARES, CALDERAS, MAQUINAS, APARATOS Y ARTEFACT"|6|9015.99|133965.65
91|88|"GENERAL DEHEZA"|84|"REACTORES NUCLEARES, CALDERAS, MAQUINAS, APARATOS Y ARTEFACT"|4|64754|544834.5
92|88|"GENERAL DEHEZA"|84|"REACTORES NUCLEARES, CALDERAS, MAQUINAS, APARATOS Y ARTEFACT"|2|1955|40966
93|88|"GENERAL DEHEZA"|84|"REACTORES NUCLEARES, CALDERAS, MAQUINAS, APARATOS Y ARTEFACT"|5|40837|91714.53
94|88|"GENERAL DEHEZA"|84|"REACTORES NUCLEARES, CALDERAS, MAQUINAS, APARATOS Y ARTEFACT"|10|67359.42|244899.27
95|88|"GENERAL DEHEZA"|84|"REACTORES NUCLEARES, CALDERAS, MAQUINAS, APARATOS Y ARTEFACT"|5|47676|215684.04
96|88|"GENERAL DEHEZA"|84|"REACTORES NUCLEARES, CALDERAS, MAQUINAS, APARATOS Y ARTEFACT"|3|15640.35|89849.67
97|88|"GENERAL DEHEZA"|84|"REACTORES NUCLEARES, CALDERAS, MAQUINAS, APARATOS Y ARTEFACT"|14|71129|194472.15
99|88|"GENERAL DEHEZA"|84|"REACTORES NUCLEARES, CALDERAS, MAQUINAS, APARATOS Y ARTEFACT"|1|14039.85|74142.05
100|88|"GENERAL DEHEZA"|84|"REACTORES NUCLEARES, CALDERAS, MAQUINAS, APARATOS Y ARTEFACT"|5|105196|84587.29
101|88|"GENERAL DEHEZA"|84|"REACTORES NUCLEARES, CALDERAS, MAQUINAS, APARATOS Y ARTEFACT"|8|79777|182786.99
102|88|"GENERAL DEHEZA"|84|"REACTORES NUCLEARES, CALDERAS, MAQUINAS, APARATOS Y ARTEFACT"|11|27098.21|111556.85
103|88|"GENERAL DEHEZA"|84|"REACTORES NUCLEARES, CALDERAS, MAQUINAS, APARATOS Y ARTEFACT"|9|62166|177812.12
104|88|"GENERAL DEHEZA"|84|"REACTORES NUCLEARES, CALDERAS, MAQUINAS, APARATOS Y ARTEFACT"|2|10465|85400
