"semana"|"aduana"|"aduana_desc"|"mercaderia"|"mercaderia_desc"|"cantidad"|"kilos"|"importe"
1|88|"GENERAL DEHEZA"|20|"PREPARACIONES DE HORTALIZAS, FRUTAS U OTROS FRUTOS O DEMAS P"|94|6144536|8950514.48
2|88|"GENERAL DEHEZA"|20|"PREPARACIONES DE HORTALIZAS, FRUTAS U OTROS FRUTOS O DEMAS P"|154|9607861.6|14208662.53
3|88|"GENERAL DEHEZA"|20|"PREPARACIONES DE HORTALIZAS, FRUTAS U OTROS FRUTOS O DEMAS P"|114|7106400.6|10444161.12
4|88|"GENERAL DEHEZA"|20|"PREPARACIONES DE HORTALIZAS, FRUTAS U OTROS FRUTOS O DEMAS P"|130|6332566|9193783.94
5|88|"GENERAL DEHEZA"|20|"PREPARACIONES DE HORTALIZAS, FRUTAS U OTROS FRUTOS O DEMAS P"|125|6756564.2|9756140.65
6|88|"GENERAL DEHEZA"|20|"PREPARACIONES DE HORTALIZAS, FRUTAS U OTROS FRUTOS O DEMAS P"|105|6067422|8988272.16
7|88|"GENERAL DEHEZA"|20|"PREPARACIONES DE HORTALIZAS, FRUTAS U OTROS FRUTOS O DEMAS P"|85|3679254|5480660.57
8|88|"GENERAL DEHEZA"|20|"PREPARACIONES DE HORTALIZAS, FRUTAS U OTROS FRUTOS O DEMAS P"|168|10202501.4|14899321.86
9|88|"GENERAL DEHEZA"|20|"PREPARACIONES DE HORTALIZAS, FRUTAS U OTROS FRUTOS O DEMAS P"|96|5173650|7814703.06
10|88|"GENERAL DEHEZA"|20|"PREPARACIONES DE HORTALIZAS, FRUTAS U OTROS FRUTOS O DEMAS P"|129|7346524.6|10853528.81
11|88|"GENERAL DEHEZA"|20|"PREPARACIONES DE HORTALIZAS, FRUTAS U OTROS FRUTOS O DEMAS P"|106|6922740|10406430.12
12|88|"GENERAL DEHEZA"|20|"PREPARACIONES DE HORTALIZAS, FRUTAS U OTROS FRUTOS O DEMAS P"|90|4536284.6|6785884.63
13|88|"GENERAL DEHEZA"|20|"PREPARACIONES DE HORTALIZAS, FRUTAS U OTROS FRUTOS O DEMAS P"|131|8005739|11778143.42
14|88|"GENERAL DEHEZA"|20|"PREPARACIONES DE HORTALIZAS, FRUTAS U OTROS FRUTOS O DEMAS P"|93|4404000|6324532.78
15|88|"GENERAL DEHEZA"|20|"PREPARACIONES DE HORTALIZAS, FRUTAS U OTROS FRUTOS O DEMAS P"|89|4938785|7035143.13
16|88|"GENERAL DEHEZA"|20|"PREPARACIONES DE HORTALIZAS, FRUTAS U OTROS FRUTOS O DEMAS P"|70|2722690|4002071.47
17|88|"GENERAL DEHEZA"|20|"PREPARACIONES DE HORTALIZAS, FRUTAS U OTROS FRUTOS O DEMAS P"|114|6701560|8614822.69
18|88|"GENERAL DEHEZA"|20|"PREPARACIONES DE HORTALIZAS, FRUTAS U OTROS FRUTOS O DEMAS P"|49|2549934|3651537.1
19|88|"GENERAL DEHEZA"|20|"PREPARACIONES DE HORTALIZAS, FRUTAS U OTROS FRUTOS O DEMAS P"|99|4117180|5988780.66
20|88|"GENERAL DEHEZA"|20|"PREPARACIONES DE HORTALIZAS, FRUTAS U OTROS FRUTOS O DEMAS P"|76|4139666|5786973.04
21|88|"GENERAL DEHEZA"|20|"PREPARACIONES DE HORTALIZAS, FRUTAS U OTROS FRUTOS O DEMAS P"|80|3726440|5007504.52
22|88|"GENERAL DEHEZA"|20|"PREPARACIONES DE HORTALIZAS, FRUTAS U OTROS FRUTOS O DEMAS P"|102|5028102|7283513.82
23|88|"GENERAL DEHEZA"|20|"PREPARACIONES DE HORTALIZAS, FRUTAS U OTROS FRUTOS O DEMAS P"|106|5278361.2|7395021.34
24|88|"GENERAL DEHEZA"|20|"PREPARACIONES DE HORTALIZAS, FRUTAS U OTROS FRUTOS O DEMAS P"|76|3850110|5530553.34
25|88|"GENERAL DEHEZA"|20|"PREPARACIONES DE HORTALIZAS, FRUTAS U OTROS FRUTOS O DEMAS P"|98|5015950.2|6950861.99
26|88|"GENERAL DEHEZA"|20|"PREPARACIONES DE HORTALIZAS, FRUTAS U OTROS FRUTOS O DEMAS P"|137|7377734.4|10501557.7
27|88|"GENERAL DEHEZA"|20|"PREPARACIONES DE HORTALIZAS, FRUTAS U OTROS FRUTOS O DEMAS P"|146|7037572.4|10090421.02
28|88|"GENERAL DEHEZA"|20|"PREPARACIONES DE HORTALIZAS, FRUTAS U OTROS FRUTOS O DEMAS P"|99|5257387.6|7285592.58
29|88|"GENERAL DEHEZA"|20|"PREPARACIONES DE HORTALIZAS, FRUTAS U OTROS FRUTOS O DEMAS P"|142|7037596.2|9988048.12
30|88|"GENERAL DEHEZA"|20|"PREPARACIONES DE HORTALIZAS, FRUTAS U OTROS FRUTOS O DEMAS P"|175|9899156.2|13874944.24
31|88|"GENERAL DEHEZA"|20|"PREPARACIONES DE HORTALIZAS, FRUTAS U OTROS FRUTOS O DEMAS P"|161|8629570|12160973.29
32|88|"GENERAL DEHEZA"|20|"PREPARACIONES DE HORTALIZAS, FRUTAS U OTROS FRUTOS O DEMAS P"|153|9328397|12655910.32
33|88|"GENERAL DEHEZA"|20|"PREPARACIONES DE HORTALIZAS, FRUTAS U OTROS FRUTOS O DEMAS P"|138|7916454.8|10630793.55
34|88|"GENERAL DEHEZA"|20|"PREPARACIONES DE HORTALIZAS, FRUTAS U OTROS FRUTOS O DEMAS P"|189|12319897.8|17060027.08
35|88|"GENERAL DEHEZA"|20|"PREPARACIONES DE HORTALIZAS, FRUTAS U OTROS FRUTOS O DEMAS P"|191|12031076.6|16547296.63
36|88|"GENERAL DEHEZA"|20|"PREPARACIONES DE HORTALIZAS, FRUTAS U OTROS FRUTOS O DEMAS P"|160|8960818.2|12151579.13
37|88|"GENERAL DEHEZA"|20|"PREPARACIONES DE HORTALIZAS, FRUTAS U OTROS FRUTOS O DEMAS P"|192|11341675.2|15174015.86
38|88|"GENERAL DEHEZA"|20|"PREPARACIONES DE HORTALIZAS, FRUTAS U OTROS FRUTOS O DEMAS P"|141|9005450|12188136.74
39|88|"GENERAL DEHEZA"|20|"PREPARACIONES DE HORTALIZAS, FRUTAS U OTROS FRUTOS O DEMAS P"|204|12918887|17940646.68
40|88|"GENERAL DEHEZA"|20|"PREPARACIONES DE HORTALIZAS, FRUTAS U OTROS FRUTOS O DEMAS P"|157|8313712.2|11192367.95
41|88|"GENERAL DEHEZA"|20|"PREPARACIONES DE HORTALIZAS, FRUTAS U OTROS FRUTOS O DEMAS P"|150|8583909.9|11612357.73
42|88|"GENERAL DEHEZA"|20|"PREPARACIONES DE HORTALIZAS, FRUTAS U OTROS FRUTOS O DEMAS P"|184|11797940.2|16032952.21
43|88|"GENERAL DEHEZA"|20|"PREPARACIONES DE HORTALIZAS, FRUTAS U OTROS FRUTOS O DEMAS P"|162|9119025.6|12189103.82
44|88|"GENERAL DEHEZA"|20|"PREPARACIONES DE HORTALIZAS, FRUTAS U OTROS FRUTOS O DEMAS P"|176|10411738|14088889.35
45|88|"GENERAL DEHEZA"|20|"PREPARACIONES DE HORTALIZAS, FRUTAS U OTROS FRUTOS O DEMAS P"|163|8672798|11843473.53
46|88|"GENERAL DEHEZA"|20|"PREPARACIONES DE HORTALIZAS, FRUTAS U OTROS FRUTOS O DEMAS P"|190|12097669.4|16584991.63
47|88|"GENERAL DEHEZA"|20|"PREPARACIONES DE HORTALIZAS, FRUTAS U OTROS FRUTOS O DEMAS P"|156|8787334.2|12081798.97
48|88|"GENERAL DEHEZA"|20|"PREPARACIONES DE HORTALIZAS, FRUTAS U OTROS FRUTOS O DEMAS P"|198|10694529.2|14808755.28
49|88|"GENERAL DEHEZA"|20|"PREPARACIONES DE HORTALIZAS, FRUTAS U OTROS FRUTOS O DEMAS P"|185|10148899.8|13971748.39
50|88|"GENERAL DEHEZA"|20|"PREPARACIONES DE HORTALIZAS, FRUTAS U OTROS FRUTOS O DEMAS P"|231|13369993.8|18293041.76
51|88|"GENERAL DEHEZA"|20|"PREPARACIONES DE HORTALIZAS, FRUTAS U OTROS FRUTOS O DEMAS P"|208|10291031.4|14447993.2
52|88|"GENERAL DEHEZA"|20|"PREPARACIONES DE HORTALIZAS, FRUTAS U OTROS FRUTOS O DEMAS P"|30|1773786.2|2479365.05
53|88|"GENERAL DEHEZA"|20|"PREPARACIONES DE HORTALIZAS, FRUTAS U OTROS FRUTOS O DEMAS P"|148|7991034.8|11183729.09
54|88|"GENERAL DEHEZA"|20|"PREPARACIONES DE HORTALIZAS, FRUTAS U OTROS FRUTOS O DEMAS P"|161|10486108.8|14629243.32
55|88|"GENERAL DEHEZA"|20|"PREPARACIONES DE HORTALIZAS, FRUTAS U OTROS FRUTOS O DEMAS P"|151|7588621|10752710.54
56|88|"GENERAL DEHEZA"|20|"PREPARACIONES DE HORTALIZAS, FRUTAS U OTROS FRUTOS O DEMAS P"|134|8387128|11904463.57
57|88|"GENERAL DEHEZA"|20|"PREPARACIONES DE HORTALIZAS, FRUTAS U OTROS FRUTOS O DEMAS P"|151|8789345.4|12044337.37
58|88|"GENERAL DEHEZA"|20|"PREPARACIONES DE HORTALIZAS, FRUTAS U OTROS FRUTOS O DEMAS P"|173|9611047.8|13361158.87
59|88|"GENERAL DEHEZA"|20|"PREPARACIONES DE HORTALIZAS, FRUTAS U OTROS FRUTOS O DEMAS P"|74|3900484|5485320.12
60|88|"GENERAL DEHEZA"|20|"PREPARACIONES DE HORTALIZAS, FRUTAS U OTROS FRUTOS O DEMAS P"|202|12943296.6|18099572.24
61|88|"GENERAL DEHEZA"|20|"PREPARACIONES DE HORTALIZAS, FRUTAS U OTROS FRUTOS O DEMAS P"|166|10263406.31|14485723.23
62|88|"GENERAL DEHEZA"|20|"PREPARACIONES DE HORTALIZAS, FRUTAS U OTROS FRUTOS O DEMAS P"|158|9862379.4|13891638.46
63|88|"GENERAL DEHEZA"|20|"PREPARACIONES DE HORTALIZAS, FRUTAS U OTROS FRUTOS O DEMAS P"|139|7218196|10556798.73
64|88|"GENERAL DEHEZA"|20|"PREPARACIONES DE HORTALIZAS, FRUTAS U OTROS FRUTOS O DEMAS P"|81|6032017.11|8551497.08
65|88|"GENERAL DEHEZA"|20|"PREPARACIONES DE HORTALIZAS, FRUTAS U OTROS FRUTOS O DEMAS P"|143|7682092.8|11011866.71
66|88|"GENERAL DEHEZA"|20|"PREPARACIONES DE HORTALIZAS, FRUTAS U OTROS FRUTOS O DEMAS P"|98|4760198.6|6760597.49
67|88|"GENERAL DEHEZA"|20|"PREPARACIONES DE HORTALIZAS, FRUTAS U OTROS FRUTOS O DEMAS P"|142|9323978.8|13385538.87
68|88|"GENERAL DEHEZA"|20|"PREPARACIONES DE HORTALIZAS, FRUTAS U OTROS FRUTOS O DEMAS P"|150|8477776.6|12218483.44
69|88|"GENERAL DEHEZA"|20|"PREPARACIONES DE HORTALIZAS, FRUTAS U OTROS FRUTOS O DEMAS P"|170|7100960|10222003.42
70|88|"GENERAL DEHEZA"|20|"PREPARACIONES DE HORTALIZAS, FRUTAS U OTROS FRUTOS O DEMAS P"|116|7386380|10306271.31
71|88|"GENERAL DEHEZA"|20|"PREPARACIONES DE HORTALIZAS, FRUTAS U OTROS FRUTOS O DEMAS P"|174|8323783|11704100.82
72|88|"GENERAL DEHEZA"|20|"PREPARACIONES DE HORTALIZAS, FRUTAS U OTROS FRUTOS O DEMAS P"|124|8307509|11769477.74
73|88|"GENERAL DEHEZA"|20|"PREPARACIONES DE HORTALIZAS, FRUTAS U OTROS FRUTOS O DEMAS P"|167|9110238.4|12566763.04
74|88|"GENERAL DEHEZA"|20|"PREPARACIONES DE HORTALIZAS, FRUTAS U OTROS FRUTOS O DEMAS P"|161|8737318|12167295.93
75|88|"GENERAL DEHEZA"|20|"PREPARACIONES DE HORTALIZAS, FRUTAS U OTROS FRUTOS O DEMAS P"|154|7995864.6|10770903.04
76|88|"GENERAL DEHEZA"|20|"PREPARACIONES DE HORTALIZAS, FRUTAS U OTROS FRUTOS O DEMAS P"|171|9652313.8|13132351.61
77|88|"GENERAL DEHEZA"|20|"PREPARACIONES DE HORTALIZAS, FRUTAS U OTROS FRUTOS O DEMAS P"|161|7443914.8|9806622.7
78|88|"GENERAL DEHEZA"|20|"PREPARACIONES DE HORTALIZAS, FRUTAS U OTROS FRUTOS O DEMAS P"|189|10555222.6|14257336.49
79|88|"GENERAL DEHEZA"|20|"PREPARACIONES DE HORTALIZAS, FRUTAS U OTROS FRUTOS O DEMAS P"|181|10360282.8|13401531.62
80|88|"GENERAL DEHEZA"|20|"PREPARACIONES DE HORTALIZAS, FRUTAS U OTROS FRUTOS O DEMAS P"|191|9682447.8|12764112.45
81|88|"GENERAL DEHEZA"|20|"PREPARACIONES DE HORTALIZAS, FRUTAS U OTROS FRUTOS O DEMAS P"|162|8882075.6|11772313.06
82|88|"GENERAL DEHEZA"|20|"PREPARACIONES DE HORTALIZAS, FRUTAS U OTROS FRUTOS O DEMAS P"|261|16190937|20917918.16
83|88|"GENERAL DEHEZA"|20|"PREPARACIONES DE HORTALIZAS, FRUTAS U OTROS FRUTOS O DEMAS P"|190|10243171.6|13143548.25
84|88|"GENERAL DEHEZA"|20|"PREPARACIONES DE HORTALIZAS, FRUTAS U OTROS FRUTOS O DEMAS P"|215|12762736.2|16813409.32
85|88|"GENERAL DEHEZA"|20|"PREPARACIONES DE HORTALIZAS, FRUTAS U OTROS FRUTOS O DEMAS P"|200|10730334.2|13562221.32
86|88|"GENERAL DEHEZA"|20|"PREPARACIONES DE HORTALIZAS, FRUTAS U OTROS FRUTOS O DEMAS P"|217|12701048|16364605.4
87|88|"GENERAL DEHEZA"|20|"PREPARACIONES DE HORTALIZAS, FRUTAS U OTROS FRUTOS O DEMAS P"|230|11716042.3|14669672.35
88|88|"GENERAL DEHEZA"|20|"PREPARACIONES DE HORTALIZAS, FRUTAS U OTROS FRUTOS O DEMAS P"|176|11089166.2|13794756.67
89|88|"GENERAL DEHEZA"|20|"PREPARACIONES DE HORTALIZAS, FRUTAS U OTROS FRUTOS O DEMAS P"|216|10465795.6|13297569.5
90|88|"GENERAL DEHEZA"|20|"PREPARACIONES DE HORTALIZAS, FRUTAS U OTROS FRUTOS O DEMAS P"|223|12109187.8|15279236.09
91|88|"GENERAL DEHEZA"|20|"PREPARACIONES DE HORTALIZAS, FRUTAS U OTROS FRUTOS O DEMAS P"|181|8896927|11302514.83
92|88|"GENERAL DEHEZA"|20|"PREPARACIONES DE HORTALIZAS, FRUTAS U OTROS FRUTOS O DEMAS P"|228|12495245.4|15341636.36
93|88|"GENERAL DEHEZA"|20|"PREPARACIONES DE HORTALIZAS, FRUTAS U OTROS FRUTOS O DEMAS P"|190|10696431.6|13124670.75
94|88|"GENERAL DEHEZA"|20|"PREPARACIONES DE HORTALIZAS, FRUTAS U OTROS FRUTOS O DEMAS P"|275|13541563.6|16619618.98
95|88|"GENERAL DEHEZA"|20|"PREPARACIONES DE HORTALIZAS, FRUTAS U OTROS FRUTOS O DEMAS P"|236|14569743.04|17725437.41
96|88|"GENERAL DEHEZA"|20|"PREPARACIONES DE HORTALIZAS, FRUTAS U OTROS FRUTOS O DEMAS P"|189|10980711|13087922.24
97|88|"GENERAL DEHEZA"|20|"PREPARACIONES DE HORTALIZAS, FRUTAS U OTROS FRUTOS O DEMAS P"|218|12671556.8|15408310.92
98|88|"GENERAL DEHEZA"|20|"PREPARACIONES DE HORTALIZAS, FRUTAS U OTROS FRUTOS O DEMAS P"|210|12199172.6|14777822.3
99|88|"GENERAL DEHEZA"|20|"PREPARACIONES DE HORTALIZAS, FRUTAS U OTROS FRUTOS O DEMAS P"|234|12466838.6|14763088.76
100|88|"GENERAL DEHEZA"|20|"PREPARACIONES DE HORTALIZAS, FRUTAS U OTROS FRUTOS O DEMAS P"|199|13086924.2|15525203.65
101|88|"GENERAL DEHEZA"|20|"PREPARACIONES DE HORTALIZAS, FRUTAS U OTROS FRUTOS O DEMAS P"|134|9323802.2|10919413.26
102|88|"GENERAL DEHEZA"|20|"PREPARACIONES DE HORTALIZAS, FRUTAS U OTROS FRUTOS O DEMAS P"|253|13086831.4|15915338.71
103|88|"GENERAL DEHEZA"|20|"PREPARACIONES DE HORTALIZAS, FRUTAS U OTROS FRUTOS O DEMAS P"|233|13733948.6|16503549.95
104|88|"GENERAL DEHEZA"|20|"PREPARACIONES DE HORTALIZAS, FRUTAS U OTROS FRUTOS O DEMAS P"|139|7887796|9374341.28
