"semana"|"aduana"|"aduana_desc"|"mercaderia"|"mercaderia_desc"|"cantidad"|"kilos"|"importe"
1|88|"GENERAL DEHEZA"|2|"CARNE Y DESPOJOS COMESTIBLES"|5|95682.2|201913.32
2|88|"GENERAL DEHEZA"|2|"CARNE Y DESPOJOS COMESTIBLES"|8|170887.8|246969.58
3|88|"GENERAL DEHEZA"|2|"CARNE Y DESPOJOS COMESTIBLES"|9|200497|297510.77
4|88|"GENERAL DEHEZA"|2|"CARNE Y DESPOJOS COMESTIBLES"|12|296500|419602.19
5|88|"GENERAL DEHEZA"|2|"CARNE Y DESPOJOS COMESTIBLES"|14|342972|568918.42
6|88|"GENERAL DEHEZA"|2|"CARNE Y DESPOJOS COMESTIBLES"|11|250475.6|367835.34
7|88|"GENERAL DEHEZA"|2|"CARNE Y DESPOJOS COMESTIBLES"|9|175040.8|263218.53
8|88|"GENERAL DEHEZA"|2|"CARNE Y DESPOJOS COMESTIBLES"|7|312192.8|631680.21
9|88|"GENERAL DEHEZA"|2|"CARNE Y DESPOJOS COMESTIBLES"|6|218598|383471.34
10|88|"GENERAL DEHEZA"|2|"CARNE Y DESPOJOS COMESTIBLES"|7|175487.8|262969.05
11|88|"GENERAL DEHEZA"|2|"CARNE Y DESPOJOS COMESTIBLES"|5|121000|220306.25
12|88|"GENERAL DEHEZA"|2|"CARNE Y DESPOJOS COMESTIBLES"|7|170995|305625.52
13|88|"GENERAL DEHEZA"|2|"CARNE Y DESPOJOS COMESTIBLES"|8|191496.8|406152.16
14|88|"GENERAL DEHEZA"|2|"CARNE Y DESPOJOS COMESTIBLES"|6|146000|297455.54
15|88|"GENERAL DEHEZA"|2|"CARNE Y DESPOJOS COMESTIBLES"|7|171510|336280.97
16|88|"GENERAL DEHEZA"|2|"CARNE Y DESPOJOS COMESTIBLES"|4|96005|197303.77
17|88|"GENERAL DEHEZA"|2|"CARNE Y DESPOJOS COMESTIBLES"|9|221007.8|402115.61
18|88|"GENERAL DEHEZA"|2|"CARNE Y DESPOJOS COMESTIBLES"|2|118605.6|251489.52
19|88|"GENERAL DEHEZA"|2|"CARNE Y DESPOJOS COMESTIBLES"|8|333177|670442.45
20|88|"GENERAL DEHEZA"|2|"CARNE Y DESPOJOS COMESTIBLES"|9|384315|864574.5
21|88|"GENERAL DEHEZA"|2|"CARNE Y DESPOJOS COMESTIBLES"|8|229500|291449.08
22|88|"GENERAL DEHEZA"|2|"CARNE Y DESPOJOS COMESTIBLES"|5|144000|287894.8
23|88|"GENERAL DEHEZA"|2|"CARNE Y DESPOJOS COMESTIBLES"|9|271980|509752.25
24|88|"GENERAL DEHEZA"|2|"CARNE Y DESPOJOS COMESTIBLES"|12|396112|761480.03
25|88|"GENERAL DEHEZA"|2|"CARNE Y DESPOJOS COMESTIBLES"|4|271600|591605
26|88|"GENERAL DEHEZA"|2|"CARNE Y DESPOJOS COMESTIBLES"|8|197416|360314.36
27|88|"GENERAL DEHEZA"|2|"CARNE Y DESPOJOS COMESTIBLES"|9|394080|814325.75
28|88|"GENERAL DEHEZA"|2|"CARNE Y DESPOJOS COMESTIBLES"|11|324638.8|579623.52
29|88|"GENERAL DEHEZA"|2|"CARNE Y DESPOJOS COMESTIBLES"|10|488585|1074992.73
30|88|"GENERAL DEHEZA"|2|"CARNE Y DESPOJOS COMESTIBLES"|9|222004.8|399427.94
31|88|"GENERAL DEHEZA"|2|"CARNE Y DESPOJOS COMESTIBLES"|7|191320|439111.25
32|88|"GENERAL DEHEZA"|2|"CARNE Y DESPOJOS COMESTIBLES"|7|297279.8|599115.43
33|88|"GENERAL DEHEZA"|2|"CARNE Y DESPOJOS COMESTIBLES"|10|277993.4|413986.88
34|88|"GENERAL DEHEZA"|2|"CARNE Y DESPOJOS COMESTIBLES"|7|193959.4|405031.6
35|88|"GENERAL DEHEZA"|2|"CARNE Y DESPOJOS COMESTIBLES"|6|147000|261737
36|88|"GENERAL DEHEZA"|2|"CARNE Y DESPOJOS COMESTIBLES"|7|221988|435221.2
37|88|"GENERAL DEHEZA"|2|"CARNE Y DESPOJOS COMESTIBLES"|11|545083.2|1016745.71
38|88|"GENERAL DEHEZA"|2|"CARNE Y DESPOJOS COMESTIBLES"|6|199500|279800
39|88|"GENERAL DEHEZA"|2|"CARNE Y DESPOJOS COMESTIBLES"|8|222999.2|350221.03
40|88|"GENERAL DEHEZA"|2|"CARNE Y DESPOJOS COMESTIBLES"|6|148000|270960
41|88|"GENERAL DEHEZA"|2|"CARNE Y DESPOJOS COMESTIBLES"|6|146991.2|296695.64
42|88|"GENERAL DEHEZA"|2|"CARNE Y DESPOJOS COMESTIBLES"|7|200957.6|319899.62
43|88|"GENERAL DEHEZA"|2|"CARNE Y DESPOJOS COMESTIBLES"|8|195996|338334.94
44|88|"GENERAL DEHEZA"|2|"CARNE Y DESPOJOS COMESTIBLES"|6|168485.6|339408.81
45|88|"GENERAL DEHEZA"|2|"CARNE Y DESPOJOS COMESTIBLES"|5|174000|223105.66
46|88|"GENERAL DEHEZA"|2|"CARNE Y DESPOJOS COMESTIBLES"|5|97082.8|159985.88
47|88|"GENERAL DEHEZA"|2|"CARNE Y DESPOJOS COMESTIBLES"|2|75495|128197.51
48|88|"GENERAL DEHEZA"|2|"CARNE Y DESPOJOS COMESTIBLES"|3|100020|128460.33
49|88|"GENERAL DEHEZA"|2|"CARNE Y DESPOJOS COMESTIBLES"|7|171965.6|310132.04
50|88|"GENERAL DEHEZA"|2|"CARNE Y DESPOJOS COMESTIBLES"|6|301005|440917.25
51|88|"GENERAL DEHEZA"|2|"CARNE Y DESPOJOS COMESTIBLES"|7|354500|440035
52|88|"GENERAL DEHEZA"|2|"CARNE Y DESPOJOS COMESTIBLES"|2|151000|223400
53|88|"GENERAL DEHEZA"|2|"CARNE Y DESPOJOS COMESTIBLES"|2|50000|83664
54|88|"GENERAL DEHEZA"|2|"CARNE Y DESPOJOS COMESTIBLES"|4|100500|141227
55|88|"GENERAL DEHEZA"|2|"CARNE Y DESPOJOS COMESTIBLES"|8|374492|484207.9
56|88|"GENERAL DEHEZA"|2|"CARNE Y DESPOJOS COMESTIBLES"|8|171510.4|329433.64
57|88|"GENERAL DEHEZA"|2|"CARNE Y DESPOJOS COMESTIBLES"|6|125993|182734.46
58|88|"GENERAL DEHEZA"|2|"CARNE Y DESPOJOS COMESTIBLES"|7|226496.8|276501.88
59|88|"GENERAL DEHEZA"|2|"CARNE Y DESPOJOS COMESTIBLES"|6|151984|195890.42
60|88|"GENERAL DEHEZA"|2|"CARNE Y DESPOJOS COMESTIBLES"|6|176477.6|223693.64
61|88|"GENERAL DEHEZA"|2|"CARNE Y DESPOJOS COMESTIBLES"|5|126486.4|167278.7
62|88|"GENERAL DEHEZA"|2|"CARNE Y DESPOJOS COMESTIBLES"|6|226511.2|260215.68
63|88|"GENERAL DEHEZA"|2|"CARNE Y DESPOJOS COMESTIBLES"|5|121492.8|195992.66
64|88|"GENERAL DEHEZA"|2|"CARNE Y DESPOJOS COMESTIBLES"|6|174038.4|256846.56
65|88|"GENERAL DEHEZA"|2|"CARNE Y DESPOJOS COMESTIBLES"|3|75522.4|88696.72
66|88|"GENERAL DEHEZA"|2|"CARNE Y DESPOJOS COMESTIBLES"|5|127000|205818.34
67|88|"GENERAL DEHEZA"|2|"CARNE Y DESPOJOS COMESTIBLES"|6|202505|203095.56
68|88|"GENERAL DEHEZA"|2|"CARNE Y DESPOJOS COMESTIBLES"|3|150500|198285.6
69|88|"GENERAL DEHEZA"|2|"CARNE Y DESPOJOS COMESTIBLES"|5|202000|299810.02
70|88|"GENERAL DEHEZA"|2|"CARNE Y DESPOJOS COMESTIBLES"|5|151500|174872.74
71|88|"GENERAL DEHEZA"|2|"CARNE Y DESPOJOS COMESTIBLES"|3|101000|141500
72|88|"GENERAL DEHEZA"|2|"CARNE Y DESPOJOS COMESTIBLES"|8|200015.2|309604.78
73|88|"GENERAL DEHEZA"|2|"CARNE Y DESPOJOS COMESTIBLES"|3|101020|109885.56
74|88|"GENERAL DEHEZA"|2|"CARNE Y DESPOJOS COMESTIBLES"|9|226515|327849.57
75|88|"GENERAL DEHEZA"|2|"CARNE Y DESPOJOS COMESTIBLES"|5|127000|125026.72
76|88|"GENERAL DEHEZA"|2|"CARNE Y DESPOJOS COMESTIBLES"|1|25000|31750
77|88|"GENERAL DEHEZA"|2|"CARNE Y DESPOJOS COMESTIBLES"|15|380561|462323.79
78|88|"GENERAL DEHEZA"|2|"CARNE Y DESPOJOS COMESTIBLES"|4|101495|136241.35
79|88|"GENERAL DEHEZA"|2|"CARNE Y DESPOJOS COMESTIBLES"|2|50500|74775
80|88|"GENERAL DEHEZA"|2|"CARNE Y DESPOJOS COMESTIBLES"|2|46000|87670.67
81|88|"GENERAL DEHEZA"|2|"CARNE Y DESPOJOS COMESTIBLES"|6|152005|151790.72
82|88|"GENERAL DEHEZA"|2|"CARNE Y DESPOJOS COMESTIBLES"|5|126995|184726.83
83|88|"GENERAL DEHEZA"|2|"CARNE Y DESPOJOS COMESTIBLES"|2|40432|129382.4
84|88|"GENERAL DEHEZA"|2|"CARNE Y DESPOJOS COMESTIBLES"|2|49186.4|64720.28
85|88|"GENERAL DEHEZA"|2|"CARNE Y DESPOJOS COMESTIBLES"|5|128000|226000
86|88|"GENERAL DEHEZA"|2|"CARNE Y DESPOJOS COMESTIBLES"|4|98589.6|136601.39
87|88|"GENERAL DEHEZA"|2|"CARNE Y DESPOJOS COMESTIBLES"|8|192051.2|313614.13
88|88|"GENERAL DEHEZA"|2|"CARNE Y DESPOJOS COMESTIBLES"|8|197841.8|299703.26
89|88|"GENERAL DEHEZA"|2|"CARNE Y DESPOJOS COMESTIBLES"|7|178105|238389.86
90|88|"GENERAL DEHEZA"|2|"CARNE Y DESPOJOS COMESTIBLES"|8|190544|341320.48
91|88|"GENERAL DEHEZA"|2|"CARNE Y DESPOJOS COMESTIBLES"|23|587008|949470.61
92|88|"GENERAL DEHEZA"|2|"CARNE Y DESPOJOS COMESTIBLES"|3|74260|104166.5
93|88|"GENERAL DEHEZA"|2|"CARNE Y DESPOJOS COMESTIBLES"|13|324860|580827.03
94|88|"GENERAL DEHEZA"|2|"CARNE Y DESPOJOS COMESTIBLES"|18|456000|639955.79
95|88|"GENERAL DEHEZA"|2|"CARNE Y DESPOJOS COMESTIBLES"|8|204000|329623.45
96|88|"GENERAL DEHEZA"|2|"CARNE Y DESPOJOS COMESTIBLES"|13|350532|506883.42
97|88|"GENERAL DEHEZA"|2|"CARNE Y DESPOJOS COMESTIBLES"|8|203500|277531.65
98|88|"GENERAL DEHEZA"|2|"CARNE Y DESPOJOS COMESTIBLES"|6|151408|235693.8
99|88|"GENERAL DEHEZA"|2|"CARNE Y DESPOJOS COMESTIBLES"|14|351204|543209.89
100|88|"GENERAL DEHEZA"|2|"CARNE Y DESPOJOS COMESTIBLES"|17|420388|649776.8
101|88|"GENERAL DEHEZA"|2|"CARNE Y DESPOJOS COMESTIBLES"|8|200801|253736.95
102|88|"GENERAL DEHEZA"|2|"CARNE Y DESPOJOS COMESTIBLES"|18|453115|771126
103|88|"GENERAL DEHEZA"|2|"CARNE Y DESPOJOS COMESTIBLES"|9|224977|347920.14
104|88|"GENERAL DEHEZA"|2|"CARNE Y DESPOJOS COMESTIBLES"|4|101500|123150
