"semana"|"aduana"|"aduana_desc"|"mercaderia"|"mercaderia_desc"|"cantidad"|"kilos"|"importe"
5|84|"SANTO TOME"|90|"INSTRUMENTOS Y APARATOS DE OPTICA, FOTOGRAFIA O CINEMATOGRAF"|1|4.3|1053
19|84|"SANTO TOME"|90|"INSTRUMENTOS Y APARATOS DE OPTICA, FOTOGRAFIA O CINEMATOGRAF"|1|24.21|604
35|84|"SANTO TOME"|90|"INSTRUMENTOS Y APARATOS DE OPTICA, FOTOGRAFIA O CINEMATOGRAF"|1|59.02|1579.5
43|84|"SANTO TOME"|90|"INSTRUMENTOS Y APARATOS DE OPTICA, FOTOGRAFIA O CINEMATOGRAF"|1|20.77|604
44|84|"SANTO TOME"|90|"INSTRUMENTOS Y APARATOS DE OPTICA, FOTOGRAFIA O CINEMATOGRAF"|1|36.83|1053
76|84|"SANTO TOME"|90|"INSTRUMENTOS Y APARATOS DE OPTICA, FOTOGRAFIA O CINEMATOGRAF"|1|1.15|433.05
