"semana"|"aduana"|"aduana_desc"|"mercaderia"|"mercaderia_desc"|"cantidad"|"kilos"|"importe"
68|91|"BS.AS. NORTE"|44|"MADERA, CARBON VEGETAL Y MANUFACTURAS DE MADERA"|1|440.52|1424.4
69|91|"BS.AS. NORTE"|44|"MADERA, CARBON VEGETAL Y MANUFACTURAS DE MADERA"|19|2599.64|3878.88
70|91|"BS.AS. NORTE"|44|"MADERA, CARBON VEGETAL Y MANUFACTURAS DE MADERA"|7|184051.36|97168
71|91|"BS.AS. NORTE"|44|"MADERA, CARBON VEGETAL Y MANUFACTURAS DE MADERA"|19|60101.49|69361.7
72|91|"BS.AS. NORTE"|44|"MADERA, CARBON VEGETAL Y MANUFACTURAS DE MADERA"|15|173529.46|118184.45
73|91|"BS.AS. NORTE"|44|"MADERA, CARBON VEGETAL Y MANUFACTURAS DE MADERA"|16|36707.33|17819.29
74|91|"BS.AS. NORTE"|44|"MADERA, CARBON VEGETAL Y MANUFACTURAS DE MADERA"|29|228869.61|290497.67
75|91|"BS.AS. NORTE"|44|"MADERA, CARBON VEGETAL Y MANUFACTURAS DE MADERA"|11|220628.45|114951.25
76|91|"BS.AS. NORTE"|44|"MADERA, CARBON VEGETAL Y MANUFACTURAS DE MADERA"|15|85447.22|48007.88
77|91|"BS.AS. NORTE"|44|"MADERA, CARBON VEGETAL Y MANUFACTURAS DE MADERA"|32|270195.64|136272.02
78|91|"BS.AS. NORTE"|44|"MADERA, CARBON VEGETAL Y MANUFACTURAS DE MADERA"|16|149039.18|102872.22
79|91|"BS.AS. NORTE"|44|"MADERA, CARBON VEGETAL Y MANUFACTURAS DE MADERA"|7|42673.32|22344.3
80|91|"BS.AS. NORTE"|44|"MADERA, CARBON VEGETAL Y MANUFACTURAS DE MADERA"|19|307919.2|146670.4
81|91|"BS.AS. NORTE"|44|"MADERA, CARBON VEGETAL Y MANUFACTURAS DE MADERA"|10|148704.44|63786.83
82|91|"BS.AS. NORTE"|44|"MADERA, CARBON VEGETAL Y MANUFACTURAS DE MADERA"|31|413693.64|200879.96
83|91|"BS.AS. NORTE"|44|"MADERA, CARBON VEGETAL Y MANUFACTURAS DE MADERA"|19|243405.16|121500.12
84|91|"BS.AS. NORTE"|44|"MADERA, CARBON VEGETAL Y MANUFACTURAS DE MADERA"|22|291328.63|146666.9
85|91|"BS.AS. NORTE"|44|"MADERA, CARBON VEGETAL Y MANUFACTURAS DE MADERA"|9|271872.52|131591.84
86|91|"BS.AS. NORTE"|44|"MADERA, CARBON VEGETAL Y MANUFACTURAS DE MADERA"|22|186397.61|130867.51
87|91|"BS.AS. NORTE"|44|"MADERA, CARBON VEGETAL Y MANUFACTURAS DE MADERA"|20|232230|140886.43
88|91|"BS.AS. NORTE"|44|"MADERA, CARBON VEGETAL Y MANUFACTURAS DE MADERA"|22|118084.6|106336.82
89|91|"BS.AS. NORTE"|44|"MADERA, CARBON VEGETAL Y MANUFACTURAS DE MADERA"|15|89811.85|58166.84
90|91|"BS.AS. NORTE"|44|"MADERA, CARBON VEGETAL Y MANUFACTURAS DE MADERA"|14|399879.35|210543.63
91|91|"BS.AS. NORTE"|44|"MADERA, CARBON VEGETAL Y MANUFACTURAS DE MADERA"|18|66693.44|54280.36
92|91|"BS.AS. NORTE"|44|"MADERA, CARBON VEGETAL Y MANUFACTURAS DE MADERA"|28|169018.41|171993.38
93|91|"BS.AS. NORTE"|44|"MADERA, CARBON VEGETAL Y MANUFACTURAS DE MADERA"|20|88534.09|43501.31
94|91|"BS.AS. NORTE"|44|"MADERA, CARBON VEGETAL Y MANUFACTURAS DE MADERA"|20|143301.96|85227.74
95|91|"BS.AS. NORTE"|44|"MADERA, CARBON VEGETAL Y MANUFACTURAS DE MADERA"|24|66710.76|50854.49
96|91|"BS.AS. NORTE"|44|"MADERA, CARBON VEGETAL Y MANUFACTURAS DE MADERA"|19|149508.15|102448.75
97|91|"BS.AS. NORTE"|44|"MADERA, CARBON VEGETAL Y MANUFACTURAS DE MADERA"|18|289318.24|147696.39
98|91|"BS.AS. NORTE"|44|"MADERA, CARBON VEGETAL Y MANUFACTURAS DE MADERA"|12|45430.09|25360.14
99|91|"BS.AS. NORTE"|44|"MADERA, CARBON VEGETAL Y MANUFACTURAS DE MADERA"|17|45106.34|47081.11
100|91|"BS.AS. NORTE"|44|"MADERA, CARBON VEGETAL Y MANUFACTURAS DE MADERA"|13|126347.52|78173.03
101|91|"BS.AS. NORTE"|44|"MADERA, CARBON VEGETAL Y MANUFACTURAS DE MADERA"|7|138891.4|77037.25
102|91|"BS.AS. NORTE"|44|"MADERA, CARBON VEGETAL Y MANUFACTURAS DE MADERA"|31|37576.18|60008.18
103|91|"BS.AS. NORTE"|44|"MADERA, CARBON VEGETAL Y MANUFACTURAS DE MADERA"|14|24628.31|26567.74
104|91|"BS.AS. NORTE"|44|"MADERA, CARBON VEGETAL Y MANUFACTURAS DE MADERA"|10|47185.17|39974.2
