"semana"|"aduana"|"aduana_desc"|"mercaderia"|"mercaderia_desc"|"cantidad"|"kilos"|"importe"
1|88|"GENERAL DEHEZA"|15|"GRASAS Y ACEITES ANIMALES O VEGETALES; PRODUCTOS DE SU DESDO"|7|457686|504573.4
2|88|"GENERAL DEHEZA"|15|"GRASAS Y ACEITES ANIMALES O VEGETALES; PRODUCTOS DE SU DESDO"|24|2387452|2753697.96
3|88|"GENERAL DEHEZA"|15|"GRASAS Y ACEITES ANIMALES O VEGETALES; PRODUCTOS DE SU DESDO"|23|2034486|2397850.69
4|88|"GENERAL DEHEZA"|15|"GRASAS Y ACEITES ANIMALES O VEGETALES; PRODUCTOS DE SU DESDO"|17|1668691|1845433.64
5|88|"GENERAL DEHEZA"|15|"GRASAS Y ACEITES ANIMALES O VEGETALES; PRODUCTOS DE SU DESDO"|20|1645799|1635711.5
6|88|"GENERAL DEHEZA"|15|"GRASAS Y ACEITES ANIMALES O VEGETALES; PRODUCTOS DE SU DESDO"|17|1111849|1187992.6
7|88|"GENERAL DEHEZA"|15|"GRASAS Y ACEITES ANIMALES O VEGETALES; PRODUCTOS DE SU DESDO"|24|1636096|1714155.24
8|88|"GENERAL DEHEZA"|15|"GRASAS Y ACEITES ANIMALES O VEGETALES; PRODUCTOS DE SU DESDO"|28|2888823|2965697.1
9|88|"GENERAL DEHEZA"|15|"GRASAS Y ACEITES ANIMALES O VEGETALES; PRODUCTOS DE SU DESDO"|16|1117802|1025662.14
10|88|"GENERAL DEHEZA"|15|"GRASAS Y ACEITES ANIMALES O VEGETALES; PRODUCTOS DE SU DESDO"|13|1202495.57|1203172.57
11|88|"GENERAL DEHEZA"|15|"GRASAS Y ACEITES ANIMALES O VEGETALES; PRODUCTOS DE SU DESDO"|23|1820249|1812326.15
12|88|"GENERAL DEHEZA"|15|"GRASAS Y ACEITES ANIMALES O VEGETALES; PRODUCTOS DE SU DESDO"|18|1629163|1651245.38
13|88|"GENERAL DEHEZA"|15|"GRASAS Y ACEITES ANIMALES O VEGETALES; PRODUCTOS DE SU DESDO"|36|3578153|4052274.31
14|88|"GENERAL DEHEZA"|15|"GRASAS Y ACEITES ANIMALES O VEGETALES; PRODUCTOS DE SU DESDO"|31|3016197|2974547
15|88|"GENERAL DEHEZA"|15|"GRASAS Y ACEITES ANIMALES O VEGETALES; PRODUCTOS DE SU DESDO"|15|1537234.87|1463099.28
16|88|"GENERAL DEHEZA"|15|"GRASAS Y ACEITES ANIMALES O VEGETALES; PRODUCTOS DE SU DESDO"|15|1320091|1249749.92
17|88|"GENERAL DEHEZA"|15|"GRASAS Y ACEITES ANIMALES O VEGETALES; PRODUCTOS DE SU DESDO"|28|2557271|2570040.65
18|88|"GENERAL DEHEZA"|15|"GRASAS Y ACEITES ANIMALES O VEGETALES; PRODUCTOS DE SU DESDO"|17|2504820|2624859.14
19|88|"GENERAL DEHEZA"|15|"GRASAS Y ACEITES ANIMALES O VEGETALES; PRODUCTOS DE SU DESDO"|25|3664234|4276764.34
20|88|"GENERAL DEHEZA"|15|"GRASAS Y ACEITES ANIMALES O VEGETALES; PRODUCTOS DE SU DESDO"|20|2939556|2957802.99
21|88|"GENERAL DEHEZA"|15|"GRASAS Y ACEITES ANIMALES O VEGETALES; PRODUCTOS DE SU DESDO"|17|2487863|2323565.83
22|88|"GENERAL DEHEZA"|15|"GRASAS Y ACEITES ANIMALES O VEGETALES; PRODUCTOS DE SU DESDO"|36|3307719|3283644.82
23|88|"GENERAL DEHEZA"|15|"GRASAS Y ACEITES ANIMALES O VEGETALES; PRODUCTOS DE SU DESDO"|24|1487566|1603895.85
24|88|"GENERAL DEHEZA"|15|"GRASAS Y ACEITES ANIMALES O VEGETALES; PRODUCTOS DE SU DESDO"|30|3226994|3153523.26
25|88|"GENERAL DEHEZA"|15|"GRASAS Y ACEITES ANIMALES O VEGETALES; PRODUCTOS DE SU DESDO"|17|1212605|1225672.2
26|88|"GENERAL DEHEZA"|15|"GRASAS Y ACEITES ANIMALES O VEGETALES; PRODUCTOS DE SU DESDO"|26|3312425|2856324.6
27|88|"GENERAL DEHEZA"|15|"GRASAS Y ACEITES ANIMALES O VEGETALES; PRODUCTOS DE SU DESDO"|22|1658951|1700810.73
28|88|"GENERAL DEHEZA"|15|"GRASAS Y ACEITES ANIMALES O VEGETALES; PRODUCTOS DE SU DESDO"|18|1651946|1693744.18
29|88|"GENERAL DEHEZA"|15|"GRASAS Y ACEITES ANIMALES O VEGETALES; PRODUCTOS DE SU DESDO"|21|2183990|2095997.6
30|88|"GENERAL DEHEZA"|15|"GRASAS Y ACEITES ANIMALES O VEGETALES; PRODUCTOS DE SU DESDO"|21|624622|775001.28
31|88|"GENERAL DEHEZA"|15|"GRASAS Y ACEITES ANIMALES O VEGETALES; PRODUCTOS DE SU DESDO"|14|2490544.2|2935978.25
32|88|"GENERAL DEHEZA"|15|"GRASAS Y ACEITES ANIMALES O VEGETALES; PRODUCTOS DE SU DESDO"|15|2263509|2357492.64
33|88|"GENERAL DEHEZA"|15|"GRASAS Y ACEITES ANIMALES O VEGETALES; PRODUCTOS DE SU DESDO"|10|673667|588679.44
34|88|"GENERAL DEHEZA"|15|"GRASAS Y ACEITES ANIMALES O VEGETALES; PRODUCTOS DE SU DESDO"|15|1080518|1112409.42
35|88|"GENERAL DEHEZA"|15|"GRASAS Y ACEITES ANIMALES O VEGETALES; PRODUCTOS DE SU DESDO"|17|1420714|1444137.77
36|88|"GENERAL DEHEZA"|15|"GRASAS Y ACEITES ANIMALES O VEGETALES; PRODUCTOS DE SU DESDO"|31|1786310|2138730.9
37|88|"GENERAL DEHEZA"|15|"GRASAS Y ACEITES ANIMALES O VEGETALES; PRODUCTOS DE SU DESDO"|17|1888179|1823298.33
38|88|"GENERAL DEHEZA"|15|"GRASAS Y ACEITES ANIMALES O VEGETALES; PRODUCTOS DE SU DESDO"|18|1991555|2073505.68
39|88|"GENERAL DEHEZA"|15|"GRASAS Y ACEITES ANIMALES O VEGETALES; PRODUCTOS DE SU DESDO"|26|1347480|1385840.43
40|88|"GENERAL DEHEZA"|15|"GRASAS Y ACEITES ANIMALES O VEGETALES; PRODUCTOS DE SU DESDO"|28|1895094|1705206.45
41|88|"GENERAL DEHEZA"|15|"GRASAS Y ACEITES ANIMALES O VEGETALES; PRODUCTOS DE SU DESDO"|35|3607902|3911389.53
42|88|"GENERAL DEHEZA"|15|"GRASAS Y ACEITES ANIMALES O VEGETALES; PRODUCTOS DE SU DESDO"|18|2674417|2141609.76
43|88|"GENERAL DEHEZA"|15|"GRASAS Y ACEITES ANIMALES O VEGETALES; PRODUCTOS DE SU DESDO"|15|1604301|1540544.76
44|88|"GENERAL DEHEZA"|15|"GRASAS Y ACEITES ANIMALES O VEGETALES; PRODUCTOS DE SU DESDO"|32|2479560|2574543.14
45|88|"GENERAL DEHEZA"|15|"GRASAS Y ACEITES ANIMALES O VEGETALES; PRODUCTOS DE SU DESDO"|10|623100|572794.99
46|88|"GENERAL DEHEZA"|15|"GRASAS Y ACEITES ANIMALES O VEGETALES; PRODUCTOS DE SU DESDO"|13|1327947|1371235.31
47|88|"GENERAL DEHEZA"|15|"GRASAS Y ACEITES ANIMALES O VEGETALES; PRODUCTOS DE SU DESDO"|14|3137070|3425354.89
48|88|"GENERAL DEHEZA"|15|"GRASAS Y ACEITES ANIMALES O VEGETALES; PRODUCTOS DE SU DESDO"|19|1503253.73|1592374.63
49|88|"GENERAL DEHEZA"|15|"GRASAS Y ACEITES ANIMALES O VEGETALES; PRODUCTOS DE SU DESDO"|18|1266242|1299272.18
50|88|"GENERAL DEHEZA"|15|"GRASAS Y ACEITES ANIMALES O VEGETALES; PRODUCTOS DE SU DESDO"|16|1937368|1912656.83
51|88|"GENERAL DEHEZA"|15|"GRASAS Y ACEITES ANIMALES O VEGETALES; PRODUCTOS DE SU DESDO"|27|1464542.96|1475679.12
52|88|"GENERAL DEHEZA"|15|"GRASAS Y ACEITES ANIMALES O VEGETALES; PRODUCTOS DE SU DESDO"|9|340235|397845
53|88|"GENERAL DEHEZA"|15|"GRASAS Y ACEITES ANIMALES O VEGETALES; PRODUCTOS DE SU DESDO"|18|815714|864374.06
54|88|"GENERAL DEHEZA"|15|"GRASAS Y ACEITES ANIMALES O VEGETALES; PRODUCTOS DE SU DESDO"|29|1501785|1685062.62
55|88|"GENERAL DEHEZA"|15|"GRASAS Y ACEITES ANIMALES O VEGETALES; PRODUCTOS DE SU DESDO"|16|1661150.99|1621207.45
56|88|"GENERAL DEHEZA"|15|"GRASAS Y ACEITES ANIMALES O VEGETALES; PRODUCTOS DE SU DESDO"|39|2597383|2578095.9
57|88|"GENERAL DEHEZA"|15|"GRASAS Y ACEITES ANIMALES O VEGETALES; PRODUCTOS DE SU DESDO"|12|1102909|951724.88
58|88|"GENERAL DEHEZA"|15|"GRASAS Y ACEITES ANIMALES O VEGETALES; PRODUCTOS DE SU DESDO"|30|1898709|1916808.98
59|88|"GENERAL DEHEZA"|15|"GRASAS Y ACEITES ANIMALES O VEGETALES; PRODUCTOS DE SU DESDO"|15|1230349|1182437.56
60|88|"GENERAL DEHEZA"|15|"GRASAS Y ACEITES ANIMALES O VEGETALES; PRODUCTOS DE SU DESDO"|18|1124224|1171686.73
61|88|"GENERAL DEHEZA"|15|"GRASAS Y ACEITES ANIMALES O VEGETALES; PRODUCTOS DE SU DESDO"|15|1004680|1024893.14
62|88|"GENERAL DEHEZA"|15|"GRASAS Y ACEITES ANIMALES O VEGETALES; PRODUCTOS DE SU DESDO"|13|771311|766999.74
63|88|"GENERAL DEHEZA"|15|"GRASAS Y ACEITES ANIMALES O VEGETALES; PRODUCTOS DE SU DESDO"|26|1931259|1981422.41
64|88|"GENERAL DEHEZA"|15|"GRASAS Y ACEITES ANIMALES O VEGETALES; PRODUCTOS DE SU DESDO"|10|528033|521273.4
65|88|"GENERAL DEHEZA"|15|"GRASAS Y ACEITES ANIMALES O VEGETALES; PRODUCTOS DE SU DESDO"|50|3049082|3426246.9
66|88|"GENERAL DEHEZA"|15|"GRASAS Y ACEITES ANIMALES O VEGETALES; PRODUCTOS DE SU DESDO"|10|1618198|1332998.64
67|88|"GENERAL DEHEZA"|15|"GRASAS Y ACEITES ANIMALES O VEGETALES; PRODUCTOS DE SU DESDO"|18|1705986|1350860.42
68|88|"GENERAL DEHEZA"|15|"GRASAS Y ACEITES ANIMALES O VEGETALES; PRODUCTOS DE SU DESDO"|21|2101930|1940156.93
69|88|"GENERAL DEHEZA"|15|"GRASAS Y ACEITES ANIMALES O VEGETALES; PRODUCTOS DE SU DESDO"|32|1209105.54|1300301.36
70|88|"GENERAL DEHEZA"|15|"GRASAS Y ACEITES ANIMALES O VEGETALES; PRODUCTOS DE SU DESDO"|14|893212|1160790.4
71|88|"GENERAL DEHEZA"|15|"GRASAS Y ACEITES ANIMALES O VEGETALES; PRODUCTOS DE SU DESDO"|18|2300073|1871865.38
72|88|"GENERAL DEHEZA"|15|"GRASAS Y ACEITES ANIMALES O VEGETALES; PRODUCTOS DE SU DESDO"|27|1857829|1936399.05
73|88|"GENERAL DEHEZA"|15|"GRASAS Y ACEITES ANIMALES O VEGETALES; PRODUCTOS DE SU DESDO"|13|782756|776645.51
74|88|"GENERAL DEHEZA"|15|"GRASAS Y ACEITES ANIMALES O VEGETALES; PRODUCTOS DE SU DESDO"|31|2791369|2482459.31
75|88|"GENERAL DEHEZA"|15|"GRASAS Y ACEITES ANIMALES O VEGETALES; PRODUCTOS DE SU DESDO"|20|1324005|1117659.84
76|88|"GENERAL DEHEZA"|15|"GRASAS Y ACEITES ANIMALES O VEGETALES; PRODUCTOS DE SU DESDO"|21|1273852|1318017.4
77|88|"GENERAL DEHEZA"|15|"GRASAS Y ACEITES ANIMALES O VEGETALES; PRODUCTOS DE SU DESDO"|30|2491621.42|2807019.1
78|88|"GENERAL DEHEZA"|15|"GRASAS Y ACEITES ANIMALES O VEGETALES; PRODUCTOS DE SU DESDO"|13|1195261|1398070.38
79|88|"GENERAL DEHEZA"|15|"GRASAS Y ACEITES ANIMALES O VEGETALES; PRODUCTOS DE SU DESDO"|12|1492058|1127136.98
80|88|"GENERAL DEHEZA"|15|"GRASAS Y ACEITES ANIMALES O VEGETALES; PRODUCTOS DE SU DESDO"|24|1164778|1152808.79
81|88|"GENERAL DEHEZA"|15|"GRASAS Y ACEITES ANIMALES O VEGETALES; PRODUCTOS DE SU DESDO"|25|2689014|2479527.98
82|88|"GENERAL DEHEZA"|15|"GRASAS Y ACEITES ANIMALES O VEGETALES; PRODUCTOS DE SU DESDO"|29|1360955|1493347
83|88|"GENERAL DEHEZA"|15|"GRASAS Y ACEITES ANIMALES O VEGETALES; PRODUCTOS DE SU DESDO"|25|1213989|1070029.18
84|88|"GENERAL DEHEZA"|15|"GRASAS Y ACEITES ANIMALES O VEGETALES; PRODUCTOS DE SU DESDO"|17|2125792|2199070.33
85|88|"GENERAL DEHEZA"|15|"GRASAS Y ACEITES ANIMALES O VEGETALES; PRODUCTOS DE SU DESDO"|28|1226549|1249094.16
86|88|"GENERAL DEHEZA"|15|"GRASAS Y ACEITES ANIMALES O VEGETALES; PRODUCTOS DE SU DESDO"|19|2240259|1807589.78
87|88|"GENERAL DEHEZA"|15|"GRASAS Y ACEITES ANIMALES O VEGETALES; PRODUCTOS DE SU DESDO"|17|2368028|2121831.8
88|88|"GENERAL DEHEZA"|15|"GRASAS Y ACEITES ANIMALES O VEGETALES; PRODUCTOS DE SU DESDO"|23|2296833|2068992.28
89|88|"GENERAL DEHEZA"|15|"GRASAS Y ACEITES ANIMALES O VEGETALES; PRODUCTOS DE SU DESDO"|13|3035113|2124493.91
90|88|"GENERAL DEHEZA"|15|"GRASAS Y ACEITES ANIMALES O VEGETALES; PRODUCTOS DE SU DESDO"|32|1973279|1945977.68
91|88|"GENERAL DEHEZA"|15|"GRASAS Y ACEITES ANIMALES O VEGETALES; PRODUCTOS DE SU DESDO"|28|1460607|1365292.86
92|88|"GENERAL DEHEZA"|15|"GRASAS Y ACEITES ANIMALES O VEGETALES; PRODUCTOS DE SU DESDO"|25|1810382|1667326.14
93|88|"GENERAL DEHEZA"|15|"GRASAS Y ACEITES ANIMALES O VEGETALES; PRODUCTOS DE SU DESDO"|21|2338453.44|1887960.61
94|88|"GENERAL DEHEZA"|15|"GRASAS Y ACEITES ANIMALES O VEGETALES; PRODUCTOS DE SU DESDO"|23|2281391.44|1788746.45
95|88|"GENERAL DEHEZA"|15|"GRASAS Y ACEITES ANIMALES O VEGETALES; PRODUCTOS DE SU DESDO"|33|2915661|2384967.09
96|88|"GENERAL DEHEZA"|15|"GRASAS Y ACEITES ANIMALES O VEGETALES; PRODUCTOS DE SU DESDO"|26|1810782|1515426.38
97|88|"GENERAL DEHEZA"|15|"GRASAS Y ACEITES ANIMALES O VEGETALES; PRODUCTOS DE SU DESDO"|32|1735006|1540275.91
98|88|"GENERAL DEHEZA"|15|"GRASAS Y ACEITES ANIMALES O VEGETALES; PRODUCTOS DE SU DESDO"|30|1411138|1190644.08
99|88|"GENERAL DEHEZA"|15|"GRASAS Y ACEITES ANIMALES O VEGETALES; PRODUCTOS DE SU DESDO"|17|3148520|2512623.58
100|88|"GENERAL DEHEZA"|15|"GRASAS Y ACEITES ANIMALES O VEGETALES; PRODUCTOS DE SU DESDO"|25|1804228|1656642
101|88|"GENERAL DEHEZA"|15|"GRASAS Y ACEITES ANIMALES O VEGETALES; PRODUCTOS DE SU DESDO"|15|763506|562670.48
102|88|"GENERAL DEHEZA"|15|"GRASAS Y ACEITES ANIMALES O VEGETALES; PRODUCTOS DE SU DESDO"|28|2457047|2188778.63
103|88|"GENERAL DEHEZA"|15|"GRASAS Y ACEITES ANIMALES O VEGETALES; PRODUCTOS DE SU DESDO"|13|1385352|1226682.13
104|88|"GENERAL DEHEZA"|15|"GRASAS Y ACEITES ANIMALES O VEGETALES; PRODUCTOS DE SU DESDO"|16|454525|427651.48
