"semana"|"aduana"|"aduana_desc"|"mercaderia"|"mercaderia_desc"|"cantidad"|"kilos"|"importe"
68|92|"BS.AS. SUR"|54|"FILAMENTOS SINTETICOS O ARTIFICIALES"|1|133617.21|533667.15
69|92|"BS.AS. SUR"|54|"FILAMENTOS SINTETICOS O ARTIFICIALES"|10|132554.63|643786.26
70|92|"BS.AS. SUR"|54|"FILAMENTOS SINTETICOS O ARTIFICIALES"|3|76057.57|347395.02
71|92|"BS.AS. SUR"|54|"FILAMENTOS SINTETICOS O ARTIFICIALES"|14|80131.12|383656.13
72|92|"BS.AS. SUR"|54|"FILAMENTOS SINTETICOS O ARTIFICIALES"|2|20116.72|130723.66
73|92|"BS.AS. SUR"|54|"FILAMENTOS SINTETICOS O ARTIFICIALES"|2|166903.04|597846.71
74|92|"BS.AS. SUR"|54|"FILAMENTOS SINTETICOS O ARTIFICIALES"|14|83929.52|444304.48
75|92|"BS.AS. SUR"|54|"FILAMENTOS SINTETICOS O ARTIFICIALES"|13|275277.97|1153414.18
76|92|"BS.AS. SUR"|54|"FILAMENTOS SINTETICOS O ARTIFICIALES"|3|123444.58|472266.22
77|92|"BS.AS. SUR"|54|"FILAMENTOS SINTETICOS O ARTIFICIALES"|4|25592.38|144396.19
78|92|"BS.AS. SUR"|54|"FILAMENTOS SINTETICOS O ARTIFICIALES"|8|338799.58|1304409.01
79|92|"BS.AS. SUR"|54|"FILAMENTOS SINTETICOS O ARTIFICIALES"|3|171678.16|734612.01
80|92|"BS.AS. SUR"|54|"FILAMENTOS SINTETICOS O ARTIFICIALES"|4|151236.79|620653.84
81|92|"BS.AS. SUR"|54|"FILAMENTOS SINTETICOS O ARTIFICIALES"|9|126851.16|527306.82
82|92|"BS.AS. SUR"|54|"FILAMENTOS SINTETICOS O ARTIFICIALES"|10|96961.69|455166.58
83|92|"BS.AS. SUR"|54|"FILAMENTOS SINTETICOS O ARTIFICIALES"|5|163755.1|655113.99
84|92|"BS.AS. SUR"|54|"FILAMENTOS SINTETICOS O ARTIFICIALES"|5|180997.96|707173.07
85|92|"BS.AS. SUR"|54|"FILAMENTOS SINTETICOS O ARTIFICIALES"|4|192535.79|754076.92
86|92|"BS.AS. SUR"|54|"FILAMENTOS SINTETICOS O ARTIFICIALES"|6|97323.77|406367.15
87|92|"BS.AS. SUR"|54|"FILAMENTOS SINTETICOS O ARTIFICIALES"|10|81808.49|360102.65
88|92|"BS.AS. SUR"|54|"FILAMENTOS SINTETICOS O ARTIFICIALES"|4|193613.61|773643.81
89|92|"BS.AS. SUR"|54|"FILAMENTOS SINTETICOS O ARTIFICIALES"|7|234764.02|927970.23
90|92|"BS.AS. SUR"|54|"FILAMENTOS SINTETICOS O ARTIFICIALES"|6|154297.67|583020.32
91|92|"BS.AS. SUR"|54|"FILAMENTOS SINTETICOS O ARTIFICIALES"|4|26970.82|164611.54
92|92|"BS.AS. SUR"|54|"FILAMENTOS SINTETICOS O ARTIFICIALES"|10|212110.62|875097.05
93|92|"BS.AS. SUR"|54|"FILAMENTOS SINTETICOS O ARTIFICIALES"|4|134362.74|598320.12
94|92|"BS.AS. SUR"|54|"FILAMENTOS SINTETICOS O ARTIFICIALES"|5|181646.13|780711.11
95|92|"BS.AS. SUR"|54|"FILAMENTOS SINTETICOS O ARTIFICIALES"|6|192347.75|749866.18
96|92|"BS.AS. SUR"|54|"FILAMENTOS SINTETICOS O ARTIFICIALES"|5|21586.28|132765.06
97|92|"BS.AS. SUR"|54|"FILAMENTOS SINTETICOS O ARTIFICIALES"|10|246488.98|1030843.82
98|92|"BS.AS. SUR"|54|"FILAMENTOS SINTETICOS O ARTIFICIALES"|4|53831.91|217872.81
99|92|"BS.AS. SUR"|54|"FILAMENTOS SINTETICOS O ARTIFICIALES"|4|230361.75|865804.38
100|92|"BS.AS. SUR"|54|"FILAMENTOS SINTETICOS O ARTIFICIALES"|2|20598.88|128083.8
101|92|"BS.AS. SUR"|54|"FILAMENTOS SINTETICOS O ARTIFICIALES"|4|38063.96|129175.24
102|92|"BS.AS. SUR"|54|"FILAMENTOS SINTETICOS O ARTIFICIALES"|10|210827.42|858035.38
103|92|"BS.AS. SUR"|54|"FILAMENTOS SINTETICOS O ARTIFICIALES"|1|76250.27|275034.74
104|92|"BS.AS. SUR"|54|"FILAMENTOS SINTETICOS O ARTIFICIALES"|3|75404.96|260586.19
