"semana"|"aduana"|"aduana_desc"|"mercaderia"|"mercaderia_desc"|"cantidad"|"kilos"|"importe"
69|91|"BS.AS. NORTE"|15|"GRASAS Y ACEITES ANIMALES O VEGETALES; PRODUCTOS DE SU DESDO"|8|291260|344811.15
70|91|"BS.AS. NORTE"|15|"GRASAS Y ACEITES ANIMALES O VEGETALES; PRODUCTOS DE SU DESDO"|11|460871|409176.75
71|91|"BS.AS. NORTE"|15|"GRASAS Y ACEITES ANIMALES O VEGETALES; PRODUCTOS DE SU DESDO"|7|382500|335043.31
72|91|"BS.AS. NORTE"|15|"GRASAS Y ACEITES ANIMALES O VEGETALES; PRODUCTOS DE SU DESDO"|7|884000|416571
73|91|"BS.AS. NORTE"|15|"GRASAS Y ACEITES ANIMALES O VEGETALES; PRODUCTOS DE SU DESDO"|9|801900.5|804277.81
74|91|"BS.AS. NORTE"|15|"GRASAS Y ACEITES ANIMALES O VEGETALES; PRODUCTOS DE SU DESDO"|18|1253175.38|1399918.38
75|91|"BS.AS. NORTE"|15|"GRASAS Y ACEITES ANIMALES O VEGETALES; PRODUCTOS DE SU DESDO"|13|598706.4|399548.83
76|91|"BS.AS. NORTE"|15|"GRASAS Y ACEITES ANIMALES O VEGETALES; PRODUCTOS DE SU DESDO"|12|686680|441351.95
77|91|"BS.AS. NORTE"|15|"GRASAS Y ACEITES ANIMALES O VEGETALES; PRODUCTOS DE SU DESDO"|13|1044752.4|932622.65
78|91|"BS.AS. NORTE"|15|"GRASAS Y ACEITES ANIMALES O VEGETALES; PRODUCTOS DE SU DESDO"|12|732275|770790.13
79|91|"BS.AS. NORTE"|15|"GRASAS Y ACEITES ANIMALES O VEGETALES; PRODUCTOS DE SU DESDO"|17|1527281.84|1329378.73
80|91|"BS.AS. NORTE"|15|"GRASAS Y ACEITES ANIMALES O VEGETALES; PRODUCTOS DE SU DESDO"|19|1447848|1452264.07
81|91|"BS.AS. NORTE"|15|"GRASAS Y ACEITES ANIMALES O VEGETALES; PRODUCTOS DE SU DESDO"|20|1130820|979806.58
82|91|"BS.AS. NORTE"|15|"GRASAS Y ACEITES ANIMALES O VEGETALES; PRODUCTOS DE SU DESDO"|12|503829.7|427566.72
83|91|"BS.AS. NORTE"|15|"GRASAS Y ACEITES ANIMALES O VEGETALES; PRODUCTOS DE SU DESDO"|14|896527|776629.73
84|91|"BS.AS. NORTE"|15|"GRASAS Y ACEITES ANIMALES O VEGETALES; PRODUCTOS DE SU DESDO"|17|1152250|1010144.1
85|91|"BS.AS. NORTE"|15|"GRASAS Y ACEITES ANIMALES O VEGETALES; PRODUCTOS DE SU DESDO"|12|486547|478057.23
86|91|"BS.AS. NORTE"|15|"GRASAS Y ACEITES ANIMALES O VEGETALES; PRODUCTOS DE SU DESDO"|14|864322.24|676122.92
87|91|"BS.AS. NORTE"|15|"GRASAS Y ACEITES ANIMALES O VEGETALES; PRODUCTOS DE SU DESDO"|12|678880|747634.31
88|91|"BS.AS. NORTE"|15|"GRASAS Y ACEITES ANIMALES O VEGETALES; PRODUCTOS DE SU DESDO"|18|923857|896096.76
89|91|"BS.AS. NORTE"|15|"GRASAS Y ACEITES ANIMALES O VEGETALES; PRODUCTOS DE SU DESDO"|25|897970.6|1513765.63
90|91|"BS.AS. NORTE"|15|"GRASAS Y ACEITES ANIMALES O VEGETALES; PRODUCTOS DE SU DESDO"|20|786265.4|1046416.07
91|91|"BS.AS. NORTE"|15|"GRASAS Y ACEITES ANIMALES O VEGETALES; PRODUCTOS DE SU DESDO"|21|1574541|1137748.31
92|91|"BS.AS. NORTE"|15|"GRASAS Y ACEITES ANIMALES O VEGETALES; PRODUCTOS DE SU DESDO"|17|1052418.28|925798.65
93|91|"BS.AS. NORTE"|15|"GRASAS Y ACEITES ANIMALES O VEGETALES; PRODUCTOS DE SU DESDO"|16|1373179|1327663.73
94|91|"BS.AS. NORTE"|15|"GRASAS Y ACEITES ANIMALES O VEGETALES; PRODUCTOS DE SU DESDO"|22|1389335.6|854954.85
95|91|"BS.AS. NORTE"|15|"GRASAS Y ACEITES ANIMALES O VEGETALES; PRODUCTOS DE SU DESDO"|15|713751.48|820827.99
96|91|"BS.AS. NORTE"|15|"GRASAS Y ACEITES ANIMALES O VEGETALES; PRODUCTOS DE SU DESDO"|11|711971.5|502086.5
97|91|"BS.AS. NORTE"|15|"GRASAS Y ACEITES ANIMALES O VEGETALES; PRODUCTOS DE SU DESDO"|17|3127054.96|1786525.77
98|91|"BS.AS. NORTE"|15|"GRASAS Y ACEITES ANIMALES O VEGETALES; PRODUCTOS DE SU DESDO"|26|3146491|2431159.81
99|91|"BS.AS. NORTE"|15|"GRASAS Y ACEITES ANIMALES O VEGETALES; PRODUCTOS DE SU DESDO"|17|1198806|804162.54
100|91|"BS.AS. NORTE"|15|"GRASAS Y ACEITES ANIMALES O VEGETALES; PRODUCTOS DE SU DESDO"|11|513120.26|786542.15
101|91|"BS.AS. NORTE"|15|"GRASAS Y ACEITES ANIMALES O VEGETALES; PRODUCTOS DE SU DESDO"|4|91417|75906.29
102|91|"BS.AS. NORTE"|15|"GRASAS Y ACEITES ANIMALES O VEGETALES; PRODUCTOS DE SU DESDO"|19|1115365|862418.41
103|91|"BS.AS. NORTE"|15|"GRASAS Y ACEITES ANIMALES O VEGETALES; PRODUCTOS DE SU DESDO"|16|509383.32|520111.75
104|91|"BS.AS. NORTE"|15|"GRASAS Y ACEITES ANIMALES O VEGETALES; PRODUCTOS DE SU DESDO"|10|685832.3|431579.26
