"semana"|"aduana"|"aduana_desc"|"mercaderia"|"mercaderia_desc"|"cantidad"|"kilos"|"importe"
40|89|"SANTIAGO DEL ESTERO"|29|"PRODUCTOS QUIMICOS ORGANICOS"|1|28500|7410
43|89|"SANTIAGO DEL ESTERO"|29|"PRODUCTOS QUIMICOS ORGANICOS"|1|22460|5839.6
48|89|"SANTIAGO DEL ESTERO"|29|"PRODUCTOS QUIMICOS ORGANICOS"|1|57000|8265
53|89|"SANTIAGO DEL ESTERO"|29|"PRODUCTOS QUIMICOS ORGANICOS"|1|54160|7853.2
54|89|"SANTIAGO DEL ESTERO"|29|"PRODUCTOS QUIMICOS ORGANICOS"|1|28500|4845
56|89|"SANTIAGO DEL ESTERO"|29|"PRODUCTOS QUIMICOS ORGANICOS"|1|27760|4719.2
81|89|"SANTIAGO DEL ESTERO"|29|"PRODUCTOS QUIMICOS ORGANICOS"|1|30000|7650
83|89|"SANTIAGO DEL ESTERO"|29|"PRODUCTOS QUIMICOS ORGANICOS"|1|28900|7369.5
88|89|"SANTIAGO DEL ESTERO"|29|"PRODUCTOS QUIMICOS ORGANICOS"|1|28000|7000
90|89|"SANTIAGO DEL ESTERO"|29|"PRODUCTOS QUIMICOS ORGANICOS"|1|27260|6815
91|89|"SANTIAGO DEL ESTERO"|29|"PRODUCTOS QUIMICOS ORGANICOS"|1|28000|7000
92|89|"SANTIAGO DEL ESTERO"|29|"PRODUCTOS QUIMICOS ORGANICOS"|1|27280|6820
