"semana"|"aduana"|"aduana_desc"|"mercaderia"|"mercaderia_desc"|"cantidad"|"kilos"|"importe"
2|89|"SANTIAGO DEL ESTERO"|16|"PREPARACIONES DE CARNE, PESCADO O DE CRUSTACEOS, MOLUSCOS O "|2|20000|77092.3
3|89|"SANTIAGO DEL ESTERO"|16|"PREPARACIONES DE CARNE, PESCADO O DE CRUSTACEOS, MOLUSCOS O "|1|11000|41030.77
4|89|"SANTIAGO DEL ESTERO"|16|"PREPARACIONES DE CARNE, PESCADO O DE CRUSTACEOS, MOLUSCOS O "|1|9500|35253.85
8|89|"SANTIAGO DEL ESTERO"|16|"PREPARACIONES DE CARNE, PESCADO O DE CRUSTACEOS, MOLUSCOS O "|3|28500|107561.54
10|89|"SANTIAGO DEL ESTERO"|16|"PREPARACIONES DE CARNE, PESCADO O DE CRUSTACEOS, MOLUSCOS O "|2|20000|74692.3
15|89|"SANTIAGO DEL ESTERO"|16|"PREPARACIONES DE CARNE, PESCADO O DE CRUSTACEOS, MOLUSCOS O "|3|30000|110938.46
19|89|"SANTIAGO DEL ESTERO"|16|"PREPARACIONES DE CARNE, PESCADO O DE CRUSTACEOS, MOLUSCOS O "|1|10000|36246.16
25|89|"SANTIAGO DEL ESTERO"|16|"PREPARACIONES DE CARNE, PESCADO O DE CRUSTACEOS, MOLUSCOS O "|3|31500|143065.38
30|89|"SANTIAGO DEL ESTERO"|16|"PREPARACIONES DE CARNE, PESCADO O DE CRUSTACEOS, MOLUSCOS O "|2|21500|97719.23
31|89|"SANTIAGO DEL ESTERO"|16|"PREPARACIONES DE CARNE, PESCADO O DE CRUSTACEOS, MOLUSCOS O "|1|10000|45346.15
36|89|"SANTIAGO DEL ESTERO"|16|"PREPARACIONES DE CARNE, PESCADO O DE CRUSTACEOS, MOLUSCOS O "|2|19000|88080.77
39|89|"SANTIAGO DEL ESTERO"|16|"PREPARACIONES DE CARNE, PESCADO O DE CRUSTACEOS, MOLUSCOS O "|2|15000|76528.86
40|89|"SANTIAGO DEL ESTERO"|16|"PREPARACIONES DE CARNE, PESCADO O DE CRUSTACEOS, MOLUSCOS O "|2|18992|88049.66
43|89|"SANTIAGO DEL ESTERO"|16|"PREPARACIONES DE CARNE, PESCADO O DE CRUSTACEOS, MOLUSCOS O "|1|9000|45707.69
44|89|"SANTIAGO DEL ESTERO"|16|"PREPARACIONES DE CARNE, PESCADO O DE CRUSTACEOS, MOLUSCOS O "|3|26500|132394.24
45|89|"SANTIAGO DEL ESTERO"|16|"PREPARACIONES DE CARNE, PESCADO O DE CRUSTACEOS, MOLUSCOS O "|1|11500|56750
48|89|"SANTIAGO DEL ESTERO"|16|"PREPARACIONES DE CARNE, PESCADO O DE CRUSTACEOS, MOLUSCOS O "|2|17000|86392.3
50|89|"SANTIAGO DEL ESTERO"|16|"PREPARACIONES DE CARNE, PESCADO O DE CRUSTACEOS, MOLUSCOS O "|1|11500|56750
51|89|"SANTIAGO DEL ESTERO"|16|"PREPARACIONES DE CARNE, PESCADO O DE CRUSTACEOS, MOLUSCOS O "|1|9000|43737.69
53|89|"SANTIAGO DEL ESTERO"|16|"PREPARACIONES DE CARNE, PESCADO O DE CRUSTACEOS, MOLUSCOS O "|1|8000|40684.61
55|89|"SANTIAGO DEL ESTERO"|16|"PREPARACIONES DE CARNE, PESCADO O DE CRUSTACEOS, MOLUSCOS O "|1|9000|43737.69
65|89|"SANTIAGO DEL ESTERO"|16|"PREPARACIONES DE CARNE, PESCADO O DE CRUSTACEOS, MOLUSCOS O "|1|13000|57650
66|89|"SANTIAGO DEL ESTERO"|16|"PREPARACIONES DE CARNE, PESCADO O DE CRUSTACEOS, MOLUSCOS O "|1|5000|20634.62
67|89|"SANTIAGO DEL ESTERO"|16|"PREPARACIONES DE CARNE, PESCADO O DE CRUSTACEOS, MOLUSCOS O "|2|28500|133456.6
69|89|"SANTIAGO DEL ESTERO"|16|"PREPARACIONES DE CARNE, PESCADO O DE CRUSTACEOS, MOLUSCOS O "|2|18000|78284.62
73|89|"SANTIAGO DEL ESTERO"|16|"PREPARACIONES DE CARNE, PESCADO O DE CRUSTACEOS, MOLUSCOS O "|4|65500|288745.88
82|89|"SANTIAGO DEL ESTERO"|16|"PREPARACIONES DE CARNE, PESCADO O DE CRUSTACEOS, MOLUSCOS O "|2|36005|151474.54
91|89|"SANTIAGO DEL ESTERO"|16|"PREPARACIONES DE CARNE, PESCADO O DE CRUSTACEOS, MOLUSCOS O "|1|13000|53309.26
94|89|"SANTIAGO DEL ESTERO"|16|"PREPARACIONES DE CARNE, PESCADO O DE CRUSTACEOS, MOLUSCOS O "|1|13000|53309.26
97|89|"SANTIAGO DEL ESTERO"|16|"PREPARACIONES DE CARNE, PESCADO O DE CRUSTACEOS, MOLUSCOS O "|1|14000|52603.85
102|89|"SANTIAGO DEL ESTERO"|16|"PREPARACIONES DE CARNE, PESCADO O DE CRUSTACEOS, MOLUSCOS O "|1|14000|52603.85
