"semana"|"aduana"|"aduana_desc"|"mercaderia"|"mercaderia_desc"|"cantidad"|"kilos"|"importe"
22|49|"RIO GRANDE"|34|"JABON, AGENTES DE SUPERFICIE ORGANICOS, PREPARACIONES PARA L"|2|10871.6|16344.76
23|49|"RIO GRANDE"|34|"JABON, AGENTES DE SUPERFICIE ORGANICOS, PREPARACIONES PARA L"|5|17345.45|34358.61
32|49|"RIO GRANDE"|34|"JABON, AGENTES DE SUPERFICIE ORGANICOS, PREPARACIONES PARA L"|7|6856.81|14207.98
33|49|"RIO GRANDE"|34|"JABON, AGENTES DE SUPERFICIE ORGANICOS, PREPARACIONES PARA L"|3|17471.22|39235.88
50|49|"RIO GRANDE"|34|"JABON, AGENTES DE SUPERFICIE ORGANICOS, PREPARACIONES PARA L"|4|15380.75|38478.05
54|49|"RIO GRANDE"|34|"JABON, AGENTES DE SUPERFICIE ORGANICOS, PREPARACIONES PARA L"|5|6155.83|10425.02
63|49|"RIO GRANDE"|34|"JABON, AGENTES DE SUPERFICIE ORGANICOS, PREPARACIONES PARA L"|2|620.8|2156.06
78|49|"RIO GRANDE"|34|"JABON, AGENTES DE SUPERFICIE ORGANICOS, PREPARACIONES PARA L"|8|27967.45|51662.04
86|49|"RIO GRANDE"|34|"JABON, AGENTES DE SUPERFICIE ORGANICOS, PREPARACIONES PARA L"|11|6916.87|17392.17
99|49|"RIO GRANDE"|34|"JABON, AGENTES DE SUPERFICIE ORGANICOS, PREPARACIONES PARA L"|3|17864.25|32424.75
102|49|"RIO GRANDE"|34|"JABON, AGENTES DE SUPERFICIE ORGANICOS, PREPARACIONES PARA L"|5|19953.45|36345.29
