"semana"|"aduana"|"aduana_desc"|"mercaderia"|"mercaderia_desc"|"cantidad"|"kilos"|"importe"
72|92|"BS.AS. SUR"|6|"PLANTAS VIVAS Y PRODUCTOS DE LA FLORICULTURA"|4|700|7200
77|92|"BS.AS. SUR"|6|"PLANTAS VIVAS Y PRODUCTOS DE LA FLORICULTURA"|1|7936|12347.8
83|92|"BS.AS. SUR"|6|"PLANTAS VIVAS Y PRODUCTOS DE LA FLORICULTURA"|11|1309|13464
87|92|"BS.AS. SUR"|6|"PLANTAS VIVAS Y PRODUCTOS DE LA FLORICULTURA"|12|1896|16960
92|92|"BS.AS. SUR"|6|"PLANTAS VIVAS Y PRODUCTOS DE LA FLORICULTURA"|10|1379|15264
98|92|"BS.AS. SUR"|6|"PLANTAS VIVAS Y PRODUCTOS DE LA FLORICULTURA"|8|887|9792
