"semana"|"aduana"|"aduana_desc"|"mercaderia"|"mercaderia_desc"|"cantidad"|"kilos"|"importe"
71|92|"BS.AS. SUR"|78|"PLOMO Y SUS MANUFACTURAS"|1|324110|673111.65
76|92|"BS.AS. SUR"|78|"PLOMO Y SUS MANUFACTURAS"|2|325198|679354.59
78|92|"BS.AS. SUR"|78|"PLOMO Y SUS MANUFACTURAS"|1|9954|25900.6
80|92|"BS.AS. SUR"|78|"PLOMO Y SUS MANUFACTURAS"|1|108020|224772.34
81|92|"BS.AS. SUR"|78|"PLOMO Y SUS MANUFACTURAS"|1|920|5600.04
82|92|"BS.AS. SUR"|78|"PLOMO Y SUS MANUFACTURAS"|1|64.14|243.6
83|92|"BS.AS. SUR"|78|"PLOMO Y SUS MANUFACTURAS"|1|324080|620075.23
85|92|"BS.AS. SUR"|78|"PLOMO Y SUS MANUFACTURAS"|1|1265|6660
87|92|"BS.AS. SUR"|78|"PLOMO Y SUS MANUFACTURAS"|1|324040|596022.97
88|92|"BS.AS. SUR"|78|"PLOMO Y SUS MANUFACTURAS"|1|26543|35530.4
89|92|"BS.AS. SUR"|78|"PLOMO Y SUS MANUFACTURAS"|1|13759|36050.14
93|92|"BS.AS. SUR"|78|"PLOMO Y SUS MANUFACTURAS"|1|324020|588711.94
97|92|"BS.AS. SUR"|78|"PLOMO Y SUS MANUFACTURAS"|1|323990|595185.83
102|92|"BS.AS. SUR"|78|"PLOMO Y SUS MANUFACTURAS"|2|325157|610814.33
