"semana"|"aduana"|"aduana_desc"|"mercaderia"|"mercaderia_desc"|"cantidad"|"kilos"|"importe"
68|92|"BS.AS. SUR"|57|"ALFOMBRAS Y DEMAS REVESTIMIENTOS PARA EL SUELO, DE MATERIA T"|1|165|4702
70|92|"BS.AS. SUR"|57|"ALFOMBRAS Y DEMAS REVESTIMIENTOS PARA EL SUELO, DE MATERIA T"|3|14924.49|70366.17
71|92|"BS.AS. SUR"|57|"ALFOMBRAS Y DEMAS REVESTIMIENTOS PARA EL SUELO, DE MATERIA T"|6|41575.49|256249.07
72|92|"BS.AS. SUR"|57|"ALFOMBRAS Y DEMAS REVESTIMIENTOS PARA EL SUELO, DE MATERIA T"|3|15941.89|72109.6
73|92|"BS.AS. SUR"|57|"ALFOMBRAS Y DEMAS REVESTIMIENTOS PARA EL SUELO, DE MATERIA T"|1|12135.63|54376.96
74|92|"BS.AS. SUR"|57|"ALFOMBRAS Y DEMAS REVESTIMIENTOS PARA EL SUELO, DE MATERIA T"|4|30968.72|118966.36
75|92|"BS.AS. SUR"|57|"ALFOMBRAS Y DEMAS REVESTIMIENTOS PARA EL SUELO, DE MATERIA T"|4|50642.78|217280.17
76|92|"BS.AS. SUR"|57|"ALFOMBRAS Y DEMAS REVESTIMIENTOS PARA EL SUELO, DE MATERIA T"|1|14319|66726.54
77|92|"BS.AS. SUR"|57|"ALFOMBRAS Y DEMAS REVESTIMIENTOS PARA EL SUELO, DE MATERIA T"|5|29649.48|141678.01
78|92|"BS.AS. SUR"|57|"ALFOMBRAS Y DEMAS REVESTIMIENTOS PARA EL SUELO, DE MATERIA T"|2|15120.5|77171.29
79|92|"BS.AS. SUR"|57|"ALFOMBRAS Y DEMAS REVESTIMIENTOS PARA EL SUELO, DE MATERIA T"|1|14717.68|67995.66
80|92|"BS.AS. SUR"|57|"ALFOMBRAS Y DEMAS REVESTIMIENTOS PARA EL SUELO, DE MATERIA T"|4|730.83|10435
81|92|"BS.AS. SUR"|57|"ALFOMBRAS Y DEMAS REVESTIMIENTOS PARA EL SUELO, DE MATERIA T"|1|13449.5|64073.42
82|92|"BS.AS. SUR"|57|"ALFOMBRAS Y DEMAS REVESTIMIENTOS PARA EL SUELO, DE MATERIA T"|4|71148.04|273032.21
83|92|"BS.AS. SUR"|57|"ALFOMBRAS Y DEMAS REVESTIMIENTOS PARA EL SUELO, DE MATERIA T"|5|69175.89|319441.37
85|92|"BS.AS. SUR"|57|"ALFOMBRAS Y DEMAS REVESTIMIENTOS PARA EL SUELO, DE MATERIA T"|1|4620.73|60914.11
86|92|"BS.AS. SUR"|57|"ALFOMBRAS Y DEMAS REVESTIMIENTOS PARA EL SUELO, DE MATERIA T"|2|16221.18|82287.06
87|92|"BS.AS. SUR"|57|"ALFOMBRAS Y DEMAS REVESTIMIENTOS PARA EL SUELO, DE MATERIA T"|1|15780.51|90135.29
88|92|"BS.AS. SUR"|57|"ALFOMBRAS Y DEMAS REVESTIMIENTOS PARA EL SUELO, DE MATERIA T"|1|18607.97|102664.64
89|92|"BS.AS. SUR"|57|"ALFOMBRAS Y DEMAS REVESTIMIENTOS PARA EL SUELO, DE MATERIA T"|1|2300.7|12148.64
90|92|"BS.AS. SUR"|57|"ALFOMBRAS Y DEMAS REVESTIMIENTOS PARA EL SUELO, DE MATERIA T"|6|26781.36|240455.76
92|92|"BS.AS. SUR"|57|"ALFOMBRAS Y DEMAS REVESTIMIENTOS PARA EL SUELO, DE MATERIA T"|2|406.75|9624
93|92|"BS.AS. SUR"|57|"ALFOMBRAS Y DEMAS REVESTIMIENTOS PARA EL SUELO, DE MATERIA T"|3|16389.55|81806.53
94|92|"BS.AS. SUR"|57|"ALFOMBRAS Y DEMAS REVESTIMIENTOS PARA EL SUELO, DE MATERIA T"|3|15802.76|77862.72
95|92|"BS.AS. SUR"|57|"ALFOMBRAS Y DEMAS REVESTIMIENTOS PARA EL SUELO, DE MATERIA T"|4|53958.39|219494.13
96|92|"BS.AS. SUR"|57|"ALFOMBRAS Y DEMAS REVESTIMIENTOS PARA EL SUELO, DE MATERIA T"|2|31761.51|174701.83
97|92|"BS.AS. SUR"|57|"ALFOMBRAS Y DEMAS REVESTIMIENTOS PARA EL SUELO, DE MATERIA T"|6|12302.44|172748.28
98|92|"BS.AS. SUR"|57|"ALFOMBRAS Y DEMAS REVESTIMIENTOS PARA EL SUELO, DE MATERIA T"|3|17487.67|91390.38
99|92|"BS.AS. SUR"|57|"ALFOMBRAS Y DEMAS REVESTIMIENTOS PARA EL SUELO, DE MATERIA T"|3|11230.59|60878.04
100|92|"BS.AS. SUR"|57|"ALFOMBRAS Y DEMAS REVESTIMIENTOS PARA EL SUELO, DE MATERIA T"|2|21683.49|106541.09
101|92|"BS.AS. SUR"|57|"ALFOMBRAS Y DEMAS REVESTIMIENTOS PARA EL SUELO, DE MATERIA T"|3|2079.56|9307.36
102|92|"BS.AS. SUR"|57|"ALFOMBRAS Y DEMAS REVESTIMIENTOS PARA EL SUELO, DE MATERIA T"|9|25856.15|124862.1
103|92|"BS.AS. SUR"|57|"ALFOMBRAS Y DEMAS REVESTIMIENTOS PARA EL SUELO, DE MATERIA T"|2|16209.91|82966.77
