"semana"|"aduana"|"aduana_desc"|"mercaderia"|"mercaderia_desc"|"cantidad"|"kilos"|"importe"
1|83|"SAN LUIS"|21|"PREPARACIONES ALIMENTICIAS DIVERSAS"|15|177929.52|324104.19
2|83|"SAN LUIS"|21|"PREPARACIONES ALIMENTICIAS DIVERSAS"|3|149652|221420.6
3|83|"SAN LUIS"|21|"PREPARACIONES ALIMENTICIAS DIVERSAS"|15|176194.48|314462.66
4|83|"SAN LUIS"|21|"PREPARACIONES ALIMENTICIAS DIVERSAS"|9|217793.4|327671.93
5|83|"SAN LUIS"|21|"PREPARACIONES ALIMENTICIAS DIVERSAS"|11|122052.8|174385.07
6|83|"SAN LUIS"|21|"PREPARACIONES ALIMENTICIAS DIVERSAS"|12|180724.87|287247.43
7|83|"SAN LUIS"|21|"PREPARACIONES ALIMENTICIAS DIVERSAS"|21|523840.38|1113263.11
8|83|"SAN LUIS"|21|"PREPARACIONES ALIMENTICIAS DIVERSAS"|41|945523.2|1831211.47
9|83|"SAN LUIS"|21|"PREPARACIONES ALIMENTICIAS DIVERSAS"|23|419530.22|1214651.4
10|83|"SAN LUIS"|21|"PREPARACIONES ALIMENTICIAS DIVERSAS"|7|84620.37|250598.28
11|83|"SAN LUIS"|21|"PREPARACIONES ALIMENTICIAS DIVERSAS"|9|73406.94|166923.32
12|83|"SAN LUIS"|21|"PREPARACIONES ALIMENTICIAS DIVERSAS"|13|193102.81|314332.73
13|83|"SAN LUIS"|21|"PREPARACIONES ALIMENTICIAS DIVERSAS"|12|147279.44|209665.24
14|83|"SAN LUIS"|21|"PREPARACIONES ALIMENTICIAS DIVERSAS"|14|277928|388085.88
15|83|"SAN LUIS"|21|"PREPARACIONES ALIMENTICIAS DIVERSAS"|15|217249.84|386069.95
16|83|"SAN LUIS"|21|"PREPARACIONES ALIMENTICIAS DIVERSAS"|3|65707.2|91170.63
17|83|"SAN LUIS"|21|"PREPARACIONES ALIMENTICIAS DIVERSAS"|19|364679|447846
18|83|"SAN LUIS"|21|"PREPARACIONES ALIMENTICIAS DIVERSAS"|16|146415.4|199405.1
19|83|"SAN LUIS"|21|"PREPARACIONES ALIMENTICIAS DIVERSAS"|7|62132.6|89111.54
20|83|"SAN LUIS"|21|"PREPARACIONES ALIMENTICIAS DIVERSAS"|17|193900.86|313140.34
21|83|"SAN LUIS"|21|"PREPARACIONES ALIMENTICIAS DIVERSAS"|5|124181.4|174464.3
22|83|"SAN LUIS"|21|"PREPARACIONES ALIMENTICIAS DIVERSAS"|11|164274.2|211837
23|83|"SAN LUIS"|21|"PREPARACIONES ALIMENTICIAS DIVERSAS"|5|118033.34|215939.36
24|83|"SAN LUIS"|21|"PREPARACIONES ALIMENTICIAS DIVERSAS"|12|207435.77|294223.15
25|83|"SAN LUIS"|21|"PREPARACIONES ALIMENTICIAS DIVERSAS"|7|55737.2|69145.55
26|83|"SAN LUIS"|21|"PREPARACIONES ALIMENTICIAS DIVERSAS"|14|220120|298320.54
27|83|"SAN LUIS"|21|"PREPARACIONES ALIMENTICIAS DIVERSAS"|10|190310.81|367487.41
28|83|"SAN LUIS"|21|"PREPARACIONES ALIMENTICIAS DIVERSAS"|8|103734.8|133246.54
29|83|"SAN LUIS"|21|"PREPARACIONES ALIMENTICIAS DIVERSAS"|10|179143.71|370459.34
30|83|"SAN LUIS"|21|"PREPARACIONES ALIMENTICIAS DIVERSAS"|9|264120.2|328557.75
31|83|"SAN LUIS"|21|"PREPARACIONES ALIMENTICIAS DIVERSAS"|20|276390.2|360501.51
32|83|"SAN LUIS"|21|"PREPARACIONES ALIMENTICIAS DIVERSAS"|13|141455.88|264182.78
33|83|"SAN LUIS"|21|"PREPARACIONES ALIMENTICIAS DIVERSAS"|5|33331.88|83547.52
34|83|"SAN LUIS"|21|"PREPARACIONES ALIMENTICIAS DIVERSAS"|12|362890.31|720585.08
35|83|"SAN LUIS"|21|"PREPARACIONES ALIMENTICIAS DIVERSAS"|16|269815.53|362037.94
36|83|"SAN LUIS"|21|"PREPARACIONES ALIMENTICIAS DIVERSAS"|9|95638.8|142554.45
37|83|"SAN LUIS"|21|"PREPARACIONES ALIMENTICIAS DIVERSAS"|19|160632.77|354618.37
38|83|"SAN LUIS"|21|"PREPARACIONES ALIMENTICIAS DIVERSAS"|2|37314.95|109269.05
39|83|"SAN LUIS"|21|"PREPARACIONES ALIMENTICIAS DIVERSAS"|21|333975.72|434101.77
40|83|"SAN LUIS"|21|"PREPARACIONES ALIMENTICIAS DIVERSAS"|18|295459.2|337776.7
41|83|"SAN LUIS"|21|"PREPARACIONES ALIMENTICIAS DIVERSAS"|23|185878.2|233467.26
42|83|"SAN LUIS"|21|"PREPARACIONES ALIMENTICIAS DIVERSAS"|10|236848.03|417691.1
43|83|"SAN LUIS"|21|"PREPARACIONES ALIMENTICIAS DIVERSAS"|14|294378|315882.82
44|83|"SAN LUIS"|21|"PREPARACIONES ALIMENTICIAS DIVERSAS"|6|125621|178044.6
45|83|"SAN LUIS"|21|"PREPARACIONES ALIMENTICIAS DIVERSAS"|16|274092.8|324167.48
46|83|"SAN LUIS"|21|"PREPARACIONES ALIMENTICIAS DIVERSAS"|20|293019.4|449858.53
47|83|"SAN LUIS"|21|"PREPARACIONES ALIMENTICIAS DIVERSAS"|13|263524.81|374723.74
48|83|"SAN LUIS"|21|"PREPARACIONES ALIMENTICIAS DIVERSAS"|24|530148.58|792053.52
49|83|"SAN LUIS"|21|"PREPARACIONES ALIMENTICIAS DIVERSAS"|2|20009|30343.26
50|83|"SAN LUIS"|21|"PREPARACIONES ALIMENTICIAS DIVERSAS"|10|197096.9|227863.37
51|83|"SAN LUIS"|21|"PREPARACIONES ALIMENTICIAS DIVERSAS"|3|64908|97711.59
52|83|"SAN LUIS"|21|"PREPARACIONES ALIMENTICIAS DIVERSAS"|3|65707.2|91239.06
53|83|"SAN LUIS"|21|"PREPARACIONES ALIMENTICIAS DIVERSAS"|12|322239.6|433853.6
54|83|"SAN LUIS"|21|"PREPARACIONES ALIMENTICIAS DIVERSAS"|15|135779.4|166075.62
55|83|"SAN LUIS"|21|"PREPARACIONES ALIMENTICIAS DIVERSAS"|9|141037|360977.85
56|83|"SAN LUIS"|21|"PREPARACIONES ALIMENTICIAS DIVERSAS"|12|277841.92|486806.27
57|83|"SAN LUIS"|21|"PREPARACIONES ALIMENTICIAS DIVERSAS"|23|323840.4|391483.89
58|83|"SAN LUIS"|21|"PREPARACIONES ALIMENTICIAS DIVERSAS"|23|214475.5|270970.7
59|83|"SAN LUIS"|21|"PREPARACIONES ALIMENTICIAS DIVERSAS"|1|21902.4|30413.02
60|83|"SAN LUIS"|21|"PREPARACIONES ALIMENTICIAS DIVERSAS"|14|426076.94|708729.65
61|83|"SAN LUIS"|21|"PREPARACIONES ALIMENTICIAS DIVERSAS"|5|50051|70573.78
62|83|"SAN LUIS"|21|"PREPARACIONES ALIMENTICIAS DIVERSAS"|12|169484.8|198864.8
63|83|"SAN LUIS"|21|"PREPARACIONES ALIMENTICIAS DIVERSAS"|11|147174.87|170458.62
64|83|"SAN LUIS"|21|"PREPARACIONES ALIMENTICIAS DIVERSAS"|6|43575|44150.8
65|83|"SAN LUIS"|21|"PREPARACIONES ALIMENTICIAS DIVERSAS"|23|364247.16|498823.91
67|83|"SAN LUIS"|21|"PREPARACIONES ALIMENTICIAS DIVERSAS"|12|115662.8|143716.87
68|83|"SAN LUIS"|21|"PREPARACIONES ALIMENTICIAS DIVERSAS"|9|94831.3|131878.36
69|83|"SAN LUIS"|21|"PREPARACIONES ALIMENTICIAS DIVERSAS"|8|227058.08|342331.28
70|83|"SAN LUIS"|21|"PREPARACIONES ALIMENTICIAS DIVERSAS"|11|199331|220660.96
71|83|"SAN LUIS"|21|"PREPARACIONES ALIMENTICIAS DIVERSAS"|9|41160|51751.84
72|83|"SAN LUIS"|21|"PREPARACIONES ALIMENTICIAS DIVERSAS"|2|28934.4|116248.51
74|83|"SAN LUIS"|21|"PREPARACIONES ALIMENTICIAS DIVERSAS"|3|22074|23897.6
75|83|"SAN LUIS"|21|"PREPARACIONES ALIMENTICIAS DIVERSAS"|5|39861.8|137642.62
76|83|"SAN LUIS"|21|"PREPARACIONES ALIMENTICIAS DIVERSAS"|3|57302.4|389472.48
77|83|"SAN LUIS"|21|"PREPARACIONES ALIMENTICIAS DIVERSAS"|2|87732|105902
78|83|"SAN LUIS"|21|"PREPARACIONES ALIMENTICIAS DIVERSAS"|7|136405.04|566208.48
79|83|"SAN LUIS"|21|"PREPARACIONES ALIMENTICIAS DIVERSAS"|21|318824.4|462783.88
80|83|"SAN LUIS"|21|"PREPARACIONES ALIMENTICIAS DIVERSAS"|13|122529.6|134381.52
81|83|"SAN LUIS"|21|"PREPARACIONES ALIMENTICIAS DIVERSAS"|10|84832.16|296953.99
82|83|"SAN LUIS"|21|"PREPARACIONES ALIMENTICIAS DIVERSAS"|7|205625|252833.2
83|83|"SAN LUIS"|21|"PREPARACIONES ALIMENTICIAS DIVERSAS"|14|127604.2|250904.75
84|83|"SAN LUIS"|21|"PREPARACIONES ALIMENTICIAS DIVERSAS"|19|128304|162964.64
86|83|"SAN LUIS"|21|"PREPARACIONES ALIMENTICIAS DIVERSAS"|9|211457.28|503786.01
87|83|"SAN LUIS"|21|"PREPARACIONES ALIMENTICIAS DIVERSAS"|32|277544.16|454555.53
89|83|"SAN LUIS"|21|"PREPARACIONES ALIMENTICIAS DIVERSAS"|1|21827|20352
90|83|"SAN LUIS"|21|"PREPARACIONES ALIMENTICIAS DIVERSAS"|11|143290.04|500494.68
91|83|"SAN LUIS"|21|"PREPARACIONES ALIMENTICIAS DIVERSAS"|5|129339|158775.2
92|83|"SAN LUIS"|21|"PREPARACIONES ALIMENTICIAS DIVERSAS"|12|126148|168657.28
93|83|"SAN LUIS"|21|"PREPARACIONES ALIMENTICIAS DIVERSAS"|8|62643|83378.88
94|83|"SAN LUIS"|21|"PREPARACIONES ALIMENTICIAS DIVERSAS"|1|17671.5|81173.87
95|83|"SAN LUIS"|21|"PREPARACIONES ALIMENTICIAS DIVERSAS"|18|363754.3|583042.28
96|83|"SAN LUIS"|21|"PREPARACIONES ALIMENTICIAS DIVERSAS"|8|55557.2|133338.95
97|83|"SAN LUIS"|21|"PREPARACIONES ALIMENTICIAS DIVERSAS"|11|129606|169737.2
98|83|"SAN LUIS"|21|"PREPARACIONES ALIMENTICIAS DIVERSAS"|5|60307.72|134117.69
99|83|"SAN LUIS"|21|"PREPARACIONES ALIMENTICIAS DIVERSAS"|6|166349|203129.12
100|83|"SAN LUIS"|21|"PREPARACIONES ALIMENTICIAS DIVERSAS"|15|133486.84|253935.63
101|83|"SAN LUIS"|21|"PREPARACIONES ALIMENTICIAS DIVERSAS"|3|149819.01|175365.2
102|83|"SAN LUIS"|21|"PREPARACIONES ALIMENTICIAS DIVERSAS"|21|244620.68|350802.31
103|83|"SAN LUIS"|21|"PREPARACIONES ALIMENTICIAS DIVERSAS"|5|171670|209329.2
