"semana"|"aduana"|"aduana_desc"|"mercaderia"|"mercaderia_desc"|"cantidad"|"kilos"|"importe"
68|92|"BS.AS. SUR"|21|"PREPARACIONES ALIMENTICIAS DIVERSAS"|9|160047.94|538736.65
69|92|"BS.AS. SUR"|21|"PREPARACIONES ALIMENTICIAS DIVERSAS"|39|462598.9|1110857.53
70|92|"BS.AS. SUR"|21|"PREPARACIONES ALIMENTICIAS DIVERSAS"|45|821885.98|1541620.92
71|92|"BS.AS. SUR"|21|"PREPARACIONES ALIMENTICIAS DIVERSAS"|52|790497.43|1882778.72
72|92|"BS.AS. SUR"|21|"PREPARACIONES ALIMENTICIAS DIVERSAS"|52|797549.97|1239514.24
73|92|"BS.AS. SUR"|21|"PREPARACIONES ALIMENTICIAS DIVERSAS"|42|679240.87|1196986.4
74|92|"BS.AS. SUR"|21|"PREPARACIONES ALIMENTICIAS DIVERSAS"|55|795577.15|1996227.98
75|92|"BS.AS. SUR"|21|"PREPARACIONES ALIMENTICIAS DIVERSAS"|40|656625.09|1081026.66
76|92|"BS.AS. SUR"|21|"PREPARACIONES ALIMENTICIAS DIVERSAS"|45|529852.09|1340038.5
77|92|"BS.AS. SUR"|21|"PREPARACIONES ALIMENTICIAS DIVERSAS"|48|644078.45|1190421.39
78|92|"BS.AS. SUR"|21|"PREPARACIONES ALIMENTICIAS DIVERSAS"|63|1218792.68|2017656.1
79|92|"BS.AS. SUR"|21|"PREPARACIONES ALIMENTICIAS DIVERSAS"|44|713955.75|1514418.65
80|92|"BS.AS. SUR"|21|"PREPARACIONES ALIMENTICIAS DIVERSAS"|43|907169.99|1961870.56
81|92|"BS.AS. SUR"|21|"PREPARACIONES ALIMENTICIAS DIVERSAS"|47|736484.08|1582240.74
82|92|"BS.AS. SUR"|21|"PREPARACIONES ALIMENTICIAS DIVERSAS"|51|510390.67|1296412.61
83|92|"BS.AS. SUR"|21|"PREPARACIONES ALIMENTICIAS DIVERSAS"|36|592048.65|1040323.62
84|92|"BS.AS. SUR"|21|"PREPARACIONES ALIMENTICIAS DIVERSAS"|41|474315.34|1073226.27
85|92|"BS.AS. SUR"|21|"PREPARACIONES ALIMENTICIAS DIVERSAS"|36|462360.22|973536.13
86|92|"BS.AS. SUR"|21|"PREPARACIONES ALIMENTICIAS DIVERSAS"|49|698255.8|1602077.04
87|92|"BS.AS. SUR"|21|"PREPARACIONES ALIMENTICIAS DIVERSAS"|43|668909.53|1243661.97
88|92|"BS.AS. SUR"|21|"PREPARACIONES ALIMENTICIAS DIVERSAS"|45|610063.82|1862858.68
89|92|"BS.AS. SUR"|21|"PREPARACIONES ALIMENTICIAS DIVERSAS"|49|757622.04|1627081.42
90|92|"BS.AS. SUR"|21|"PREPARACIONES ALIMENTICIAS DIVERSAS"|60|756180.95|1549947.18
91|92|"BS.AS. SUR"|21|"PREPARACIONES ALIMENTICIAS DIVERSAS"|37|593977.81|1121570.51
92|92|"BS.AS. SUR"|21|"PREPARACIONES ALIMENTICIAS DIVERSAS"|56|818660.25|1651132.36
93|92|"BS.AS. SUR"|21|"PREPARACIONES ALIMENTICIAS DIVERSAS"|46|660825.9|1765555.15
94|92|"BS.AS. SUR"|21|"PREPARACIONES ALIMENTICIAS DIVERSAS"|46|642609.31|870339.11
95|92|"BS.AS. SUR"|21|"PREPARACIONES ALIMENTICIAS DIVERSAS"|32|498037.27|877652.77
96|92|"BS.AS. SUR"|21|"PREPARACIONES ALIMENTICIAS DIVERSAS"|39|672340.89|1473302.55
97|92|"BS.AS. SUR"|21|"PREPARACIONES ALIMENTICIAS DIVERSAS"|45|583923.61|1312740.56
98|92|"BS.AS. SUR"|21|"PREPARACIONES ALIMENTICIAS DIVERSAS"|46|516832.83|1805354.98
99|92|"BS.AS. SUR"|21|"PREPARACIONES ALIMENTICIAS DIVERSAS"|51|923812.13|1354429.82
100|92|"BS.AS. SUR"|21|"PREPARACIONES ALIMENTICIAS DIVERSAS"|39|593762.5|987698.2
101|92|"BS.AS. SUR"|21|"PREPARACIONES ALIMENTICIAS DIVERSAS"|35|384205.98|988608.66
102|92|"BS.AS. SUR"|21|"PREPARACIONES ALIMENTICIAS DIVERSAS"|68|993376.33|2106659.1
103|92|"BS.AS. SUR"|21|"PREPARACIONES ALIMENTICIAS DIVERSAS"|57|789941.45|1559463
104|92|"BS.AS. SUR"|21|"PREPARACIONES ALIMENTICIAS DIVERSAS"|20|240956.43|437392.47
