"semana"|"aduana"|"aduana_desc"|"mercaderia"|"mercaderia_desc"|"cantidad"|"kilos"|"importe"
69|92|"BS.AS. SUR"|93|"ARMAS, MUNICIONES, Y SUS PARTES Y ACCESORIOS"|1|1887|17571.52
70|92|"BS.AS. SUR"|93|"ARMAS, MUNICIONES, Y SUS PARTES Y ACCESORIOS"|1|40000|109088
74|92|"BS.AS. SUR"|93|"ARMAS, MUNICIONES, Y SUS PARTES Y ACCESORIOS"|1|40000|109088
78|92|"BS.AS. SUR"|93|"ARMAS, MUNICIONES, Y SUS PARTES Y ACCESORIOS"|2|9076.5|24832.87
83|92|"BS.AS. SUR"|93|"ARMAS, MUNICIONES, Y SUS PARTES Y ACCESORIOS"|1|40000|107384
87|92|"BS.AS. SUR"|93|"ARMAS, MUNICIONES, Y SUS PARTES Y ACCESORIOS"|1|2.25|891
89|92|"BS.AS. SUR"|93|"ARMAS, MUNICIONES, Y SUS PARTES Y ACCESORIOS"|2|11490|51378.47
90|92|"BS.AS. SUR"|93|"ARMAS, MUNICIONES, Y SUS PARTES Y ACCESORIOS"|1|40000|107736
96|92|"BS.AS. SUR"|93|"ARMAS, MUNICIONES, Y SUS PARTES Y ACCESORIOS"|1|8|938
98|92|"BS.AS. SUR"|93|"ARMAS, MUNICIONES, Y SUS PARTES Y ACCESORIOS"|2|19053.25|50029.74
