"semana"|"aduana"|"aduana_desc"|"mercaderia"|"mercaderia_desc"|"cantidad"|"kilos"|"importe"
14|67|"USHUAIA"|55|"FIBRAS SINTETICAS O ARTIFICIALES DISCONTINUAS"|1|17494.56|24263.55
33|67|"USHUAIA"|55|"FIBRAS SINTETICAS O ARTIFICIALES DISCONTINUAS"|2|19425.55|23533.25
35|67|"USHUAIA"|55|"FIBRAS SINTETICAS O ARTIFICIALES DISCONTINUAS"|2|21649.3|26241.14
55|67|"USHUAIA"|55|"FIBRAS SINTETICAS O ARTIFICIALES DISCONTINUAS"|1|12515.59|13547.25
59|67|"USHUAIA"|55|"FIBRAS SINTETICAS O ARTIFICIALES DISCONTINUAS"|1|12591.9|13627.38
61|67|"USHUAIA"|55|"FIBRAS SINTETICAS O ARTIFICIALES DISCONTINUAS"|1|13555.5|14639.16
72|67|"USHUAIA"|55|"FIBRAS SINTETICAS O ARTIFICIALES DISCONTINUAS"|2|22203.1|24267.25
82|67|"USHUAIA"|55|"FIBRAS SINTETICAS O ARTIFICIALES DISCONTINUAS"|1|12685.6|14242.48
85|67|"USHUAIA"|55|"FIBRAS SINTETICAS O ARTIFICIALES DISCONTINUAS"|2|28019.4|31177.37
