"semana"|"aduana"|"aduana_desc"|"mercaderia"|"mercaderia_desc"|"cantidad"|"kilos"|"importe"
71|91|"BS.AS. NORTE"|59|"TELAS IMPREGNADAS, RECUBIERTAS, REVESTIDAS O ESTRATIFICADAS;"|4|7120.36|52835.44
72|91|"BS.AS. NORTE"|59|"TELAS IMPREGNADAS, RECUBIERTAS, REVESTIDAS O ESTRATIFICADAS;"|1|285.9|9691.5
74|91|"BS.AS. NORTE"|59|"TELAS IMPREGNADAS, RECUBIERTAS, REVESTIDAS O ESTRATIFICADAS;"|4|312.6|2621.16
75|91|"BS.AS. NORTE"|59|"TELAS IMPREGNADAS, RECUBIERTAS, REVESTIDAS O ESTRATIFICADAS;"|5|7542.98|65072.18
76|91|"BS.AS. NORTE"|59|"TELAS IMPREGNADAS, RECUBIERTAS, REVESTIDAS O ESTRATIFICADAS;"|1|2340|21020
77|91|"BS.AS. NORTE"|59|"TELAS IMPREGNADAS, RECUBIERTAS, REVESTIDAS O ESTRATIFICADAS;"|3|383.78|16879.71
79|91|"BS.AS. NORTE"|59|"TELAS IMPREGNADAS, RECUBIERTAS, REVESTIDAS O ESTRATIFICADAS;"|2|235.32|11489.16
80|91|"BS.AS. NORTE"|59|"TELAS IMPREGNADAS, RECUBIERTAS, REVESTIDAS O ESTRATIFICADAS;"|2|4934.05|22772.63
81|91|"BS.AS. NORTE"|59|"TELAS IMPREGNADAS, RECUBIERTAS, REVESTIDAS O ESTRATIFICADAS;"|3|238.38|9558.86
82|91|"BS.AS. NORTE"|59|"TELAS IMPREGNADAS, RECUBIERTAS, REVESTIDAS O ESTRATIFICADAS;"|1|370|14563.78
84|91|"BS.AS. NORTE"|59|"TELAS IMPREGNADAS, RECUBIERTAS, REVESTIDAS O ESTRATIFICADAS;"|1|250|9822.81
86|91|"BS.AS. NORTE"|59|"TELAS IMPREGNADAS, RECUBIERTAS, REVESTIDAS O ESTRATIFICADAS;"|2|4539.86|45410.61
87|91|"BS.AS. NORTE"|59|"TELAS IMPREGNADAS, RECUBIERTAS, REVESTIDAS O ESTRATIFICADAS;"|3|6313.83|36363.62
88|91|"BS.AS. NORTE"|59|"TELAS IMPREGNADAS, RECUBIERTAS, REVESTIDAS O ESTRATIFICADAS;"|2|68.96|20983.64
89|91|"BS.AS. NORTE"|59|"TELAS IMPREGNADAS, RECUBIERTAS, REVESTIDAS O ESTRATIFICADAS;"|3|2551.93|94700.93
91|91|"BS.AS. NORTE"|59|"TELAS IMPREGNADAS, RECUBIERTAS, REVESTIDAS O ESTRATIFICADAS;"|3|1484.95|10603.45
92|91|"BS.AS. NORTE"|59|"TELAS IMPREGNADAS, RECUBIERTAS, REVESTIDAS O ESTRATIFICADAS;"|4|3471.15|30835.14
93|91|"BS.AS. NORTE"|59|"TELAS IMPREGNADAS, RECUBIERTAS, REVESTIDAS O ESTRATIFICADAS;"|1|1.45|80.58
94|91|"BS.AS. NORTE"|59|"TELAS IMPREGNADAS, RECUBIERTAS, REVESTIDAS O ESTRATIFICADAS;"|1|70.62|4636.3
96|91|"BS.AS. NORTE"|59|"TELAS IMPREGNADAS, RECUBIERTAS, REVESTIDAS O ESTRATIFICADAS;"|1|160|10920
97|91|"BS.AS. NORTE"|59|"TELAS IMPREGNADAS, RECUBIERTAS, REVESTIDAS O ESTRATIFICADAS;"|1|3090|30327.6
99|91|"BS.AS. NORTE"|59|"TELAS IMPREGNADAS, RECUBIERTAS, REVESTIDAS O ESTRATIFICADAS;"|3|1681.3|15359.5
100|91|"BS.AS. NORTE"|59|"TELAS IMPREGNADAS, RECUBIERTAS, REVESTIDAS O ESTRATIFICADAS;"|1|267.5|4451.35
102|91|"BS.AS. NORTE"|59|"TELAS IMPREGNADAS, RECUBIERTAS, REVESTIDAS O ESTRATIFICADAS;"|1|34.59|2574.01
103|91|"BS.AS. NORTE"|59|"TELAS IMPREGNADAS, RECUBIERTAS, REVESTIDAS O ESTRATIFICADAS;"|2|34.14|865.5
104|91|"BS.AS. NORTE"|59|"TELAS IMPREGNADAS, RECUBIERTAS, REVESTIDAS O ESTRATIFICADAS;"|1|324.27|5440.77
