"semana"|"aduana"|"aduana_desc"|"mercaderia"|"mercaderia_desc"|"cantidad"|"kilos"|"importe"
75|91|"BS.AS. NORTE"|43|"PELETERIA Y CONFECCIONES DE PELETERIA; PELETERIA FACTICIA O "|2|1330|35650
78|91|"BS.AS. NORTE"|43|"PELETERIA Y CONFECCIONES DE PELETERIA; PELETERIA FACTICIA O "|2|488.5|18722.84
82|91|"BS.AS. NORTE"|43|"PELETERIA Y CONFECCIONES DE PELETERIA; PELETERIA FACTICIA O "|1|757|35896.2
89|91|"BS.AS. NORTE"|43|"PELETERIA Y CONFECCIONES DE PELETERIA; PELETERIA FACTICIA O "|1|796|20060
90|91|"BS.AS. NORTE"|43|"PELETERIA Y CONFECCIONES DE PELETERIA; PELETERIA FACTICIA O "|1|2736|66000
91|91|"BS.AS. NORTE"|43|"PELETERIA Y CONFECCIONES DE PELETERIA; PELETERIA FACTICIA O "|1|1132|32364
92|91|"BS.AS. NORTE"|43|"PELETERIA Y CONFECCIONES DE PELETERIA; PELETERIA FACTICIA O "|3|605.14|35149
100|91|"BS.AS. NORTE"|43|"PELETERIA Y CONFECCIONES DE PELETERIA; PELETERIA FACTICIA O "|1|595|8160
103|91|"BS.AS. NORTE"|43|"PELETERIA Y CONFECCIONES DE PELETERIA; PELETERIA FACTICIA O "|1|766|18129
