"semana"|"aduana"|"aduana_desc"|"mercaderia"|"mercaderia_desc"|"cantidad"|"kilos"|"importe"
14|82|"BERNARDO DE YRIGOYEN"|8|"FRUTAS Y FRUTOS COMESTIBLES; CORTEZAS DE AGRIOS(CITRICOS), M"|2|24000|60360
37|82|"BERNARDO DE YRIGOYEN"|8|"FRUTAS Y FRUTOS COMESTIBLES; CORTEZAS DE AGRIOS(CITRICOS), M"|1|25000|40000
38|82|"BERNARDO DE YRIGOYEN"|8|"FRUTAS Y FRUTOS COMESTIBLES; CORTEZAS DE AGRIOS(CITRICOS), M"|1|25000|37500
41|82|"BERNARDO DE YRIGOYEN"|8|"FRUTAS Y FRUTOS COMESTIBLES; CORTEZAS DE AGRIOS(CITRICOS), M"|1|25000|37500
46|82|"BERNARDO DE YRIGOYEN"|8|"FRUTAS Y FRUTOS COMESTIBLES; CORTEZAS DE AGRIOS(CITRICOS), M"|1|25000|45430
48|82|"BERNARDO DE YRIGOYEN"|8|"FRUTAS Y FRUTOS COMESTIBLES; CORTEZAS DE AGRIOS(CITRICOS), M"|1|25000|50000
95|82|"BERNARDO DE YRIGOYEN"|8|"FRUTAS Y FRUTOS COMESTIBLES; CORTEZAS DE AGRIOS(CITRICOS), M"|1|24500|33810
100|82|"BERNARDO DE YRIGOYEN"|8|"FRUTAS Y FRUTOS COMESTIBLES; CORTEZAS DE AGRIOS(CITRICOS), M"|1|24500|31850
