"semana"|"aduana"|"aduana_desc"|"mercaderia"|"mercaderia_desc"|"cantidad"|"kilos"|"importe"
69|91|"BS.AS. NORTE"|70|"VIDRIO Y SUS MANUFACTURAS"|8|1201.01|12410.73
70|91|"BS.AS. NORTE"|70|"VIDRIO Y SUS MANUFACTURAS"|10|93.45|1845.4
71|91|"BS.AS. NORTE"|70|"VIDRIO Y SUS MANUFACTURAS"|5|1133.94|8881.04
72|91|"BS.AS. NORTE"|70|"VIDRIO Y SUS MANUFACTURAS"|13|3756.71|18677.49
73|91|"BS.AS. NORTE"|70|"VIDRIO Y SUS MANUFACTURAS"|7|13387.23|51822.18
74|91|"BS.AS. NORTE"|70|"VIDRIO Y SUS MANUFACTURAS"|6|23203.21|34427.3
75|91|"BS.AS. NORTE"|70|"VIDRIO Y SUS MANUFACTURAS"|5|1946.64|26358.49
76|91|"BS.AS. NORTE"|70|"VIDRIO Y SUS MANUFACTURAS"|15|28073.74|33244.56
77|91|"BS.AS. NORTE"|70|"VIDRIO Y SUS MANUFACTURAS"|4|152.56|1438.46
78|91|"BS.AS. NORTE"|70|"VIDRIO Y SUS MANUFACTURAS"|13|1045.88|8472.73
79|91|"BS.AS. NORTE"|70|"VIDRIO Y SUS MANUFACTURAS"|6|65.1|1128.65
80|91|"BS.AS. NORTE"|70|"VIDRIO Y SUS MANUFACTURAS"|5|290.37|2323.57
81|91|"BS.AS. NORTE"|70|"VIDRIO Y SUS MANUFACTURAS"|13|578.74|5779.52
82|91|"BS.AS. NORTE"|70|"VIDRIO Y SUS MANUFACTURAS"|11|241.08|6140.88
83|91|"BS.AS. NORTE"|70|"VIDRIO Y SUS MANUFACTURAS"|13|980.75|26112.45
84|91|"BS.AS. NORTE"|70|"VIDRIO Y SUS MANUFACTURAS"|6|227.53|9134
85|91|"BS.AS. NORTE"|70|"VIDRIO Y SUS MANUFACTURAS"|5|367.83|4775.59
86|91|"BS.AS. NORTE"|70|"VIDRIO Y SUS MANUFACTURAS"|13|29099.37|35974.21
87|91|"BS.AS. NORTE"|70|"VIDRIO Y SUS MANUFACTURAS"|14|10220.58|31797.05
88|91|"BS.AS. NORTE"|70|"VIDRIO Y SUS MANUFACTURAS"|13|15754.44|28758.48
89|91|"BS.AS. NORTE"|70|"VIDRIO Y SUS MANUFACTURAS"|9|9387.61|26743.15
90|91|"BS.AS. NORTE"|70|"VIDRIO Y SUS MANUFACTURAS"|5|189.05|2333.11
91|91|"BS.AS. NORTE"|70|"VIDRIO Y SUS MANUFACTURAS"|5|112.54|2307.26
92|91|"BS.AS. NORTE"|70|"VIDRIO Y SUS MANUFACTURAS"|12|1424.16|18029.03
93|91|"BS.AS. NORTE"|70|"VIDRIO Y SUS MANUFACTURAS"|5|24250.83|46003.7
94|91|"BS.AS. NORTE"|70|"VIDRIO Y SUS MANUFACTURAS"|7|378.61|7059.95
95|91|"BS.AS. NORTE"|70|"VIDRIO Y SUS MANUFACTURAS"|10|17403.25|22534.2
96|91|"BS.AS. NORTE"|70|"VIDRIO Y SUS MANUFACTURAS"|5|718.06|9158.77
97|91|"BS.AS. NORTE"|70|"VIDRIO Y SUS MANUFACTURAS"|4|103.12|2295.97
98|91|"BS.AS. NORTE"|70|"VIDRIO Y SUS MANUFACTURAS"|6|232.64|2231.61
99|91|"BS.AS. NORTE"|70|"VIDRIO Y SUS MANUFACTURAS"|11|2464.73|27055.22
100|91|"BS.AS. NORTE"|70|"VIDRIO Y SUS MANUFACTURAS"|12|11861.76|39475.21
101|91|"BS.AS. NORTE"|70|"VIDRIO Y SUS MANUFACTURAS"|2|10.36|251.3
102|91|"BS.AS. NORTE"|70|"VIDRIO Y SUS MANUFACTURAS"|12|1336.35|15903.22
103|91|"BS.AS. NORTE"|70|"VIDRIO Y SUS MANUFACTURAS"|6|95.05|987.19
104|91|"BS.AS. NORTE"|70|"VIDRIO Y SUS MANUFACTURAS"|8|328.73|4450.85
