"semana"|"aduana"|"aduana_desc"|"mercaderia"|"mercaderia_desc"|"cantidad"|"kilos"|"importe"
3|83|"SAN LUIS"|76|"ALUMINIO Y SUS MANUFACTURAS"|1|5880|61162.43
4|83|"SAN LUIS"|76|"ALUMINIO Y SUS MANUFACTURAS"|1|6272|61162.43
8|83|"SAN LUIS"|76|"ALUMINIO Y SUS MANUFACTURAS"|1|6272|61162.42
12|83|"SAN LUIS"|76|"ALUMINIO Y SUS MANUFACTURAS"|1|6272|61162.41
19|83|"SAN LUIS"|76|"ALUMINIO Y SUS MANUFACTURAS"|1|6272|61162.42
25|83|"SAN LUIS"|76|"ALUMINIO Y SUS MANUFACTURAS"|1|6272|61162.42
26|83|"SAN LUIS"|76|"ALUMINIO Y SUS MANUFACTURAS"|1|6272|61162.42
27|83|"SAN LUIS"|76|"ALUMINIO Y SUS MANUFACTURAS"|1|6272|61162.41
32|83|"SAN LUIS"|76|"ALUMINIO Y SUS MANUFACTURAS"|1|6272|61162.41
35|83|"SAN LUIS"|76|"ALUMINIO Y SUS MANUFACTURAS"|1|6272|61162.4
48|83|"SAN LUIS"|76|"ALUMINIO Y SUS MANUFACTURAS"|1|1.05|35
