"semana"|"aduana"|"aduana_desc"|"mercaderia"|"mercaderia_desc"|"cantidad"|"kilos"|"importe"
4|80|"SAN ANTONIO OESTE"|8|"FRUTAS Y FRUTOS COMESTIBLES; CORTEZAS DE AGRIOS(CITRICOS), M"|102|41256112|35563300.72
5|80|"SAN ANTONIO OESTE"|8|"FRUTAS Y FRUTOS COMESTIBLES; CORTEZAS DE AGRIOS(CITRICOS), M"|248|27771299.1|23547188.03
6|80|"SAN ANTONIO OESTE"|8|"FRUTAS Y FRUTOS COMESTIBLES; CORTEZAS DE AGRIOS(CITRICOS), M"|372|53069777.8|45276046.55
7|80|"SAN ANTONIO OESTE"|8|"FRUTAS Y FRUTOS COMESTIBLES; CORTEZAS DE AGRIOS(CITRICOS), M"|589|116499416.34|100330034.6
8|80|"SAN ANTONIO OESTE"|8|"FRUTAS Y FRUTOS COMESTIBLES; CORTEZAS DE AGRIOS(CITRICOS), M"|553|81493935.12|72476747.6
9|80|"SAN ANTONIO OESTE"|8|"FRUTAS Y FRUTOS COMESTIBLES; CORTEZAS DE AGRIOS(CITRICOS), M"|537|121455136.23|103807022.74
10|80|"SAN ANTONIO OESTE"|8|"FRUTAS Y FRUTOS COMESTIBLES; CORTEZAS DE AGRIOS(CITRICOS), M"|641|103328992.78|93125056.69
11|80|"SAN ANTONIO OESTE"|8|"FRUTAS Y FRUTOS COMESTIBLES; CORTEZAS DE AGRIOS(CITRICOS), M"|714|122860391.32|108766082.98
12|80|"SAN ANTONIO OESTE"|8|"FRUTAS Y FRUTOS COMESTIBLES; CORTEZAS DE AGRIOS(CITRICOS), M"|729|115574423.8|99440820.64
13|80|"SAN ANTONIO OESTE"|8|"FRUTAS Y FRUTOS COMESTIBLES; CORTEZAS DE AGRIOS(CITRICOS), M"|768|166686838.7|141813840.26
14|80|"SAN ANTONIO OESTE"|8|"FRUTAS Y FRUTOS COMESTIBLES; CORTEZAS DE AGRIOS(CITRICOS), M"|432|65281329.87|56790635.75
15|80|"SAN ANTONIO OESTE"|8|"FRUTAS Y FRUTOS COMESTIBLES; CORTEZAS DE AGRIOS(CITRICOS), M"|517|98251888.68|84288006.56
16|80|"SAN ANTONIO OESTE"|8|"FRUTAS Y FRUTOS COMESTIBLES; CORTEZAS DE AGRIOS(CITRICOS), M"|600|89563632.82|78772001.11
17|80|"SAN ANTONIO OESTE"|8|"FRUTAS Y FRUTOS COMESTIBLES; CORTEZAS DE AGRIOS(CITRICOS), M"|669|109587284.54|96165695.98
18|80|"SAN ANTONIO OESTE"|8|"FRUTAS Y FRUTOS COMESTIBLES; CORTEZAS DE AGRIOS(CITRICOS), M"|330|50810062.26|47063663.46
19|80|"SAN ANTONIO OESTE"|8|"FRUTAS Y FRUTOS COMESTIBLES; CORTEZAS DE AGRIOS(CITRICOS), M"|586|96893408.88|84096076.46
20|80|"SAN ANTONIO OESTE"|8|"FRUTAS Y FRUTOS COMESTIBLES; CORTEZAS DE AGRIOS(CITRICOS), M"|350|42170970.36|38724762.12
21|80|"SAN ANTONIO OESTE"|8|"FRUTAS Y FRUTOS COMESTIBLES; CORTEZAS DE AGRIOS(CITRICOS), M"|255|50758915.1|42486550.68
22|80|"SAN ANTONIO OESTE"|8|"FRUTAS Y FRUTOS COMESTIBLES; CORTEZAS DE AGRIOS(CITRICOS), M"|266|25670174.92|24417048.26
23|80|"SAN ANTONIO OESTE"|8|"FRUTAS Y FRUTOS COMESTIBLES; CORTEZAS DE AGRIOS(CITRICOS), M"|182|17954496.06|17790317.15
24|80|"SAN ANTONIO OESTE"|8|"FRUTAS Y FRUTOS COMESTIBLES; CORTEZAS DE AGRIOS(CITRICOS), M"|15|456165|506017.1
26|80|"SAN ANTONIO OESTE"|8|"FRUTAS Y FRUTOS COMESTIBLES; CORTEZAS DE AGRIOS(CITRICOS), M"|2|42000|45182.61
30|80|"SAN ANTONIO OESTE"|8|"FRUTAS Y FRUTOS COMESTIBLES; CORTEZAS DE AGRIOS(CITRICOS), M"|1|21000|22522.93
32|80|"SAN ANTONIO OESTE"|8|"FRUTAS Y FRUTOS COMESTIBLES; CORTEZAS DE AGRIOS(CITRICOS), M"|3|633744|697514.4
36|80|"SAN ANTONIO OESTE"|8|"FRUTAS Y FRUTOS COMESTIBLES; CORTEZAS DE AGRIOS(CITRICOS), M"|2|168600|126930
37|80|"SAN ANTONIO OESTE"|8|"FRUTAS Y FRUTOS COMESTIBLES; CORTEZAS DE AGRIOS(CITRICOS), M"|6|483126|432309.16
38|80|"SAN ANTONIO OESTE"|8|"FRUTAS Y FRUTOS COMESTIBLES; CORTEZAS DE AGRIOS(CITRICOS), M"|8|837990.9|719679.77
39|80|"SAN ANTONIO OESTE"|8|"FRUTAS Y FRUTOS COMESTIBLES; CORTEZAS DE AGRIOS(CITRICOS), M"|6|252668|211916.31
40|80|"SAN ANTONIO OESTE"|8|"FRUTAS Y FRUTOS COMESTIBLES; CORTEZAS DE AGRIOS(CITRICOS), M"|7|440208|352525.93
41|80|"SAN ANTONIO OESTE"|8|"FRUTAS Y FRUTOS COMESTIBLES; CORTEZAS DE AGRIOS(CITRICOS), M"|7|871005|655155.05
42|80|"SAN ANTONIO OESTE"|8|"FRUTAS Y FRUTOS COMESTIBLES; CORTEZAS DE AGRIOS(CITRICOS), M"|3|113550|84084.34
43|80|"SAN ANTONIO OESTE"|8|"FRUTAS Y FRUTOS COMESTIBLES; CORTEZAS DE AGRIOS(CITRICOS), M"|3|610830|449805.3
44|80|"SAN ANTONIO OESTE"|8|"FRUTAS Y FRUTOS COMESTIBLES; CORTEZAS DE AGRIOS(CITRICOS), M"|2|81000|68797.8
45|80|"SAN ANTONIO OESTE"|8|"FRUTAS Y FRUTOS COMESTIBLES; CORTEZAS DE AGRIOS(CITRICOS), M"|7|419144|338702.82
46|80|"SAN ANTONIO OESTE"|8|"FRUTAS Y FRUTOS COMESTIBLES; CORTEZAS DE AGRIOS(CITRICOS), M"|2|47410|33275.19
47|80|"SAN ANTONIO OESTE"|8|"FRUTAS Y FRUTOS COMESTIBLES; CORTEZAS DE AGRIOS(CITRICOS), M"|2|95436|83988.43
48|80|"SAN ANTONIO OESTE"|8|"FRUTAS Y FRUTOS COMESTIBLES; CORTEZAS DE AGRIOS(CITRICOS), M"|1|3600|3370.77
57|80|"SAN ANTONIO OESTE"|8|"FRUTAS Y FRUTOS COMESTIBLES; CORTEZAS DE AGRIOS(CITRICOS), M"|163|17284438.84|13642782.53
58|80|"SAN ANTONIO OESTE"|8|"FRUTAS Y FRUTOS COMESTIBLES; CORTEZAS DE AGRIOS(CITRICOS), M"|333|31226883.52|25363238.38
59|80|"SAN ANTONIO OESTE"|8|"FRUTAS Y FRUTOS COMESTIBLES; CORTEZAS DE AGRIOS(CITRICOS), M"|242|41241931.54|33095447.8
60|80|"SAN ANTONIO OESTE"|8|"FRUTAS Y FRUTOS COMESTIBLES; CORTEZAS DE AGRIOS(CITRICOS), M"|521|54892425.26|44099195.72
61|80|"SAN ANTONIO OESTE"|8|"FRUTAS Y FRUTOS COMESTIBLES; CORTEZAS DE AGRIOS(CITRICOS), M"|373|33767229.62|28455129.96
62|80|"SAN ANTONIO OESTE"|8|"FRUTAS Y FRUTOS COMESTIBLES; CORTEZAS DE AGRIOS(CITRICOS), M"|466|60283858.24|48767185.58
63|80|"SAN ANTONIO OESTE"|8|"FRUTAS Y FRUTOS COMESTIBLES; CORTEZAS DE AGRIOS(CITRICOS), M"|507|48713857.93|39065395.98
64|80|"SAN ANTONIO OESTE"|8|"FRUTAS Y FRUTOS COMESTIBLES; CORTEZAS DE AGRIOS(CITRICOS), M"|324|32075643.87|26057876.34
65|80|"SAN ANTONIO OESTE"|8|"FRUTAS Y FRUTOS COMESTIBLES; CORTEZAS DE AGRIOS(CITRICOS), M"|576|60678875.44|48904166.53
66|80|"SAN ANTONIO OESTE"|8|"FRUTAS Y FRUTOS COMESTIBLES; CORTEZAS DE AGRIOS(CITRICOS), M"|278|23857419.9|19478074.9
67|80|"SAN ANTONIO OESTE"|8|"FRUTAS Y FRUTOS COMESTIBLES; CORTEZAS DE AGRIOS(CITRICOS), M"|574|55641530.58|44088630.74
68|80|"SAN ANTONIO OESTE"|8|"FRUTAS Y FRUTOS COMESTIBLES; CORTEZAS DE AGRIOS(CITRICOS), M"|455|43313800.25|35492675.87
69|80|"SAN ANTONIO OESTE"|8|"FRUTAS Y FRUTOS COMESTIBLES; CORTEZAS DE AGRIOS(CITRICOS), M"|379|35516813.66|29352317.6
70|80|"SAN ANTONIO OESTE"|8|"FRUTAS Y FRUTOS COMESTIBLES; CORTEZAS DE AGRIOS(CITRICOS), M"|221|19821627.8|16560084.02
71|80|"SAN ANTONIO OESTE"|8|"FRUTAS Y FRUTOS COMESTIBLES; CORTEZAS DE AGRIOS(CITRICOS), M"|369|35505103.16|29766197.4
72|80|"SAN ANTONIO OESTE"|8|"FRUTAS Y FRUTOS COMESTIBLES; CORTEZAS DE AGRIOS(CITRICOS), M"|460|29378802.24|24864280.87
73|80|"SAN ANTONIO OESTE"|8|"FRUTAS Y FRUTOS COMESTIBLES; CORTEZAS DE AGRIOS(CITRICOS), M"|274|23820591.76|19234035.88
74|80|"SAN ANTONIO OESTE"|8|"FRUTAS Y FRUTOS COMESTIBLES; CORTEZAS DE AGRIOS(CITRICOS), M"|317|16269885.03|13702177.98
75|80|"SAN ANTONIO OESTE"|8|"FRUTAS Y FRUTOS COMESTIBLES; CORTEZAS DE AGRIOS(CITRICOS), M"|240|17100734.02|13075407.73
76|80|"SAN ANTONIO OESTE"|8|"FRUTAS Y FRUTOS COMESTIBLES; CORTEZAS DE AGRIOS(CITRICOS), M"|233|14693235.2|12015120.04
77|80|"SAN ANTONIO OESTE"|8|"FRUTAS Y FRUTOS COMESTIBLES; CORTEZAS DE AGRIOS(CITRICOS), M"|145|12639596.45|9683798.13
78|80|"SAN ANTONIO OESTE"|8|"FRUTAS Y FRUTOS COMESTIBLES; CORTEZAS DE AGRIOS(CITRICOS), M"|90|4485347|3385014.51
79|80|"SAN ANTONIO OESTE"|8|"FRUTAS Y FRUTOS COMESTIBLES; CORTEZAS DE AGRIOS(CITRICOS), M"|74|6238413|4614242.97
80|80|"SAN ANTONIO OESTE"|8|"FRUTAS Y FRUTOS COMESTIBLES; CORTEZAS DE AGRIOS(CITRICOS), M"|35|1167630|874029.24
81|80|"SAN ANTONIO OESTE"|8|"FRUTAS Y FRUTOS COMESTIBLES; CORTEZAS DE AGRIOS(CITRICOS), M"|4|116286|83791.2
82|80|"SAN ANTONIO OESTE"|8|"FRUTAS Y FRUTOS COMESTIBLES; CORTEZAS DE AGRIOS(CITRICOS), M"|1|23040|17920
