"semana"|"aduana"|"aduana_desc"|"mercaderia"|"mercaderia_desc"|"cantidad"|"kilos"|"importe"
69|92|"BS.AS. SUR"|59|"TELAS IMPREGNADAS, RECUBIERTAS, REVESTIDAS O ESTRATIFICADAS;"|5|19022.2|132614.32
70|92|"BS.AS. SUR"|59|"TELAS IMPREGNADAS, RECUBIERTAS, REVESTIDAS O ESTRATIFICADAS;"|10|7537.92|69089.83
71|92|"BS.AS. SUR"|59|"TELAS IMPREGNADAS, RECUBIERTAS, REVESTIDAS O ESTRATIFICADAS;"|8|8870.65|81871.11
72|92|"BS.AS. SUR"|59|"TELAS IMPREGNADAS, RECUBIERTAS, REVESTIDAS O ESTRATIFICADAS;"|9|8560.4|66629.35
73|92|"BS.AS. SUR"|59|"TELAS IMPREGNADAS, RECUBIERTAS, REVESTIDAS O ESTRATIFICADAS;"|4|12955.64|97913.32
74|92|"BS.AS. SUR"|59|"TELAS IMPREGNADAS, RECUBIERTAS, REVESTIDAS O ESTRATIFICADAS;"|8|14411.2|135437.49
75|92|"BS.AS. SUR"|59|"TELAS IMPREGNADAS, RECUBIERTAS, REVESTIDAS O ESTRATIFICADAS;"|6|11051.05|87186.54
76|92|"BS.AS. SUR"|59|"TELAS IMPREGNADAS, RECUBIERTAS, REVESTIDAS O ESTRATIFICADAS;"|5|4750.42|30818.01
77|92|"BS.AS. SUR"|59|"TELAS IMPREGNADAS, RECUBIERTAS, REVESTIDAS O ESTRATIFICADAS;"|12|23014.52|178871.68
78|92|"BS.AS. SUR"|59|"TELAS IMPREGNADAS, RECUBIERTAS, REVESTIDAS O ESTRATIFICADAS;"|5|17109.49|120040.32
79|92|"BS.AS. SUR"|59|"TELAS IMPREGNADAS, RECUBIERTAS, REVESTIDAS O ESTRATIFICADAS;"|8|3894.47|38542.5
80|92|"BS.AS. SUR"|59|"TELAS IMPREGNADAS, RECUBIERTAS, REVESTIDAS O ESTRATIFICADAS;"|11|17828.26|151005.86
81|92|"BS.AS. SUR"|59|"TELAS IMPREGNADAS, RECUBIERTAS, REVESTIDAS O ESTRATIFICADAS;"|2|159.43|1861.22
82|92|"BS.AS. SUR"|59|"TELAS IMPREGNADAS, RECUBIERTAS, REVESTIDAS O ESTRATIFICADAS;"|12|21167.53|179954.19
83|92|"BS.AS. SUR"|59|"TELAS IMPREGNADAS, RECUBIERTAS, REVESTIDAS O ESTRATIFICADAS;"|5|1614.36|15516.72
84|92|"BS.AS. SUR"|59|"TELAS IMPREGNADAS, RECUBIERTAS, REVESTIDAS O ESTRATIFICADAS;"|4|6058.7|39823.15
86|92|"BS.AS. SUR"|59|"TELAS IMPREGNADAS, RECUBIERTAS, REVESTIDAS O ESTRATIFICADAS;"|12|21975.17|115414.5
87|92|"BS.AS. SUR"|59|"TELAS IMPREGNADAS, RECUBIERTAS, REVESTIDAS O ESTRATIFICADAS;"|3|361.41|22369.74
88|92|"BS.AS. SUR"|59|"TELAS IMPREGNADAS, RECUBIERTAS, REVESTIDAS O ESTRATIFICADAS;"|15|15128.63|133353.71
89|92|"BS.AS. SUR"|59|"TELAS IMPREGNADAS, RECUBIERTAS, REVESTIDAS O ESTRATIFICADAS;"|5|5888.61|37671.23
90|92|"BS.AS. SUR"|59|"TELAS IMPREGNADAS, RECUBIERTAS, REVESTIDAS O ESTRATIFICADAS;"|7|7958.3|64123.47
91|92|"BS.AS. SUR"|59|"TELAS IMPREGNADAS, RECUBIERTAS, REVESTIDAS O ESTRATIFICADAS;"|9|4059.09|79141.59
92|92|"BS.AS. SUR"|59|"TELAS IMPREGNADAS, RECUBIERTAS, REVESTIDAS O ESTRATIFICADAS;"|8|7000.79|114161.16
93|92|"BS.AS. SUR"|59|"TELAS IMPREGNADAS, RECUBIERTAS, REVESTIDAS O ESTRATIFICADAS;"|3|1471.58|6874.46
94|92|"BS.AS. SUR"|59|"TELAS IMPREGNADAS, RECUBIERTAS, REVESTIDAS O ESTRATIFICADAS;"|5|1399.65|31348.96
95|92|"BS.AS. SUR"|59|"TELAS IMPREGNADAS, RECUBIERTAS, REVESTIDAS O ESTRATIFICADAS;"|6|563.98|16974.67
96|92|"BS.AS. SUR"|59|"TELAS IMPREGNADAS, RECUBIERTAS, REVESTIDAS O ESTRATIFICADAS;"|6|30385.53|218547.75
97|92|"BS.AS. SUR"|59|"TELAS IMPREGNADAS, RECUBIERTAS, REVESTIDAS O ESTRATIFICADAS;"|10|3959.44|41245.1
98|92|"BS.AS. SUR"|59|"TELAS IMPREGNADAS, RECUBIERTAS, REVESTIDAS O ESTRATIFICADAS;"|8|9038.29|49664.47
99|92|"BS.AS. SUR"|59|"TELAS IMPREGNADAS, RECUBIERTAS, REVESTIDAS O ESTRATIFICADAS;"|6|1795.93|50520.36
100|92|"BS.AS. SUR"|59|"TELAS IMPREGNADAS, RECUBIERTAS, REVESTIDAS O ESTRATIFICADAS;"|1|401|3745.51
101|92|"BS.AS. SUR"|59|"TELAS IMPREGNADAS, RECUBIERTAS, REVESTIDAS O ESTRATIFICADAS;"|2|345.85|13606.96
102|92|"BS.AS. SUR"|59|"TELAS IMPREGNADAS, RECUBIERTAS, REVESTIDAS O ESTRATIFICADAS;"|6|9327.79|66446.04
103|92|"BS.AS. SUR"|59|"TELAS IMPREGNADAS, RECUBIERTAS, REVESTIDAS O ESTRATIFICADAS;"|2|1183.5|12130
104|92|"BS.AS. SUR"|59|"TELAS IMPREGNADAS, RECUBIERTAS, REVESTIDAS O ESTRATIFICADAS;"|2|915.12|3154.44
