"semana"|"aduana"|"aduana_desc"|"mercaderia"|"mercaderia_desc"|"cantidad"|"kilos"|"importe"
2|84|"SANTO TOME"|74|"COBRE Y SUS MANUFACTURAS"|1|102.96|2593.8
4|84|"SANTO TOME"|74|"COBRE Y SUS MANUFACTURAS"|3|25.88|1586.8
5|84|"SANTO TOME"|74|"COBRE Y SUS MANUFACTURAS"|1|4.12|453.2
8|84|"SANTO TOME"|74|"COBRE Y SUS MANUFACTURAS"|1|109.2|2751
9|84|"SANTO TOME"|74|"COBRE Y SUS MANUFACTURAS"|1|13.5|1365
13|84|"SANTO TOME"|74|"COBRE Y SUS MANUFACTURAS"|1|4.5|375
14|84|"SANTO TOME"|74|"COBRE Y SUS MANUFACTURAS"|1|9|990
15|84|"SANTO TOME"|74|"COBRE Y SUS MANUFACTURAS"|3|125.7|3426
16|84|"SANTO TOME"|74|"COBRE Y SUS MANUFACTURAS"|2|52.09|5723.19
17|84|"SANTO TOME"|74|"COBRE Y SUS MANUFACTURAS"|2|9|750
18|84|"SANTO TOME"|74|"COBRE Y SUS MANUFACTURAS"|1|2.04|170
19|84|"SANTO TOME"|74|"COBRE Y SUS MANUFACTURAS"|1|49.69|3011.82
20|84|"SANTO TOME"|74|"COBRE Y SUS MANUFACTURAS"|1|3|250
23|84|"SANTO TOME"|74|"COBRE Y SUS MANUFACTURAS"|1|12|300
27|84|"SANTO TOME"|74|"COBRE Y SUS MANUFACTURAS"|1|109.2|2751
28|84|"SANTO TOME"|74|"COBRE Y SUS MANUFACTURAS"|1|4.5|375
29|84|"SANTO TOME"|74|"COBRE Y SUS MANUFACTURAS"|2|13.5|1365
30|84|"SANTO TOME"|74|"COBRE Y SUS MANUFACTURAS"|1|4.5|375
32|84|"SANTO TOME"|74|"COBRE Y SUS MANUFACTURAS"|3|132.44|3623
34|84|"SANTO TOME"|74|"COBRE Y SUS MANUFACTURAS"|1|12|300
35|84|"SANTO TOME"|74|"COBRE Y SUS MANUFACTURAS"|1|34.79|375
37|84|"SANTO TOME"|74|"COBRE Y SUS MANUFACTURAS"|2|276.89|3126
40|84|"SANTO TOME"|74|"COBRE Y SUS MANUFACTURAS"|1|32.68|375
41|84|"SANTO TOME"|74|"COBRE Y SUS MANUFACTURAS"|1|31.39|375
43|84|"SANTO TOME"|74|"COBRE Y SUS MANUFACTURAS"|2|9.85|1014.85
46|84|"SANTO TOME"|74|"COBRE Y SUS MANUFACTURAS"|2|113.7|3126
49|84|"SANTO TOME"|74|"COBRE Y SUS MANUFACTURAS"|1|12|300
50|84|"SANTO TOME"|74|"COBRE Y SUS MANUFACTURAS"|1|9|750
51|84|"SANTO TOME"|74|"COBRE Y SUS MANUFACTURAS"|1|9|750
56|84|"SANTO TOME"|74|"COBRE Y SUS MANUFACTURAS"|1|9|990
59|84|"SANTO TOME"|74|"COBRE Y SUS MANUFACTURAS"|2|118.2|3501
60|84|"SANTO TOME"|74|"COBRE Y SUS MANUFACTURAS"|1|7.35|372.75
62|84|"SANTO TOME"|74|"COBRE Y SUS MANUFACTURAS"|1|9|990
65|84|"SANTO TOME"|74|"COBRE Y SUS MANUFACTURAS"|1|9|990
68|84|"SANTO TOME"|74|"COBRE Y SUS MANUFACTURAS"|1|4.5|375
71|84|"SANTO TOME"|74|"COBRE Y SUS MANUFACTURAS"|1|9|750
73|84|"SANTO TOME"|74|"COBRE Y SUS MANUFACTURAS"|1|12|300
75|84|"SANTO TOME"|74|"COBRE Y SUS MANUFACTURAS"|2|117.7|3456
76|84|"SANTO TOME"|74|"COBRE Y SUS MANUFACTURAS"|1|4.5|375
80|84|"SANTO TOME"|74|"COBRE Y SUS MANUFACTURAS"|1|12|300
81|84|"SANTO TOME"|74|"COBRE Y SUS MANUFACTURAS"|1|4.5|375
88|84|"SANTO TOME"|74|"COBRE Y SUS MANUFACTURAS"|2|113.7|2820
91|84|"SANTO TOME"|74|"COBRE Y SUS MANUFACTURAS"|1|4.5|300
92|84|"SANTO TOME"|74|"COBRE Y SUS MANUFACTURAS"|1|4.5|300
96|84|"SANTO TOME"|74|"COBRE Y SUS MANUFACTURAS"|1|4.5|300
97|84|"SANTO TOME"|74|"COBRE Y SUS MANUFACTURAS"|1|4.5|300
99|84|"SANTO TOME"|74|"COBRE Y SUS MANUFACTURAS"|1|109.2|2520
102|84|"SANTO TOME"|74|"COBRE Y SUS MANUFACTURAS"|1|4.5|300
