"semana"|"aduana"|"aduana_desc"|"mercaderia"|"mercaderia_desc"|"cantidad"|"kilos"|"importe"
70|91|"BS.AS. NORTE"|95|"JUGUETES, JUEGOS Y ARTICULOS PARA RECREO O DEPORTE; SUS PART"|1|3.48|220
72|91|"BS.AS. NORTE"|95|"JUGUETES, JUEGOS Y ARTICULOS PARA RECREO O DEPORTE; SUS PART"|2|266|2401.12
73|91|"BS.AS. NORTE"|95|"JUGUETES, JUEGOS Y ARTICULOS PARA RECREO O DEPORTE; SUS PART"|1|12.05|285.6
76|91|"BS.AS. NORTE"|95|"JUGUETES, JUEGOS Y ARTICULOS PARA RECREO O DEPORTE; SUS PART"|1|226|5956
77|91|"BS.AS. NORTE"|95|"JUGUETES, JUEGOS Y ARTICULOS PARA RECREO O DEPORTE; SUS PART"|4|3626.59|228789.67
78|91|"BS.AS. NORTE"|95|"JUGUETES, JUEGOS Y ARTICULOS PARA RECREO O DEPORTE; SUS PART"|4|523.48|1105.5
79|91|"BS.AS. NORTE"|95|"JUGUETES, JUEGOS Y ARTICULOS PARA RECREO O DEPORTE; SUS PART"|3|2861|14560.33
80|91|"BS.AS. NORTE"|95|"JUGUETES, JUEGOS Y ARTICULOS PARA RECREO O DEPORTE; SUS PART"|6|64.04|1466.95
84|91|"BS.AS. NORTE"|95|"JUGUETES, JUEGOS Y ARTICULOS PARA RECREO O DEPORTE; SUS PART"|1|650|4400
87|91|"BS.AS. NORTE"|95|"JUGUETES, JUEGOS Y ARTICULOS PARA RECREO O DEPORTE; SUS PART"|1|29.09|190.4
89|91|"BS.AS. NORTE"|95|"JUGUETES, JUEGOS Y ARTICULOS PARA RECREO O DEPORTE; SUS PART"|3|8270|80800
90|91|"BS.AS. NORTE"|95|"JUGUETES, JUEGOS Y ARTICULOS PARA RECREO O DEPORTE; SUS PART"|1|460|25118
92|91|"BS.AS. NORTE"|95|"JUGUETES, JUEGOS Y ARTICULOS PARA RECREO O DEPORTE; SUS PART"|3|12951.34|173619.9
93|91|"BS.AS. NORTE"|95|"JUGUETES, JUEGOS Y ARTICULOS PARA RECREO O DEPORTE; SUS PART"|1|426.8|177.27
94|91|"BS.AS. NORTE"|95|"JUGUETES, JUEGOS Y ARTICULOS PARA RECREO O DEPORTE; SUS PART"|2|141.5|2554
95|91|"BS.AS. NORTE"|95|"JUGUETES, JUEGOS Y ARTICULOS PARA RECREO O DEPORTE; SUS PART"|4|1792.48|35334.5
96|91|"BS.AS. NORTE"|95|"JUGUETES, JUEGOS Y ARTICULOS PARA RECREO O DEPORTE; SUS PART"|2|688|49790
99|91|"BS.AS. NORTE"|95|"JUGUETES, JUEGOS Y ARTICULOS PARA RECREO O DEPORTE; SUS PART"|2|4051.77|10602.12
100|91|"BS.AS. NORTE"|95|"JUGUETES, JUEGOS Y ARTICULOS PARA RECREO O DEPORTE; SUS PART"|3|491.11|18511.4
104|91|"BS.AS. NORTE"|95|"JUGUETES, JUEGOS Y ARTICULOS PARA RECREO O DEPORTE; SUS PART"|2|167.29|5053
