"semana"|"aduana"|"aduana_desc"|"mercaderia"|"mercaderia_desc"|"cantidad"|"kilos"|"importe"
5|83|"SAN LUIS"|32|"EXTRACTOS CURTIENTES O TINTOREOS; TANINOS Y SUS DERIVADOS; P"|2|28400|36780
6|83|"SAN LUIS"|32|"EXTRACTOS CURTIENTES O TINTOREOS; TANINOS Y SUS DERIVADOS; P"|1|16000|22440.45
8|83|"SAN LUIS"|32|"EXTRACTOS CURTIENTES O TINTOREOS; TANINOS Y SUS DERIVADOS; P"|1|16000|22440.45
11|83|"SAN LUIS"|32|"EXTRACTOS CURTIENTES O TINTOREOS; TANINOS Y SUS DERIVADOS; P"|1|16000|22440.45
13|83|"SAN LUIS"|32|"EXTRACTOS CURTIENTES O TINTOREOS; TANINOS Y SUS DERIVADOS; P"|1|16000|22445.28
14|83|"SAN LUIS"|32|"EXTRACTOS CURTIENTES O TINTOREOS; TANINOS Y SUS DERIVADOS; P"|1|16000|22445.28
15|83|"SAN LUIS"|32|"EXTRACTOS CURTIENTES O TINTOREOS; TANINOS Y SUS DERIVADOS; P"|1|16000|22445.28
17|83|"SAN LUIS"|32|"EXTRACTOS CURTIENTES O TINTOREOS; TANINOS Y SUS DERIVADOS; P"|1|27500|34530
18|83|"SAN LUIS"|32|"EXTRACTOS CURTIENTES O TINTOREOS; TANINOS Y SUS DERIVADOS; P"|3|70000|79145.28
20|83|"SAN LUIS"|32|"EXTRACTOS CURTIENTES O TINTOREOS; TANINOS Y SUS DERIVADOS; P"|1|16000|22445.28
21|83|"SAN LUIS"|32|"EXTRACTOS CURTIENTES O TINTOREOS; TANINOS Y SUS DERIVADOS; P"|1|16000|22445.28
24|83|"SAN LUIS"|32|"EXTRACTOS CURTIENTES O TINTOREOS; TANINOS Y SUS DERIVADOS; P"|1|16000|22445.28
26|83|"SAN LUIS"|32|"EXTRACTOS CURTIENTES O TINTOREOS; TANINOS Y SUS DERIVADOS; P"|1|16000|22445.28
27|83|"SAN LUIS"|32|"EXTRACTOS CURTIENTES O TINTOREOS; TANINOS Y SUS DERIVADOS; P"|2|43500|56975.28
29|83|"SAN LUIS"|32|"EXTRACTOS CURTIENTES O TINTOREOS; TANINOS Y SUS DERIVADOS; P"|2|53000|71500
30|83|"SAN LUIS"|32|"EXTRACTOS CURTIENTES O TINTOREOS; TANINOS Y SUS DERIVADOS; P"|1|16000|22445.28
32|83|"SAN LUIS"|32|"EXTRACTOS CURTIENTES O TINTOREOS; TANINOS Y SUS DERIVADOS; P"|1|16000|22445.28
34|83|"SAN LUIS"|32|"EXTRACTOS CURTIENTES O TINTOREOS; TANINOS Y SUS DERIVADOS; P"|1|16000|22445.28
35|83|"SAN LUIS"|32|"EXTRACTOS CURTIENTES O TINTOREOS; TANINOS Y SUS DERIVADOS; P"|1|27000|33480
36|83|"SAN LUIS"|32|"EXTRACTOS CURTIENTES O TINTOREOS; TANINOS Y SUS DERIVADOS; P"|1|27000|35100
37|83|"SAN LUIS"|32|"EXTRACTOS CURTIENTES O TINTOREOS; TANINOS Y SUS DERIVADOS; P"|1|16000|22445.28
40|83|"SAN LUIS"|32|"EXTRACTOS CURTIENTES O TINTOREOS; TANINOS Y SUS DERIVADOS; P"|1|26000|36400
41|83|"SAN LUIS"|32|"EXTRACTOS CURTIENTES O TINTOREOS; TANINOS Y SUS DERIVADOS; P"|2|53000|69955
43|83|"SAN LUIS"|32|"EXTRACTOS CURTIENTES O TINTOREOS; TANINOS Y SUS DERIVADOS; P"|1|16000|22445.28
44|83|"SAN LUIS"|32|"EXTRACTOS CURTIENTES O TINTOREOS; TANINOS Y SUS DERIVADOS; P"|4|72300|100805.28
46|83|"SAN LUIS"|32|"EXTRACTOS CURTIENTES O TINTOREOS; TANINOS Y SUS DERIVADOS; P"|1|16000|22445.28
49|83|"SAN LUIS"|32|"EXTRACTOS CURTIENTES O TINTOREOS; TANINOS Y SUS DERIVADOS; P"|1|27000|35100
50|83|"SAN LUIS"|32|"EXTRACTOS CURTIENTES O TINTOREOS; TANINOS Y SUS DERIVADOS; P"|1|27000|33480
56|83|"SAN LUIS"|32|"EXTRACTOS CURTIENTES O TINTOREOS; TANINOS Y SUS DERIVADOS; P"|1|27000|33480
58|83|"SAN LUIS"|32|"EXTRACTOS CURTIENTES O TINTOREOS; TANINOS Y SUS DERIVADOS; P"|1|27000|35100
62|83|"SAN LUIS"|32|"EXTRACTOS CURTIENTES O TINTOREOS; TANINOS Y SUS DERIVADOS; P"|1|27000|35100
63|83|"SAN LUIS"|32|"EXTRACTOS CURTIENTES O TINTOREOS; TANINOS Y SUS DERIVADOS; P"|1|27000|33480
64|83|"SAN LUIS"|32|"EXTRACTOS CURTIENTES O TINTOREOS; TANINOS Y SUS DERIVADOS; P"|1|27500|39300
69|83|"SAN LUIS"|32|"EXTRACTOS CURTIENTES O TINTOREOS; TANINOS Y SUS DERIVADOS; P"|2|30600|40770
71|83|"SAN LUIS"|32|"EXTRACTOS CURTIENTES O TINTOREOS; TANINOS Y SUS DERIVADOS; P"|1|27000|31320
74|83|"SAN LUIS"|32|"EXTRACTOS CURTIENTES O TINTOREOS; TANINOS Y SUS DERIVADOS; P"|1|27500|39300
75|83|"SAN LUIS"|32|"EXTRACTOS CURTIENTES O TINTOREOS; TANINOS Y SUS DERIVADOS; P"|2|37000|45637.88
76|83|"SAN LUIS"|32|"EXTRACTOS CURTIENTES O TINTOREOS; TANINOS Y SUS DERIVADOS; P"|1|10000|12427.88
78|83|"SAN LUIS"|32|"EXTRACTOS CURTIENTES O TINTOREOS; TANINOS Y SUS DERIVADOS; P"|1|186|702
80|83|"SAN LUIS"|32|"EXTRACTOS CURTIENTES O TINTOREOS; TANINOS Y SUS DERIVADOS; P"|3|80500|104825
82|83|"SAN LUIS"|32|"EXTRACTOS CURTIENTES O TINTOREOS; TANINOS Y SUS DERIVADOS; P"|1|16000|19885.17
84|83|"SAN LUIS"|32|"EXTRACTOS CURTIENTES O TINTOREOS; TANINOS Y SUS DERIVADOS; P"|1|16000|19885.17
85|83|"SAN LUIS"|32|"EXTRACTOS CURTIENTES O TINTOREOS; TANINOS Y SUS DERIVADOS; P"|1|27000|31320
88|83|"SAN LUIS"|32|"EXTRACTOS CURTIENTES O TINTOREOS; TANINOS Y SUS DERIVADOS; P"|2|43000|53095.17
89|83|"SAN LUIS"|32|"EXTRACTOS CURTIENTES O TINTOREOS; TANINOS Y SUS DERIVADOS; P"|2|28531|43200
90|83|"SAN LUIS"|32|"EXTRACTOS CURTIENTES O TINTOREOS; TANINOS Y SUS DERIVADOS; P"|1|27000|33210
92|83|"SAN LUIS"|32|"EXTRACTOS CURTIENTES O TINTOREOS; TANINOS Y SUS DERIVADOS; P"|1|26000|31015
95|83|"SAN LUIS"|32|"EXTRACTOS CURTIENTES O TINTOREOS; TANINOS Y SUS DERIVADOS; P"|1|16000|19085.13
96|83|"SAN LUIS"|32|"EXTRACTOS CURTIENTES O TINTOREOS; TANINOS Y SUS DERIVADOS; P"|1|27000|33210
98|83|"SAN LUIS"|32|"EXTRACTOS CURTIENTES O TINTOREOS; TANINOS Y SUS DERIVADOS; P"|2|37000|45137.84
99|83|"SAN LUIS"|32|"EXTRACTOS CURTIENTES O TINTOREOS; TANINOS Y SUS DERIVADOS; P"|2|32000|38170.26
101|83|"SAN LUIS"|32|"EXTRACTOS CURTIENTES O TINTOREOS; TANINOS Y SUS DERIVADOS; P"|1|27500|39300
102|83|"SAN LUIS"|32|"EXTRACTOS CURTIENTES O TINTOREOS; TANINOS Y SUS DERIVADOS; P"|2|42000|49980
103|83|"SAN LUIS"|32|"EXTRACTOS CURTIENTES O TINTOREOS; TANINOS Y SUS DERIVADOS; P"|1|27000|33210
