"semana"|"aduana"|"aduana_desc"|"mercaderia"|"mercaderia_desc"|"cantidad"|"kilos"|"importe"
68|91|"BS.AS. NORTE"|34|"JABON, AGENTES DE SUPERFICIE ORGANICOS, PREPARACIONES PARA L"|17|162276.1|210694.26
69|91|"BS.AS. NORTE"|34|"JABON, AGENTES DE SUPERFICIE ORGANICOS, PREPARACIONES PARA L"|86|650865.19|925428.65
70|91|"BS.AS. NORTE"|34|"JABON, AGENTES DE SUPERFICIE ORGANICOS, PREPARACIONES PARA L"|76|826281.83|1295422.88
71|91|"BS.AS. NORTE"|34|"JABON, AGENTES DE SUPERFICIE ORGANICOS, PREPARACIONES PARA L"|118|1029379.04|1592269.29
72|91|"BS.AS. NORTE"|34|"JABON, AGENTES DE SUPERFICIE ORGANICOS, PREPARACIONES PARA L"|104|1079643.61|1340457.31
73|91|"BS.AS. NORTE"|34|"JABON, AGENTES DE SUPERFICIE ORGANICOS, PREPARACIONES PARA L"|65|555008.72|855472
74|91|"BS.AS. NORTE"|34|"JABON, AGENTES DE SUPERFICIE ORGANICOS, PREPARACIONES PARA L"|80|458765.4|762110.92
75|91|"BS.AS. NORTE"|34|"JABON, AGENTES DE SUPERFICIE ORGANICOS, PREPARACIONES PARA L"|106|1216287.75|1622596.72
76|91|"BS.AS. NORTE"|34|"JABON, AGENTES DE SUPERFICIE ORGANICOS, PREPARACIONES PARA L"|108|1049274.62|1515264.62
77|91|"BS.AS. NORTE"|34|"JABON, AGENTES DE SUPERFICIE ORGANICOS, PREPARACIONES PARA L"|94|1059365.7|1299945.22
78|91|"BS.AS. NORTE"|34|"JABON, AGENTES DE SUPERFICIE ORGANICOS, PREPARACIONES PARA L"|70|630724.26|851657.31
79|91|"BS.AS. NORTE"|34|"JABON, AGENTES DE SUPERFICIE ORGANICOS, PREPARACIONES PARA L"|103|1145432.3|1723872.3
80|91|"BS.AS. NORTE"|34|"JABON, AGENTES DE SUPERFICIE ORGANICOS, PREPARACIONES PARA L"|65|713027.45|1004662.84
81|91|"BS.AS. NORTE"|34|"JABON, AGENTES DE SUPERFICIE ORGANICOS, PREPARACIONES PARA L"|74|595040.82|1031696.11
82|91|"BS.AS. NORTE"|34|"JABON, AGENTES DE SUPERFICIE ORGANICOS, PREPARACIONES PARA L"|79|449844.08|733939.62
83|91|"BS.AS. NORTE"|34|"JABON, AGENTES DE SUPERFICIE ORGANICOS, PREPARACIONES PARA L"|81|772885.74|1172279.45
84|91|"BS.AS. NORTE"|34|"JABON, AGENTES DE SUPERFICIE ORGANICOS, PREPARACIONES PARA L"|84|832209.64|1208690.55
85|91|"BS.AS. NORTE"|34|"JABON, AGENTES DE SUPERFICIE ORGANICOS, PREPARACIONES PARA L"|74|676441.97|968215.98
86|91|"BS.AS. NORTE"|34|"JABON, AGENTES DE SUPERFICIE ORGANICOS, PREPARACIONES PARA L"|61|495452.24|822667.8
87|91|"BS.AS. NORTE"|34|"JABON, AGENTES DE SUPERFICIE ORGANICOS, PREPARACIONES PARA L"|67|461016.44|718512.31
88|91|"BS.AS. NORTE"|34|"JABON, AGENTES DE SUPERFICIE ORGANICOS, PREPARACIONES PARA L"|87|1302135.28|1543632.84
89|91|"BS.AS. NORTE"|34|"JABON, AGENTES DE SUPERFICIE ORGANICOS, PREPARACIONES PARA L"|90|1148260.05|1377418.19
90|91|"BS.AS. NORTE"|34|"JABON, AGENTES DE SUPERFICIE ORGANICOS, PREPARACIONES PARA L"|61|676646.62|933302.3
91|91|"BS.AS. NORTE"|34|"JABON, AGENTES DE SUPERFICIE ORGANICOS, PREPARACIONES PARA L"|74|693437.62|1045206.31
92|91|"BS.AS. NORTE"|34|"JABON, AGENTES DE SUPERFICIE ORGANICOS, PREPARACIONES PARA L"|65|985375.38|1235259.92
93|91|"BS.AS. NORTE"|34|"JABON, AGENTES DE SUPERFICIE ORGANICOS, PREPARACIONES PARA L"|62|981058.31|1169317.33
94|91|"BS.AS. NORTE"|34|"JABON, AGENTES DE SUPERFICIE ORGANICOS, PREPARACIONES PARA L"|69|480371.69|713482.83
95|91|"BS.AS. NORTE"|34|"JABON, AGENTES DE SUPERFICIE ORGANICOS, PREPARACIONES PARA L"|71|482979.38|986764.4
96|91|"BS.AS. NORTE"|34|"JABON, AGENTES DE SUPERFICIE ORGANICOS, PREPARACIONES PARA L"|66|631326.15|893636.75
97|91|"BS.AS. NORTE"|34|"JABON, AGENTES DE SUPERFICIE ORGANICOS, PREPARACIONES PARA L"|91|1031146.08|1190228.89
98|91|"BS.AS. NORTE"|34|"JABON, AGENTES DE SUPERFICIE ORGANICOS, PREPARACIONES PARA L"|73|788792.61|944466.28
99|91|"BS.AS. NORTE"|34|"JABON, AGENTES DE SUPERFICIE ORGANICOS, PREPARACIONES PARA L"|73|765415.75|1203604.52
100|91|"BS.AS. NORTE"|34|"JABON, AGENTES DE SUPERFICIE ORGANICOS, PREPARACIONES PARA L"|53|614670.12|912335.44
101|91|"BS.AS. NORTE"|34|"JABON, AGENTES DE SUPERFICIE ORGANICOS, PREPARACIONES PARA L"|44|625101.89|728559.49
102|91|"BS.AS. NORTE"|34|"JABON, AGENTES DE SUPERFICIE ORGANICOS, PREPARACIONES PARA L"|78|876746.62|1082003.16
103|91|"BS.AS. NORTE"|34|"JABON, AGENTES DE SUPERFICIE ORGANICOS, PREPARACIONES PARA L"|86|762899.69|1133317.81
104|91|"BS.AS. NORTE"|34|"JABON, AGENTES DE SUPERFICIE ORGANICOS, PREPARACIONES PARA L"|14|149105.94|298810.17
