"semana"|"aduana"|"aduana_desc"|"mercaderia"|"mercaderia_desc"|"cantidad"|"kilos"|"importe"
2|88|"GENERAL DEHEZA"|73|"MANUFACTURAS DE FUNDICION, HIERRO O ACERO"|3|4.66|61.88
3|88|"GENERAL DEHEZA"|73|"MANUFACTURAS DE FUNDICION, HIERRO O ACERO"|1|5.09|840
7|88|"GENERAL DEHEZA"|73|"MANUFACTURAS DE FUNDICION, HIERRO O ACERO"|3|3.54|68.44
8|88|"GENERAL DEHEZA"|73|"MANUFACTURAS DE FUNDICION, HIERRO O ACERO"|1|8880|8900
9|88|"GENERAL DEHEZA"|73|"MANUFACTURAS DE FUNDICION, HIERRO O ACERO"|1|6077.5|24310
11|88|"GENERAL DEHEZA"|73|"MANUFACTURAS DE FUNDICION, HIERRO O ACERO"|15|320.03|2894.99
12|88|"GENERAL DEHEZA"|73|"MANUFACTURAS DE FUNDICION, HIERRO O ACERO"|3|2.73|32.18
13|88|"GENERAL DEHEZA"|73|"MANUFACTURAS DE FUNDICION, HIERRO O ACERO"|8|174.98|788.55
15|88|"GENERAL DEHEZA"|73|"MANUFACTURAS DE FUNDICION, HIERRO O ACERO"|1|1720|8625
22|88|"GENERAL DEHEZA"|73|"MANUFACTURAS DE FUNDICION, HIERRO O ACERO"|2|4.78|63.69
24|88|"GENERAL DEHEZA"|73|"MANUFACTURAS DE FUNDICION, HIERRO O ACERO"|3|345.36|32776.64
27|88|"GENERAL DEHEZA"|73|"MANUFACTURAS DE FUNDICION, HIERRO O ACERO"|12|3529|9862.03
28|88|"GENERAL DEHEZA"|73|"MANUFACTURAS DE FUNDICION, HIERRO O ACERO"|2|6036|15490.81
30|88|"GENERAL DEHEZA"|73|"MANUFACTURAS DE FUNDICION, HIERRO O ACERO"|1|2181.39|6200
32|88|"GENERAL DEHEZA"|73|"MANUFACTURAS DE FUNDICION, HIERRO O ACERO"|9|5.35|272.76
33|88|"GENERAL DEHEZA"|73|"MANUFACTURAS DE FUNDICION, HIERRO O ACERO"|1|60|234.66
34|88|"GENERAL DEHEZA"|73|"MANUFACTURAS DE FUNDICION, HIERRO O ACERO"|13|67.89|1537.85
36|88|"GENERAL DEHEZA"|73|"MANUFACTURAS DE FUNDICION, HIERRO O ACERO"|3|4710|42696.72
39|88|"GENERAL DEHEZA"|73|"MANUFACTURAS DE FUNDICION, HIERRO O ACERO"|13|42.97|686.53
47|88|"GENERAL DEHEZA"|73|"MANUFACTURAS DE FUNDICION, HIERRO O ACERO"|1|3.66|44
55|88|"GENERAL DEHEZA"|73|"MANUFACTURAS DE FUNDICION, HIERRO O ACERO"|6|65.33|1321.68
59|88|"GENERAL DEHEZA"|73|"MANUFACTURAS DE FUNDICION, HIERRO O ACERO"|1|0.84|107.76
60|88|"GENERAL DEHEZA"|73|"MANUFACTURAS DE FUNDICION, HIERRO O ACERO"|4|359.36|1311.12
63|88|"GENERAL DEHEZA"|73|"MANUFACTURAS DE FUNDICION, HIERRO O ACERO"|1|14.28|315.26
65|88|"GENERAL DEHEZA"|73|"MANUFACTURAS DE FUNDICION, HIERRO O ACERO"|3|92.22|394.95
67|88|"GENERAL DEHEZA"|73|"MANUFACTURAS DE FUNDICION, HIERRO O ACERO"|13|202.61|3638.24
69|88|"GENERAL DEHEZA"|73|"MANUFACTURAS DE FUNDICION, HIERRO O ACERO"|1|96.84|200
70|88|"GENERAL DEHEZA"|73|"MANUFACTURAS DE FUNDICION, HIERRO O ACERO"|1|125|2018.35
73|88|"GENERAL DEHEZA"|73|"MANUFACTURAS DE FUNDICION, HIERRO O ACERO"|3|299.22|1370.24
75|88|"GENERAL DEHEZA"|73|"MANUFACTURAS DE FUNDICION, HIERRO O ACERO"|1|1527.53|39900
78|88|"GENERAL DEHEZA"|73|"MANUFACTURAS DE FUNDICION, HIERRO O ACERO"|1|8.89|208
79|88|"GENERAL DEHEZA"|73|"MANUFACTURAS DE FUNDICION, HIERRO O ACERO"|7|5415.05|240160.77
83|88|"GENERAL DEHEZA"|73|"MANUFACTURAS DE FUNDICION, HIERRO O ACERO"|5|10.35|138.18
84|88|"GENERAL DEHEZA"|73|"MANUFACTURAS DE FUNDICION, HIERRO O ACERO"|6|11.08|146.47
85|88|"GENERAL DEHEZA"|73|"MANUFACTURAS DE FUNDICION, HIERRO O ACERO"|3|0.24|7.12
86|88|"GENERAL DEHEZA"|73|"MANUFACTURAS DE FUNDICION, HIERRO O ACERO"|4|97.15|620
87|88|"GENERAL DEHEZA"|73|"MANUFACTURAS DE FUNDICION, HIERRO O ACERO"|2|19.59|184
89|88|"GENERAL DEHEZA"|73|"MANUFACTURAS DE FUNDICION, HIERRO O ACERO"|1|2740.96|96000
90|88|"GENERAL DEHEZA"|73|"MANUFACTURAS DE FUNDICION, HIERRO O ACERO"|1|17.08|400
94|88|"GENERAL DEHEZA"|73|"MANUFACTURAS DE FUNDICION, HIERRO O ACERO"|1|0.7|37.3
96|88|"GENERAL DEHEZA"|73|"MANUFACTURAS DE FUNDICION, HIERRO O ACERO"|3|75.84|491.69
99|88|"GENERAL DEHEZA"|73|"MANUFACTURAS DE FUNDICION, HIERRO O ACERO"|5|235.25|1242.27
