"semana"|"aduana"|"aduana_desc"|"mercaderia"|"mercaderia_desc"|"cantidad"|"kilos"|"importe"
23|49|"RIO GRANDE"|28|"PRODUCTOS QUIMICOS INORGANICOS; COMPUESTOS INORGANICOS U ORG"|1|6308|5545.64
33|49|"RIO GRANDE"|28|"PRODUCTOS QUIMICOS INORGANICOS; COMPUESTOS INORGANICOS U ORG"|1|408|1116.4
50|49|"RIO GRANDE"|28|"PRODUCTOS QUIMICOS INORGANICOS; COMPUESTOS INORGANICOS U ORG"|1|6567.16|5883.38
54|49|"RIO GRANDE"|28|"PRODUCTOS QUIMICOS INORGANICOS; COMPUESTOS INORGANICOS U ORG"|1|1080|1577.34
78|49|"RIO GRANDE"|28|"PRODUCTOS QUIMICOS INORGANICOS; COMPUESTOS INORGANICOS U ORG"|2|4428.16|6505.9
98|49|"RIO GRANDE"|28|"PRODUCTOS QUIMICOS INORGANICOS; COMPUESTOS INORGANICOS U ORG"|1|4|1544.11
99|49|"RIO GRANDE"|28|"PRODUCTOS QUIMICOS INORGANICOS; COMPUESTOS INORGANICOS U ORG"|1|54|151.2
102|49|"RIO GRANDE"|28|"PRODUCTOS QUIMICOS INORGANICOS; COMPUESTOS INORGANICOS U ORG"|1|3238.4|4308.91
