"semana"|"aduana"|"aduana_desc"|"mercaderia"|"mercaderia_desc"|"cantidad"|"kilos"|"importe"
11|88|"GENERAL DEHEZA"|83|"MANUFACTURAS DIVERSAS DE METAL COMUN"|1|0.4|3.66
27|88|"GENERAL DEHEZA"|83|"MANUFACTURAS DIVERSAS DE METAL COMUN"|4|48|481.19
32|88|"GENERAL DEHEZA"|83|"MANUFACTURAS DIVERSAS DE METAL COMUN"|1|0.68|34.74
36|88|"GENERAL DEHEZA"|83|"MANUFACTURAS DIVERSAS DE METAL COMUN"|1|204|19219.2
39|88|"GENERAL DEHEZA"|83|"MANUFACTURAS DIVERSAS DE METAL COMUN"|1|0.11|1.8
61|88|"GENERAL DEHEZA"|83|"MANUFACTURAS DIVERSAS DE METAL COMUN"|1|0.05|1.24
102|88|"GENERAL DEHEZA"|83|"MANUFACTURAS DIVERSAS DE METAL COMUN"|1|3.32|30.6
