"semana"|"aduana"|"aduana_desc"|"mercaderia"|"mercaderia_desc"|"cantidad"|"kilos"|"importe"
4|83|"SAN LUIS"|30|"PRODUCTOS FARMACEUTICOS"|2|34000|40800
8|83|"SAN LUIS"|30|"PRODUCTOS FARMACEUTICOS"|2|34000|40800
10|83|"SAN LUIS"|30|"PRODUCTOS FARMACEUTICOS"|2|34000|38080
15|83|"SAN LUIS"|30|"PRODUCTOS FARMACEUTICOS"|4|69855|81117.6
21|83|"SAN LUIS"|30|"PRODUCTOS FARMACEUTICOS"|2|36000|42120
23|83|"SAN LUIS"|30|"PRODUCTOS FARMACEUTICOS"|4|70877|84005.94
25|83|"SAN LUIS"|30|"PRODUCTOS FARMACEUTICOS"|2|34000|43180
29|83|"SAN LUIS"|30|"PRODUCTOS FARMACEUTICOS"|4|76000|93100
31|83|"SAN LUIS"|30|"PRODUCTOS FARMACEUTICOS"|4|75878|92949.38
35|83|"SAN LUIS"|30|"PRODUCTOS FARMACEUTICOS"|1|17000|21590
36|83|"SAN LUIS"|30|"PRODUCTOS FARMACEUTICOS"|1|17000|21590
39|83|"SAN LUIS"|30|"PRODUCTOS FARMACEUTICOS"|2|38000|48640
41|83|"SAN LUIS"|30|"PRODUCTOS FARMACEUTICOS"|2|37944|48568.32
43|83|"SAN LUIS"|30|"PRODUCTOS FARMACEUTICOS"|2|38000|51300
44|83|"SAN LUIS"|30|"PRODUCTOS FARMACEUTICOS"|2|38000|51300
47|83|"SAN LUIS"|30|"PRODUCTOS FARMACEUTICOS"|2|38000|51300
49|83|"SAN LUIS"|30|"PRODUCTOS FARMACEUTICOS"|2|38000|51300
54|83|"SAN LUIS"|30|"PRODUCTOS FARMACEUTICOS"|2|38000|51300
55|83|"SAN LUIS"|30|"PRODUCTOS FARMACEUTICOS"|2|37975|51266.25
58|83|"SAN LUIS"|30|"PRODUCTOS FARMACEUTICOS"|2|38000|52440
60|83|"SAN LUIS"|30|"PRODUCTOS FARMACEUTICOS"|2|37974|52404.12
62|83|"SAN LUIS"|30|"PRODUCTOS FARMACEUTICOS"|2|38000|52440
64|83|"SAN LUIS"|30|"PRODUCTOS FARMACEUTICOS"|2|37970|52398.6
71|83|"SAN LUIS"|30|"PRODUCTOS FARMACEUTICOS"|2|38000|50920
74|83|"SAN LUIS"|30|"PRODUCTOS FARMACEUTICOS"|2|37971|50881.14
75|83|"SAN LUIS"|30|"PRODUCTOS FARMACEUTICOS"|2|38000|50540
78|83|"SAN LUIS"|30|"PRODUCTOS FARMACEUTICOS"|2|37892|50396.36
81|83|"SAN LUIS"|30|"PRODUCTOS FARMACEUTICOS"|2|38000|50540
85|83|"SAN LUIS"|30|"PRODUCTOS FARMACEUTICOS"|2|37947|50469.51
88|83|"SAN LUIS"|30|"PRODUCTOS FARMACEUTICOS"|2|38000|50540
89|83|"SAN LUIS"|30|"PRODUCTOS FARMACEUTICOS"|2|37985|50520.05
94|83|"SAN LUIS"|30|"PRODUCTOS FARMACEUTICOS"|2|38000|37240
96|83|"SAN LUIS"|30|"PRODUCTOS FARMACEUTICOS"|1|18981|18601.38
97|83|"SAN LUIS"|30|"PRODUCTOS FARMACEUTICOS"|1|18989|18609.22
99|83|"SAN LUIS"|30|"PRODUCTOS FARMACEUTICOS"|2|38000|37240
101|83|"SAN LUIS"|30|"PRODUCTOS FARMACEUTICOS"|2|37115|36372.7
