"semana"|"aduana"|"aduana_desc"|"mercaderia"|"mercaderia_desc"|"cantidad"|"kilos"|"importe"
68|92|"BS.AS. SUR"|7|"HORTALIZAS, PLANTAS, RAICES Y TUBERCULOS ALIMENTICIOS"|2|105000|63000
69|92|"BS.AS. SUR"|7|"HORTALIZAS, PLANTAS, RAICES Y TUBERCULOS ALIMENTICIOS"|22|1668980|1134123
70|92|"BS.AS. SUR"|7|"HORTALIZAS, PLANTAS, RAICES Y TUBERCULOS ALIMENTICIOS"|20|956082|849850.3
71|92|"BS.AS. SUR"|7|"HORTALIZAS, PLANTAS, RAICES Y TUBERCULOS ALIMENTICIOS"|48|2793430|2135598.87
72|92|"BS.AS. SUR"|7|"HORTALIZAS, PLANTAS, RAICES Y TUBERCULOS ALIMENTICIOS"|33|2313750|1922886.11
73|92|"BS.AS. SUR"|7|"HORTALIZAS, PLANTAS, RAICES Y TUBERCULOS ALIMENTICIOS"|37|2387376|1714371.5
74|92|"BS.AS. SUR"|7|"HORTALIZAS, PLANTAS, RAICES Y TUBERCULOS ALIMENTICIOS"|44|2186415|1864258.54
75|92|"BS.AS. SUR"|7|"HORTALIZAS, PLANTAS, RAICES Y TUBERCULOS ALIMENTICIOS"|42|2164764|2005607.77
76|92|"BS.AS. SUR"|7|"HORTALIZAS, PLANTAS, RAICES Y TUBERCULOS ALIMENTICIOS"|41|2247395.75|1669527.44
77|92|"BS.AS. SUR"|7|"HORTALIZAS, PLANTAS, RAICES Y TUBERCULOS ALIMENTICIOS"|42|2418520|1846110.96
78|92|"BS.AS. SUR"|7|"HORTALIZAS, PLANTAS, RAICES Y TUBERCULOS ALIMENTICIOS"|40|2198543.59|1802838.63
79|92|"BS.AS. SUR"|7|"HORTALIZAS, PLANTAS, RAICES Y TUBERCULOS ALIMENTICIOS"|47|2690652|2124221.35
80|92|"BS.AS. SUR"|7|"HORTALIZAS, PLANTAS, RAICES Y TUBERCULOS ALIMENTICIOS"|38|2407999|1941782.96
81|92|"BS.AS. SUR"|7|"HORTALIZAS, PLANTAS, RAICES Y TUBERCULOS ALIMENTICIOS"|66|3511664|3178006.34
82|92|"BS.AS. SUR"|7|"HORTALIZAS, PLANTAS, RAICES Y TUBERCULOS ALIMENTICIOS"|74|3973395|3217150.97
83|92|"BS.AS. SUR"|7|"HORTALIZAS, PLANTAS, RAICES Y TUBERCULOS ALIMENTICIOS"|92|4607315|3754327.41
84|92|"BS.AS. SUR"|7|"HORTALIZAS, PLANTAS, RAICES Y TUBERCULOS ALIMENTICIOS"|75|3919790.5|3317050.95
85|92|"BS.AS. SUR"|7|"HORTALIZAS, PLANTAS, RAICES Y TUBERCULOS ALIMENTICIOS"|44|2787202|2614702.76
86|92|"BS.AS. SUR"|7|"HORTALIZAS, PLANTAS, RAICES Y TUBERCULOS ALIMENTICIOS"|71|3728946|2812532.81
87|92|"BS.AS. SUR"|7|"HORTALIZAS, PLANTAS, RAICES Y TUBERCULOS ALIMENTICIOS"|61|4714328|3753806.57
88|92|"BS.AS. SUR"|7|"HORTALIZAS, PLANTAS, RAICES Y TUBERCULOS ALIMENTICIOS"|73|4699460|3357124.54
89|92|"BS.AS. SUR"|7|"HORTALIZAS, PLANTAS, RAICES Y TUBERCULOS ALIMENTICIOS"|69|4328842.57|3098658.56
90|92|"BS.AS. SUR"|7|"HORTALIZAS, PLANTAS, RAICES Y TUBERCULOS ALIMENTICIOS"|69|4959764|3600038.66
91|92|"BS.AS. SUR"|7|"HORTALIZAS, PLANTAS, RAICES Y TUBERCULOS ALIMENTICIOS"|80|5070128|3895202.09
92|92|"BS.AS. SUR"|7|"HORTALIZAS, PLANTAS, RAICES Y TUBERCULOS ALIMENTICIOS"|64|5475355.8|3792285.93
93|92|"BS.AS. SUR"|7|"HORTALIZAS, PLANTAS, RAICES Y TUBERCULOS ALIMENTICIOS"|44|2531899|1879929.99
94|92|"BS.AS. SUR"|7|"HORTALIZAS, PLANTAS, RAICES Y TUBERCULOS ALIMENTICIOS"|76|5024531.25|3558508.57
95|92|"BS.AS. SUR"|7|"HORTALIZAS, PLANTAS, RAICES Y TUBERCULOS ALIMENTICIOS"|61|4456948|2904213.28
96|92|"BS.AS. SUR"|7|"HORTALIZAS, PLANTAS, RAICES Y TUBERCULOS ALIMENTICIOS"|70|4950750|3478860.01
97|92|"BS.AS. SUR"|7|"HORTALIZAS, PLANTAS, RAICES Y TUBERCULOS ALIMENTICIOS"|91|6430139.3|4317568.17
98|92|"BS.AS. SUR"|7|"HORTALIZAS, PLANTAS, RAICES Y TUBERCULOS ALIMENTICIOS"|56|5145396|3397156.46
99|92|"BS.AS. SUR"|7|"HORTALIZAS, PLANTAS, RAICES Y TUBERCULOS ALIMENTICIOS"|80|6204534|4155424.09
100|92|"BS.AS. SUR"|7|"HORTALIZAS, PLANTAS, RAICES Y TUBERCULOS ALIMENTICIOS"|55|4497701|3106610.8
101|92|"BS.AS. SUR"|7|"HORTALIZAS, PLANTAS, RAICES Y TUBERCULOS ALIMENTICIOS"|49|4210338.8|3018507.88
102|92|"BS.AS. SUR"|7|"HORTALIZAS, PLANTAS, RAICES Y TUBERCULOS ALIMENTICIOS"|84|6255682.75|4292200.76
103|92|"BS.AS. SUR"|7|"HORTALIZAS, PLANTAS, RAICES Y TUBERCULOS ALIMENTICIOS"|65|4079611|2960686.6
104|92|"BS.AS. SUR"|7|"HORTALIZAS, PLANTAS, RAICES Y TUBERCULOS ALIMENTICIOS"|58|4576203.75|2928610.46
