"semana"|"aduana"|"aduana_desc"|"mercaderia"|"mercaderia_desc"|"cantidad"|"kilos"|"importe"
67|92|"BS.AS. SUR"|84|"REACTORES NUCLEARES, CALDERAS, MAQUINAS, APARATOS Y ARTEFACT"|2|242.55|3854.7
68|92|"BS.AS. SUR"|84|"REACTORES NUCLEARES, CALDERAS, MAQUINAS, APARATOS Y ARTEFACT"|23|17100.37|442636.22
69|92|"BS.AS. SUR"|84|"REACTORES NUCLEARES, CALDERAS, MAQUINAS, APARATOS Y ARTEFACT"|283|376346.26|6170705.54
70|92|"BS.AS. SUR"|84|"REACTORES NUCLEARES, CALDERAS, MAQUINAS, APARATOS Y ARTEFACT"|293|337052.574|4854723.64
71|92|"BS.AS. SUR"|84|"REACTORES NUCLEARES, CALDERAS, MAQUINAS, APARATOS Y ARTEFACT"|304|528844.902|7789757.08
72|92|"BS.AS. SUR"|84|"REACTORES NUCLEARES, CALDERAS, MAQUINAS, APARATOS Y ARTEFACT"|231|436083.02|5143232.88
73|92|"BS.AS. SUR"|84|"REACTORES NUCLEARES, CALDERAS, MAQUINAS, APARATOS Y ARTEFACT"|252|304784.132|4199503.33
74|92|"BS.AS. SUR"|84|"REACTORES NUCLEARES, CALDERAS, MAQUINAS, APARATOS Y ARTEFACT"|365|589375.36|6045374.29
75|92|"BS.AS. SUR"|84|"REACTORES NUCLEARES, CALDERAS, MAQUINAS, APARATOS Y ARTEFACT"|250|458083.756|5443618.05
76|92|"BS.AS. SUR"|84|"REACTORES NUCLEARES, CALDERAS, MAQUINAS, APARATOS Y ARTEFACT"|343|422217.982|7546169.35
77|92|"BS.AS. SUR"|84|"REACTORES NUCLEARES, CALDERAS, MAQUINAS, APARATOS Y ARTEFACT"|248|400660.37|4874988.25
78|92|"BS.AS. SUR"|84|"REACTORES NUCLEARES, CALDERAS, MAQUINAS, APARATOS Y ARTEFACT"|292|376067.812|4747672.1
79|92|"BS.AS. SUR"|84|"REACTORES NUCLEARES, CALDERAS, MAQUINAS, APARATOS Y ARTEFACT"|206|472461.81|4378374.12
80|92|"BS.AS. SUR"|84|"REACTORES NUCLEARES, CALDERAS, MAQUINAS, APARATOS Y ARTEFACT"|271|304478.416|3535887.77
81|92|"BS.AS. SUR"|84|"REACTORES NUCLEARES, CALDERAS, MAQUINAS, APARATOS Y ARTEFACT"|270|555343.431|5791659.2
82|92|"BS.AS. SUR"|84|"REACTORES NUCLEARES, CALDERAS, MAQUINAS, APARATOS Y ARTEFACT"|448|362834.54|5871915.93
83|92|"BS.AS. SUR"|84|"REACTORES NUCLEARES, CALDERAS, MAQUINAS, APARATOS Y ARTEFACT"|395|457827.277|5495621.05
84|92|"BS.AS. SUR"|84|"REACTORES NUCLEARES, CALDERAS, MAQUINAS, APARATOS Y ARTEFACT"|257|193908.17|2998736.07
85|92|"BS.AS. SUR"|84|"REACTORES NUCLEARES, CALDERAS, MAQUINAS, APARATOS Y ARTEFACT"|225|215295.348|4167366.09
86|92|"BS.AS. SUR"|84|"REACTORES NUCLEARES, CALDERAS, MAQUINAS, APARATOS Y ARTEFACT"|420|453762.457|4838072.95
87|92|"BS.AS. SUR"|84|"REACTORES NUCLEARES, CALDERAS, MAQUINAS, APARATOS Y ARTEFACT"|366|376994.182|4588509.79
88|92|"BS.AS. SUR"|84|"REACTORES NUCLEARES, CALDERAS, MAQUINAS, APARATOS Y ARTEFACT"|212|200309.72|3047203.46
89|92|"BS.AS. SUR"|84|"REACTORES NUCLEARES, CALDERAS, MAQUINAS, APARATOS Y ARTEFACT"|239|352837.98|4149899.23
90|92|"BS.AS. SUR"|84|"REACTORES NUCLEARES, CALDERAS, MAQUINAS, APARATOS Y ARTEFACT"|258|262734.17|3990348.19
91|92|"BS.AS. SUR"|84|"REACTORES NUCLEARES, CALDERAS, MAQUINAS, APARATOS Y ARTEFACT"|259|512908.49|7223964.11
92|92|"BS.AS. SUR"|84|"REACTORES NUCLEARES, CALDERAS, MAQUINAS, APARATOS Y ARTEFACT"|256|447237.08|6998837.69
93|92|"BS.AS. SUR"|84|"REACTORES NUCLEARES, CALDERAS, MAQUINAS, APARATOS Y ARTEFACT"|154|198950.59|3855158.08
94|92|"BS.AS. SUR"|84|"REACTORES NUCLEARES, CALDERAS, MAQUINAS, APARATOS Y ARTEFACT"|325|324467.155|3561215.36
95|92|"BS.AS. SUR"|84|"REACTORES NUCLEARES, CALDERAS, MAQUINAS, APARATOS Y ARTEFACT"|286|399676.231|4220000.28
96|92|"BS.AS. SUR"|84|"REACTORES NUCLEARES, CALDERAS, MAQUINAS, APARATOS Y ARTEFACT"|538|405122.76|7621001.94
97|92|"BS.AS. SUR"|84|"REACTORES NUCLEARES, CALDERAS, MAQUINAS, APARATOS Y ARTEFACT"|261|244123.276|4733814
98|92|"BS.AS. SUR"|84|"REACTORES NUCLEARES, CALDERAS, MAQUINAS, APARATOS Y ARTEFACT"|261|352464.902|4484451.82
99|92|"BS.AS. SUR"|84|"REACTORES NUCLEARES, CALDERAS, MAQUINAS, APARATOS Y ARTEFACT"|276|409111.91|5971015.21
100|92|"BS.AS. SUR"|84|"REACTORES NUCLEARES, CALDERAS, MAQUINAS, APARATOS Y ARTEFACT"|346|308979.712|4577812.03
101|92|"BS.AS. SUR"|84|"REACTORES NUCLEARES, CALDERAS, MAQUINAS, APARATOS Y ARTEFACT"|128|124756.92|1666198.5
102|92|"BS.AS. SUR"|84|"REACTORES NUCLEARES, CALDERAS, MAQUINAS, APARATOS Y ARTEFACT"|298|409531.315|6476418.91
103|92|"BS.AS. SUR"|84|"REACTORES NUCLEARES, CALDERAS, MAQUINAS, APARATOS Y ARTEFACT"|161|314802.731|3974442.74
104|92|"BS.AS. SUR"|84|"REACTORES NUCLEARES, CALDERAS, MAQUINAS, APARATOS Y ARTEFACT"|170|346253.62|3134156.23
