"semana"|"aduana"|"aduana_desc"|"mercaderia"|"mercaderia_desc"|"cantidad"|"kilos"|"importe"
7|88|"GENERAL DEHEZA"|19|"PREPARACIONES A BASE DE CEREALES, HARINA, ALMIDON, FECULA O "|3|56700|347230.8
8|88|"GENERAL DEHEZA"|19|"PREPARACIONES A BASE DE CEREALES, HARINA, ALMIDON, FECULA O "|2|18343.2|111772.32
11|88|"GENERAL DEHEZA"|19|"PREPARACIONES A BASE DE CEREALES, HARINA, ALMIDON, FECULA O "|4|55476|339192.6
16|88|"GENERAL DEHEZA"|19|"PREPARACIONES A BASE DE CEREALES, HARINA, ALMIDON, FECULA O "|2|35834.4|185679.2
17|88|"GENERAL DEHEZA"|19|"PREPARACIONES A BASE DE CEREALES, HARINA, ALMIDON, FECULA O "|2|33868.8|176713.6
19|88|"GENERAL DEHEZA"|19|"PREPARACIONES A BASE DE CEREALES, HARINA, ALMIDON, FECULA O "|1|13665|83684.46
29|88|"GENERAL DEHEZA"|19|"PREPARACIONES A BASE DE CEREALES, HARINA, ALMIDON, FECULA O "|3|37381.2|209577.91
34|88|"GENERAL DEHEZA"|19|"PREPARACIONES A BASE DE CEREALES, HARINA, ALMIDON, FECULA O "|2|15331.2|86127.31
36|88|"GENERAL DEHEZA"|19|"PREPARACIONES A BASE DE CEREALES, HARINA, ALMIDON, FECULA O "|1|16934|96165.44
39|88|"GENERAL DEHEZA"|19|"PREPARACIONES A BASE DE CEREALES, HARINA, ALMIDON, FECULA O "|2|37800|211629.6
41|88|"GENERAL DEHEZA"|19|"PREPARACIONES A BASE DE CEREALES, HARINA, ALMIDON, FECULA O "|1|18900|102047.4
52|88|"GENERAL DEHEZA"|19|"PREPARACIONES A BASE DE CEREALES, HARINA, ALMIDON, FECULA O "|2|37800|204094.8
55|88|"GENERAL DEHEZA"|19|"PREPARACIONES A BASE DE CEREALES, HARINA, ALMIDON, FECULA O "|2|37800|233982
62|88|"GENERAL DEHEZA"|19|"PREPARACIONES A BASE DE CEREALES, HARINA, ALMIDON, FECULA O "|2|37800|232155
63|88|"GENERAL DEHEZA"|19|"PREPARACIONES A BASE DE CEREALES, HARINA, ALMIDON, FECULA O "|1|16934.4|103284.16
67|88|"GENERAL DEHEZA"|19|"PREPARACIONES A BASE DE CEREALES, HARINA, ALMIDON, FECULA O "|2|17706.6|106104.36
83|88|"GENERAL DEHEZA"|19|"PREPARACIONES A BASE DE CEREALES, HARINA, ALMIDON, FECULA O "|3|56700|328255.2
84|88|"GENERAL DEHEZA"|19|"PREPARACIONES A BASE DE CEREALES, HARINA, ALMIDON, FECULA O "|2|37800|218836.8
85|88|"GENERAL DEHEZA"|19|"PREPARACIONES A BASE DE CEREALES, HARINA, ALMIDON, FECULA O "|2|21159.6|121940.9
89|88|"GENERAL DEHEZA"|19|"PREPARACIONES A BASE DE CEREALES, HARINA, ALMIDON, FECULA O "|2|18198|104797.2
95|88|"GENERAL DEHEZA"|19|"PREPARACIONES A BASE DE CEREALES, HARINA, ALMIDON, FECULA O "|3|56700|309632.4
