"semana"|"aduana"|"aduana_desc"|"mercaderia"|"mercaderia_desc"|"cantidad"|"kilos"|"importe"
72|91|"BS.AS. NORTE"|93|"ARMAS, MUNICIONES, Y SUS PARTES Y ACCESORIOS"|3|2610|17921.27
76|91|"BS.AS. NORTE"|93|"ARMAS, MUNICIONES, Y SUS PARTES Y ACCESORIOS"|1|2300|23674.19
77|91|"BS.AS. NORTE"|93|"ARMAS, MUNICIONES, Y SUS PARTES Y ACCESORIOS"|1|99.29|4756.72
91|91|"BS.AS. NORTE"|93|"ARMAS, MUNICIONES, Y SUS PARTES Y ACCESORIOS"|1|2900|19157.2
92|91|"BS.AS. NORTE"|93|"ARMAS, MUNICIONES, Y SUS PARTES Y ACCESORIOS"|1|600|2082
97|91|"BS.AS. NORTE"|93|"ARMAS, MUNICIONES, Y SUS PARTES Y ACCESORIOS"|1|2450|16663.66
100|91|"BS.AS. NORTE"|93|"ARMAS, MUNICIONES, Y SUS PARTES Y ACCESORIOS"|2|1999.44|14893.9
