"semana"|"aduana"|"aduana_desc"|"mercaderia"|"mercaderia_desc"|"cantidad"|"kilos"|"importe"
71|91|"BS.AS. NORTE"|45|"CORCHO Y SUS MANUFACTURAS"|1|66.2|1432.98
75|91|"BS.AS. NORTE"|45|"CORCHO Y SUS MANUFACTURAS"|1|28.25|770.5
79|91|"BS.AS. NORTE"|45|"CORCHO Y SUS MANUFACTURAS"|2|5.24|168.4
80|91|"BS.AS. NORTE"|45|"CORCHO Y SUS MANUFACTURAS"|1|10.36|236.2
81|91|"BS.AS. NORTE"|45|"CORCHO Y SUS MANUFACTURAS"|1|11.21|268.3
83|91|"BS.AS. NORTE"|45|"CORCHO Y SUS MANUFACTURAS"|1|31.16|829.08
89|91|"BS.AS. NORTE"|45|"CORCHO Y SUS MANUFACTURAS"|1|19.84|484.65
94|91|"BS.AS. NORTE"|45|"CORCHO Y SUS MANUFACTURAS"|1|62.99|1358
102|91|"BS.AS. NORTE"|45|"CORCHO Y SUS MANUFACTURAS"|2|6.87|184.92
