"semana"|"aduana"|"aduana_desc"|"mercaderia"|"mercaderia_desc"|"cantidad"|"kilos"|"importe"
69|92|"BS.AS. SUR"|16|"PREPARACIONES DE CARNE, PESCADO O DE CRUSTACEOS, MOLUSCOS O "|30|707000|1824790
70|92|"BS.AS. SUR"|16|"PREPARACIONES DE CARNE, PESCADO O DE CRUSTACEOS, MOLUSCOS O "|23|425851|1023783.38
71|92|"BS.AS. SUR"|16|"PREPARACIONES DE CARNE, PESCADO O DE CRUSTACEOS, MOLUSCOS O "|31|593494|1649804.02
72|92|"BS.AS. SUR"|16|"PREPARACIONES DE CARNE, PESCADO O DE CRUSTACEOS, MOLUSCOS O "|32|748215|2142312.22
73|92|"BS.AS. SUR"|16|"PREPARACIONES DE CARNE, PESCADO O DE CRUSTACEOS, MOLUSCOS O "|19|396242|937653.38
74|92|"BS.AS. SUR"|16|"PREPARACIONES DE CARNE, PESCADO O DE CRUSTACEOS, MOLUSCOS O "|27|499436|1248870.78
75|92|"BS.AS. SUR"|16|"PREPARACIONES DE CARNE, PESCADO O DE CRUSTACEOS, MOLUSCOS O "|39|778417.45|1984175.68
76|92|"BS.AS. SUR"|16|"PREPARACIONES DE CARNE, PESCADO O DE CRUSTACEOS, MOLUSCOS O "|24|460409|1261522.67
77|92|"BS.AS. SUR"|16|"PREPARACIONES DE CARNE, PESCADO O DE CRUSTACEOS, MOLUSCOS O "|10|230053|388456.66
78|92|"BS.AS. SUR"|16|"PREPARACIONES DE CARNE, PESCADO O DE CRUSTACEOS, MOLUSCOS O "|19|442140|793544.25
79|92|"BS.AS. SUR"|16|"PREPARACIONES DE CARNE, PESCADO O DE CRUSTACEOS, MOLUSCOS O "|15|311660|704231.3
80|92|"BS.AS. SUR"|16|"PREPARACIONES DE CARNE, PESCADO O DE CRUSTACEOS, MOLUSCOS O "|15|282475|626445.55
81|92|"BS.AS. SUR"|16|"PREPARACIONES DE CARNE, PESCADO O DE CRUSTACEOS, MOLUSCOS O "|13|238196|363901.73
82|92|"BS.AS. SUR"|16|"PREPARACIONES DE CARNE, PESCADO O DE CRUSTACEOS, MOLUSCOS O "|20|451434.24|853442.5
83|92|"BS.AS. SUR"|16|"PREPARACIONES DE CARNE, PESCADO O DE CRUSTACEOS, MOLUSCOS O "|66|1295165.2|2797592.95
84|92|"BS.AS. SUR"|16|"PREPARACIONES DE CARNE, PESCADO O DE CRUSTACEOS, MOLUSCOS O "|22|427522|873356.65
85|92|"BS.AS. SUR"|16|"PREPARACIONES DE CARNE, PESCADO O DE CRUSTACEOS, MOLUSCOS O "|36|771992|1672555.59
86|92|"BS.AS. SUR"|16|"PREPARACIONES DE CARNE, PESCADO O DE CRUSTACEOS, MOLUSCOS O "|53|1092987.57|2422168.56
87|92|"BS.AS. SUR"|16|"PREPARACIONES DE CARNE, PESCADO O DE CRUSTACEOS, MOLUSCOS O "|81|1447771|3268059.03
88|92|"BS.AS. SUR"|16|"PREPARACIONES DE CARNE, PESCADO O DE CRUSTACEOS, MOLUSCOS O "|59|1342466|2919752.7
89|92|"BS.AS. SUR"|16|"PREPARACIONES DE CARNE, PESCADO O DE CRUSTACEOS, MOLUSCOS O "|41|630007.79|1376217.86
90|92|"BS.AS. SUR"|16|"PREPARACIONES DE CARNE, PESCADO O DE CRUSTACEOS, MOLUSCOS O "|34|650034|1273790.23
91|92|"BS.AS. SUR"|16|"PREPARACIONES DE CARNE, PESCADO O DE CRUSTACEOS, MOLUSCOS O "|40|652298|1402717.56
92|92|"BS.AS. SUR"|16|"PREPARACIONES DE CARNE, PESCADO O DE CRUSTACEOS, MOLUSCOS O "|89|1868515|3978845.94
93|92|"BS.AS. SUR"|16|"PREPARACIONES DE CARNE, PESCADO O DE CRUSTACEOS, MOLUSCOS O "|39|945009|2170374.35
94|92|"BS.AS. SUR"|16|"PREPARACIONES DE CARNE, PESCADO O DE CRUSTACEOS, MOLUSCOS O "|33|586027|1359446.06
95|92|"BS.AS. SUR"|16|"PREPARACIONES DE CARNE, PESCADO O DE CRUSTACEOS, MOLUSCOS O "|91|1647468|3665977.22
96|92|"BS.AS. SUR"|16|"PREPARACIONES DE CARNE, PESCADO O DE CRUSTACEOS, MOLUSCOS O "|72|1702549|3686773.91
97|92|"BS.AS. SUR"|16|"PREPARACIONES DE CARNE, PESCADO O DE CRUSTACEOS, MOLUSCOS O "|41|914800|2009365.12
98|92|"BS.AS. SUR"|16|"PREPARACIONES DE CARNE, PESCADO O DE CRUSTACEOS, MOLUSCOS O "|39|630558|1336754.24
99|92|"BS.AS. SUR"|16|"PREPARACIONES DE CARNE, PESCADO O DE CRUSTACEOS, MOLUSCOS O "|70|1286087.08|3281576.9
100|92|"BS.AS. SUR"|16|"PREPARACIONES DE CARNE, PESCADO O DE CRUSTACEOS, MOLUSCOS O "|32|568931|1084504.68
101|92|"BS.AS. SUR"|16|"PREPARACIONES DE CARNE, PESCADO O DE CRUSTACEOS, MOLUSCOS O "|25|436908|955744.31
102|92|"BS.AS. SUR"|16|"PREPARACIONES DE CARNE, PESCADO O DE CRUSTACEOS, MOLUSCOS O "|21|326161|754511.6
103|92|"BS.AS. SUR"|16|"PREPARACIONES DE CARNE, PESCADO O DE CRUSTACEOS, MOLUSCOS O "|62|1375772.08|3037808.16
104|92|"BS.AS. SUR"|16|"PREPARACIONES DE CARNE, PESCADO O DE CRUSTACEOS, MOLUSCOS O "|37|852504|1967358.12
