"semana"|"aduana"|"aduana_desc"|"mercaderia"|"mercaderia_desc"|"cantidad"|"kilos"|"importe"
10|80|"SAN ANTONIO OESTE"|20|"PREPARACIONES DE HORTALIZAS, FRUTAS U OTROS FRUTOS O DEMAS P"|5|160965|228825
11|80|"SAN ANTONIO OESTE"|20|"PREPARACIONES DE HORTALIZAS, FRUTAS U OTROS FRUTOS O DEMAS P"|5|1438323|1842035.99
13|80|"SAN ANTONIO OESTE"|20|"PREPARACIONES DE HORTALIZAS, FRUTAS U OTROS FRUTOS O DEMAS P"|18|6605697|8560641
14|80|"SAN ANTONIO OESTE"|20|"PREPARACIONES DE HORTALIZAS, FRUTAS U OTROS FRUTOS O DEMAS P"|11|1602956|2020544.4
15|80|"SAN ANTONIO OESTE"|20|"PREPARACIONES DE HORTALIZAS, FRUTAS U OTROS FRUTOS O DEMAS P"|6|1325105|1757344.8
16|80|"SAN ANTONIO OESTE"|20|"PREPARACIONES DE HORTALIZAS, FRUTAS U OTROS FRUTOS O DEMAS P"|5|987252|1266480
29|80|"SAN ANTONIO OESTE"|20|"PREPARACIONES DE HORTALIZAS, FRUTAS U OTROS FRUTOS O DEMAS P"|23|5740617.6|7288799.4
34|80|"SAN ANTONIO OESTE"|20|"PREPARACIONES DE HORTALIZAS, FRUTAS U OTROS FRUTOS O DEMAS P"|28|7872874.8|9570986.92
35|80|"SAN ANTONIO OESTE"|20|"PREPARACIONES DE HORTALIZAS, FRUTAS U OTROS FRUTOS O DEMAS P"|1|2123205|2659207.75
62|80|"SAN ANTONIO OESTE"|20|"PREPARACIONES DE HORTALIZAS, FRUTAS U OTROS FRUTOS O DEMAS P"|2|1039374|1203570
63|80|"SAN ANTONIO OESTE"|20|"PREPARACIONES DE HORTALIZAS, FRUTAS U OTROS FRUTOS O DEMAS P"|5|1213829.4|1351707.64
64|80|"SAN ANTONIO OESTE"|20|"PREPARACIONES DE HORTALIZAS, FRUTAS U OTROS FRUTOS O DEMAS P"|1|426174|450359.62
65|80|"SAN ANTONIO OESTE"|20|"PREPARACIONES DE HORTALIZAS, FRUTAS U OTROS FRUTOS O DEMAS P"|8|1494675|1883895
66|80|"SAN ANTONIO OESTE"|20|"PREPARACIONES DE HORTALIZAS, FRUTAS U OTROS FRUTOS O DEMAS P"|2|38018.4|41640
68|80|"SAN ANTONIO OESTE"|20|"PREPARACIONES DE HORTALIZAS, FRUTAS U OTROS FRUTOS O DEMAS P"|6|1557528|1972260
69|80|"SAN ANTONIO OESTE"|20|"PREPARACIONES DE HORTALIZAS, FRUTAS U OTROS FRUTOS O DEMAS P"|1|314265|368998.89
70|80|"SAN ANTONIO OESTE"|20|"PREPARACIONES DE HORTALIZAS, FRUTAS U OTROS FRUTOS O DEMAS P"|5|4629660|5920155
71|80|"SAN ANTONIO OESTE"|20|"PREPARACIONES DE HORTALIZAS, FRUTAS U OTROS FRUTOS O DEMAS P"|6|2596902|2837880
73|80|"SAN ANTONIO OESTE"|20|"PREPARACIONES DE HORTALIZAS, FRUTAS U OTROS FRUTOS O DEMAS P"|1|110376|120960.23
79|80|"SAN ANTONIO OESTE"|20|"PREPARACIONES DE HORTALIZAS, FRUTAS U OTROS FRUTOS O DEMAS P"|6|3972003|4877805
80|80|"SAN ANTONIO OESTE"|20|"PREPARACIONES DE HORTALIZAS, FRUTAS U OTROS FRUTOS O DEMAS P"|16|7078781|8532810
81|80|"SAN ANTONIO OESTE"|20|"PREPARACIONES DE HORTALIZAS, FRUTAS U OTROS FRUTOS O DEMAS P"|1|1483944|1814994.56
82|80|"SAN ANTONIO OESTE"|20|"PREPARACIONES DE HORTALIZAS, FRUTAS U OTROS FRUTOS O DEMAS P"|2|302001|369373.89
83|80|"SAN ANTONIO OESTE"|20|"PREPARACIONES DE HORTALIZAS, FRUTAS U OTROS FRUTOS O DEMAS P"|2|302001|369373.89
99|80|"SAN ANTONIO OESTE"|20|"PREPARACIONES DE HORTALIZAS, FRUTAS U OTROS FRUTOS O DEMAS P"|30|9317625.2|9678030
100|80|"SAN ANTONIO OESTE"|20|"PREPARACIONES DE HORTALIZAS, FRUTAS U OTROS FRUTOS O DEMAS P"|3|1281776|1226162.58
