"semana"|"aduana"|"aduana_desc"|"mercaderia"|"mercaderia_desc"|"cantidad"|"kilos"|"importe"
68|92|"BS.AS. SUR"|18|"CACAO Y SUS PREPARACIONES"|2|4440.77|64444.56
69|92|"BS.AS. SUR"|18|"CACAO Y SUS PREPARACIONES"|6|6075.6|41146.09
70|92|"BS.AS. SUR"|18|"CACAO Y SUS PREPARACIONES"|6|7961.22|44685.68
71|92|"BS.AS. SUR"|18|"CACAO Y SUS PREPARACIONES"|21|7623.84|81760.68
72|92|"BS.AS. SUR"|18|"CACAO Y SUS PREPARACIONES"|5|5598.03|27567.54
73|92|"BS.AS. SUR"|18|"CACAO Y SUS PREPARACIONES"|2|43.6|289.2
74|92|"BS.AS. SUR"|18|"CACAO Y SUS PREPARACIONES"|22|16286.04|53102.67
75|92|"BS.AS. SUR"|18|"CACAO Y SUS PREPARACIONES"|1|2142|6915.6
76|92|"BS.AS. SUR"|18|"CACAO Y SUS PREPARACIONES"|7|673.07|6354.97
77|92|"BS.AS. SUR"|18|"CACAO Y SUS PREPARACIONES"|14|9772.89|101071.78
78|92|"BS.AS. SUR"|18|"CACAO Y SUS PREPARACIONES"|8|5554|31977.3
79|92|"BS.AS. SUR"|18|"CACAO Y SUS PREPARACIONES"|7|6333.2|33749.27
80|92|"BS.AS. SUR"|18|"CACAO Y SUS PREPARACIONES"|3|1643|44415.71
81|92|"BS.AS. SUR"|18|"CACAO Y SUS PREPARACIONES"|9|1753.59|22634.17
82|92|"BS.AS. SUR"|18|"CACAO Y SUS PREPARACIONES"|23|15805.47|120093.54
83|92|"BS.AS. SUR"|18|"CACAO Y SUS PREPARACIONES"|7|3605.8|14877.13
84|92|"BS.AS. SUR"|18|"CACAO Y SUS PREPARACIONES"|3|376.27|2156.92
85|92|"BS.AS. SUR"|18|"CACAO Y SUS PREPARACIONES"|6|2595.96|32762.96
86|92|"BS.AS. SUR"|18|"CACAO Y SUS PREPARACIONES"|9|13030.44|74140.84
87|92|"BS.AS. SUR"|18|"CACAO Y SUS PREPARACIONES"|14|9019.12|97424.06
88|92|"BS.AS. SUR"|18|"CACAO Y SUS PREPARACIONES"|1|150|561.25
89|92|"BS.AS. SUR"|18|"CACAO Y SUS PREPARACIONES"|9|10853.6|57735.21
90|92|"BS.AS. SUR"|18|"CACAO Y SUS PREPARACIONES"|7|3255.56|18538.71
91|92|"BS.AS. SUR"|18|"CACAO Y SUS PREPARACIONES"|26|8909.12|87433.61
92|92|"BS.AS. SUR"|18|"CACAO Y SUS PREPARACIONES"|12|14985.4|79062.53
93|92|"BS.AS. SUR"|18|"CACAO Y SUS PREPARACIONES"|16|7907.2|46400.92
94|92|"BS.AS. SUR"|18|"CACAO Y SUS PREPARACIONES"|12|6636.94|78004.48
95|92|"BS.AS. SUR"|18|"CACAO Y SUS PREPARACIONES"|12|2621.55|38154.64
96|92|"BS.AS. SUR"|18|"CACAO Y SUS PREPARACIONES"|5|4822|33823.85
97|92|"BS.AS. SUR"|18|"CACAO Y SUS PREPARACIONES"|24|10488.08|112221.59
98|92|"BS.AS. SUR"|18|"CACAO Y SUS PREPARACIONES"|16|11364.8|47630.43
99|92|"BS.AS. SUR"|18|"CACAO Y SUS PREPARACIONES"|19|16519.94|118000.3
100|92|"BS.AS. SUR"|18|"CACAO Y SUS PREPARACIONES"|4|2130|21357.5
101|92|"BS.AS. SUR"|18|"CACAO Y SUS PREPARACIONES"|1|3192|9895.2
102|92|"BS.AS. SUR"|18|"CACAO Y SUS PREPARACIONES"|13|7868.36|36801.49
103|92|"BS.AS. SUR"|18|"CACAO Y SUS PREPARACIONES"|8|10174.8|62106.22
104|92|"BS.AS. SUR"|18|"CACAO Y SUS PREPARACIONES"|1|104.8|860.68
