"semana"|"aduana"|"aduana_desc"|"mercaderia"|"mercaderia_desc"|"cantidad"|"kilos"|"importe"
2|88|"GENERAL DEHEZA"|82|"HERRAMIENTAS Y UTILES, ARTICULOS DE CUCHILLERIA Y CUBIERTOS "|1|67.51|897.16
12|88|"GENERAL DEHEZA"|82|"HERRAMIENTAS Y UTILES, ARTICULOS DE CUCHILLERIA Y CUBIERTOS "|1|46.03|544.24
13|88|"GENERAL DEHEZA"|82|"HERRAMIENTAS Y UTILES, ARTICULOS DE CUCHILLERIA Y CUBIERTOS "|1|46.03|544.24
24|88|"GENERAL DEHEZA"|82|"HERRAMIENTAS Y UTILES, ARTICULOS DE CUCHILLERIA Y CUBIERTOS "|1|163.99|1765
55|88|"GENERAL DEHEZA"|82|"HERRAMIENTAS Y UTILES, ARTICULOS DE CUCHILLERIA Y CUBIERTOS "|1|170.63|3452.4
