"semana"|"aduana"|"aduana_desc"|"mercaderia"|"mercaderia_desc"|"cantidad"|"kilos"|"importe"
4|61|"SANTA CRUZ"|71|"PERLAS NATURALES (FINAS)* O CULTIVADAS, PIEDRAS PRECIOSAS O "|2|4478.72|7288183.65
8|61|"SANTA CRUZ"|71|"PERLAS NATURALES (FINAS)* O CULTIVADAS, PIEDRAS PRECIOSAS O "|2|4036.17|5887723.21
10|61|"SANTA CRUZ"|71|"PERLAS NATURALES (FINAS)* O CULTIVADAS, PIEDRAS PRECIOSAS O "|2|4112.61|4902738.17
11|61|"SANTA CRUZ"|71|"PERLAS NATURALES (FINAS)* O CULTIVADAS, PIEDRAS PRECIOSAS O "|1|4198.64|6256964.98
13|61|"SANTA CRUZ"|71|"PERLAS NATURALES (FINAS)* O CULTIVADAS, PIEDRAS PRECIOSAS O "|1|4547.24|7753585.24
15|61|"SANTA CRUZ"|71|"PERLAS NATURALES (FINAS)* O CULTIVADAS, PIEDRAS PRECIOSAS O "|1|5435.92|9459495.81
19|61|"SANTA CRUZ"|71|"PERLAS NATURALES (FINAS)* O CULTIVADAS, PIEDRAS PRECIOSAS O "|1|5367.01|10245166.04
22|61|"SANTA CRUZ"|71|"PERLAS NATURALES (FINAS)* O CULTIVADAS, PIEDRAS PRECIOSAS O "|2|6663.98|11246024.61
23|61|"SANTA CRUZ"|71|"PERLAS NATURALES (FINAS)* O CULTIVADAS, PIEDRAS PRECIOSAS O "|1|6190.97|8135129.04
26|61|"SANTA CRUZ"|71|"PERLAS NATURALES (FINAS)* O CULTIVADAS, PIEDRAS PRECIOSAS O "|2|4767.43|6482139.74
28|61|"SANTA CRUZ"|71|"PERLAS NATURALES (FINAS)* O CULTIVADAS, PIEDRAS PRECIOSAS O "|2|5054.88|6610096.49
30|61|"SANTA CRUZ"|71|"PERLAS NATURALES (FINAS)* O CULTIVADAS, PIEDRAS PRECIOSAS O "|1|5575.9|9564706.77
32|61|"SANTA CRUZ"|71|"PERLAS NATURALES (FINAS)* O CULTIVADAS, PIEDRAS PRECIOSAS O "|2|5163.59|8177662.08
33|61|"SANTA CRUZ"|71|"PERLAS NATURALES (FINAS)* O CULTIVADAS, PIEDRAS PRECIOSAS O "|2|5413.98|6654071.45
34|61|"SANTA CRUZ"|71|"PERLAS NATURALES (FINAS)* O CULTIVADAS, PIEDRAS PRECIOSAS O "|2|4871.46|6978732.71
38|61|"SANTA CRUZ"|71|"PERLAS NATURALES (FINAS)* O CULTIVADAS, PIEDRAS PRECIOSAS O "|3|10288.53|13336379.78
44|61|"SANTA CRUZ"|71|"PERLAS NATURALES (FINAS)* O CULTIVADAS, PIEDRAS PRECIOSAS O "|1|5191.62|5772729.96
45|61|"SANTA CRUZ"|71|"PERLAS NATURALES (FINAS)* O CULTIVADAS, PIEDRAS PRECIOSAS O "|1|5039.84|5793177.34
49|61|"SANTA CRUZ"|71|"PERLAS NATURALES (FINAS)* O CULTIVADAS, PIEDRAS PRECIOSAS O "|2|9957.9|9264318.71
51|61|"SANTA CRUZ"|71|"PERLAS NATURALES (FINAS)* O CULTIVADAS, PIEDRAS PRECIOSAS O "|1|4884.25|5147008.25
54|61|"SANTA CRUZ"|71|"PERLAS NATURALES (FINAS)* O CULTIVADAS, PIEDRAS PRECIOSAS O "|3|17205.97|15902637.44
60|61|"SANTA CRUZ"|71|"PERLAS NATURALES (FINAS)* O CULTIVADAS, PIEDRAS PRECIOSAS O "|1|5522.88|4909712.35
64|61|"SANTA CRUZ"|71|"PERLAS NATURALES (FINAS)* O CULTIVADAS, PIEDRAS PRECIOSAS O "|1|4719.47|4083893.67
69|61|"SANTA CRUZ"|71|"PERLAS NATURALES (FINAS)* O CULTIVADAS, PIEDRAS PRECIOSAS O "|2|5643.47|6618126.76
71|61|"SANTA CRUZ"|71|"PERLAS NATURALES (FINAS)* O CULTIVADAS, PIEDRAS PRECIOSAS O "|1|5409.31|11597673.45
72|61|"SANTA CRUZ"|71|"PERLAS NATURALES (FINAS)* O CULTIVADAS, PIEDRAS PRECIOSAS O "|2|4251.46|7033552.54
75|61|"SANTA CRUZ"|71|"PERLAS NATURALES (FINAS)* O CULTIVADAS, PIEDRAS PRECIOSAS O "|2|4230.31|6245716.81
76|61|"SANTA CRUZ"|71|"PERLAS NATURALES (FINAS)* O CULTIVADAS, PIEDRAS PRECIOSAS O "|2|4733.53|6434285.26
77|61|"SANTA CRUZ"|71|"PERLAS NATURALES (FINAS)* O CULTIVADAS, PIEDRAS PRECIOSAS O "|2|4073.39|4745262.03
78|61|"SANTA CRUZ"|71|"PERLAS NATURALES (FINAS)* O CULTIVADAS, PIEDRAS PRECIOSAS O "|3|8138.03|8439820.75
79|61|"SANTA CRUZ"|71|"PERLAS NATURALES (FINAS)* O CULTIVADAS, PIEDRAS PRECIOSAS O "|1|3654.27|3665675.1
81|61|"SANTA CRUZ"|71|"PERLAS NATURALES (FINAS)* O CULTIVADAS, PIEDRAS PRECIOSAS O "|2|3902.81|4162479.95
87|61|"SANTA CRUZ"|71|"PERLAS NATURALES (FINAS)* O CULTIVADAS, PIEDRAS PRECIOSAS O "|1|3941.05|5523090.14
88|61|"SANTA CRUZ"|71|"PERLAS NATURALES (FINAS)* O CULTIVADAS, PIEDRAS PRECIOSAS O "|1|3834.4|5894215.55
89|61|"SANTA CRUZ"|71|"PERLAS NATURALES (FINAS)* O CULTIVADAS, PIEDRAS PRECIOSAS O "|4|6715.94|8503537.07
91|61|"SANTA CRUZ"|71|"PERLAS NATURALES (FINAS)* O CULTIVADAS, PIEDRAS PRECIOSAS O "|2|4056.64|4326956.51
92|61|"SANTA CRUZ"|71|"PERLAS NATURALES (FINAS)* O CULTIVADAS, PIEDRAS PRECIOSAS O "|2|3137.58|3662897.14
94|61|"SANTA CRUZ"|71|"PERLAS NATURALES (FINAS)* O CULTIVADAS, PIEDRAS PRECIOSAS O "|2|4261.74|4931263.34
95|61|"SANTA CRUZ"|71|"PERLAS NATURALES (FINAS)* O CULTIVADAS, PIEDRAS PRECIOSAS O "|1|2977.38|3587424.38
99|61|"SANTA CRUZ"|71|"PERLAS NATURALES (FINAS)* O CULTIVADAS, PIEDRAS PRECIOSAS O "|2|4332.61|5216115.16
102|61|"SANTA CRUZ"|71|"PERLAS NATURALES (FINAS)* O CULTIVADAS, PIEDRAS PRECIOSAS O "|4|5908.32|7411819.72
103|61|"SANTA CRUZ"|71|"PERLAS NATURALES (FINAS)* O CULTIVADAS, PIEDRAS PRECIOSAS O "|1|2558.62|3494917.47
104|61|"SANTA CRUZ"|71|"PERLAS NATURALES (FINAS)* O CULTIVADAS, PIEDRAS PRECIOSAS O "|1|3124.62|4495421.94
