"semana"|"aduana"|"aduana_desc"|"mercaderia"|"mercaderia_desc"|"cantidad"|"kilos"|"importe"
68|92|"BS.AS. SUR"|34|"JABON, AGENTES DE SUPERFICIE ORGANICOS, PREPARACIONES PARA L"|3|6130.42|19600.57
69|92|"BS.AS. SUR"|34|"JABON, AGENTES DE SUPERFICIE ORGANICOS, PREPARACIONES PARA L"|99|558839.71|973721.33
70|92|"BS.AS. SUR"|34|"JABON, AGENTES DE SUPERFICIE ORGANICOS, PREPARACIONES PARA L"|58|783111.88|1140000.39
71|92|"BS.AS. SUR"|34|"JABON, AGENTES DE SUPERFICIE ORGANICOS, PREPARACIONES PARA L"|90|542025.62|886336.74
72|92|"BS.AS. SUR"|34|"JABON, AGENTES DE SUPERFICIE ORGANICOS, PREPARACIONES PARA L"|82|479419.95|861340
73|92|"BS.AS. SUR"|34|"JABON, AGENTES DE SUPERFICIE ORGANICOS, PREPARACIONES PARA L"|95|534481.38|984797.45
74|92|"BS.AS. SUR"|34|"JABON, AGENTES DE SUPERFICIE ORGANICOS, PREPARACIONES PARA L"|99|745165.84|901865.71
75|92|"BS.AS. SUR"|34|"JABON, AGENTES DE SUPERFICIE ORGANICOS, PREPARACIONES PARA L"|62|496876.94|782378.85
76|92|"BS.AS. SUR"|34|"JABON, AGENTES DE SUPERFICIE ORGANICOS, PREPARACIONES PARA L"|81|740298.98|1457658.46
77|92|"BS.AS. SUR"|34|"JABON, AGENTES DE SUPERFICIE ORGANICOS, PREPARACIONES PARA L"|86|572573.59|1680482.38
78|92|"BS.AS. SUR"|34|"JABON, AGENTES DE SUPERFICIE ORGANICOS, PREPARACIONES PARA L"|108|1008201.52|1458459.58
79|92|"BS.AS. SUR"|34|"JABON, AGENTES DE SUPERFICIE ORGANICOS, PREPARACIONES PARA L"|45|315716.06|446903.45
80|92|"BS.AS. SUR"|34|"JABON, AGENTES DE SUPERFICIE ORGANICOS, PREPARACIONES PARA L"|61|370139.58|677627.53
81|92|"BS.AS. SUR"|34|"JABON, AGENTES DE SUPERFICIE ORGANICOS, PREPARACIONES PARA L"|83|588029.84|1013024.42
82|92|"BS.AS. SUR"|34|"JABON, AGENTES DE SUPERFICIE ORGANICOS, PREPARACIONES PARA L"|91|519702.07|1003345.58
83|92|"BS.AS. SUR"|34|"JABON, AGENTES DE SUPERFICIE ORGANICOS, PREPARACIONES PARA L"|55|412499.52|834934.78
84|92|"BS.AS. SUR"|34|"JABON, AGENTES DE SUPERFICIE ORGANICOS, PREPARACIONES PARA L"|78|365297.13|723918.22
85|92|"BS.AS. SUR"|34|"JABON, AGENTES DE SUPERFICIE ORGANICOS, PREPARACIONES PARA L"|80|636605.99|1010389.11
86|92|"BS.AS. SUR"|34|"JABON, AGENTES DE SUPERFICIE ORGANICOS, PREPARACIONES PARA L"|82|542760.29|923474.74
87|92|"BS.AS. SUR"|34|"JABON, AGENTES DE SUPERFICIE ORGANICOS, PREPARACIONES PARA L"|79|640801.59|985080.68
88|92|"BS.AS. SUR"|34|"JABON, AGENTES DE SUPERFICIE ORGANICOS, PREPARACIONES PARA L"|80|674718.78|1380671.8
89|92|"BS.AS. SUR"|34|"JABON, AGENTES DE SUPERFICIE ORGANICOS, PREPARACIONES PARA L"|72|589268.6|1196877.16
90|92|"BS.AS. SUR"|34|"JABON, AGENTES DE SUPERFICIE ORGANICOS, PREPARACIONES PARA L"|76|436722.32|818537.77
91|92|"BS.AS. SUR"|34|"JABON, AGENTES DE SUPERFICIE ORGANICOS, PREPARACIONES PARA L"|61|550085.7|638077.29
92|92|"BS.AS. SUR"|34|"JABON, AGENTES DE SUPERFICIE ORGANICOS, PREPARACIONES PARA L"|50|354522.89|715317.06
93|92|"BS.AS. SUR"|34|"JABON, AGENTES DE SUPERFICIE ORGANICOS, PREPARACIONES PARA L"|61|487940.7|958101.69
94|92|"BS.AS. SUR"|34|"JABON, AGENTES DE SUPERFICIE ORGANICOS, PREPARACIONES PARA L"|60|441857.06|1121060.64
95|92|"BS.AS. SUR"|34|"JABON, AGENTES DE SUPERFICIE ORGANICOS, PREPARACIONES PARA L"|117|965866.35|1183781.97
96|92|"BS.AS. SUR"|34|"JABON, AGENTES DE SUPERFICIE ORGANICOS, PREPARACIONES PARA L"|48|235678.94|345085.15
97|92|"BS.AS. SUR"|34|"JABON, AGENTES DE SUPERFICIE ORGANICOS, PREPARACIONES PARA L"|105|628888.87|1071549.46
98|92|"BS.AS. SUR"|34|"JABON, AGENTES DE SUPERFICIE ORGANICOS, PREPARACIONES PARA L"|113|661194.01|989531.13
99|92|"BS.AS. SUR"|34|"JABON, AGENTES DE SUPERFICIE ORGANICOS, PREPARACIONES PARA L"|89|675838.94|938232.12
100|92|"BS.AS. SUR"|34|"JABON, AGENTES DE SUPERFICIE ORGANICOS, PREPARACIONES PARA L"|63|470894.51|748285.25
101|92|"BS.AS. SUR"|34|"JABON, AGENTES DE SUPERFICIE ORGANICOS, PREPARACIONES PARA L"|57|341164|558768.43
102|92|"BS.AS. SUR"|34|"JABON, AGENTES DE SUPERFICIE ORGANICOS, PREPARACIONES PARA L"|93|682579.36|1206622.32
103|92|"BS.AS. SUR"|34|"JABON, AGENTES DE SUPERFICIE ORGANICOS, PREPARACIONES PARA L"|77|432029.43|637130.01
104|92|"BS.AS. SUR"|34|"JABON, AGENTES DE SUPERFICIE ORGANICOS, PREPARACIONES PARA L"|37|513747.9|714140.95
