"semana"|"aduana"|"aduana_desc"|"mercaderia"|"mercaderia_desc"|"cantidad"|"kilos"|"importe"
68|92|"BS.AS. SUR"|41|"PIELES (EXCEPTO LA PELETERIA) Y CUEROS"|6|117734|778848.76
69|92|"BS.AS. SUR"|41|"PIELES (EXCEPTO LA PELETERIA) Y CUEROS"|65|940801|12173487.01
70|92|"BS.AS. SUR"|41|"PIELES (EXCEPTO LA PELETERIA) Y CUEROS"|51|680321.49|10231358.72
71|92|"BS.AS. SUR"|41|"PIELES (EXCEPTO LA PELETERIA) Y CUEROS"|50|651200|8682558.64
72|92|"BS.AS. SUR"|41|"PIELES (EXCEPTO LA PELETERIA) Y CUEROS"|62|950436|10681386.55
73|92|"BS.AS. SUR"|41|"PIELES (EXCEPTO LA PELETERIA) Y CUEROS"|49|692550.5|8681069.91
74|92|"BS.AS. SUR"|41|"PIELES (EXCEPTO LA PELETERIA) Y CUEROS"|55|725439|9131652.02
75|92|"BS.AS. SUR"|41|"PIELES (EXCEPTO LA PELETERIA) Y CUEROS"|34|624344|8335336.54
76|92|"BS.AS. SUR"|41|"PIELES (EXCEPTO LA PELETERIA) Y CUEROS"|51|845586.5|9755263.01
77|92|"BS.AS. SUR"|41|"PIELES (EXCEPTO LA PELETERIA) Y CUEROS"|41|513189|7654073.64
78|92|"BS.AS. SUR"|41|"PIELES (EXCEPTO LA PELETERIA) Y CUEROS"|58|693325.2|10488185.09
79|92|"BS.AS. SUR"|41|"PIELES (EXCEPTO LA PELETERIA) Y CUEROS"|48|616665|9134667.14
80|92|"BS.AS. SUR"|41|"PIELES (EXCEPTO LA PELETERIA) Y CUEROS"|46|651612|9534470.61
81|92|"BS.AS. SUR"|41|"PIELES (EXCEPTO LA PELETERIA) Y CUEROS"|41|634396.5|10397065.7
82|92|"BS.AS. SUR"|41|"PIELES (EXCEPTO LA PELETERIA) Y CUEROS"|50|695645.99|10823646.29
83|92|"BS.AS. SUR"|41|"PIELES (EXCEPTO LA PELETERIA) Y CUEROS"|48|728824.5|10603085.51
84|92|"BS.AS. SUR"|41|"PIELES (EXCEPTO LA PELETERIA) Y CUEROS"|47|597523|8205309.64
85|92|"BS.AS. SUR"|41|"PIELES (EXCEPTO LA PELETERIA) Y CUEROS"|32|583379|7093421.17
86|92|"BS.AS. SUR"|41|"PIELES (EXCEPTO LA PELETERIA) Y CUEROS"|44|545370|8349103.13
87|92|"BS.AS. SUR"|41|"PIELES (EXCEPTO LA PELETERIA) Y CUEROS"|38|505055.5|7671739.3
88|92|"BS.AS. SUR"|41|"PIELES (EXCEPTO LA PELETERIA) Y CUEROS"|27|425878|5680957.06
89|92|"BS.AS. SUR"|41|"PIELES (EXCEPTO LA PELETERIA) Y CUEROS"|31|479707.5|6811761.71
90|92|"BS.AS. SUR"|41|"PIELES (EXCEPTO LA PELETERIA) Y CUEROS"|32|469512|6723532.2
91|92|"BS.AS. SUR"|41|"PIELES (EXCEPTO LA PELETERIA) Y CUEROS"|47|649915.5|8448050.07
92|92|"BS.AS. SUR"|41|"PIELES (EXCEPTO LA PELETERIA) Y CUEROS"|38|499775.68|7848649.9
93|92|"BS.AS. SUR"|41|"PIELES (EXCEPTO LA PELETERIA) Y CUEROS"|31|461176|6417199.81
94|92|"BS.AS. SUR"|41|"PIELES (EXCEPTO LA PELETERIA) Y CUEROS"|43|547683|8833190.14
95|92|"BS.AS. SUR"|41|"PIELES (EXCEPTO LA PELETERIA) Y CUEROS"|50|623446|9293512.1
96|92|"BS.AS. SUR"|41|"PIELES (EXCEPTO LA PELETERIA) Y CUEROS"|37|596154|7742906.43
97|92|"BS.AS. SUR"|41|"PIELES (EXCEPTO LA PELETERIA) Y CUEROS"|33|449397|6318848.01
98|92|"BS.AS. SUR"|41|"PIELES (EXCEPTO LA PELETERIA) Y CUEROS"|51|692632.5|9667275.25
99|92|"BS.AS. SUR"|41|"PIELES (EXCEPTO LA PELETERIA) Y CUEROS"|57|748080|9817964.69
100|92|"BS.AS. SUR"|41|"PIELES (EXCEPTO LA PELETERIA) Y CUEROS"|63|723013|7949199.03
101|92|"BS.AS. SUR"|41|"PIELES (EXCEPTO LA PELETERIA) Y CUEROS"|24|251203.7|4735539.69
102|92|"BS.AS. SUR"|41|"PIELES (EXCEPTO LA PELETERIA) Y CUEROS"|35|454282.5|5455123.45
103|92|"BS.AS. SUR"|41|"PIELES (EXCEPTO LA PELETERIA) Y CUEROS"|51|711399.5|9353172.65
104|92|"BS.AS. SUR"|41|"PIELES (EXCEPTO LA PELETERIA) Y CUEROS"|40|493495|6217697.55
