"semana"|"aduana"|"aduana_desc"|"mercaderia"|"mercaderia_desc"|"cantidad"|"kilos"|"importe"
68|92|"BS.AS. SUR"|40|"CAUCHO Y SUS MANUFACTURAS"|10|2455.12|36722.27
69|92|"BS.AS. SUR"|40|"CAUCHO Y SUS MANUFACTURAS"|154|414706.81|2063528.18
70|92|"BS.AS. SUR"|40|"CAUCHO Y SUS MANUFACTURAS"|39|33716.92|320961.77
71|92|"BS.AS. SUR"|40|"CAUCHO Y SUS MANUFACTURAS"|92|264145.65|1445643.09
72|92|"BS.AS. SUR"|40|"CAUCHO Y SUS MANUFACTURAS"|85|167708.257|899876.52
73|92|"BS.AS. SUR"|40|"CAUCHO Y SUS MANUFACTURAS"|90|343792.07|1864990.91
74|92|"BS.AS. SUR"|40|"CAUCHO Y SUS MANUFACTURAS"|89|154077.598|921800.89
75|92|"BS.AS. SUR"|40|"CAUCHO Y SUS MANUFACTURAS"|77|113719.41|643539.35
76|92|"BS.AS. SUR"|40|"CAUCHO Y SUS MANUFACTURAS"|126|272847.552|1454672.9
77|92|"BS.AS. SUR"|40|"CAUCHO Y SUS MANUFACTURAS"|63|217323.875|1268596.79
78|92|"BS.AS. SUR"|40|"CAUCHO Y SUS MANUFACTURAS"|62|235711.615|1289196.51
79|92|"BS.AS. SUR"|40|"CAUCHO Y SUS MANUFACTURAS"|64|158305.47|869400.32
80|92|"BS.AS. SUR"|40|"CAUCHO Y SUS MANUFACTURAS"|44|88125.39|479160.35
81|92|"BS.AS. SUR"|40|"CAUCHO Y SUS MANUFACTURAS"|80|305866.048|1595845.71
82|92|"BS.AS. SUR"|40|"CAUCHO Y SUS MANUFACTURAS"|119|254901.023|1552077.66
83|92|"BS.AS. SUR"|40|"CAUCHO Y SUS MANUFACTURAS"|73|172885.248|895784.62
84|92|"BS.AS. SUR"|40|"CAUCHO Y SUS MANUFACTURAS"|56|201431.982|1121515.3
85|92|"BS.AS. SUR"|40|"CAUCHO Y SUS MANUFACTURAS"|62|154594.49|938484.8
86|92|"BS.AS. SUR"|40|"CAUCHO Y SUS MANUFACTURAS"|136|221054.602|1402609.56
87|92|"BS.AS. SUR"|40|"CAUCHO Y SUS MANUFACTURAS"|143|542669.956|2475874.63
88|92|"BS.AS. SUR"|40|"CAUCHO Y SUS MANUFACTURAS"|61|120676.422|665203.89
89|92|"BS.AS. SUR"|40|"CAUCHO Y SUS MANUFACTURAS"|92|164745.21|815673.47
90|92|"BS.AS. SUR"|40|"CAUCHO Y SUS MANUFACTURAS"|80|232318.972|1421892.44
91|92|"BS.AS. SUR"|40|"CAUCHO Y SUS MANUFACTURAS"|71|272962.042|1485905.8
92|92|"BS.AS. SUR"|40|"CAUCHO Y SUS MANUFACTURAS"|45|73211.6|619791.58
93|92|"BS.AS. SUR"|40|"CAUCHO Y SUS MANUFACTURAS"|38|157537.61|843004.8
94|92|"BS.AS. SUR"|40|"CAUCHO Y SUS MANUFACTURAS"|59|143657.2|778047.54
95|92|"BS.AS. SUR"|40|"CAUCHO Y SUS MANUFACTURAS"|88|295690.27|1472072.17
96|92|"BS.AS. SUR"|40|"CAUCHO Y SUS MANUFACTURAS"|217|160951.53|877496.14
97|92|"BS.AS. SUR"|40|"CAUCHO Y SUS MANUFACTURAS"|63|145056.8|842184.13
98|92|"BS.AS. SUR"|40|"CAUCHO Y SUS MANUFACTURAS"|53|110670.596|659165.57
99|92|"BS.AS. SUR"|40|"CAUCHO Y SUS MANUFACTURAS"|68|223695.17|1404394.23
100|92|"BS.AS. SUR"|40|"CAUCHO Y SUS MANUFACTURAS"|66|136859.15|830491.53
101|92|"BS.AS. SUR"|40|"CAUCHO Y SUS MANUFACTURAS"|17|907.23|15852
102|92|"BS.AS. SUR"|40|"CAUCHO Y SUS MANUFACTURAS"|88|328136.94|1558556.21
103|92|"BS.AS. SUR"|40|"CAUCHO Y SUS MANUFACTURAS"|54|103274.57|750689.06
104|92|"BS.AS. SUR"|40|"CAUCHO Y SUS MANUFACTURAS"|52|81359.76|499693.32
