"semana"|"aduana"|"aduana_desc"|"mercaderia"|"mercaderia_desc"|"cantidad"|"kilos"|"importe"
69|91|"BS.AS. NORTE"|96|"MANUFACTURAS DIVERSAS"|9|17855.91|142718.71
70|91|"BS.AS. NORTE"|96|"MANUFACTURAS DIVERSAS"|16|27354.97|184195.87
71|91|"BS.AS. NORTE"|96|"MANUFACTURAS DIVERSAS"|26|49562.14|338202.51
72|91|"BS.AS. NORTE"|96|"MANUFACTURAS DIVERSAS"|15|24690.82|246427.87
73|91|"BS.AS. NORTE"|96|"MANUFACTURAS DIVERSAS"|4|1050.33|10191.84
74|91|"BS.AS. NORTE"|96|"MANUFACTURAS DIVERSAS"|13|19129.8|92692.57
75|91|"BS.AS. NORTE"|96|"MANUFACTURAS DIVERSAS"|11|27966.32|148242.36
76|91|"BS.AS. NORTE"|96|"MANUFACTURAS DIVERSAS"|14|20976.15|168253.87
77|91|"BS.AS. NORTE"|96|"MANUFACTURAS DIVERSAS"|15|36423.18|252392.57
78|91|"BS.AS. NORTE"|96|"MANUFACTURAS DIVERSAS"|10|6554.07|44582.89
79|91|"BS.AS. NORTE"|96|"MANUFACTURAS DIVERSAS"|4|14944.08|76289.57
80|91|"BS.AS. NORTE"|96|"MANUFACTURAS DIVERSAS"|7|21335.87|106664.95
81|91|"BS.AS. NORTE"|96|"MANUFACTURAS DIVERSAS"|16|31648.96|250820.11
82|91|"BS.AS. NORTE"|96|"MANUFACTURAS DIVERSAS"|8|10277.45|58977.54
83|91|"BS.AS. NORTE"|96|"MANUFACTURAS DIVERSAS"|15|27098.28|249044.75
84|91|"BS.AS. NORTE"|96|"MANUFACTURAS DIVERSAS"|7|26470.2|141750.93
85|91|"BS.AS. NORTE"|96|"MANUFACTURAS DIVERSAS"|1|4953.92|26363.44
86|91|"BS.AS. NORTE"|96|"MANUFACTURAS DIVERSAS"|10|15933.83|118285.15
87|91|"BS.AS. NORTE"|96|"MANUFACTURAS DIVERSAS"|26|26905.32|162275.35
88|91|"BS.AS. NORTE"|96|"MANUFACTURAS DIVERSAS"|10|13745.52|80209.61
89|91|"BS.AS. NORTE"|96|"MANUFACTURAS DIVERSAS"|10|28733.75|328268.31
90|91|"BS.AS. NORTE"|96|"MANUFACTURAS DIVERSAS"|5|5854.25|38716.03
91|91|"BS.AS. NORTE"|96|"MANUFACTURAS DIVERSAS"|9|9881.79|48283.37
92|91|"BS.AS. NORTE"|96|"MANUFACTURAS DIVERSAS"|11|17133.52|164757.27
93|91|"BS.AS. NORTE"|96|"MANUFACTURAS DIVERSAS"|14|16585.25|84951.45
94|91|"BS.AS. NORTE"|96|"MANUFACTURAS DIVERSAS"|9|9444.29|52730.13
95|91|"BS.AS. NORTE"|96|"MANUFACTURAS DIVERSAS"|10|12479.82|174846.01
96|91|"BS.AS. NORTE"|96|"MANUFACTURAS DIVERSAS"|3|13749.38|70110.36
97|91|"BS.AS. NORTE"|96|"MANUFACTURAS DIVERSAS"|7|14222.59|140946.05
98|91|"BS.AS. NORTE"|96|"MANUFACTURAS DIVERSAS"|23|15173.87|139629.11
99|91|"BS.AS. NORTE"|96|"MANUFACTURAS DIVERSAS"|3|980.25|36775.62
100|91|"BS.AS. NORTE"|96|"MANUFACTURAS DIVERSAS"|5|9738.86|58664.64
101|91|"BS.AS. NORTE"|96|"MANUFACTURAS DIVERSAS"|6|6581.293|100334.73
102|91|"BS.AS. NORTE"|96|"MANUFACTURAS DIVERSAS"|22|27811.35|149889.04
103|91|"BS.AS. NORTE"|96|"MANUFACTURAS DIVERSAS"|4|3807.19|13401.25
104|91|"BS.AS. NORTE"|96|"MANUFACTURAS DIVERSAS"|1|0.83|32.64
