"semana"|"aduana"|"aduana_desc"|"mercaderia"|"mercaderia_desc"|"cantidad"|"kilos"|"importe"
4|67|"USHUAIA"|23|"RESIDUOS Y DESPERDICIOS DE LAS INDUSTRIAS ALIMENTARIAS; ALIM"|1|82620|123930
7|67|"USHUAIA"|23|"RESIDUOS Y DESPERDICIOS DE LAS INDUSTRIAS ALIMENTARIAS; ALIM"|1|60000|96000
8|67|"USHUAIA"|23|"RESIDUOS Y DESPERDICIOS DE LAS INDUSTRIAS ALIMENTARIAS; ALIM"|1|183660|214882.2
9|67|"USHUAIA"|23|"RESIDUOS Y DESPERDICIOS DE LAS INDUSTRIAS ALIMENTARIAS; ALIM"|1|203970|244152.09
13|67|"USHUAIA"|23|"RESIDUOS Y DESPERDICIOS DE LAS INDUSTRIAS ALIMENTARIAS; ALIM"|1|49710|79536
16|67|"USHUAIA"|23|"RESIDUOS Y DESPERDICIOS DE LAS INDUSTRIAS ALIMENTARIAS; ALIM"|2|278040|392541.72
20|67|"USHUAIA"|23|"RESIDUOS Y DESPERDICIOS DE LAS INDUSTRIAS ALIMENTARIAS; ALIM"|2|186030|299451
23|67|"USHUAIA"|23|"RESIDUOS Y DESPERDICIOS DE LAS INDUSTRIAS ALIMENTARIAS; ALIM"|1|135000|229500
24|67|"USHUAIA"|23|"RESIDUOS Y DESPERDICIOS DE LAS INDUSTRIAS ALIMENTARIAS; ALIM"|1|211650|272605.2
27|67|"USHUAIA"|23|"RESIDUOS Y DESPERDICIOS DE LAS INDUSTRIAS ALIMENTARIAS; ALIM"|2|154800|224460
30|67|"USHUAIA"|23|"RESIDUOS Y DESPERDICIOS DE LAS INDUSTRIAS ALIMENTARIAS; ALIM"|1|120690|205173
31|67|"USHUAIA"|23|"RESIDUOS Y DESPERDICIOS DE LAS INDUSTRIAS ALIMENTARIAS; ALIM"|1|57000|96900
32|67|"USHUAIA"|23|"RESIDUOS Y DESPERDICIOS DE LAS INDUSTRIAS ALIMENTARIAS; ALIM"|1|90000|135000
33|67|"USHUAIA"|23|"RESIDUOS Y DESPERDICIOS DE LAS INDUSTRIAS ALIMENTARIAS; ALIM"|1|57000|96900
34|67|"USHUAIA"|23|"RESIDUOS Y DESPERDICIOS DE LAS INDUSTRIAS ALIMENTARIAS; ALIM"|2|237750|361980
37|67|"USHUAIA"|23|"RESIDUOS Y DESPERDICIOS DE LAS INDUSTRIAS ALIMENTARIAS; ALIM"|1|75840|113760
38|67|"USHUAIA"|23|"RESIDUOS Y DESPERDICIOS DE LAS INDUSTRIAS ALIMENTARIAS; ALIM"|1|55290|93993
40|67|"USHUAIA"|23|"RESIDUOS Y DESPERDICIOS DE LAS INDUSTRIAS ALIMENTARIAS; ALIM"|1|210000|304500
46|67|"USHUAIA"|23|"RESIDUOS Y DESPERDICIOS DE LAS INDUSTRIAS ALIMENTARIAS; ALIM"|1|180000|261000
48|67|"USHUAIA"|23|"RESIDUOS Y DESPERDICIOS DE LAS INDUSTRIAS ALIMENTARIAS; ALIM"|1|57000|102600
49|67|"USHUAIA"|23|"RESIDUOS Y DESPERDICIOS DE LAS INDUSTRIAS ALIMENTARIAS; ALIM"|1|116640|204120
52|67|"USHUAIA"|23|"RESIDUOS Y DESPERDICIOS DE LAS INDUSTRIAS ALIMENTARIAS; ALIM"|4|379860|398093.28
53|67|"USHUAIA"|23|"RESIDUOS Y DESPERDICIOS DE LAS INDUSTRIAS ALIMENTARIAS; ALIM"|1|49200|88560
54|67|"USHUAIA"|23|"RESIDUOS Y DESPERDICIOS DE LAS INDUSTRIAS ALIMENTARIAS; ALIM"|2|99144|157638.96
56|67|"USHUAIA"|23|"RESIDUOS Y DESPERDICIOS DE LAS INDUSTRIAS ALIMENTARIAS; ALIM"|1|162870|252122.76
57|67|"USHUAIA"|23|"RESIDUOS Y DESPERDICIOS DE LAS INDUSTRIAS ALIMENTARIAS; ALIM"|1|181800|281426.4
58|67|"USHUAIA"|23|"RESIDUOS Y DESPERDICIOS DE LAS INDUSTRIAS ALIMENTARIAS; ALIM"|2|99840|172544
61|67|"USHUAIA"|23|"RESIDUOS Y DESPERDICIOS DE LAS INDUSTRIAS ALIMENTARIAS; ALIM"|1|180000|260820
67|67|"USHUAIA"|23|"RESIDUOS Y DESPERDICIOS DE LAS INDUSTRIAS ALIMENTARIAS; ALIM"|3|180480|314918.4
69|67|"USHUAIA"|23|"RESIDUOS Y DESPERDICIOS DE LAS INDUSTRIAS ALIMENTARIAS; ALIM"|1|115710|167663.79
71|67|"USHUAIA"|23|"RESIDUOS Y DESPERDICIOS DE LAS INDUSTRIAS ALIMENTARIAS; ALIM"|1|45600|81168
72|67|"USHUAIA"|23|"RESIDUOS Y DESPERDICIOS DE LAS INDUSTRIAS ALIMENTARIAS; ALIM"|1|120000|173880
74|67|"USHUAIA"|23|"RESIDUOS Y DESPERDICIOS DE LAS INDUSTRIAS ALIMENTARIAS; ALIM"|1|90000|157500
75|67|"USHUAIA"|23|"RESIDUOS Y DESPERDICIOS DE LAS INDUSTRIAS ALIMENTARIAS; ALIM"|1|89400|169860
78|67|"USHUAIA"|23|"RESIDUOS Y DESPERDICIOS DE LAS INDUSTRIAS ALIMENTARIAS; ALIM"|6|613500|896682.27
82|67|"USHUAIA"|23|"RESIDUOS Y DESPERDICIOS DE LAS INDUSTRIAS ALIMENTARIAS; ALIM"|1|77400|135450
84|67|"USHUAIA"|23|"RESIDUOS Y DESPERDICIOS DE LAS INDUSTRIAS ALIMENTARIAS; ALIM"|1|260010|389494.98
85|67|"USHUAIA"|23|"RESIDUOS Y DESPERDICIOS DE LAS INDUSTRIAS ALIMENTARIAS; ALIM"|2|105000|157500
86|67|"USHUAIA"|23|"RESIDUOS Y DESPERDICIOS DE LAS INDUSTRIAS ALIMENTARIAS; ALIM"|2|256530|388129.89
92|67|"USHUAIA"|23|"RESIDUOS Y DESPERDICIOS DE LAS INDUSTRIAS ALIMENTARIAS; ALIM"|3|406050|680889.6
94|67|"USHUAIA"|23|"RESIDUOS Y DESPERDICIOS DE LAS INDUSTRIAS ALIMENTARIAS; ALIM"|3|360556.25|551469.85
95|67|"USHUAIA"|23|"RESIDUOS Y DESPERDICIOS DE LAS INDUSTRIAS ALIMENTARIAS; ALIM"|2|88590|132885
98|67|"USHUAIA"|23|"RESIDUOS Y DESPERDICIOS DE LAS INDUSTRIAS ALIMENTARIAS; ALIM"|1|3e+05|539400
102|67|"USHUAIA"|23|"RESIDUOS Y DESPERDICIOS DE LAS INDUSTRIAS ALIMENTARIAS; ALIM"|1|160000|287680
103|67|"USHUAIA"|23|"RESIDUOS Y DESPERDICIOS DE LAS INDUSTRIAS ALIMENTARIAS; ALIM"|1|232650|418304.7
