"semana"|"aduana"|"aduana_desc"|"mercaderia"|"mercaderia_desc"|"cantidad"|"kilos"|"importe"
8|83|"SAN LUIS"|54|"FILAMENTOS SINTETICOS O ARTIFICIALES"|1|18720|55411.2
11|83|"SAN LUIS"|54|"FILAMENTOS SINTETICOS O ARTIFICIALES"|1|18699|51048.27
19|83|"SAN LUIS"|54|"FILAMENTOS SINTETICOS O ARTIFICIALES"|1|18720|61776
23|83|"SAN LUIS"|54|"FILAMENTOS SINTETICOS O ARTIFICIALES"|1|202|2825.98
24|83|"SAN LUIS"|54|"FILAMENTOS SINTETICOS O ARTIFICIALES"|1|200|2798
25|83|"SAN LUIS"|54|"FILAMENTOS SINTETICOS O ARTIFICIALES"|1|15910|49798.3
29|83|"SAN LUIS"|54|"FILAMENTOS SINTETICOS O ARTIFICIALES"|1|15136|47375.68
34|83|"SAN LUIS"|54|"FILAMENTOS SINTETICOS O ARTIFICIALES"|1|18720|58593.6
36|83|"SAN LUIS"|54|"FILAMENTOS SINTETICOS O ARTIFICIALES"|2|16198.2|57433.28
38|83|"SAN LUIS"|54|"FILAMENTOS SINTETICOS O ARTIFICIALES"|1|15878|49698.14
40|83|"SAN LUIS"|54|"FILAMENTOS SINTETICOS O ARTIFICIALES"|1|18624|52519.68
44|83|"SAN LUIS"|54|"FILAMENTOS SINTETICOS O ARTIFICIALES"|1|18702|52739.64
47|83|"SAN LUIS"|54|"FILAMENTOS SINTETICOS O ARTIFICIALES"|2|33372|95110.2
50|83|"SAN LUIS"|54|"FILAMENTOS SINTETICOS O ARTIFICIALES"|1|17670|49829.4
54|83|"SAN LUIS"|54|"FILAMENTOS SINTETICOS O ARTIFICIALES"|1|1770|5487
55|83|"SAN LUIS"|54|"FILAMENTOS SINTETICOS O ARTIFICIALES"|1|16686|47388.24
56|83|"SAN LUIS"|54|"FILAMENTOS SINTETICOS O ARTIFICIALES"|1|18720|52790.4
57|83|"SAN LUIS"|54|"FILAMENTOS SINTETICOS O ARTIFICIALES"|1|16964|51740.2
60|83|"SAN LUIS"|54|"FILAMENTOS SINTETICOS O ARTIFICIALES"|1|18696|52722.72
64|83|"SAN LUIS"|54|"FILAMENTOS SINTETICOS O ARTIFICIALES"|2|33372|101784.6
65|83|"SAN LUIS"|54|"FILAMENTOS SINTETICOS O ARTIFICIALES"|1|346|3055.1
66|83|"SAN LUIS"|54|"FILAMENTOS SINTETICOS O ARTIFICIALES"|2|32892|100249.2
68|83|"SAN LUIS"|54|"FILAMENTOS SINTETICOS O ARTIFICIALES"|1|17280|54086.4
70|83|"SAN LUIS"|54|"FILAMENTOS SINTETICOS O ARTIFICIALES"|1|17382|57360.6
74|83|"SAN LUIS"|54|"FILAMENTOS SINTETICOS O ARTIFICIALES"|1|17274|45776.1
76|83|"SAN LUIS"|54|"FILAMENTOS SINTETICOS O ARTIFICIALES"|1|17280|45792
77|83|"SAN LUIS"|54|"FILAMENTOS SINTETICOS O ARTIFICIALES"|1|17376|46046.4
82|83|"SAN LUIS"|54|"FILAMENTOS SINTETICOS O ARTIFICIALES"|1|17382|53015.1
83|83|"SAN LUIS"|54|"FILAMENTOS SINTETICOS O ARTIFICIALES"|2|34314|102004.2
85|83|"SAN LUIS"|54|"FILAMENTOS SINTETICOS O ARTIFICIALES"|1|17280|45792
87|83|"SAN LUIS"|54|"FILAMENTOS SINTETICOS O ARTIFICIALES"|1|17280|45792
90|83|"SAN LUIS"|54|"FILAMENTOS SINTETICOS O ARTIFICIALES"|1|17280|45792
93|83|"SAN LUIS"|54|"FILAMENTOS SINTETICOS O ARTIFICIALES"|1|17280|43200
97|83|"SAN LUIS"|54|"FILAMENTOS SINTETICOS O ARTIFICIALES"|1|17280|43200
99|83|"SAN LUIS"|54|"FILAMENTOS SINTETICOS O ARTIFICIALES"|1|17061|42652.5
102|83|"SAN LUIS"|54|"FILAMENTOS SINTETICOS O ARTIFICIALES"|1|17502|43755
103|83|"SAN LUIS"|54|"FILAMENTOS SINTETICOS O ARTIFICIALES"|1|17280|43200
