"semana"|"aduana"|"aduana_desc"|"mercaderia"|"mercaderia_desc"|"cantidad"|"kilos"|"importe"
68|92|"BS.AS. SUR"|71|"PERLAS NATURALES (FINAS)* O CULTIVADAS, PIEDRAS PRECIOSAS O "|1|0.96|341.55
69|92|"BS.AS. SUR"|71|"PERLAS NATURALES (FINAS)* O CULTIVADAS, PIEDRAS PRECIOSAS O "|3|31.07|2557.82
70|92|"BS.AS. SUR"|71|"PERLAS NATURALES (FINAS)* O CULTIVADAS, PIEDRAS PRECIOSAS O "|4|28521.45|220100.82
71|92|"BS.AS. SUR"|71|"PERLAS NATURALES (FINAS)* O CULTIVADAS, PIEDRAS PRECIOSAS O "|8|117.34|1061.41
72|92|"BS.AS. SUR"|71|"PERLAS NATURALES (FINAS)* O CULTIVADAS, PIEDRAS PRECIOSAS O "|1|0.66|120
73|92|"BS.AS. SUR"|71|"PERLAS NATURALES (FINAS)* O CULTIVADAS, PIEDRAS PRECIOSAS O "|1|0.23|21.21
74|92|"BS.AS. SUR"|71|"PERLAS NATURALES (FINAS)* O CULTIVADAS, PIEDRAS PRECIOSAS O "|6|146.17|1132.13
76|92|"BS.AS. SUR"|71|"PERLAS NATURALES (FINAS)* O CULTIVADAS, PIEDRAS PRECIOSAS O "|1|1392.41|1601.28
77|92|"BS.AS. SUR"|71|"PERLAS NATURALES (FINAS)* O CULTIVADAS, PIEDRAS PRECIOSAS O "|10|281.03|1593.27
78|92|"BS.AS. SUR"|71|"PERLAS NATURALES (FINAS)* O CULTIVADAS, PIEDRAS PRECIOSAS O "|2|24.11|439
79|92|"BS.AS. SUR"|71|"PERLAS NATURALES (FINAS)* O CULTIVADAS, PIEDRAS PRECIOSAS O "|4|5730|549511
80|92|"BS.AS. SUR"|71|"PERLAS NATURALES (FINAS)* O CULTIVADAS, PIEDRAS PRECIOSAS O "|7|525.03|20205
81|92|"BS.AS. SUR"|71|"PERLAS NATURALES (FINAS)* O CULTIVADAS, PIEDRAS PRECIOSAS O "|2|1.58|203.74
82|92|"BS.AS. SUR"|71|"PERLAS NATURALES (FINAS)* O CULTIVADAS, PIEDRAS PRECIOSAS O "|1|1.2|32.16
83|92|"BS.AS. SUR"|71|"PERLAS NATURALES (FINAS)* O CULTIVADAS, PIEDRAS PRECIOSAS O "|8|89.39|889.28
84|92|"BS.AS. SUR"|71|"PERLAS NATURALES (FINAS)* O CULTIVADAS, PIEDRAS PRECIOSAS O "|6|15969.54|110027.49
85|92|"BS.AS. SUR"|71|"PERLAS NATURALES (FINAS)* O CULTIVADAS, PIEDRAS PRECIOSAS O "|5|5.96|233
86|92|"BS.AS. SUR"|71|"PERLAS NATURALES (FINAS)* O CULTIVADAS, PIEDRAS PRECIOSAS O "|5|90.61|846.97
88|92|"BS.AS. SUR"|71|"PERLAS NATURALES (FINAS)* O CULTIVADAS, PIEDRAS PRECIOSAS O "|1|0.68|74.79
89|92|"BS.AS. SUR"|71|"PERLAS NATURALES (FINAS)* O CULTIVADAS, PIEDRAS PRECIOSAS O "|11|192.39|7849.18
90|92|"BS.AS. SUR"|71|"PERLAS NATURALES (FINAS)* O CULTIVADAS, PIEDRAS PRECIOSAS O "|1|30|5500
91|92|"BS.AS. SUR"|71|"PERLAS NATURALES (FINAS)* O CULTIVADAS, PIEDRAS PRECIOSAS O "|4|7389.81|67690.55
92|92|"BS.AS. SUR"|71|"PERLAS NATURALES (FINAS)* O CULTIVADAS, PIEDRAS PRECIOSAS O "|3|97.06|757.04
93|92|"BS.AS. SUR"|71|"PERLAS NATURALES (FINAS)* O CULTIVADAS, PIEDRAS PRECIOSAS O "|1|0.48|234
94|92|"BS.AS. SUR"|71|"PERLAS NATURALES (FINAS)* O CULTIVADAS, PIEDRAS PRECIOSAS O "|1|2|70
95|92|"BS.AS. SUR"|71|"PERLAS NATURALES (FINAS)* O CULTIVADAS, PIEDRAS PRECIOSAS O "|9|367.5|3388.68
97|92|"BS.AS. SUR"|71|"PERLAS NATURALES (FINAS)* O CULTIVADAS, PIEDRAS PRECIOSAS O "|4|6.36|549.43
98|92|"BS.AS. SUR"|71|"PERLAS NATURALES (FINAS)* O CULTIVADAS, PIEDRAS PRECIOSAS O "|7|178.32|1220.01
99|92|"BS.AS. SUR"|71|"PERLAS NATURALES (FINAS)* O CULTIVADAS, PIEDRAS PRECIOSAS O "|5|49.84|3868.3
100|92|"BS.AS. SUR"|71|"PERLAS NATURALES (FINAS)* O CULTIVADAS, PIEDRAS PRECIOSAS O "|2|1.4|109.34
101|92|"BS.AS. SUR"|71|"PERLAS NATURALES (FINAS)* O CULTIVADAS, PIEDRAS PRECIOSAS O "|3|153.54|885.81
102|92|"BS.AS. SUR"|71|"PERLAS NATURALES (FINAS)* O CULTIVADAS, PIEDRAS PRECIOSAS O "|2|28.59|1184.98
103|92|"BS.AS. SUR"|71|"PERLAS NATURALES (FINAS)* O CULTIVADAS, PIEDRAS PRECIOSAS O "|6|85500.09|5291675.74
104|92|"BS.AS. SUR"|71|"PERLAS NATURALES (FINAS)* O CULTIVADAS, PIEDRAS PRECIOSAS O "|1|1.44|40.2
