"semana"|"aduana"|"aduana_desc"|"mercaderia"|"mercaderia_desc"|"cantidad"|"kilos"|"importe"
1|84|"SANTO TOME"|87|"VEHICULOS AUTOMOVILES, TRACTORES, VELOCIPEDOS Y DEMAS VEHICU"|5|9254.53|57056.86
2|84|"SANTO TOME"|87|"VEHICULOS AUTOMOVILES, TRACTORES, VELOCIPEDOS Y DEMAS VEHICU"|18|35661.47|295065.34
3|84|"SANTO TOME"|87|"VEHICULOS AUTOMOVILES, TRACTORES, VELOCIPEDOS Y DEMAS VEHICU"|57|178617.76|2226165.3
4|84|"SANTO TOME"|87|"VEHICULOS AUTOMOVILES, TRACTORES, VELOCIPEDOS Y DEMAS VEHICU"|65|224879.6|3233592.11
5|84|"SANTO TOME"|87|"VEHICULOS AUTOMOVILES, TRACTORES, VELOCIPEDOS Y DEMAS VEHICU"|63|197382.43|2832172.98
6|84|"SANTO TOME"|87|"VEHICULOS AUTOMOVILES, TRACTORES, VELOCIPEDOS Y DEMAS VEHICU"|48|144778.45|2025552.66
7|84|"SANTO TOME"|87|"VEHICULOS AUTOMOVILES, TRACTORES, VELOCIPEDOS Y DEMAS VEHICU"|56|128502.5|2261278.98
8|84|"SANTO TOME"|87|"VEHICULOS AUTOMOVILES, TRACTORES, VELOCIPEDOS Y DEMAS VEHICU"|56|160033.17|2585023.01
9|84|"SANTO TOME"|87|"VEHICULOS AUTOMOVILES, TRACTORES, VELOCIPEDOS Y DEMAS VEHICU"|49|115079.14|1424007.3
10|84|"SANTO TOME"|87|"VEHICULOS AUTOMOVILES, TRACTORES, VELOCIPEDOS Y DEMAS VEHICU"|49|134634.48|2165551.87
11|84|"SANTO TOME"|87|"VEHICULOS AUTOMOVILES, TRACTORES, VELOCIPEDOS Y DEMAS VEHICU"|48|123547.25|1884494.26
12|84|"SANTO TOME"|87|"VEHICULOS AUTOMOVILES, TRACTORES, VELOCIPEDOS Y DEMAS VEHICU"|49|134708.3|1842415.42
13|84|"SANTO TOME"|87|"VEHICULOS AUTOMOVILES, TRACTORES, VELOCIPEDOS Y DEMAS VEHICU"|56|161739.94|2420190.65
14|84|"SANTO TOME"|87|"VEHICULOS AUTOMOVILES, TRACTORES, VELOCIPEDOS Y DEMAS VEHICU"|45|118927.05|1594294.4
15|84|"SANTO TOME"|87|"VEHICULOS AUTOMOVILES, TRACTORES, VELOCIPEDOS Y DEMAS VEHICU"|53|118817.28|1805778.63
16|84|"SANTO TOME"|87|"VEHICULOS AUTOMOVILES, TRACTORES, VELOCIPEDOS Y DEMAS VEHICU"|34|100128.93|1530933.01
17|84|"SANTO TOME"|87|"VEHICULOS AUTOMOVILES, TRACTORES, VELOCIPEDOS Y DEMAS VEHICU"|72|152867.95|2430583.02
18|84|"SANTO TOME"|87|"VEHICULOS AUTOMOVILES, TRACTORES, VELOCIPEDOS Y DEMAS VEHICU"|45|121557.13|1918122.98
19|84|"SANTO TOME"|87|"VEHICULOS AUTOMOVILES, TRACTORES, VELOCIPEDOS Y DEMAS VEHICU"|9|18902.8|117752.02
20|84|"SANTO TOME"|87|"VEHICULOS AUTOMOVILES, TRACTORES, VELOCIPEDOS Y DEMAS VEHICU"|45|127575.33|1404597.61
21|84|"SANTO TOME"|87|"VEHICULOS AUTOMOVILES, TRACTORES, VELOCIPEDOS Y DEMAS VEHICU"|43|102184.18|1499801.97
22|84|"SANTO TOME"|87|"VEHICULOS AUTOMOVILES, TRACTORES, VELOCIPEDOS Y DEMAS VEHICU"|40|115642.5|1571372.32
23|84|"SANTO TOME"|87|"VEHICULOS AUTOMOVILES, TRACTORES, VELOCIPEDOS Y DEMAS VEHICU"|57|162504.37|2426994.64
24|84|"SANTO TOME"|87|"VEHICULOS AUTOMOVILES, TRACTORES, VELOCIPEDOS Y DEMAS VEHICU"|56|167032.1|3015684.45
25|84|"SANTO TOME"|87|"VEHICULOS AUTOMOVILES, TRACTORES, VELOCIPEDOS Y DEMAS VEHICU"|61|213957|4078139.47
26|84|"SANTO TOME"|87|"VEHICULOS AUTOMOVILES, TRACTORES, VELOCIPEDOS Y DEMAS VEHICU"|84|266487.33|3911588.11
27|84|"SANTO TOME"|87|"VEHICULOS AUTOMOVILES, TRACTORES, VELOCIPEDOS Y DEMAS VEHICU"|49|159943.68|2138928.46
28|84|"SANTO TOME"|87|"VEHICULOS AUTOMOVILES, TRACTORES, VELOCIPEDOS Y DEMAS VEHICU"|46|118905.81|1610173.06
29|84|"SANTO TOME"|87|"VEHICULOS AUTOMOVILES, TRACTORES, VELOCIPEDOS Y DEMAS VEHICU"|52|150366.74|2035834.9
30|84|"SANTO TOME"|87|"VEHICULOS AUTOMOVILES, TRACTORES, VELOCIPEDOS Y DEMAS VEHICU"|58|166984.06|2567395.45
31|84|"SANTO TOME"|87|"VEHICULOS AUTOMOVILES, TRACTORES, VELOCIPEDOS Y DEMAS VEHICU"|40|96482.16|1372589.94
32|84|"SANTO TOME"|87|"VEHICULOS AUTOMOVILES, TRACTORES, VELOCIPEDOS Y DEMAS VEHICU"|70|221251.18|3418904.87
33|84|"SANTO TOME"|87|"VEHICULOS AUTOMOVILES, TRACTORES, VELOCIPEDOS Y DEMAS VEHICU"|46|104554.65|1443217.37
34|84|"SANTO TOME"|87|"VEHICULOS AUTOMOVILES, TRACTORES, VELOCIPEDOS Y DEMAS VEHICU"|73|186061.17|3095193.7
35|84|"SANTO TOME"|87|"VEHICULOS AUTOMOVILES, TRACTORES, VELOCIPEDOS Y DEMAS VEHICU"|61|143419.33|2570983.48
36|84|"SANTO TOME"|87|"VEHICULOS AUTOMOVILES, TRACTORES, VELOCIPEDOS Y DEMAS VEHICU"|58|139689.18|2264632.49
37|84|"SANTO TOME"|87|"VEHICULOS AUTOMOVILES, TRACTORES, VELOCIPEDOS Y DEMAS VEHICU"|73|155089.99|2866430.36
38|84|"SANTO TOME"|87|"VEHICULOS AUTOMOVILES, TRACTORES, VELOCIPEDOS Y DEMAS VEHICU"|59|131197.05|2001550.29
39|84|"SANTO TOME"|87|"VEHICULOS AUTOMOVILES, TRACTORES, VELOCIPEDOS Y DEMAS VEHICU"|66|176377.4|2894121.3
40|84|"SANTO TOME"|87|"VEHICULOS AUTOMOVILES, TRACTORES, VELOCIPEDOS Y DEMAS VEHICU"|50|143670.51|1714257.3
41|84|"SANTO TOME"|87|"VEHICULOS AUTOMOVILES, TRACTORES, VELOCIPEDOS Y DEMAS VEHICU"|59|119737.33|1696118.45
42|84|"SANTO TOME"|87|"VEHICULOS AUTOMOVILES, TRACTORES, VELOCIPEDOS Y DEMAS VEHICU"|100|257927.14|4284302.47
43|84|"SANTO TOME"|87|"VEHICULOS AUTOMOVILES, TRACTORES, VELOCIPEDOS Y DEMAS VEHICU"|74|188826.91|2872812.01
44|84|"SANTO TOME"|87|"VEHICULOS AUTOMOVILES, TRACTORES, VELOCIPEDOS Y DEMAS VEHICU"|83|226608.03|3583822.9
45|84|"SANTO TOME"|87|"VEHICULOS AUTOMOVILES, TRACTORES, VELOCIPEDOS Y DEMAS VEHICU"|84|213183.89|3428176.53
46|84|"SANTO TOME"|87|"VEHICULOS AUTOMOVILES, TRACTORES, VELOCIPEDOS Y DEMAS VEHICU"|82|237749.95|4115820.88
47|84|"SANTO TOME"|87|"VEHICULOS AUTOMOVILES, TRACTORES, VELOCIPEDOS Y DEMAS VEHICU"|54|170728.63|2386822.28
48|84|"SANTO TOME"|87|"VEHICULOS AUTOMOVILES, TRACTORES, VELOCIPEDOS Y DEMAS VEHICU"|47|161831.51|2229142.82
49|84|"SANTO TOME"|87|"VEHICULOS AUTOMOVILES, TRACTORES, VELOCIPEDOS Y DEMAS VEHICU"|43|132638.95|1514501.35
50|84|"SANTO TOME"|87|"VEHICULOS AUTOMOVILES, TRACTORES, VELOCIPEDOS Y DEMAS VEHICU"|62|158331.89|3087389.26
51|84|"SANTO TOME"|87|"VEHICULOS AUTOMOVILES, TRACTORES, VELOCIPEDOS Y DEMAS VEHICU"|37|120259.03|2460074.66
52|84|"SANTO TOME"|87|"VEHICULOS AUTOMOVILES, TRACTORES, VELOCIPEDOS Y DEMAS VEHICU"|1|1255.5|4838.67
53|84|"SANTO TOME"|87|"VEHICULOS AUTOMOVILES, TRACTORES, VELOCIPEDOS Y DEMAS VEHICU"|1|6807.1|17245.52
54|84|"SANTO TOME"|87|"VEHICULOS AUTOMOVILES, TRACTORES, VELOCIPEDOS Y DEMAS VEHICU"|12|52465.85|359090.6
55|84|"SANTO TOME"|87|"VEHICULOS AUTOMOVILES, TRACTORES, VELOCIPEDOS Y DEMAS VEHICU"|42|95590.42|766015.2
56|84|"SANTO TOME"|87|"VEHICULOS AUTOMOVILES, TRACTORES, VELOCIPEDOS Y DEMAS VEHICU"|35|97381.66|1348835.8
57|84|"SANTO TOME"|87|"VEHICULOS AUTOMOVILES, TRACTORES, VELOCIPEDOS Y DEMAS VEHICU"|34|91336.18|1277749.48
58|84|"SANTO TOME"|87|"VEHICULOS AUTOMOVILES, TRACTORES, VELOCIPEDOS Y DEMAS VEHICU"|29|66816.44|1008016.73
59|84|"SANTO TOME"|87|"VEHICULOS AUTOMOVILES, TRACTORES, VELOCIPEDOS Y DEMAS VEHICU"|17|37207.28|289070.6
60|84|"SANTO TOME"|87|"VEHICULOS AUTOMOVILES, TRACTORES, VELOCIPEDOS Y DEMAS VEHICU"|46|128187.01|2027415.72
61|84|"SANTO TOME"|87|"VEHICULOS AUTOMOVILES, TRACTORES, VELOCIPEDOS Y DEMAS VEHICU"|82|183855.67|2885645.34
62|84|"SANTO TOME"|87|"VEHICULOS AUTOMOVILES, TRACTORES, VELOCIPEDOS Y DEMAS VEHICU"|55|126337.81|1809393.18
63|84|"SANTO TOME"|87|"VEHICULOS AUTOMOVILES, TRACTORES, VELOCIPEDOS Y DEMAS VEHICU"|38|89127.74|1437763.51
64|84|"SANTO TOME"|87|"VEHICULOS AUTOMOVILES, TRACTORES, VELOCIPEDOS Y DEMAS VEHICU"|42|141628.16|1436887.36
65|84|"SANTO TOME"|87|"VEHICULOS AUTOMOVILES, TRACTORES, VELOCIPEDOS Y DEMAS VEHICU"|59|126572.9|2148423.26
66|84|"SANTO TOME"|87|"VEHICULOS AUTOMOVILES, TRACTORES, VELOCIPEDOS Y DEMAS VEHICU"|14|41309.63|373122.86
67|84|"SANTO TOME"|87|"VEHICULOS AUTOMOVILES, TRACTORES, VELOCIPEDOS Y DEMAS VEHICU"|39|95130.07|1358344.42
68|84|"SANTO TOME"|87|"VEHICULOS AUTOMOVILES, TRACTORES, VELOCIPEDOS Y DEMAS VEHICU"|49|114192.9|1533368.13
69|84|"SANTO TOME"|87|"VEHICULOS AUTOMOVILES, TRACTORES, VELOCIPEDOS Y DEMAS VEHICU"|44|112756.16|1415052.28
70|84|"SANTO TOME"|87|"VEHICULOS AUTOMOVILES, TRACTORES, VELOCIPEDOS Y DEMAS VEHICU"|34|100627.09|1414038.62
71|84|"SANTO TOME"|87|"VEHICULOS AUTOMOVILES, TRACTORES, VELOCIPEDOS Y DEMAS VEHICU"|48|111587.34|1543078.5
72|84|"SANTO TOME"|87|"VEHICULOS AUTOMOVILES, TRACTORES, VELOCIPEDOS Y DEMAS VEHICU"|61|127774.62|1859617.54
73|84|"SANTO TOME"|87|"VEHICULOS AUTOMOVILES, TRACTORES, VELOCIPEDOS Y DEMAS VEHICU"|50|128774.85|2160954.61
74|84|"SANTO TOME"|87|"VEHICULOS AUTOMOVILES, TRACTORES, VELOCIPEDOS Y DEMAS VEHICU"|67|186771.05|2774728.86
75|84|"SANTO TOME"|87|"VEHICULOS AUTOMOVILES, TRACTORES, VELOCIPEDOS Y DEMAS VEHICU"|54|139696.13|2341553.73
76|84|"SANTO TOME"|87|"VEHICULOS AUTOMOVILES, TRACTORES, VELOCIPEDOS Y DEMAS VEHICU"|69|115945.9|1933745.99
77|84|"SANTO TOME"|87|"VEHICULOS AUTOMOVILES, TRACTORES, VELOCIPEDOS Y DEMAS VEHICU"|45|88856.21|1093083.24
78|84|"SANTO TOME"|87|"VEHICULOS AUTOMOVILES, TRACTORES, VELOCIPEDOS Y DEMAS VEHICU"|33|95812.41|1506427.55
79|84|"SANTO TOME"|87|"VEHICULOS AUTOMOVILES, TRACTORES, VELOCIPEDOS Y DEMAS VEHICU"|19|53283.61|951724
80|84|"SANTO TOME"|87|"VEHICULOS AUTOMOVILES, TRACTORES, VELOCIPEDOS Y DEMAS VEHICU"|32|73380.99|820775.82
81|84|"SANTO TOME"|87|"VEHICULOS AUTOMOVILES, TRACTORES, VELOCIPEDOS Y DEMAS VEHICU"|32|65982.43|1005721.64
82|84|"SANTO TOME"|87|"VEHICULOS AUTOMOVILES, TRACTORES, VELOCIPEDOS Y DEMAS VEHICU"|60|144408.27|1870080.86
83|84|"SANTO TOME"|87|"VEHICULOS AUTOMOVILES, TRACTORES, VELOCIPEDOS Y DEMAS VEHICU"|67|143318.82|2365928.62
84|84|"SANTO TOME"|87|"VEHICULOS AUTOMOVILES, TRACTORES, VELOCIPEDOS Y DEMAS VEHICU"|50|110827.28|1594233.2
85|84|"SANTO TOME"|87|"VEHICULOS AUTOMOVILES, TRACTORES, VELOCIPEDOS Y DEMAS VEHICU"|33|81570.72|965902.03
86|84|"SANTO TOME"|87|"VEHICULOS AUTOMOVILES, TRACTORES, VELOCIPEDOS Y DEMAS VEHICU"|59|123167.7|1536767.54
87|84|"SANTO TOME"|87|"VEHICULOS AUTOMOVILES, TRACTORES, VELOCIPEDOS Y DEMAS VEHICU"|56|117287.99|2019007.51
88|84|"SANTO TOME"|87|"VEHICULOS AUTOMOVILES, TRACTORES, VELOCIPEDOS Y DEMAS VEHICU"|64|134884.16|1747364.97
89|84|"SANTO TOME"|87|"VEHICULOS AUTOMOVILES, TRACTORES, VELOCIPEDOS Y DEMAS VEHICU"|63|127774.54|1755129.67
90|84|"SANTO TOME"|87|"VEHICULOS AUTOMOVILES, TRACTORES, VELOCIPEDOS Y DEMAS VEHICU"|46|102685.95|1672343.68
91|84|"SANTO TOME"|87|"VEHICULOS AUTOMOVILES, TRACTORES, VELOCIPEDOS Y DEMAS VEHICU"|42|100193.91|1350855.37
92|84|"SANTO TOME"|87|"VEHICULOS AUTOMOVILES, TRACTORES, VELOCIPEDOS Y DEMAS VEHICU"|75|148631.01|2387772.69
93|84|"SANTO TOME"|87|"VEHICULOS AUTOMOVILES, TRACTORES, VELOCIPEDOS Y DEMAS VEHICU"|32|68553.9|1296170.08
94|84|"SANTO TOME"|87|"VEHICULOS AUTOMOVILES, TRACTORES, VELOCIPEDOS Y DEMAS VEHICU"|62|147960.1|1901594.32
95|84|"SANTO TOME"|87|"VEHICULOS AUTOMOVILES, TRACTORES, VELOCIPEDOS Y DEMAS VEHICU"|58|115499.14|1718644.01
96|84|"SANTO TOME"|87|"VEHICULOS AUTOMOVILES, TRACTORES, VELOCIPEDOS Y DEMAS VEHICU"|46|94959.63|1469753.32
97|84|"SANTO TOME"|87|"VEHICULOS AUTOMOVILES, TRACTORES, VELOCIPEDOS Y DEMAS VEHICU"|58|138796.52|1894110.94
98|84|"SANTO TOME"|87|"VEHICULOS AUTOMOVILES, TRACTORES, VELOCIPEDOS Y DEMAS VEHICU"|36|71034.97|1126051.9
99|84|"SANTO TOME"|87|"VEHICULOS AUTOMOVILES, TRACTORES, VELOCIPEDOS Y DEMAS VEHICU"|66|196780.63|2816403.16
100|84|"SANTO TOME"|87|"VEHICULOS AUTOMOVILES, TRACTORES, VELOCIPEDOS Y DEMAS VEHICU"|35|97445.42|1628097.8
101|84|"SANTO TOME"|87|"VEHICULOS AUTOMOVILES, TRACTORES, VELOCIPEDOS Y DEMAS VEHICU"|44|111734.65|1721034.1
102|84|"SANTO TOME"|87|"VEHICULOS AUTOMOVILES, TRACTORES, VELOCIPEDOS Y DEMAS VEHICU"|45|118967.95|1863798.6
103|84|"SANTO TOME"|87|"VEHICULOS AUTOMOVILES, TRACTORES, VELOCIPEDOS Y DEMAS VEHICU"|15|42233.44|617554.2
