"semana"|"aduana"|"aduana_desc"|"mercaderia"|"mercaderia_desc"|"cantidad"|"kilos"|"importe"
9|83|"SAN LUIS"|25|"SAL; AZUFRE; TIERRAS Y PIEDRAS; YESOS, CALES Y CEMENTOS"|2|247720|38552.04
10|83|"SAN LUIS"|25|"SAL; AZUFRE; TIERRAS Y PIEDRAS; YESOS, CALES Y CEMENTOS"|1|220000|32168.4
11|83|"SAN LUIS"|25|"SAL; AZUFRE; TIERRAS Y PIEDRAS; YESOS, CALES Y CEMENTOS"|1|220000|32168.4
13|83|"SAN LUIS"|25|"SAL; AZUFRE; TIERRAS Y PIEDRAS; YESOS, CALES Y CEMENTOS"|1|220000|32168.4
16|83|"SAN LUIS"|25|"SAL; AZUFRE; TIERRAS Y PIEDRAS; YESOS, CALES Y CEMENTOS"|2|440000|62777
20|83|"SAN LUIS"|25|"SAL; AZUFRE; TIERRAS Y PIEDRAS; YESOS, CALES Y CEMENTOS"|1|247500|36189.45
21|83|"SAN LUIS"|25|"SAL; AZUFRE; TIERRAS Y PIEDRAS; YESOS, CALES Y CEMENTOS"|1|220000|30608.6
25|83|"SAN LUIS"|25|"SAL; AZUFRE; TIERRAS Y PIEDRAS; YESOS, CALES Y CEMENTOS"|1|220000|30608.6
26|83|"SAN LUIS"|25|"SAL; AZUFRE; TIERRAS Y PIEDRAS; YESOS, CALES Y CEMENTOS"|1|27720|7943.44
27|83|"SAN LUIS"|25|"SAL; AZUFRE; TIERRAS Y PIEDRAS; YESOS, CALES Y CEMENTOS"|1|220000|30608.6
35|83|"SAN LUIS"|25|"SAL; AZUFRE; TIERRAS Y PIEDRAS; YESOS, CALES Y CEMENTOS"|2|275220|42378.12
41|83|"SAN LUIS"|25|"SAL; AZUFRE; TIERRAS Y PIEDRAS; YESOS, CALES Y CEMENTOS"|1|247500|37877.4
48|83|"SAN LUIS"|25|"SAL; AZUFRE; TIERRAS Y PIEDRAS; YESOS, CALES Y CEMENTOS"|2|275220|46617.5
50|83|"SAN LUIS"|25|"SAL; AZUFRE; TIERRAS Y PIEDRAS; YESOS, CALES Y CEMENTOS"|1|247500|37879.88
57|83|"SAN LUIS"|25|"SAL; AZUFRE; TIERRAS Y PIEDRAS; YESOS, CALES Y CEMENTOS"|1|247500|37879.88
58|83|"SAN LUIS"|25|"SAL; AZUFRE; TIERRAS Y PIEDRAS; YESOS, CALES Y CEMENTOS"|1|2e+05|35744
62|83|"SAN LUIS"|25|"SAL; AZUFRE; TIERRAS Y PIEDRAS; YESOS, CALES Y CEMENTOS"|1|27720|8737.62
63|83|"SAN LUIS"|25|"SAL; AZUFRE; TIERRAS Y PIEDRAS; YESOS, CALES Y CEMENTOS"|1|192500|34403.6
70|83|"SAN LUIS"|25|"SAL; AZUFRE; TIERRAS Y PIEDRAS; YESOS, CALES Y CEMENTOS"|1|220000|29092.8
71|83|"SAN LUIS"|25|"SAL; AZUFRE; TIERRAS Y PIEDRAS; YESOS, CALES Y CEMENTOS"|1|27940|8486.78
76|83|"SAN LUIS"|25|"SAL; AZUFRE; TIERRAS Y PIEDRAS; YESOS, CALES Y CEMENTOS"|1|220000|29092.8
80|83|"SAN LUIS"|25|"SAL; AZUFRE; TIERRAS Y PIEDRAS; YESOS, CALES Y CEMENTOS"|1|220000|29092.8
82|83|"SAN LUIS"|25|"SAL; AZUFRE; TIERRAS Y PIEDRAS; YESOS, CALES Y CEMENTOS"|1|412500|44550
86|83|"SAN LUIS"|25|"SAL; AZUFRE; TIERRAS Y PIEDRAS; YESOS, CALES Y CEMENTOS"|1|28120|8541.45
93|83|"SAN LUIS"|25|"SAL; AZUFRE; TIERRAS Y PIEDRAS; YESOS, CALES Y CEMENTOS"|1|28040|8517.15
96|83|"SAN LUIS"|25|"SAL; AZUFRE; TIERRAS Y PIEDRAS; YESOS, CALES Y CEMENTOS"|1|220000|29092.8
98|83|"SAN LUIS"|25|"SAL; AZUFRE; TIERRAS Y PIEDRAS; YESOS, CALES Y CEMENTOS"|1|220000|29092.8
100|83|"SAN LUIS"|25|"SAL; AZUFRE; TIERRAS Y PIEDRAS; YESOS, CALES Y CEMENTOS"|1|220000|23760
102|83|"SAN LUIS"|25|"SAL; AZUFRE; TIERRAS Y PIEDRAS; YESOS, CALES Y CEMENTOS"|1|220000|29092.8
