"semana"|"aduana"|"aduana_desc"|"mercaderia"|"mercaderia_desc"|"cantidad"|"kilos"|"importe"
68|92|"BS.AS. SUR"|61|"PRENDAS Y COMPLEMENTOS (ACCESORIOS), DE VESTIR, DE PUNTO"|14|117.85|13976.83
69|92|"BS.AS. SUR"|61|"PRENDAS Y COMPLEMENTOS (ACCESORIOS), DE VESTIR, DE PUNTO"|211|4499.599|116855.73
70|92|"BS.AS. SUR"|61|"PRENDAS Y COMPLEMENTOS (ACCESORIOS), DE VESTIR, DE PUNTO"|198|6987.039|180456.71
71|92|"BS.AS. SUR"|61|"PRENDAS Y COMPLEMENTOS (ACCESORIOS), DE VESTIR, DE PUNTO"|148|2047.17|80204.18
72|92|"BS.AS. SUR"|61|"PRENDAS Y COMPLEMENTOS (ACCESORIOS), DE VESTIR, DE PUNTO"|92|1816.99|99446.28
73|92|"BS.AS. SUR"|61|"PRENDAS Y COMPLEMENTOS (ACCESORIOS), DE VESTIR, DE PUNTO"|114|1726.01|94270.33
74|92|"BS.AS. SUR"|61|"PRENDAS Y COMPLEMENTOS (ACCESORIOS), DE VESTIR, DE PUNTO"|113|1168.6|72115.96
75|92|"BS.AS. SUR"|61|"PRENDAS Y COMPLEMENTOS (ACCESORIOS), DE VESTIR, DE PUNTO"|155|3476.042|118725.92
76|92|"BS.AS. SUR"|61|"PRENDAS Y COMPLEMENTOS (ACCESORIOS), DE VESTIR, DE PUNTO"|106|2362.73|90818.25
77|92|"BS.AS. SUR"|61|"PRENDAS Y COMPLEMENTOS (ACCESORIOS), DE VESTIR, DE PUNTO"|129|1774.05|63324.87
78|92|"BS.AS. SUR"|61|"PRENDAS Y COMPLEMENTOS (ACCESORIOS), DE VESTIR, DE PUNTO"|96|1687.25|89256.1
79|92|"BS.AS. SUR"|61|"PRENDAS Y COMPLEMENTOS (ACCESORIOS), DE VESTIR, DE PUNTO"|47|2192.96|44919.2
80|92|"BS.AS. SUR"|61|"PRENDAS Y COMPLEMENTOS (ACCESORIOS), DE VESTIR, DE PUNTO"|85|6974.8|338846.11
81|92|"BS.AS. SUR"|61|"PRENDAS Y COMPLEMENTOS (ACCESORIOS), DE VESTIR, DE PUNTO"|103|1332.99|79309.12
82|92|"BS.AS. SUR"|61|"PRENDAS Y COMPLEMENTOS (ACCESORIOS), DE VESTIR, DE PUNTO"|122|2821.78|100804.42
83|92|"BS.AS. SUR"|61|"PRENDAS Y COMPLEMENTOS (ACCESORIOS), DE VESTIR, DE PUNTO"|164|2353.27|124475.44
84|92|"BS.AS. SUR"|61|"PRENDAS Y COMPLEMENTOS (ACCESORIOS), DE VESTIR, DE PUNTO"|121|12636.15|389035.5
85|92|"BS.AS. SUR"|61|"PRENDAS Y COMPLEMENTOS (ACCESORIOS), DE VESTIR, DE PUNTO"|72|2007.915|93146.44
86|92|"BS.AS. SUR"|61|"PRENDAS Y COMPLEMENTOS (ACCESORIOS), DE VESTIR, DE PUNTO"|110|1236.64|79041.9
87|92|"BS.AS. SUR"|61|"PRENDAS Y COMPLEMENTOS (ACCESORIOS), DE VESTIR, DE PUNTO"|66|2378.47|126703.04
88|92|"BS.AS. SUR"|61|"PRENDAS Y COMPLEMENTOS (ACCESORIOS), DE VESTIR, DE PUNTO"|136|3076.88|119903.22
89|92|"BS.AS. SUR"|61|"PRENDAS Y COMPLEMENTOS (ACCESORIOS), DE VESTIR, DE PUNTO"|147|1467.75|87516.72
90|92|"BS.AS. SUR"|61|"PRENDAS Y COMPLEMENTOS (ACCESORIOS), DE VESTIR, DE PUNTO"|155|7564.82|319132.48
91|92|"BS.AS. SUR"|61|"PRENDAS Y COMPLEMENTOS (ACCESORIOS), DE VESTIR, DE PUNTO"|127|3002.38|92640.63
92|92|"BS.AS. SUR"|61|"PRENDAS Y COMPLEMENTOS (ACCESORIOS), DE VESTIR, DE PUNTO"|87|1223.56|67294.88
93|92|"BS.AS. SUR"|61|"PRENDAS Y COMPLEMENTOS (ACCESORIOS), DE VESTIR, DE PUNTO"|68|1605.93|64238.23
94|92|"BS.AS. SUR"|61|"PRENDAS Y COMPLEMENTOS (ACCESORIOS), DE VESTIR, DE PUNTO"|116|3424.4|109879.63
95|92|"BS.AS. SUR"|61|"PRENDAS Y COMPLEMENTOS (ACCESORIOS), DE VESTIR, DE PUNTO"|121|1776.23|85476.98
96|92|"BS.AS. SUR"|61|"PRENDAS Y COMPLEMENTOS (ACCESORIOS), DE VESTIR, DE PUNTO"|49|1518.91|46143.98
97|92|"BS.AS. SUR"|61|"PRENDAS Y COMPLEMENTOS (ACCESORIOS), DE VESTIR, DE PUNTO"|178|2171.18|129540.25
98|92|"BS.AS. SUR"|61|"PRENDAS Y COMPLEMENTOS (ACCESORIOS), DE VESTIR, DE PUNTO"|240|8832.41|316078.75
99|92|"BS.AS. SUR"|61|"PRENDAS Y COMPLEMENTOS (ACCESORIOS), DE VESTIR, DE PUNTO"|157|4067.35|160804.42
100|92|"BS.AS. SUR"|61|"PRENDAS Y COMPLEMENTOS (ACCESORIOS), DE VESTIR, DE PUNTO"|193|2782.67|100736.25
101|92|"BS.AS. SUR"|61|"PRENDAS Y COMPLEMENTOS (ACCESORIOS), DE VESTIR, DE PUNTO"|54|706.68|23532.4
102|92|"BS.AS. SUR"|61|"PRENDAS Y COMPLEMENTOS (ACCESORIOS), DE VESTIR, DE PUNTO"|149|2446.423|159781.27
103|92|"BS.AS. SUR"|61|"PRENDAS Y COMPLEMENTOS (ACCESORIOS), DE VESTIR, DE PUNTO"|107|1440.09|76757.85
