"semana"|"aduana"|"aduana_desc"|"mercaderia"|"mercaderia_desc"|"cantidad"|"kilos"|"importe"
70|91|"BS.AS. NORTE"|13|"GOMAS, RESINAS Y DEMAS JUGOS Y EXTRACTOS VEGETALES"|1|4540|36774
71|91|"BS.AS. NORTE"|13|"GOMAS, RESINAS Y DEMAS JUGOS Y EXTRACTOS VEGETALES"|1|90880|81792
73|91|"BS.AS. NORTE"|13|"GOMAS, RESINAS Y DEMAS JUGOS Y EXTRACTOS VEGETALES"|1|275|10675
76|91|"BS.AS. NORTE"|13|"GOMAS, RESINAS Y DEMAS JUGOS Y EXTRACTOS VEGETALES"|1|1450|14225
78|91|"BS.AS. NORTE"|13|"GOMAS, RESINAS Y DEMAS JUGOS Y EXTRACTOS VEGETALES"|1|7000|16807.99
79|91|"BS.AS. NORTE"|13|"GOMAS, RESINAS Y DEMAS JUGOS Y EXTRACTOS VEGETALES"|1|14982|83899.2
81|91|"BS.AS. NORTE"|13|"GOMAS, RESINAS Y DEMAS JUGOS Y EXTRACTOS VEGETALES"|1|75|1108
83|91|"BS.AS. NORTE"|13|"GOMAS, RESINAS Y DEMAS JUGOS Y EXTRACTOS VEGETALES"|1|1997.6|12584.88
86|91|"BS.AS. NORTE"|13|"GOMAS, RESINAS Y DEMAS JUGOS Y EXTRACTOS VEGETALES"|1|255|4510.5
88|91|"BS.AS. NORTE"|13|"GOMAS, RESINAS Y DEMAS JUGOS Y EXTRACTOS VEGETALES"|1|1829|15128.1
90|91|"BS.AS. NORTE"|13|"GOMAS, RESINAS Y DEMAS JUGOS Y EXTRACTOS VEGETALES"|1|1|17
92|91|"BS.AS. NORTE"|13|"GOMAS, RESINAS Y DEMAS JUGOS Y EXTRACTOS VEGETALES"|1|25|294.5
95|91|"BS.AS. NORTE"|13|"GOMAS, RESINAS Y DEMAS JUGOS Y EXTRACTOS VEGETALES"|1|1|17
97|91|"BS.AS. NORTE"|13|"GOMAS, RESINAS Y DEMAS JUGOS Y EXTRACTOS VEGETALES"|1|1100|9900
98|91|"BS.AS. NORTE"|13|"GOMAS, RESINAS Y DEMAS JUGOS Y EXTRACTOS VEGETALES"|2|520|2650.4
100|91|"BS.AS. NORTE"|13|"GOMAS, RESINAS Y DEMAS JUGOS Y EXTRACTOS VEGETALES"|1|7000|16880.87
101|91|"BS.AS. NORTE"|13|"GOMAS, RESINAS Y DEMAS JUGOS Y EXTRACTOS VEGETALES"|1|500|2375
102|91|"BS.AS. NORTE"|13|"GOMAS, RESINAS Y DEMAS JUGOS Y EXTRACTOS VEGETALES"|2|354|5686.54
103|91|"BS.AS. NORTE"|13|"GOMAS, RESINAS Y DEMAS JUGOS Y EXTRACTOS VEGETALES"|1|1450|10048.5
