"semana"|"aduana"|"aduana_desc"|"mercaderia"|"mercaderia_desc"|"cantidad"|"kilos"|"importe"
69|92|"BS.AS. SUR"|13|"GOMAS, RESINAS Y DEMAS JUGOS Y EXTRACTOS VEGETALES"|2|368.2|7438.51
70|92|"BS.AS. SUR"|13|"GOMAS, RESINAS Y DEMAS JUGOS Y EXTRACTOS VEGETALES"|1|500|10340
71|92|"BS.AS. SUR"|13|"GOMAS, RESINAS Y DEMAS JUGOS Y EXTRACTOS VEGETALES"|5|1986.7|20143.69
72|92|"BS.AS. SUR"|13|"GOMAS, RESINAS Y DEMAS JUGOS Y EXTRACTOS VEGETALES"|5|2888|34261
73|92|"BS.AS. SUR"|13|"GOMAS, RESINAS Y DEMAS JUGOS Y EXTRACTOS VEGETALES"|2|1060|9436.6
74|92|"BS.AS. SUR"|13|"GOMAS, RESINAS Y DEMAS JUGOS Y EXTRACTOS VEGETALES"|1|8.51|78
75|92|"BS.AS. SUR"|13|"GOMAS, RESINAS Y DEMAS JUGOS Y EXTRACTOS VEGETALES"|1|60|1320
76|92|"BS.AS. SUR"|13|"GOMAS, RESINAS Y DEMAS JUGOS Y EXTRACTOS VEGETALES"|2|470|28371.35
77|92|"BS.AS. SUR"|13|"GOMAS, RESINAS Y DEMAS JUGOS Y EXTRACTOS VEGETALES"|1|127|6516
80|92|"BS.AS. SUR"|13|"GOMAS, RESINAS Y DEMAS JUGOS Y EXTRACTOS VEGETALES"|1|360|15310
81|92|"BS.AS. SUR"|13|"GOMAS, RESINAS Y DEMAS JUGOS Y EXTRACTOS VEGETALES"|1|2000|45000
82|92|"BS.AS. SUR"|13|"GOMAS, RESINAS Y DEMAS JUGOS Y EXTRACTOS VEGETALES"|3|2001|16546.09
84|92|"BS.AS. SUR"|13|"GOMAS, RESINAS Y DEMAS JUGOS Y EXTRACTOS VEGETALES"|3|785.2|13922.38
85|92|"BS.AS. SUR"|13|"GOMAS, RESINAS Y DEMAS JUGOS Y EXTRACTOS VEGETALES"|1|35.49|297.04
86|92|"BS.AS. SUR"|13|"GOMAS, RESINAS Y DEMAS JUGOS Y EXTRACTOS VEGETALES"|6|423.5|22271.5
87|92|"BS.AS. SUR"|13|"GOMAS, RESINAS Y DEMAS JUGOS Y EXTRACTOS VEGETALES"|2|2149.08|50150.89
88|92|"BS.AS. SUR"|13|"GOMAS, RESINAS Y DEMAS JUGOS Y EXTRACTOS VEGETALES"|1|4000|35200
89|92|"BS.AS. SUR"|13|"GOMAS, RESINAS Y DEMAS JUGOS Y EXTRACTOS VEGETALES"|2|1635|49000.5
91|92|"BS.AS. SUR"|13|"GOMAS, RESINAS Y DEMAS JUGOS Y EXTRACTOS VEGETALES"|1|55|1735
92|92|"BS.AS. SUR"|13|"GOMAS, RESINAS Y DEMAS JUGOS Y EXTRACTOS VEGETALES"|2|7370|38153
93|92|"BS.AS. SUR"|13|"GOMAS, RESINAS Y DEMAS JUGOS Y EXTRACTOS VEGETALES"|2|20000|172800
95|92|"BS.AS. SUR"|13|"GOMAS, RESINAS Y DEMAS JUGOS Y EXTRACTOS VEGETALES"|1|870|5827.5
96|92|"BS.AS. SUR"|13|"GOMAS, RESINAS Y DEMAS JUGOS Y EXTRACTOS VEGETALES"|2|320|5479.4
97|92|"BS.AS. SUR"|13|"GOMAS, RESINAS Y DEMAS JUGOS Y EXTRACTOS VEGETALES"|3|550|5176
98|92|"BS.AS. SUR"|13|"GOMAS, RESINAS Y DEMAS JUGOS Y EXTRACTOS VEGETALES"|4|4355.75|49153.25
100|92|"BS.AS. SUR"|13|"GOMAS, RESINAS Y DEMAS JUGOS Y EXTRACTOS VEGETALES"|1|2000|15300
103|92|"BS.AS. SUR"|13|"GOMAS, RESINAS Y DEMAS JUGOS Y EXTRACTOS VEGETALES"|2|1120|8575
