"semana"|"aduana"|"aduana_desc"|"mercaderia"|"mercaderia_desc"|"cantidad"|"kilos"|"importe"
68|91|"BS.AS. NORTE"|17|"AZUCARES Y ARTICULOS DE CONFITERIA"|1|6480|14094
69|91|"BS.AS. NORTE"|17|"AZUCARES Y ARTICULOS DE CONFITERIA"|7|32524.94|129052.19
70|91|"BS.AS. NORTE"|17|"AZUCARES Y ARTICULOS DE CONFITERIA"|3|592500|388500
71|91|"BS.AS. NORTE"|17|"AZUCARES Y ARTICULOS DE CONFITERIA"|5|12822.19|58333.89
72|91|"BS.AS. NORTE"|17|"AZUCARES Y ARTICULOS DE CONFITERIA"|4|28239.99|31872.95
73|91|"BS.AS. NORTE"|17|"AZUCARES Y ARTICULOS DE CONFITERIA"|1|2800|7986.56
75|91|"BS.AS. NORTE"|17|"AZUCARES Y ARTICULOS DE CONFITERIA"|3|40288|138980.8
76|91|"BS.AS. NORTE"|17|"AZUCARES Y ARTICULOS DE CONFITERIA"|1|357500|232375
77|91|"BS.AS. NORTE"|17|"AZUCARES Y ARTICULOS DE CONFITERIA"|1|3516|10619.92
78|91|"BS.AS. NORTE"|17|"AZUCARES Y ARTICULOS DE CONFITERIA"|1|3600|81900
79|91|"BS.AS. NORTE"|17|"AZUCARES Y ARTICULOS DE CONFITERIA"|2|5395.2|12574.97
80|91|"BS.AS. NORTE"|17|"AZUCARES Y ARTICULOS DE CONFITERIA"|6|48588.87|106620.25
81|91|"BS.AS. NORTE"|17|"AZUCARES Y ARTICULOS DE CONFITERIA"|3|26863.2|24826.75
82|91|"BS.AS. NORTE"|17|"AZUCARES Y ARTICULOS DE CONFITERIA"|3|27330.6|26633.07
83|91|"BS.AS. NORTE"|17|"AZUCARES Y ARTICULOS DE CONFITERIA"|6|22482.18|88506.2
84|91|"BS.AS. NORTE"|17|"AZUCARES Y ARTICULOS DE CONFITERIA"|1|922.12|2476.56
85|91|"BS.AS. NORTE"|17|"AZUCARES Y ARTICULOS DE CONFITERIA"|2|20856.19|77019.69
86|91|"BS.AS. NORTE"|17|"AZUCARES Y ARTICULOS DE CONFITERIA"|2|3379.97|19367.93
87|91|"BS.AS. NORTE"|17|"AZUCARES Y ARTICULOS DE CONFITERIA"|2|10312|163862.37
88|91|"BS.AS. NORTE"|17|"AZUCARES Y ARTICULOS DE CONFITERIA"|5|63086.64|87347.84
89|91|"BS.AS. NORTE"|17|"AZUCARES Y ARTICULOS DE CONFITERIA"|5|34017.79|73381.92
90|91|"BS.AS. NORTE"|17|"AZUCARES Y ARTICULOS DE CONFITERIA"|2|4735.2|15592.41
91|91|"BS.AS. NORTE"|17|"AZUCARES Y ARTICULOS DE CONFITERIA"|4|24871.4|94574.4
92|91|"BS.AS. NORTE"|17|"AZUCARES Y ARTICULOS DE CONFITERIA"|5|26733.27|28851.74
93|91|"BS.AS. NORTE"|17|"AZUCARES Y ARTICULOS DE CONFITERIA"|2|46650|92122.25
94|91|"BS.AS. NORTE"|17|"AZUCARES Y ARTICULOS DE CONFITERIA"|3|6110.17|12398.33
95|91|"BS.AS. NORTE"|17|"AZUCARES Y ARTICULOS DE CONFITERIA"|5|63006.26|91100.42
96|91|"BS.AS. NORTE"|17|"AZUCARES Y ARTICULOS DE CONFITERIA"|1|1026.43|16050.24
97|91|"BS.AS. NORTE"|17|"AZUCARES Y ARTICULOS DE CONFITERIA"|3|31048.86|50488.71
98|91|"BS.AS. NORTE"|17|"AZUCARES Y ARTICULOS DE CONFITERIA"|5|10146.7|46895.3
99|91|"BS.AS. NORTE"|17|"AZUCARES Y ARTICULOS DE CONFITERIA"|1|1540.22|8692.91
100|91|"BS.AS. NORTE"|17|"AZUCARES Y ARTICULOS DE CONFITERIA"|3|504044|275906.18
101|91|"BS.AS. NORTE"|17|"AZUCARES Y ARTICULOS DE CONFITERIA"|2|3655.4|31504.61
102|91|"BS.AS. NORTE"|17|"AZUCARES Y ARTICULOS DE CONFITERIA"|6|8832.72|169817.92
103|91|"BS.AS. NORTE"|17|"AZUCARES Y ARTICULOS DE CONFITERIA"|6|539252.87|399913.43
104|91|"BS.AS. NORTE"|17|"AZUCARES Y ARTICULOS DE CONFITERIA"|4|2237.45|12531.28
