"semana"|"aduana"|"aduana_desc"|"mercaderia"|"mercaderia_desc"|"cantidad"|"kilos"|"importe"
1|84|"SANTO TOME"|44|"MADERA, CARBON VEGETAL Y MANUFACTURAS DE MADERA"|3|200440|89740.5
3|84|"SANTO TOME"|44|"MADERA, CARBON VEGETAL Y MANUFACTURAS DE MADERA"|5|329006|137276.06
5|84|"SANTO TOME"|44|"MADERA, CARBON VEGETAL Y MANUFACTURAS DE MADERA"|2|128639|54155.8
6|84|"SANTO TOME"|44|"MADERA, CARBON VEGETAL Y MANUFACTURAS DE MADERA"|3|200617|87679.55
7|84|"SANTO TOME"|44|"MADERA, CARBON VEGETAL Y MANUFACTURAS DE MADERA"|1|51639|21195
8|84|"SANTO TOME"|44|"MADERA, CARBON VEGETAL Y MANUFACTURAS DE MADERA"|2|199196|83030.92
9|84|"SANTO TOME"|44|"MADERA, CARBON VEGETAL Y MANUFACTURAS DE MADERA"|7|272598|141822.63
10|84|"SANTO TOME"|44|"MADERA, CARBON VEGETAL Y MANUFACTURAS DE MADERA"|6|173206|106945.64
11|84|"SANTO TOME"|44|"MADERA, CARBON VEGETAL Y MANUFACTURAS DE MADERA"|4|121333|69601.52
12|84|"SANTO TOME"|44|"MADERA, CARBON VEGETAL Y MANUFACTURAS DE MADERA"|4|176671|80960.8
13|84|"SANTO TOME"|44|"MADERA, CARBON VEGETAL Y MANUFACTURAS DE MADERA"|4|182418|63760.72
14|84|"SANTO TOME"|44|"MADERA, CARBON VEGETAL Y MANUFACTURAS DE MADERA"|1|27232|12185.12
15|84|"SANTO TOME"|44|"MADERA, CARBON VEGETAL Y MANUFACTURAS DE MADERA"|1|27584|11319.4
17|84|"SANTO TOME"|44|"MADERA, CARBON VEGETAL Y MANUFACTURAS DE MADERA"|2|47301|31933.4
19|84|"SANTO TOME"|44|"MADERA, CARBON VEGETAL Y MANUFACTURAS DE MADERA"|2|54200|27144.8
20|84|"SANTO TOME"|44|"MADERA, CARBON VEGETAL Y MANUFACTURAS DE MADERA"|1|24406|12963
21|84|"SANTO TOME"|44|"MADERA, CARBON VEGETAL Y MANUFACTURAS DE MADERA"|5|188926|79583.36
22|84|"SANTO TOME"|44|"MADERA, CARBON VEGETAL Y MANUFACTURAS DE MADERA"|2|50044|19757.2
23|84|"SANTO TOME"|44|"MADERA, CARBON VEGETAL Y MANUFACTURAS DE MADERA"|1|24554|13642.36
24|84|"SANTO TOME"|44|"MADERA, CARBON VEGETAL Y MANUFACTURAS DE MADERA"|6|348938|149196.61
25|84|"SANTO TOME"|44|"MADERA, CARBON VEGETAL Y MANUFACTURAS DE MADERA"|5|451752|193799.69
26|84|"SANTO TOME"|44|"MADERA, CARBON VEGETAL Y MANUFACTURAS DE MADERA"|4|119927|64992.06
27|84|"SANTO TOME"|44|"MADERA, CARBON VEGETAL Y MANUFACTURAS DE MADERA"|6|293089|126340.56
28|84|"SANTO TOME"|44|"MADERA, CARBON VEGETAL Y MANUFACTURAS DE MADERA"|4|203426|83420.2
29|84|"SANTO TOME"|44|"MADERA, CARBON VEGETAL Y MANUFACTURAS DE MADERA"|1|51018|20962.5
30|84|"SANTO TOME"|44|"MADERA, CARBON VEGETAL Y MANUFACTURAS DE MADERA"|3|255276|109552
32|84|"SANTO TOME"|44|"MADERA, CARBON VEGETAL Y MANUFACTURAS DE MADERA"|5|150636|79276.66
33|84|"SANTO TOME"|44|"MADERA, CARBON VEGETAL Y MANUFACTURAS DE MADERA"|3|104603|44312.18
34|84|"SANTO TOME"|44|"MADERA, CARBON VEGETAL Y MANUFACTURAS DE MADERA"|5|205208|82644.02
35|84|"SANTO TOME"|44|"MADERA, CARBON VEGETAL Y MANUFACTURAS DE MADERA"|2|209769|86547.25
36|84|"SANTO TOME"|44|"MADERA, CARBON VEGETAL Y MANUFACTURAS DE MADERA"|5|282687|127769.54
37|84|"SANTO TOME"|44|"MADERA, CARBON VEGETAL Y MANUFACTURAS DE MADERA"|6|272396|128806.98
38|84|"SANTO TOME"|44|"MADERA, CARBON VEGETAL Y MANUFACTURAS DE MADERA"|2|156427|59127.5
39|84|"SANTO TOME"|44|"MADERA, CARBON VEGETAL Y MANUFACTURAS DE MADERA"|11|265915|149262.23
40|84|"SANTO TOME"|44|"MADERA, CARBON VEGETAL Y MANUFACTURAS DE MADERA"|3|154561|65158.71
41|84|"SANTO TOME"|44|"MADERA, CARBON VEGETAL Y MANUFACTURAS DE MADERA"|5|303657|126468.71
42|84|"SANTO TOME"|44|"MADERA, CARBON VEGETAL Y MANUFACTURAS DE MADERA"|2|177946|79460.5
43|84|"SANTO TOME"|44|"MADERA, CARBON VEGETAL Y MANUFACTURAS DE MADERA"|5|197110|92522.52
44|84|"SANTO TOME"|44|"MADERA, CARBON VEGETAL Y MANUFACTURAS DE MADERA"|3|129004|53803.05
45|84|"SANTO TOME"|44|"MADERA, CARBON VEGETAL Y MANUFACTURAS DE MADERA"|1|25896|10767.37
46|84|"SANTO TOME"|44|"MADERA, CARBON VEGETAL Y MANUFACTURAS DE MADERA"|3|123611|57464.63
47|84|"SANTO TOME"|44|"MADERA, CARBON VEGETAL Y MANUFACTURAS DE MADERA"|2|145528|72921.06
48|84|"SANTO TOME"|44|"MADERA, CARBON VEGETAL Y MANUFACTURAS DE MADERA"|5|187062|110140.23
49|84|"SANTO TOME"|44|"MADERA, CARBON VEGETAL Y MANUFACTURAS DE MADERA"|2|46704|38775.68
50|84|"SANTO TOME"|44|"MADERA, CARBON VEGETAL Y MANUFACTURAS DE MADERA"|8|238616|136509.19
51|84|"SANTO TOME"|44|"MADERA, CARBON VEGETAL Y MANUFACTURAS DE MADERA"|4|139226|92580.96
52|84|"SANTO TOME"|44|"MADERA, CARBON VEGETAL Y MANUFACTURAS DE MADERA"|2|180664|66369.8
53|84|"SANTO TOME"|44|"MADERA, CARBON VEGETAL Y MANUFACTURAS DE MADERA"|2|280485|119616.2
54|84|"SANTO TOME"|44|"MADERA, CARBON VEGETAL Y MANUFACTURAS DE MADERA"|5|124431.5|63071.6
55|84|"SANTO TOME"|44|"MADERA, CARBON VEGETAL Y MANUFACTURAS DE MADERA"|1|45000|30020.76
56|84|"SANTO TOME"|44|"MADERA, CARBON VEGETAL Y MANUFACTURAS DE MADERA"|1|51275|21470
57|84|"SANTO TOME"|44|"MADERA, CARBON VEGETAL Y MANUFACTURAS DE MADERA"|2|99023|46880.32
58|84|"SANTO TOME"|44|"MADERA, CARBON VEGETAL Y MANUFACTURAS DE MADERA"|3|153026|69856.82
59|84|"SANTO TOME"|44|"MADERA, CARBON VEGETAL Y MANUFACTURAS DE MADERA"|2|51876.5|25555.68
60|84|"SANTO TOME"|44|"MADERA, CARBON VEGETAL Y MANUFACTURAS DE MADERA"|1|156718|64143.92
61|84|"SANTO TOME"|44|"MADERA, CARBON VEGETAL Y MANUFACTURAS DE MADERA"|9|342099|190935.49
62|84|"SANTO TOME"|44|"MADERA, CARBON VEGETAL Y MANUFACTURAS DE MADERA"|4|334858|142766.94
63|84|"SANTO TOME"|44|"MADERA, CARBON VEGETAL Y MANUFACTURAS DE MADERA"|4|277102|128115.11
64|84|"SANTO TOME"|44|"MADERA, CARBON VEGETAL Y MANUFACTURAS DE MADERA"|2|45000|21450.8
65|84|"SANTO TOME"|44|"MADERA, CARBON VEGETAL Y MANUFACTURAS DE MADERA"|6|135840|89925.36
66|84|"SANTO TOME"|44|"MADERA, CARBON VEGETAL Y MANUFACTURAS DE MADERA"|3|100588|51375.98
67|84|"SANTO TOME"|44|"MADERA, CARBON VEGETAL Y MANUFACTURAS DE MADERA"|6|410206|176388.5
68|84|"SANTO TOME"|44|"MADERA, CARBON VEGETAL Y MANUFACTURAS DE MADERA"|5|387531|171029.68
69|84|"SANTO TOME"|44|"MADERA, CARBON VEGETAL Y MANUFACTURAS DE MADERA"|6|456381|197768.87
70|84|"SANTO TOME"|44|"MADERA, CARBON VEGETAL Y MANUFACTURAS DE MADERA"|1|22500|10659.6
71|84|"SANTO TOME"|44|"MADERA, CARBON VEGETAL Y MANUFACTURAS DE MADERA"|1|102928|43102.5
72|84|"SANTO TOME"|44|"MADERA, CARBON VEGETAL Y MANUFACTURAS DE MADERA"|2|73959|43658.72
73|84|"SANTO TOME"|44|"MADERA, CARBON VEGETAL Y MANUFACTURAS DE MADERA"|2|231142|95476.15
74|84|"SANTO TOME"|44|"MADERA, CARBON VEGETAL Y MANUFACTURAS DE MADERA"|7|426377|206688.2
75|84|"SANTO TOME"|44|"MADERA, CARBON VEGETAL Y MANUFACTURAS DE MADERA"|3|174902|73753.56
76|84|"SANTO TOME"|44|"MADERA, CARBON VEGETAL Y MANUFACTURAS DE MADERA"|2|147722|75681.92
77|84|"SANTO TOME"|44|"MADERA, CARBON VEGETAL Y MANUFACTURAS DE MADERA"|4|149123|75856.72
79|84|"SANTO TOME"|44|"MADERA, CARBON VEGETAL Y MANUFACTURAS DE MADERA"|8|352604|187403.77
80|84|"SANTO TOME"|44|"MADERA, CARBON VEGETAL Y MANUFACTURAS DE MADERA"|1|177308|74953.34
82|84|"SANTO TOME"|44|"MADERA, CARBON VEGETAL Y MANUFACTURAS DE MADERA"|2|101869|42768.5
83|84|"SANTO TOME"|44|"MADERA, CARBON VEGETAL Y MANUFACTURAS DE MADERA"|1|25222|14419.6
84|84|"SANTO TOME"|44|"MADERA, CARBON VEGETAL Y MANUFACTURAS DE MADERA"|3|176877|89791.59
85|84|"SANTO TOME"|44|"MADERA, CARBON VEGETAL Y MANUFACTURAS DE MADERA"|1|206020|87560.2
86|84|"SANTO TOME"|44|"MADERA, CARBON VEGETAL Y MANUFACTURAS DE MADERA"|2|77217|36939.31
87|84|"SANTO TOME"|44|"MADERA, CARBON VEGETAL Y MANUFACTURAS DE MADERA"|2|104170|50793.82
88|84|"SANTO TOME"|44|"MADERA, CARBON VEGETAL Y MANUFACTURAS DE MADERA"|2|103386|43776
89|84|"SANTO TOME"|44|"MADERA, CARBON VEGETAL Y MANUFACTURAS DE MADERA"|1|25821|10811.94
90|84|"SANTO TOME"|44|"MADERA, CARBON VEGETAL Y MANUFACTURAS DE MADERA"|1|24147|23304.09
91|84|"SANTO TOME"|44|"MADERA, CARBON VEGETAL Y MANUFACTURAS DE MADERA"|3|202615|101139.92
92|84|"SANTO TOME"|44|"MADERA, CARBON VEGETAL Y MANUFACTURAS DE MADERA"|1|52384|30151.44
93|84|"SANTO TOME"|44|"MADERA, CARBON VEGETAL Y MANUFACTURAS DE MADERA"|4|79897|18854.75
95|84|"SANTO TOME"|44|"MADERA, CARBON VEGETAL Y MANUFACTURAS DE MADERA"|2|78797|21883.18
96|84|"SANTO TOME"|44|"MADERA, CARBON VEGETAL Y MANUFACTURAS DE MADERA"|2|51153|25114.35
97|84|"SANTO TOME"|44|"MADERA, CARBON VEGETAL Y MANUFACTURAS DE MADERA"|1|77331|33652.5
99|84|"SANTO TOME"|44|"MADERA, CARBON VEGETAL Y MANUFACTURAS DE MADERA"|3|128820|45146.39
100|84|"SANTO TOME"|44|"MADERA, CARBON VEGETAL Y MANUFACTURAS DE MADERA"|2|54231|25046.75
103|84|"SANTO TOME"|44|"MADERA, CARBON VEGETAL Y MANUFACTURAS DE MADERA"|2|46653|37290.73
