"semana"|"aduana"|"aduana_desc"|"mercaderia"|"mercaderia_desc"|"cantidad"|"kilos"|"importe"
68|91|"BS.AS. NORTE"|20|"PREPARACIONES DE HORTALIZAS, FRUTAS U OTROS FRUTOS O DEMAS P"|5|28145.6|87199.37
69|91|"BS.AS. NORTE"|20|"PREPARACIONES DE HORTALIZAS, FRUTAS U OTROS FRUTOS O DEMAS P"|38|834635|2653139.3
70|91|"BS.AS. NORTE"|20|"PREPARACIONES DE HORTALIZAS, FRUTAS U OTROS FRUTOS O DEMAS P"|28|763036.08|2070820.18
71|91|"BS.AS. NORTE"|20|"PREPARACIONES DE HORTALIZAS, FRUTAS U OTROS FRUTOS O DEMAS P"|29|987473.12|3565030.16
72|91|"BS.AS. NORTE"|20|"PREPARACIONES DE HORTALIZAS, FRUTAS U OTROS FRUTOS O DEMAS P"|21|884814.04|3117709.69
73|91|"BS.AS. NORTE"|20|"PREPARACIONES DE HORTALIZAS, FRUTAS U OTROS FRUTOS O DEMAS P"|28|1510919.6|5047948.22
74|91|"BS.AS. NORTE"|20|"PREPARACIONES DE HORTALIZAS, FRUTAS U OTROS FRUTOS O DEMAS P"|35|1537597.12|4715412.37
75|91|"BS.AS. NORTE"|20|"PREPARACIONES DE HORTALIZAS, FRUTAS U OTROS FRUTOS O DEMAS P"|28|1326419|4009955.26
76|91|"BS.AS. NORTE"|20|"PREPARACIONES DE HORTALIZAS, FRUTAS U OTROS FRUTOS O DEMAS P"|53|2092163.36|6310005.33
77|91|"BS.AS. NORTE"|20|"PREPARACIONES DE HORTALIZAS, FRUTAS U OTROS FRUTOS O DEMAS P"|21|934625.02|2888549.32
78|91|"BS.AS. NORTE"|20|"PREPARACIONES DE HORTALIZAS, FRUTAS U OTROS FRUTOS O DEMAS P"|40|1704294.21|4518349.55
79|91|"BS.AS. NORTE"|20|"PREPARACIONES DE HORTALIZAS, FRUTAS U OTROS FRUTOS O DEMAS P"|69|1983941.74|6505880.81
80|91|"BS.AS. NORTE"|20|"PREPARACIONES DE HORTALIZAS, FRUTAS U OTROS FRUTOS O DEMAS P"|54|1717531.65|4343697.01
81|91|"BS.AS. NORTE"|20|"PREPARACIONES DE HORTALIZAS, FRUTAS U OTROS FRUTOS O DEMAS P"|54|2332821.04|6741369.21
82|91|"BS.AS. NORTE"|20|"PREPARACIONES DE HORTALIZAS, FRUTAS U OTROS FRUTOS O DEMAS P"|64|2542199|7060224.55
83|91|"BS.AS. NORTE"|20|"PREPARACIONES DE HORTALIZAS, FRUTAS U OTROS FRUTOS O DEMAS P"|49|1584840.31|4836614.73
84|91|"BS.AS. NORTE"|20|"PREPARACIONES DE HORTALIZAS, FRUTAS U OTROS FRUTOS O DEMAS P"|48|1637779.74|4883799.15
85|91|"BS.AS. NORTE"|20|"PREPARACIONES DE HORTALIZAS, FRUTAS U OTROS FRUTOS O DEMAS P"|54|1649552.74|4962885.24
86|91|"BS.AS. NORTE"|20|"PREPARACIONES DE HORTALIZAS, FRUTAS U OTROS FRUTOS O DEMAS P"|60|1555506.04|3052496.44
87|91|"BS.AS. NORTE"|20|"PREPARACIONES DE HORTALIZAS, FRUTAS U OTROS FRUTOS O DEMAS P"|47|1403902.2|3588000.1
88|91|"BS.AS. NORTE"|20|"PREPARACIONES DE HORTALIZAS, FRUTAS U OTROS FRUTOS O DEMAS P"|74|2346654.12|7173296.44
89|91|"BS.AS. NORTE"|20|"PREPARACIONES DE HORTALIZAS, FRUTAS U OTROS FRUTOS O DEMAS P"|57|1553322.63|3562177.89
90|91|"BS.AS. NORTE"|20|"PREPARACIONES DE HORTALIZAS, FRUTAS U OTROS FRUTOS O DEMAS P"|61|1976989.07|4830808.86
91|91|"BS.AS. NORTE"|20|"PREPARACIONES DE HORTALIZAS, FRUTAS U OTROS FRUTOS O DEMAS P"|64|2036713.84|4341241.68
92|91|"BS.AS. NORTE"|20|"PREPARACIONES DE HORTALIZAS, FRUTAS U OTROS FRUTOS O DEMAS P"|59|1338986.6|3346318.6
93|91|"BS.AS. NORTE"|20|"PREPARACIONES DE HORTALIZAS, FRUTAS U OTROS FRUTOS O DEMAS P"|60|1936489.84|5954109.34
94|91|"BS.AS. NORTE"|20|"PREPARACIONES DE HORTALIZAS, FRUTAS U OTROS FRUTOS O DEMAS P"|69|1825847.6|3853313.44
95|91|"BS.AS. NORTE"|20|"PREPARACIONES DE HORTALIZAS, FRUTAS U OTROS FRUTOS O DEMAS P"|80|1670455.75|3548493.19
96|91|"BS.AS. NORTE"|20|"PREPARACIONES DE HORTALIZAS, FRUTAS U OTROS FRUTOS O DEMAS P"|71|1784606.32|4027951.2
97|91|"BS.AS. NORTE"|20|"PREPARACIONES DE HORTALIZAS, FRUTAS U OTROS FRUTOS O DEMAS P"|88|2471774.95|5657023.6
98|91|"BS.AS. NORTE"|20|"PREPARACIONES DE HORTALIZAS, FRUTAS U OTROS FRUTOS O DEMAS P"|78|1626751.25|3524060.43
99|91|"BS.AS. NORTE"|20|"PREPARACIONES DE HORTALIZAS, FRUTAS U OTROS FRUTOS O DEMAS P"|105|2567916.35|5741000.8
100|91|"BS.AS. NORTE"|20|"PREPARACIONES DE HORTALIZAS, FRUTAS U OTROS FRUTOS O DEMAS P"|41|975609.91|1715786.48
101|91|"BS.AS. NORTE"|20|"PREPARACIONES DE HORTALIZAS, FRUTAS U OTROS FRUTOS O DEMAS P"|25|660425.13|2063112.98
102|91|"BS.AS. NORTE"|20|"PREPARACIONES DE HORTALIZAS, FRUTAS U OTROS FRUTOS O DEMAS P"|49|1358805.2|3436396.13
103|91|"BS.AS. NORTE"|20|"PREPARACIONES DE HORTALIZAS, FRUTAS U OTROS FRUTOS O DEMAS P"|41|823395.16|1983278.19
104|91|"BS.AS. NORTE"|20|"PREPARACIONES DE HORTALIZAS, FRUTAS U OTROS FRUTOS O DEMAS P"|27|457650.21|1351489.11
