"semana"|"aduana"|"aduana_desc"|"mercaderia"|"mercaderia_desc"|"cantidad"|"kilos"|"importe"
2|76|"ORAN"|72|"METALES COMUNES Y MANUFACTURAS DE ESTOS METALES"|1|52522|41781.25
3|76|"ORAN"|72|"METALES COMUNES Y MANUFACTURAS DE ESTOS METALES"|4|104769|84214.24
4|76|"ORAN"|72|"METALES COMUNES Y MANUFACTURAS DE ESTOS METALES"|4|108958|88307.33
5|76|"ORAN"|72|"METALES COMUNES Y MANUFACTURAS DE ESTOS METALES"|4|134733|110223.92
7|76|"ORAN"|72|"METALES COMUNES Y MANUFACTURAS DE ESTOS METALES"|3|164677|155913.14
11|76|"ORAN"|72|"METALES COMUNES Y MANUFACTURAS DE ESTOS METALES"|4|135155|108943.38
12|76|"ORAN"|72|"METALES COMUNES Y MANUFACTURAS DE ESTOS METALES"|5|215210|173497.78
13|76|"ORAN"|72|"METALES COMUNES Y MANUFACTURAS DE ESTOS METALES"|5|160865|130145.37
14|76|"ORAN"|72|"METALES COMUNES Y MANUFACTURAS DE ESTOS METALES"|1|26089|21194.19
15|76|"ORAN"|72|"METALES COMUNES Y MANUFACTURAS DE ESTOS METALES"|5|187900|151973.5
17|76|"ORAN"|72|"METALES COMUNES Y MANUFACTURAS DE ESTOS METALES"|2|53048|42462.13
18|76|"ORAN"|72|"METALES COMUNES Y MANUFACTURAS DE ESTOS METALES"|1|26008|20868.82
19|76|"ORAN"|72|"METALES COMUNES Y MANUFACTURAS DE ESTOS METALES"|4|216860|174637.36
20|76|"ORAN"|72|"METALES COMUNES Y MANUFACTURAS DE ESTOS METALES"|2|81127|65366.04
21|76|"ORAN"|72|"METALES COMUNES Y MANUFACTURAS DE ESTOS METALES"|1|29282|23618.86
22|76|"ORAN"|72|"METALES COMUNES Y MANUFACTURAS DE ESTOS METALES"|1|28528|22993.57
24|76|"ORAN"|72|"METALES COMUNES Y MANUFACTURAS DE ESTOS METALES"|6|297379|231095.66
25|76|"ORAN"|72|"METALES COMUNES Y MANUFACTURAS DE ESTOS METALES"|1|27232|21984.39
38|76|"ORAN"|72|"METALES COMUNES Y MANUFACTURAS DE ESTOS METALES"|2|80983|61182.67
46|76|"ORAN"|72|"METALES COMUNES Y MANUFACTURAS DE ESTOS METALES"|1|53198|39914.47
48|76|"ORAN"|72|"METALES COMUNES Y MANUFACTURAS DE ESTOS METALES"|4|132640|99625.46
49|76|"ORAN"|72|"METALES COMUNES Y MANUFACTURAS DE ESTOS METALES"|2|81485|61219.69
51|76|"ORAN"|72|"METALES COMUNES Y MANUFACTURAS DE ESTOS METALES"|1|54144|40413.08
52|76|"ORAN"|72|"METALES COMUNES Y MANUFACTURAS DE ESTOS METALES"|2|52961|39530.1
58|76|"ORAN"|72|"METALES COMUNES Y MANUFACTURAS DE ESTOS METALES"|3|111049|82964.93
59|76|"ORAN"|72|"METALES COMUNES Y MANUFACTURAS DE ESTOS METALES"|1|26892|20098.81
61|76|"ORAN"|72|"METALES COMUNES Y MANUFACTURAS DE ESTOS METALES"|3|82134|59785.28
63|76|"ORAN"|72|"METALES COMUNES Y MANUFACTURAS DE ESTOS METALES"|2|53924|40215.37
64|76|"ORAN"|72|"METALES COMUNES Y MANUFACTURAS DE ESTOS METALES"|1|54071|39363.68
66|76|"ORAN"|72|"METALES COMUNES Y MANUFACTURAS DE ESTOS METALES"|1|55194|40197.8
85|76|"ORAN"|72|"METALES COMUNES Y MANUFACTURAS DE ESTOS METALES"|1|26788|18368.53
93|76|"ORAN"|72|"METALES COMUNES Y MANUFACTURAS DE ESTOS METALES"|1|24116|15933.44
100|76|"ORAN"|72|"METALES COMUNES Y MANUFACTURAS DE ESTOS METALES"|1|52856|31439.28
