"semana"|"aduana"|"aduana_desc"|"mercaderia"|"mercaderia_desc"|"cantidad"|"kilos"|"importe"
67|91|"BS.AS. NORTE"|21|"PREPARACIONES ALIMENTICIAS DIVERSAS"|2|17025.46|71506.94
68|91|"BS.AS. NORTE"|21|"PREPARACIONES ALIMENTICIAS DIVERSAS"|23|110916.17|254184.11
69|91|"BS.AS. NORTE"|21|"PREPARACIONES ALIMENTICIAS DIVERSAS"|96|676199.25|1459532.28
70|91|"BS.AS. NORTE"|21|"PREPARACIONES ALIMENTICIAS DIVERSAS"|68|403430.2|978320.94
71|91|"BS.AS. NORTE"|21|"PREPARACIONES ALIMENTICIAS DIVERSAS"|71|548306.31|1247279.2
72|91|"BS.AS. NORTE"|21|"PREPARACIONES ALIMENTICIAS DIVERSAS"|72|425360.86|1251327.28
73|91|"BS.AS. NORTE"|21|"PREPARACIONES ALIMENTICIAS DIVERSAS"|62|362704.77|771173.95
74|91|"BS.AS. NORTE"|21|"PREPARACIONES ALIMENTICIAS DIVERSAS"|80|480874.68|757646.07
75|91|"BS.AS. NORTE"|21|"PREPARACIONES ALIMENTICIAS DIVERSAS"|97|550381.58|1470299.06
76|91|"BS.AS. NORTE"|21|"PREPARACIONES ALIMENTICIAS DIVERSAS"|87|542894.47|1270512.22
77|91|"BS.AS. NORTE"|21|"PREPARACIONES ALIMENTICIAS DIVERSAS"|83|546566.35|1378295.95
78|91|"BS.AS. NORTE"|21|"PREPARACIONES ALIMENTICIAS DIVERSAS"|53|297738.56|463710.62
79|91|"BS.AS. NORTE"|21|"PREPARACIONES ALIMENTICIAS DIVERSAS"|105|509312.58|1198119.53
80|91|"BS.AS. NORTE"|21|"PREPARACIONES ALIMENTICIAS DIVERSAS"|72|654978.98|1537149.01
81|91|"BS.AS. NORTE"|21|"PREPARACIONES ALIMENTICIAS DIVERSAS"|73|319318.7|764257.33
82|91|"BS.AS. NORTE"|21|"PREPARACIONES ALIMENTICIAS DIVERSAS"|55|284827.58|783128.46
83|91|"BS.AS. NORTE"|21|"PREPARACIONES ALIMENTICIAS DIVERSAS"|43|257029.24|993300.25
84|91|"BS.AS. NORTE"|21|"PREPARACIONES ALIMENTICIAS DIVERSAS"|109|604974.45|1610347.64
85|91|"BS.AS. NORTE"|21|"PREPARACIONES ALIMENTICIAS DIVERSAS"|59|493300.74|1105710.92
86|91|"BS.AS. NORTE"|21|"PREPARACIONES ALIMENTICIAS DIVERSAS"|89|809740.74|2354100.74
87|91|"BS.AS. NORTE"|21|"PREPARACIONES ALIMENTICIAS DIVERSAS"|40|288077.97|647441.28
88|91|"BS.AS. NORTE"|21|"PREPARACIONES ALIMENTICIAS DIVERSAS"|92|1038877.81|1893588.85
89|91|"BS.AS. NORTE"|21|"PREPARACIONES ALIMENTICIAS DIVERSAS"|53|275642.89|675620.84
90|91|"BS.AS. NORTE"|21|"PREPARACIONES ALIMENTICIAS DIVERSAS"|79|769140.11|1560493.07
91|91|"BS.AS. NORTE"|21|"PREPARACIONES ALIMENTICIAS DIVERSAS"|68|768448.74|1479624.11
92|91|"BS.AS. NORTE"|21|"PREPARACIONES ALIMENTICIAS DIVERSAS"|76|433356.41|910569.11
93|91|"BS.AS. NORTE"|21|"PREPARACIONES ALIMENTICIAS DIVERSAS"|57|560109.79|1307101.62
94|91|"BS.AS. NORTE"|21|"PREPARACIONES ALIMENTICIAS DIVERSAS"|102|611093.16|1328573.67
95|91|"BS.AS. NORTE"|21|"PREPARACIONES ALIMENTICIAS DIVERSAS"|86|798727.12|1350944.07
96|91|"BS.AS. NORTE"|21|"PREPARACIONES ALIMENTICIAS DIVERSAS"|62|473677.57|853404.08
97|91|"BS.AS. NORTE"|21|"PREPARACIONES ALIMENTICIAS DIVERSAS"|127|927748.44|1702118.77
98|91|"BS.AS. NORTE"|21|"PREPARACIONES ALIMENTICIAS DIVERSAS"|90|797311.11|1490429.93
99|91|"BS.AS. NORTE"|21|"PREPARACIONES ALIMENTICIAS DIVERSAS"|128|641550.66|1691616.84
100|91|"BS.AS. NORTE"|21|"PREPARACIONES ALIMENTICIAS DIVERSAS"|65|471187.97|1321261.3
101|91|"BS.AS. NORTE"|21|"PREPARACIONES ALIMENTICIAS DIVERSAS"|73|453185.82|1122685.19
102|91|"BS.AS. NORTE"|21|"PREPARACIONES ALIMENTICIAS DIVERSAS"|54|241510.78|798330.34
103|91|"BS.AS. NORTE"|21|"PREPARACIONES ALIMENTICIAS DIVERSAS"|57|303346.64|1285353.33
104|91|"BS.AS. NORTE"|21|"PREPARACIONES ALIMENTICIAS DIVERSAS"|8|47337.01|301502.72
