"semana"|"aduana"|"aduana_desc"|"mercaderia"|"mercaderia_desc"|"cantidad"|"kilos"|"importe"
1|89|"SANTIAGO DEL ESTERO"|2|"CARNE Y DESPOJOS COMESTIBLES"|18|88637|641098.4
2|89|"SANTIAGO DEL ESTERO"|2|"CARNE Y DESPOJOS COMESTIBLES"|10|45200|286267.7
3|89|"SANTIAGO DEL ESTERO"|2|"CARNE Y DESPOJOS COMESTIBLES"|23|192951|728322.33
4|89|"SANTIAGO DEL ESTERO"|2|"CARNE Y DESPOJOS COMESTIBLES"|14|68800|491011.15
5|89|"SANTIAGO DEL ESTERO"|2|"CARNE Y DESPOJOS COMESTIBLES"|17|61932|610768.4
6|89|"SANTIAGO DEL ESTERO"|2|"CARNE Y DESPOJOS COMESTIBLES"|10|23318|372403
7|89|"SANTIAGO DEL ESTERO"|2|"CARNE Y DESPOJOS COMESTIBLES"|10|26800|449000
8|89|"SANTIAGO DEL ESTERO"|2|"CARNE Y DESPOJOS COMESTIBLES"|31|193435|698468.11
9|89|"SANTIAGO DEL ESTERO"|2|"CARNE Y DESPOJOS COMESTIBLES"|5|13400|226520
10|89|"SANTIAGO DEL ESTERO"|2|"CARNE Y DESPOJOS COMESTIBLES"|25|144584|800036.9
11|89|"SANTIAGO DEL ESTERO"|2|"CARNE Y DESPOJOS COMESTIBLES"|10|26800|473300
12|89|"SANTIAGO DEL ESTERO"|2|"CARNE Y DESPOJOS COMESTIBLES"|13|78600|570400
13|89|"SANTIAGO DEL ESTERO"|2|"CARNE Y DESPOJOS COMESTIBLES"|35|155837|1097716.6
14|89|"SANTIAGO DEL ESTERO"|2|"CARNE Y DESPOJOS COMESTIBLES"|5|11305|199835
15|89|"SANTIAGO DEL ESTERO"|2|"CARNE Y DESPOJOS COMESTIBLES"|24|85421|774652.54
16|89|"SANTIAGO DEL ESTERO"|2|"CARNE Y DESPOJOS COMESTIBLES"|14|65300|622030
17|89|"SANTIAGO DEL ESTERO"|2|"CARNE Y DESPOJOS COMESTIBLES"|39|169417|1301720.28
18|89|"SANTIAGO DEL ESTERO"|2|"CARNE Y DESPOJOS COMESTIBLES"|21|103228|624895.1
19|89|"SANTIAGO DEL ESTERO"|2|"CARNE Y DESPOJOS COMESTIBLES"|31|123903|1064461.04
20|89|"SANTIAGO DEL ESTERO"|2|"CARNE Y DESPOJOS COMESTIBLES"|5|38000|154740
21|89|"SANTIAGO DEL ESTERO"|2|"CARNE Y DESPOJOS COMESTIBLES"|32|151622|987845.3
22|89|"SANTIAGO DEL ESTERO"|2|"CARNE Y DESPOJOS COMESTIBLES"|21|74857|539701.38
23|89|"SANTIAGO DEL ESTERO"|2|"CARNE Y DESPOJOS COMESTIBLES"|31|114778|929461
24|89|"SANTIAGO DEL ESTERO"|2|"CARNE Y DESPOJOS COMESTIBLES"|8|23495|288917.5
25|89|"SANTIAGO DEL ESTERO"|2|"CARNE Y DESPOJOS COMESTIBLES"|36|168895.85|1015487.89
26|89|"SANTIAGO DEL ESTERO"|2|"CARNE Y DESPOJOS COMESTIBLES"|7|39200|232270
27|89|"SANTIAGO DEL ESTERO"|2|"CARNE Y DESPOJOS COMESTIBLES"|45|101016|969474.25
28|89|"SANTIAGO DEL ESTERO"|2|"CARNE Y DESPOJOS COMESTIBLES"|20|72065|750512.5
29|89|"SANTIAGO DEL ESTERO"|2|"CARNE Y DESPOJOS COMESTIBLES"|19|51900|700590
30|89|"SANTIAGO DEL ESTERO"|2|"CARNE Y DESPOJOS COMESTIBLES"|23|156560|572087.97
31|89|"SANTIAGO DEL ESTERO"|2|"CARNE Y DESPOJOS COMESTIBLES"|7|42032|153690.73
32|89|"SANTIAGO DEL ESTERO"|2|"CARNE Y DESPOJOS COMESTIBLES"|25|61642|895931.5
34|89|"SANTIAGO DEL ESTERO"|2|"CARNE Y DESPOJOS COMESTIBLES"|36|182200|1168224
35|89|"SANTIAGO DEL ESTERO"|2|"CARNE Y DESPOJOS COMESTIBLES"|15|38407|562489.2
36|89|"SANTIAGO DEL ESTERO"|2|"CARNE Y DESPOJOS COMESTIBLES"|36|197005|977422.63
37|89|"SANTIAGO DEL ESTERO"|2|"CARNE Y DESPOJOS COMESTIBLES"|18|89039|692658.4
38|89|"SANTIAGO DEL ESTERO"|2|"CARNE Y DESPOJOS COMESTIBLES"|7|52500|193450
39|89|"SANTIAGO DEL ESTERO"|2|"CARNE Y DESPOJOS COMESTIBLES"|43|254198|1197183.12
40|89|"SANTIAGO DEL ESTERO"|2|"CARNE Y DESPOJOS COMESTIBLES"|30|185735|1002461.73
41|89|"SANTIAGO DEL ESTERO"|2|"CARNE Y DESPOJOS COMESTIBLES"|7|36300|424570
42|89|"SANTIAGO DEL ESTERO"|2|"CARNE Y DESPOJOS COMESTIBLES"|26|168524|845746
43|89|"SANTIAGO DEL ESTERO"|2|"CARNE Y DESPOJOS COMESTIBLES"|17|68975|457074.81
44|89|"SANTIAGO DEL ESTERO"|2|"CARNE Y DESPOJOS COMESTIBLES"|25|113007|741494.86
45|89|"SANTIAGO DEL ESTERO"|2|"CARNE Y DESPOJOS COMESTIBLES"|25|141983|897713.6
46|89|"SANTIAGO DEL ESTERO"|2|"CARNE Y DESPOJOS COMESTIBLES"|16|90010|397840.24
47|89|"SANTIAGO DEL ESTERO"|2|"CARNE Y DESPOJOS COMESTIBLES"|7|39300|193270
48|89|"SANTIAGO DEL ESTERO"|2|"CARNE Y DESPOJOS COMESTIBLES"|41|149947|1066866.46
49|89|"SANTIAGO DEL ESTERO"|2|"CARNE Y DESPOJOS COMESTIBLES"|23|164883|981082.2
50|89|"SANTIAGO DEL ESTERO"|2|"CARNE Y DESPOJOS COMESTIBLES"|22|103317|652963
51|89|"SANTIAGO DEL ESTERO"|2|"CARNE Y DESPOJOS COMESTIBLES"|22|80969|531093.01
52|89|"SANTIAGO DEL ESTERO"|2|"CARNE Y DESPOJOS COMESTIBLES"|4|26000|90000
53|89|"SANTIAGO DEL ESTERO"|2|"CARNE Y DESPOJOS COMESTIBLES"|11|57300|302055.39
54|89|"SANTIAGO DEL ESTERO"|2|"CARNE Y DESPOJOS COMESTIBLES"|15|75334|393979
55|89|"SANTIAGO DEL ESTERO"|2|"CARNE Y DESPOJOS COMESTIBLES"|41|256679|1071308.53
56|89|"SANTIAGO DEL ESTERO"|2|"CARNE Y DESPOJOS COMESTIBLES"|7|65300|205450
57|89|"SANTIAGO DEL ESTERO"|2|"CARNE Y DESPOJOS COMESTIBLES"|11|50983|324401.5
58|89|"SANTIAGO DEL ESTERO"|2|"CARNE Y DESPOJOS COMESTIBLES"|38|113327|906687.03
59|89|"SANTIAGO DEL ESTERO"|2|"CARNE Y DESPOJOS COMESTIBLES"|6|39300|231740
60|89|"SANTIAGO DEL ESTERO"|2|"CARNE Y DESPOJOS COMESTIBLES"|43|164994|968970.12
61|89|"SANTIAGO DEL ESTERO"|2|"CARNE Y DESPOJOS COMESTIBLES"|6|39300|172380
62|89|"SANTIAGO DEL ESTERO"|2|"CARNE Y DESPOJOS COMESTIBLES"|21|74578|585364.6
63|89|"SANTIAGO DEL ESTERO"|2|"CARNE Y DESPOJOS COMESTIBLES"|21|89117|513476.3
64|89|"SANTIAGO DEL ESTERO"|2|"CARNE Y DESPOJOS COMESTIBLES"|19|65973|472021.4
65|89|"SANTIAGO DEL ESTERO"|2|"CARNE Y DESPOJOS COMESTIBLES"|25|102789|561867.54
66|89|"SANTIAGO DEL ESTERO"|2|"CARNE Y DESPOJOS COMESTIBLES"|8|59195|216962.13
67|89|"SANTIAGO DEL ESTERO"|2|"CARNE Y DESPOJOS COMESTIBLES"|16|120900|437833.4
68|89|"SANTIAGO DEL ESTERO"|2|"CARNE Y DESPOJOS COMESTIBLES"|27|135400|985110
69|89|"SANTIAGO DEL ESTERO"|2|"CARNE Y DESPOJOS COMESTIBLES"|35|189739|809810.58
70|89|"SANTIAGO DEL ESTERO"|2|"CARNE Y DESPOJOS COMESTIBLES"|8|88415|192423.5
71|89|"SANTIAGO DEL ESTERO"|2|"CARNE Y DESPOJOS COMESTIBLES"|12|62600|268400
72|89|"SANTIAGO DEL ESTERO"|2|"CARNE Y DESPOJOS COMESTIBLES"|8|38289|161052.4
73|89|"SANTIAGO DEL ESTERO"|2|"CARNE Y DESPOJOS COMESTIBLES"|44|192111|1003790.81
74|89|"SANTIAGO DEL ESTERO"|2|"CARNE Y DESPOJOS COMESTIBLES"|18|31339|353503.9
75|89|"SANTIAGO DEL ESTERO"|2|"CARNE Y DESPOJOS COMESTIBLES"|9|39300|241295.09
76|89|"SANTIAGO DEL ESTERO"|2|"CARNE Y DESPOJOS COMESTIBLES"|23|112600|715755
77|89|"SANTIAGO DEL ESTERO"|2|"CARNE Y DESPOJOS COMESTIBLES"|19|155630|429795.1
78|89|"SANTIAGO DEL ESTERO"|2|"CARNE Y DESPOJOS COMESTIBLES"|14|102500|536515
79|89|"SANTIAGO DEL ESTERO"|2|"CARNE Y DESPOJOS COMESTIBLES"|18|79067|377575.11
80|89|"SANTIAGO DEL ESTERO"|2|"CARNE Y DESPOJOS COMESTIBLES"|18|36156|404832
81|89|"SANTIAGO DEL ESTERO"|2|"CARNE Y DESPOJOS COMESTIBLES"|5|13300|151610
82|89|"SANTIAGO DEL ESTERO"|2|"CARNE Y DESPOJOS COMESTIBLES"|33|191772|966217.97
83|89|"SANTIAGO DEL ESTERO"|2|"CARNE Y DESPOJOS COMESTIBLES"|20|47687|535310.2
84|89|"SANTIAGO DEL ESTERO"|2|"CARNE Y DESPOJOS COMESTIBLES"|21|116022|512227.8
85|89|"SANTIAGO DEL ESTERO"|2|"CARNE Y DESPOJOS COMESTIBLES"|5|11014|125715.2
86|89|"SANTIAGO DEL ESTERO"|2|"CARNE Y DESPOJOS COMESTIBLES"|15|106683|387819.4
87|89|"SANTIAGO DEL ESTERO"|2|"CARNE Y DESPOJOS COMESTIBLES"|13|28500|330115
88|89|"SANTIAGO DEL ESTERO"|2|"CARNE Y DESPOJOS COMESTIBLES"|23|39463|463590.9
89|89|"SANTIAGO DEL ESTERO"|2|"CARNE Y DESPOJOS COMESTIBLES"|3|81000|77400
90|89|"SANTIAGO DEL ESTERO"|2|"CARNE Y DESPOJOS COMESTIBLES"|19|33768|388124.1
91|89|"SANTIAGO DEL ESTERO"|2|"CARNE Y DESPOJOS COMESTIBLES"|14|93000|323493.26
92|89|"SANTIAGO DEL ESTERO"|2|"CARNE Y DESPOJOS COMESTIBLES"|28|78704|713732.6
93|89|"SANTIAGO DEL ESTERO"|2|"CARNE Y DESPOJOS COMESTIBLES"|17|26081|336054.3
94|89|"SANTIAGO DEL ESTERO"|2|"CARNE Y DESPOJOS COMESTIBLES"|39|120387|691374.44
95|89|"SANTIAGO DEL ESTERO"|2|"CARNE Y DESPOJOS COMESTIBLES"|22|22535|238673.5
96|89|"SANTIAGO DEL ESTERO"|2|"CARNE Y DESPOJOS COMESTIBLES"|18|94588|431477.3
97|89|"SANTIAGO DEL ESTERO"|2|"CARNE Y DESPOJOS COMESTIBLES"|42|142189|729789.65
98|89|"SANTIAGO DEL ESTERO"|2|"CARNE Y DESPOJOS COMESTIBLES"|32|20494|155956.8
99|89|"SANTIAGO DEL ESTERO"|2|"CARNE Y DESPOJOS COMESTIBLES"|20|67418|491345.2
100|89|"SANTIAGO DEL ESTERO"|2|"CARNE Y DESPOJOS COMESTIBLES"|50|73690|540856.07
102|89|"SANTIAGO DEL ESTERO"|2|"CARNE Y DESPOJOS COMESTIBLES"|20|88738|396086.45
103|89|"SANTIAGO DEL ESTERO"|2|"CARNE Y DESPOJOS COMESTIBLES"|32|151400|1006180
104|89|"SANTIAGO DEL ESTERO"|2|"CARNE Y DESPOJOS COMESTIBLES"|26|56207|328099.8
