"semana"|"aduana"|"aduana_desc"|"mercaderia"|"mercaderia_desc"|"cantidad"|"kilos"|"importe"
68|92|"BS.AS. SUR"|87|"VEHICULOS AUTOMOVILES, TRACTORES, VELOCIPEDOS Y DEMAS VEHICU"|8|1960.66|23925.98
69|92|"BS.AS. SUR"|87|"VEHICULOS AUTOMOVILES, TRACTORES, VELOCIPEDOS Y DEMAS VEHICU"|133|391080.58|2999476.2
70|92|"BS.AS. SUR"|87|"VEHICULOS AUTOMOVILES, TRACTORES, VELOCIPEDOS Y DEMAS VEHICU"|116|178968.62|1591260.66
71|92|"BS.AS. SUR"|87|"VEHICULOS AUTOMOVILES, TRACTORES, VELOCIPEDOS Y DEMAS VEHICU"|119|278116|2622046.64
72|92|"BS.AS. SUR"|87|"VEHICULOS AUTOMOVILES, TRACTORES, VELOCIPEDOS Y DEMAS VEHICU"|146|298359.28|3195467.72
73|92|"BS.AS. SUR"|87|"VEHICULOS AUTOMOVILES, TRACTORES, VELOCIPEDOS Y DEMAS VEHICU"|125|246101.44|2620727.69
74|92|"BS.AS. SUR"|87|"VEHICULOS AUTOMOVILES, TRACTORES, VELOCIPEDOS Y DEMAS VEHICU"|84|129065.93|1777252.56
75|92|"BS.AS. SUR"|87|"VEHICULOS AUTOMOVILES, TRACTORES, VELOCIPEDOS Y DEMAS VEHICU"|130|172691.04|1903799.96
76|92|"BS.AS. SUR"|87|"VEHICULOS AUTOMOVILES, TRACTORES, VELOCIPEDOS Y DEMAS VEHICU"|93|187680.61|1358944.88
77|92|"BS.AS. SUR"|87|"VEHICULOS AUTOMOVILES, TRACTORES, VELOCIPEDOS Y DEMAS VEHICU"|103|161752.55|2388290.36
78|92|"BS.AS. SUR"|87|"VEHICULOS AUTOMOVILES, TRACTORES, VELOCIPEDOS Y DEMAS VEHICU"|76|81297.99|757104.59
79|92|"BS.AS. SUR"|87|"VEHICULOS AUTOMOVILES, TRACTORES, VELOCIPEDOS Y DEMAS VEHICU"|97|210337.53|2533159.23
80|92|"BS.AS. SUR"|87|"VEHICULOS AUTOMOVILES, TRACTORES, VELOCIPEDOS Y DEMAS VEHICU"|65|118848.98|1011837.81
81|92|"BS.AS. SUR"|87|"VEHICULOS AUTOMOVILES, TRACTORES, VELOCIPEDOS Y DEMAS VEHICU"|95|84143.01|830927.42
82|92|"BS.AS. SUR"|87|"VEHICULOS AUTOMOVILES, TRACTORES, VELOCIPEDOS Y DEMAS VEHICU"|122|118855.15|1612086.83
83|92|"BS.AS. SUR"|87|"VEHICULOS AUTOMOVILES, TRACTORES, VELOCIPEDOS Y DEMAS VEHICU"|202|252768.98|2868791.3
84|92|"BS.AS. SUR"|87|"VEHICULOS AUTOMOVILES, TRACTORES, VELOCIPEDOS Y DEMAS VEHICU"|110|127303.17|1191213.39
85|92|"BS.AS. SUR"|87|"VEHICULOS AUTOMOVILES, TRACTORES, VELOCIPEDOS Y DEMAS VEHICU"|86|171990.74|1897396.69
86|92|"BS.AS. SUR"|87|"VEHICULOS AUTOMOVILES, TRACTORES, VELOCIPEDOS Y DEMAS VEHICU"|156|300936.4|3091980.06
87|92|"BS.AS. SUR"|87|"VEHICULOS AUTOMOVILES, TRACTORES, VELOCIPEDOS Y DEMAS VEHICU"|144|187180.17|2121939.97
88|92|"BS.AS. SUR"|87|"VEHICULOS AUTOMOVILES, TRACTORES, VELOCIPEDOS Y DEMAS VEHICU"|81|213263.88|1946202.11
89|92|"BS.AS. SUR"|87|"VEHICULOS AUTOMOVILES, TRACTORES, VELOCIPEDOS Y DEMAS VEHICU"|89|159926.86|1460361.62
90|92|"BS.AS. SUR"|87|"VEHICULOS AUTOMOVILES, TRACTORES, VELOCIPEDOS Y DEMAS VEHICU"|89|160204.06|1421421.58
91|92|"BS.AS. SUR"|87|"VEHICULOS AUTOMOVILES, TRACTORES, VELOCIPEDOS Y DEMAS VEHICU"|91|135801.25|1573816.57
92|92|"BS.AS. SUR"|87|"VEHICULOS AUTOMOVILES, TRACTORES, VELOCIPEDOS Y DEMAS VEHICU"|102|232097.16|1947406.91
93|92|"BS.AS. SUR"|87|"VEHICULOS AUTOMOVILES, TRACTORES, VELOCIPEDOS Y DEMAS VEHICU"|58|182192.98|1454421.41
94|92|"BS.AS. SUR"|87|"VEHICULOS AUTOMOVILES, TRACTORES, VELOCIPEDOS Y DEMAS VEHICU"|106|177626.89|1501446.42
95|92|"BS.AS. SUR"|87|"VEHICULOS AUTOMOVILES, TRACTORES, VELOCIPEDOS Y DEMAS VEHICU"|85|159763.27|2214864.42
96|92|"BS.AS. SUR"|87|"VEHICULOS AUTOMOVILES, TRACTORES, VELOCIPEDOS Y DEMAS VEHICU"|123|205546.25|1721790.42
97|92|"BS.AS. SUR"|87|"VEHICULOS AUTOMOVILES, TRACTORES, VELOCIPEDOS Y DEMAS VEHICU"|59|88103.23|906526.86
98|92|"BS.AS. SUR"|87|"VEHICULOS AUTOMOVILES, TRACTORES, VELOCIPEDOS Y DEMAS VEHICU"|86|111325.1|1082097.09
99|92|"BS.AS. SUR"|87|"VEHICULOS AUTOMOVILES, TRACTORES, VELOCIPEDOS Y DEMAS VEHICU"|64|72868.81|509615.69
100|92|"BS.AS. SUR"|87|"VEHICULOS AUTOMOVILES, TRACTORES, VELOCIPEDOS Y DEMAS VEHICU"|73|122815.25|1143610.9
101|92|"BS.AS. SUR"|87|"VEHICULOS AUTOMOVILES, TRACTORES, VELOCIPEDOS Y DEMAS VEHICU"|49|83912.4|805195.95
102|92|"BS.AS. SUR"|87|"VEHICULOS AUTOMOVILES, TRACTORES, VELOCIPEDOS Y DEMAS VEHICU"|80|76333.74|1028233.55
103|92|"BS.AS. SUR"|87|"VEHICULOS AUTOMOVILES, TRACTORES, VELOCIPEDOS Y DEMAS VEHICU"|57|67611.09|675171.7
104|92|"BS.AS. SUR"|87|"VEHICULOS AUTOMOVILES, TRACTORES, VELOCIPEDOS Y DEMAS VEHICU"|10|21430.08|185156.84
