"semana"|"aduana"|"aduana_desc"|"mercaderia"|"mercaderia_desc"|"cantidad"|"kilos"|"importe"
35|82|"BERNARDO DE YRIGOYEN"|13|"GOMAS, RESINAS Y DEMAS JUGOS Y EXTRACTOS VEGETALES"|1|24649|15775.36
36|82|"BERNARDO DE YRIGOYEN"|13|"GOMAS, RESINAS Y DEMAS JUGOS Y EXTRACTOS VEGETALES"|1|25618.5|16395.84
41|82|"BERNARDO DE YRIGOYEN"|13|"GOMAS, RESINAS Y DEMAS JUGOS Y EXTRACTOS VEGETALES"|1|23669|15148.16
44|82|"BERNARDO DE YRIGOYEN"|13|"GOMAS, RESINAS Y DEMAS JUGOS Y EXTRACTOS VEGETALES"|1|24807|15876.48
69|82|"BERNARDO DE YRIGOYEN"|13|"GOMAS, RESINAS Y DEMAS JUGOS Y EXTRACTOS VEGETALES"|1|22060|14118.4
72|82|"BERNARDO DE YRIGOYEN"|13|"GOMAS, RESINAS Y DEMAS JUGOS Y EXTRACTOS VEGETALES"|2|47279.2|30258.69
76|82|"BERNARDO DE YRIGOYEN"|13|"GOMAS, RESINAS Y DEMAS JUGOS Y EXTRACTOS VEGETALES"|1|24240|15513.6
78|82|"BERNARDO DE YRIGOYEN"|13|"GOMAS, RESINAS Y DEMAS JUGOS Y EXTRACTOS VEGETALES"|1|25960|16614.4
79|82|"BERNARDO DE YRIGOYEN"|13|"GOMAS, RESINAS Y DEMAS JUGOS Y EXTRACTOS VEGETALES"|1|26220|16780.8
81|82|"BERNARDO DE YRIGOYEN"|13|"GOMAS, RESINAS Y DEMAS JUGOS Y EXTRACTOS VEGETALES"|2|50860|32550.4
83|82|"BERNARDO DE YRIGOYEN"|13|"GOMAS, RESINAS Y DEMAS JUGOS Y EXTRACTOS VEGETALES"|1|25560|16358.4
86|82|"BERNARDO DE YRIGOYEN"|13|"GOMAS, RESINAS Y DEMAS JUGOS Y EXTRACTOS VEGETALES"|1|25740|16473.6
87|82|"BERNARDO DE YRIGOYEN"|13|"GOMAS, RESINAS Y DEMAS JUGOS Y EXTRACTOS VEGETALES"|1|24620|15756.8
88|82|"BERNARDO DE YRIGOYEN"|13|"GOMAS, RESINAS Y DEMAS JUGOS Y EXTRACTOS VEGETALES"|1|24760|15846.4
89|82|"BERNARDO DE YRIGOYEN"|13|"GOMAS, RESINAS Y DEMAS JUGOS Y EXTRACTOS VEGETALES"|2|52000|33280
91|82|"BERNARDO DE YRIGOYEN"|13|"GOMAS, RESINAS Y DEMAS JUGOS Y EXTRACTOS VEGETALES"|1|26620|17036.8
92|82|"BERNARDO DE YRIGOYEN"|13|"GOMAS, RESINAS Y DEMAS JUGOS Y EXTRACTOS VEGETALES"|2|53820|34444.8
94|82|"BERNARDO DE YRIGOYEN"|13|"GOMAS, RESINAS Y DEMAS JUGOS Y EXTRACTOS VEGETALES"|1|26880|17203.2
95|82|"BERNARDO DE YRIGOYEN"|13|"GOMAS, RESINAS Y DEMAS JUGOS Y EXTRACTOS VEGETALES"|1|25760|16486.4
101|82|"BERNARDO DE YRIGOYEN"|13|"GOMAS, RESINAS Y DEMAS JUGOS Y EXTRACTOS VEGETALES"|1|25900|16576
102|82|"BERNARDO DE YRIGOYEN"|13|"GOMAS, RESINAS Y DEMAS JUGOS Y EXTRACTOS VEGETALES"|1|26340|16857.6
