"semana"|"aduana"|"aduana_desc"|"mercaderia"|"mercaderia_desc"|"cantidad"|"kilos"|"importe"
2|82|"BERNARDO DE YRIGOYEN"|9|"CAFE, TE, YERBA MATE Y ESPECIAS"|2|667854|863095.87
3|82|"BERNARDO DE YRIGOYEN"|9|"CAFE, TE, YERBA MATE Y ESPECIAS"|1|660000|853069.83
4|82|"BERNARDO DE YRIGOYEN"|9|"CAFE, TE, YERBA MATE Y ESPECIAS"|1|28014|52106.04
5|82|"BERNARDO DE YRIGOYEN"|9|"CAFE, TE, YERBA MATE Y ESPECIAS"|1|22000|11000
6|82|"BERNARDO DE YRIGOYEN"|9|"CAFE, TE, YERBA MATE Y ESPECIAS"|1|22000|11000
8|82|"BERNARDO DE YRIGOYEN"|9|"CAFE, TE, YERBA MATE Y ESPECIAS"|4|705300|859314.46
9|82|"BERNARDO DE YRIGOYEN"|9|"CAFE, TE, YERBA MATE Y ESPECIAS"|3|704000|1975600
10|82|"BERNARDO DE YRIGOYEN"|9|"CAFE, TE, YERBA MATE Y ESPECIAS"|2|43980|51992.7
13|82|"BERNARDO DE YRIGOYEN"|9|"CAFE, TE, YERBA MATE Y ESPECIAS"|1|19900|37113.5
14|82|"BERNARDO DE YRIGOYEN"|9|"CAFE, TE, YERBA MATE Y ESPECIAS"|3|36500|32262
16|82|"BERNARDO DE YRIGOYEN"|9|"CAFE, TE, YERBA MATE Y ESPECIAS"|1|920000|2723200
17|82|"BERNARDO DE YRIGOYEN"|9|"CAFE, TE, YERBA MATE Y ESPECIAS"|6|969790|2808494.7
18|82|"BERNARDO DE YRIGOYEN"|9|"CAFE, TE, YERBA MATE Y ESPECIAS"|1|901810|2669357.6
20|82|"BERNARDO DE YRIGOYEN"|9|"CAFE, TE, YERBA MATE Y ESPECIAS"|2|931250|2734709.5
21|82|"BERNARDO DE YRIGOYEN"|9|"CAFE, TE, YERBA MATE Y ESPECIAS"|2|706750|2066083.25
23|82|"BERNARDO DE YRIGOYEN"|9|"CAFE, TE, YERBA MATE Y ESPECIAS"|1|668100|1977576
24|82|"BERNARDO DE YRIGOYEN"|9|"CAFE, TE, YERBA MATE Y ESPECIAS"|1|17900|33383.5
25|82|"BERNARDO DE YRIGOYEN"|9|"CAFE, TE, YERBA MATE Y ESPECIAS"|1|880000|2604800
27|82|"BERNARDO DE YRIGOYEN"|9|"CAFE, TE, YERBA MATE Y ESPECIAS"|1|660000|1953600
29|82|"BERNARDO DE YRIGOYEN"|9|"CAFE, TE, YERBA MATE Y ESPECIAS"|1|770000|2279200
32|82|"BERNARDO DE YRIGOYEN"|9|"CAFE, TE, YERBA MATE Y ESPECIAS"|1|763284|2259320.64
33|82|"BERNARDO DE YRIGOYEN"|9|"CAFE, TE, YERBA MATE Y ESPECIAS"|1|770000|2279200
35|82|"BERNARDO DE YRIGOYEN"|9|"CAFE, TE, YERBA MATE Y ESPECIAS"|1|1100000|3256000
36|82|"BERNARDO DE YRIGOYEN"|9|"CAFE, TE, YERBA MATE Y ESPECIAS"|1|760720|2251731.2
40|82|"BERNARDO DE YRIGOYEN"|9|"CAFE, TE, YERBA MATE Y ESPECIAS"|1|1090830|3228856.8
54|82|"BERNARDO DE YRIGOYEN"|9|"CAFE, TE, YERBA MATE Y ESPECIAS"|1|440000|1302400
55|82|"BERNARDO DE YRIGOYEN"|9|"CAFE, TE, YERBA MATE Y ESPECIAS"|2|17000|25430
58|82|"BERNARDO DE YRIGOYEN"|9|"CAFE, TE, YERBA MATE Y ESPECIAS"|1|436960|1293401.6
60|82|"BERNARDO DE YRIGOYEN"|9|"CAFE, TE, YERBA MATE Y ESPECIAS"|3|66000|39600
61|82|"BERNARDO DE YRIGOYEN"|9|"CAFE, TE, YERBA MATE Y ESPECIAS"|1|660000|1953600
62|82|"BERNARDO DE YRIGOYEN"|9|"CAFE, TE, YERBA MATE Y ESPECIAS"|1|30000|88800
65|82|"BERNARDO DE YRIGOYEN"|9|"CAFE, TE, YERBA MATE Y ESPECIAS"|3|924000|2631200
66|82|"BERNARDO DE YRIGOYEN"|9|"CAFE, TE, YERBA MATE Y ESPECIAS"|1|660000|1953600
68|82|"BERNARDO DE YRIGOYEN"|9|"CAFE, TE, YERBA MATE Y ESPECIAS"|2|20015|30531.5
70|82|"BERNARDO DE YRIGOYEN"|9|"CAFE, TE, YERBA MATE Y ESPECIAS"|1|880000|2604800
73|82|"BERNARDO DE YRIGOYEN"|9|"CAFE, TE, YERBA MATE Y ESPECIAS"|2|928000|2706000
75|82|"BERNARDO DE YRIGOYEN"|9|"CAFE, TE, YERBA MATE Y ESPECIAS"|2|1774010|5251069.6
76|82|"BERNARDO DE YRIGOYEN"|9|"CAFE, TE, YERBA MATE Y ESPECIAS"|1|9e+05|2664000
77|82|"BERNARDO DE YRIGOYEN"|9|"CAFE, TE, YERBA MATE Y ESPECIAS"|1|1125000|3330000
79|82|"BERNARDO DE YRIGOYEN"|9|"CAFE, TE, YERBA MATE Y ESPECIAS"|2|19575|27666.25
80|82|"BERNARDO DE YRIGOYEN"|9|"CAFE, TE, YERBA MATE Y ESPECIAS"|1|9e+05|2664000
81|82|"BERNARDO DE YRIGOYEN"|9|"CAFE, TE, YERBA MATE Y ESPECIAS"|2|1145146|3389632.16
83|82|"BERNARDO DE YRIGOYEN"|9|"CAFE, TE, YERBA MATE Y ESPECIAS"|2|8525|11082.5
84|82|"BERNARDO DE YRIGOYEN"|9|"CAFE, TE, YERBA MATE Y ESPECIAS"|2|1781240|5272470.4
87|82|"BERNARDO DE YRIGOYEN"|9|"CAFE, TE, YERBA MATE Y ESPECIAS"|2|1788760|5294729.6
88|82|"BERNARDO DE YRIGOYEN"|9|"CAFE, TE, YERBA MATE Y ESPECIAS"|1|1125000|3330000
89|82|"BERNARDO DE YRIGOYEN"|9|"CAFE, TE, YERBA MATE Y ESPECIAS"|1|1077720|3190051.2
90|82|"BERNARDO DE YRIGOYEN"|9|"CAFE, TE, YERBA MATE Y ESPECIAS"|2|1985490|5877050.4
93|82|"BERNARDO DE YRIGOYEN"|9|"CAFE, TE, YERBA MATE Y ESPECIAS"|3|3098180|9170612.8
94|82|"BERNARDO DE YRIGOYEN"|9|"CAFE, TE, YERBA MATE Y ESPECIAS"|1|6885|8950.5
96|82|"BERNARDO DE YRIGOYEN"|9|"CAFE, TE, YERBA MATE Y ESPECIAS"|2|1845230|5461880.8
98|82|"BERNARDO DE YRIGOYEN"|9|"CAFE, TE, YERBA MATE Y ESPECIAS"|1|724660|2144993.6
