"semana"|"aduana"|"aduana_desc"|"mercaderia"|"mercaderia_desc"|"cantidad"|"kilos"|"importe"
1|83|"SAN LUIS"|19|"PREPARACIONES A BASE DE CEREALES, HARINA, ALMIDON, FECULA O "|7|99609.97|279465.24
2|83|"SAN LUIS"|19|"PREPARACIONES A BASE DE CEREALES, HARINA, ALMIDON, FECULA O "|19|94084.51|292865.5
3|83|"SAN LUIS"|19|"PREPARACIONES A BASE DE CEREALES, HARINA, ALMIDON, FECULA O "|1|13143.6|49302.96
4|83|"SAN LUIS"|19|"PREPARACIONES A BASE DE CEREALES, HARINA, ALMIDON, FECULA O "|3|8964.48|22335.68
5|83|"SAN LUIS"|19|"PREPARACIONES A BASE DE CEREALES, HARINA, ALMIDON, FECULA O "|2|14495.97|52259.96
6|83|"SAN LUIS"|19|"PREPARACIONES A BASE DE CEREALES, HARINA, ALMIDON, FECULA O "|14|66258.09|205138.95
7|83|"SAN LUIS"|19|"PREPARACIONES A BASE DE CEREALES, HARINA, ALMIDON, FECULA O "|12|67169.5|217610.41
8|83|"SAN LUIS"|19|"PREPARACIONES A BASE DE CEREALES, HARINA, ALMIDON, FECULA O "|2|14628.63|51378.78
9|83|"SAN LUIS"|19|"PREPARACIONES A BASE DE CEREALES, HARINA, ALMIDON, FECULA O "|4|52056.19|179833.98
10|83|"SAN LUIS"|19|"PREPARACIONES A BASE DE CEREALES, HARINA, ALMIDON, FECULA O "|6|88834.77|238857.38
11|83|"SAN LUIS"|19|"PREPARACIONES A BASE DE CEREALES, HARINA, ALMIDON, FECULA O "|15|79268.31|181108.78
12|83|"SAN LUIS"|19|"PREPARACIONES A BASE DE CEREALES, HARINA, ALMIDON, FECULA O "|6|54513.43|139072.02
13|83|"SAN LUIS"|19|"PREPARACIONES A BASE DE CEREALES, HARINA, ALMIDON, FECULA O "|3|24678.05|74761.26
14|83|"SAN LUIS"|19|"PREPARACIONES A BASE DE CEREALES, HARINA, ALMIDON, FECULA O "|2|27999.82|67500
15|83|"SAN LUIS"|19|"PREPARACIONES A BASE DE CEREALES, HARINA, ALMIDON, FECULA O "|12|107648.88|281801.82
17|83|"SAN LUIS"|19|"PREPARACIONES A BASE DE CEREALES, HARINA, ALMIDON, FECULA O "|8|87714.17|199326.66
19|83|"SAN LUIS"|19|"PREPARACIONES A BASE DE CEREALES, HARINA, ALMIDON, FECULA O "|4|36799.04|116251.4
20|83|"SAN LUIS"|19|"PREPARACIONES A BASE DE CEREALES, HARINA, ALMIDON, FECULA O "|9|105664.04|304805.5
21|83|"SAN LUIS"|19|"PREPARACIONES A BASE DE CEREALES, HARINA, ALMIDON, FECULA O "|1|13977.6|61239.36
22|83|"SAN LUIS"|19|"PREPARACIONES A BASE DE CEREALES, HARINA, ALMIDON, FECULA O "|1|10806.12|52838.28
23|83|"SAN LUIS"|19|"PREPARACIONES A BASE DE CEREALES, HARINA, ALMIDON, FECULA O "|2|11795.37|41636.22
24|83|"SAN LUIS"|19|"PREPARACIONES A BASE DE CEREALES, HARINA, ALMIDON, FECULA O "|5|53673.54|223234.44
25|83|"SAN LUIS"|19|"PREPARACIONES A BASE DE CEREALES, HARINA, ALMIDON, FECULA O "|10|41275.62|93131.92
26|83|"SAN LUIS"|19|"PREPARACIONES A BASE DE CEREALES, HARINA, ALMIDON, FECULA O "|1|13977.6|48834.24
27|83|"SAN LUIS"|19|"PREPARACIONES A BASE DE CEREALES, HARINA, ALMIDON, FECULA O "|10|52763.46|143417.6
28|83|"SAN LUIS"|19|"PREPARACIONES A BASE DE CEREALES, HARINA, ALMIDON, FECULA O "|4|90186.98|285977.18
29|83|"SAN LUIS"|19|"PREPARACIONES A BASE DE CEREALES, HARINA, ALMIDON, FECULA O "|4|20989.62|30456.5
31|83|"SAN LUIS"|19|"PREPARACIONES A BASE DE CEREALES, HARINA, ALMIDON, FECULA O "|2|55238.27|229947.42
32|83|"SAN LUIS"|19|"PREPARACIONES A BASE DE CEREALES, HARINA, ALMIDON, FECULA O "|2|26819.61|117335.88
33|83|"SAN LUIS"|19|"PREPARACIONES A BASE DE CEREALES, HARINA, ALMIDON, FECULA O "|1|7411.5|26679.6
34|83|"SAN LUIS"|19|"PREPARACIONES A BASE DE CEREALES, HARINA, ALMIDON, FECULA O "|1|14323.62|50226.78
35|83|"SAN LUIS"|19|"PREPARACIONES A BASE DE CEREALES, HARINA, ALMIDON, FECULA O "|2|10919.16|39291.84
36|83|"SAN LUIS"|19|"PREPARACIONES A BASE DE CEREALES, HARINA, ALMIDON, FECULA O "|1|24460.8|107168.88
37|83|"SAN LUIS"|19|"PREPARACIONES A BASE DE CEREALES, HARINA, ALMIDON, FECULA O "|2|24448.67|95046.9
38|83|"SAN LUIS"|19|"PREPARACIONES A BASE DE CEREALES, HARINA, ALMIDON, FECULA O "|1|33339.61|47023.2
39|83|"SAN LUIS"|19|"PREPARACIONES A BASE DE CEREALES, HARINA, ALMIDON, FECULA O "|2|23368.85|93917.9
40|83|"SAN LUIS"|19|"PREPARACIONES A BASE DE CEREALES, HARINA, ALMIDON, FECULA O "|1|16669.81|23511.6
42|83|"SAN LUIS"|19|"PREPARACIONES A BASE DE CEREALES, HARINA, ALMIDON, FECULA O "|4|37205.07|105849.8
46|83|"SAN LUIS"|19|"PREPARACIONES A BASE DE CEREALES, HARINA, ALMIDON, FECULA O "|3|20731.78|81641.64
47|83|"SAN LUIS"|19|"PREPARACIONES A BASE DE CEREALES, HARINA, ALMIDON, FECULA O "|1|14121.6|61870.26
48|83|"SAN LUIS"|19|"PREPARACIONES A BASE DE CEREALES, HARINA, ALMIDON, FECULA O "|2|41441.01|132040.42
49|83|"SAN LUIS"|19|"PREPARACIONES A BASE DE CEREALES, HARINA, ALMIDON, FECULA O "|1|33339.62|47023.2
50|83|"SAN LUIS"|19|"PREPARACIONES A BASE DE CEREALES, HARINA, ALMIDON, FECULA O "|3|23316.37|91385.66
53|83|"SAN LUIS"|19|"PREPARACIONES A BASE DE CEREALES, HARINA, ALMIDON, FECULA O "|1|27955.2|122478.72
54|83|"SAN LUIS"|19|"PREPARACIONES A BASE DE CEREALES, HARINA, ALMIDON, FECULA O "|3|27083.54|111888.16
55|83|"SAN LUIS"|19|"PREPARACIONES A BASE DE CEREALES, HARINA, ALMIDON, FECULA O "|3|36964.33|101236.92
57|83|"SAN LUIS"|19|"PREPARACIONES A BASE DE CEREALES, HARINA, ALMIDON, FECULA O "|1|33339.62|47023.2
58|83|"SAN LUIS"|19|"PREPARACIONES A BASE DE CEREALES, HARINA, ALMIDON, FECULA O "|6|46759.75|188168.18
59|83|"SAN LUIS"|19|"PREPARACIONES A BASE DE CEREALES, HARINA, ALMIDON, FECULA O "|3|24371.13|104033.58
60|83|"SAN LUIS"|19|"PREPARACIONES A BASE DE CEREALES, HARINA, ALMIDON, FECULA O "|1|12103.49|42901.98
62|83|"SAN LUIS"|19|"PREPARACIONES A BASE DE CEREALES, HARINA, ALMIDON, FECULA O "|3|40963.65|119155.8
63|83|"SAN LUIS"|19|"PREPARACIONES A BASE DE CEREALES, HARINA, ALMIDON, FECULA O "|1|11521.97|40877.1
64|83|"SAN LUIS"|19|"PREPARACIONES A BASE DE CEREALES, HARINA, ALMIDON, FECULA O "|1|16669.81|23511.6
65|83|"SAN LUIS"|19|"PREPARACIONES A BASE DE CEREALES, HARINA, ALMIDON, FECULA O "|4|35794.2|115913.94
66|83|"SAN LUIS"|19|"PREPARACIONES A BASE DE CEREALES, HARINA, ALMIDON, FECULA O "|1|11242.62|52842.36
67|83|"SAN LUIS"|19|"PREPARACIONES A BASE DE CEREALES, HARINA, ALMIDON, FECULA O "|3|48476.39|203542.55
68|83|"SAN LUIS"|19|"PREPARACIONES A BASE DE CEREALES, HARINA, ALMIDON, FECULA O "|2|42535.7|86860.56
70|83|"SAN LUIS"|19|"PREPARACIONES A BASE DE CEREALES, HARINA, ALMIDON, FECULA O "|3|42472.67|135992.37
71|83|"SAN LUIS"|19|"PREPARACIONES A BASE DE CEREALES, HARINA, ALMIDON, FECULA O "|1|12200.21|42537.3
72|83|"SAN LUIS"|19|"PREPARACIONES A BASE DE CEREALES, HARINA, ALMIDON, FECULA O "|2|27860.8|122263.09
73|83|"SAN LUIS"|19|"PREPARACIONES A BASE DE CEREALES, HARINA, ALMIDON, FECULA O "|4|76928.06|331055.92
75|83|"SAN LUIS"|19|"PREPARACIONES A BASE DE CEREALES, HARINA, ALMIDON, FECULA O "|1|13977.6|61239.36
77|83|"SAN LUIS"|19|"PREPARACIONES A BASE DE CEREALES, HARINA, ALMIDON, FECULA O "|4|49277.79|206468.08
79|83|"SAN LUIS"|19|"PREPARACIONES A BASE DE CEREALES, HARINA, ALMIDON, FECULA O "|1|10285.32|49338.54
80|83|"SAN LUIS"|19|"PREPARACIONES A BASE DE CEREALES, HARINA, ALMIDON, FECULA O "|2|21609.18|85923.72
81|83|"SAN LUIS"|19|"PREPARACIONES A BASE DE CEREALES, HARINA, ALMIDON, FECULA O "|1|17719.21|33350
82|83|"SAN LUIS"|19|"PREPARACIONES A BASE DE CEREALES, HARINA, ALMIDON, FECULA O "|1|12530.3|53005.7
83|83|"SAN LUIS"|19|"PREPARACIONES A BASE DE CEREALES, HARINA, ALMIDON, FECULA O "|2|40985.76|182254.38
84|83|"SAN LUIS"|19|"PREPARACIONES A BASE DE CEREALES, HARINA, ALMIDON, FECULA O "|2|27776|116265.6
85|83|"SAN LUIS"|19|"PREPARACIONES A BASE DE CEREALES, HARINA, ALMIDON, FECULA O "|2|13993.2|46758.66
86|83|"SAN LUIS"|19|"PREPARACIONES A BASE DE CEREALES, HARINA, ALMIDON, FECULA O "|3|56015.38|240482.59
87|83|"SAN LUIS"|19|"PREPARACIONES A BASE DE CEREALES, HARINA, ALMIDON, FECULA O "|5|67649.89|171321.9
88|83|"SAN LUIS"|19|"PREPARACIONES A BASE DE CEREALES, HARINA, ALMIDON, FECULA O "|6|64578.61|229396.2
89|83|"SAN LUIS"|19|"PREPARACIONES A BASE DE CEREALES, HARINA, ALMIDON, FECULA O "|10|70319.21|204010.68
90|83|"SAN LUIS"|19|"PREPARACIONES A BASE DE CEREALES, HARINA, ALMIDON, FECULA O "|4|66131.12|163447.02
91|83|"SAN LUIS"|19|"PREPARACIONES A BASE DE CEREALES, HARINA, ALMIDON, FECULA O "|5|28032.5|74497.08
92|83|"SAN LUIS"|19|"PREPARACIONES A BASE DE CEREALES, HARINA, ALMIDON, FECULA O "|2|25721.4|76703.32
93|83|"SAN LUIS"|19|"PREPARACIONES A BASE DE CEREALES, HARINA, ALMIDON, FECULA O "|5|64713.82|157569.21
94|83|"SAN LUIS"|19|"PREPARACIONES A BASE DE CEREALES, HARINA, ALMIDON, FECULA O "|10|125297.72|354404.85
95|83|"SAN LUIS"|19|"PREPARACIONES A BASE DE CEREALES, HARINA, ALMIDON, FECULA O "|10|88218.78|163803.7
96|83|"SAN LUIS"|19|"PREPARACIONES A BASE DE CEREALES, HARINA, ALMIDON, FECULA O "|6|115053.66|264788.82
97|83|"SAN LUIS"|19|"PREPARACIONES A BASE DE CEREALES, HARINA, ALMIDON, FECULA O "|5|43363.63|145471.14
98|83|"SAN LUIS"|19|"PREPARACIONES A BASE DE CEREALES, HARINA, ALMIDON, FECULA O "|9|100761.22|216916.71
99|83|"SAN LUIS"|19|"PREPARACIONES A BASE DE CEREALES, HARINA, ALMIDON, FECULA O "|2|31197.61|90814.32
100|83|"SAN LUIS"|19|"PREPARACIONES A BASE DE CEREALES, HARINA, ALMIDON, FECULA O "|4|18938.64|58638.3
101|83|"SAN LUIS"|19|"PREPARACIONES A BASE DE CEREALES, HARINA, ALMIDON, FECULA O "|3|61309.41|180605.59
102|83|"SAN LUIS"|19|"PREPARACIONES A BASE DE CEREALES, HARINA, ALMIDON, FECULA O "|10|96763.84|323634.41
103|83|"SAN LUIS"|19|"PREPARACIONES A BASE DE CEREALES, HARINA, ALMIDON, FECULA O "|5|68956.53|216178.64
