"semana"|"aduana"|"aduana_desc"|"mercaderia"|"mercaderia_desc"|"cantidad"|"kilos"|"importe"
69|91|"BS.AS. NORTE"|16|"PREPARACIONES DE CARNE, PESCADO O DE CRUSTACEOS, MOLUSCOS O "|6|95100|369509.82
70|91|"BS.AS. NORTE"|16|"PREPARACIONES DE CARNE, PESCADO O DE CRUSTACEOS, MOLUSCOS O "|2|50000|272500
71|91|"BS.AS. NORTE"|16|"PREPARACIONES DE CARNE, PESCADO O DE CRUSTACEOS, MOLUSCOS O "|19|391900|1474045.24
72|91|"BS.AS. NORTE"|16|"PREPARACIONES DE CARNE, PESCADO O DE CRUSTACEOS, MOLUSCOS O "|21|184257.79|877474.61
73|91|"BS.AS. NORTE"|16|"PREPARACIONES DE CARNE, PESCADO O DE CRUSTACEOS, MOLUSCOS O "|1|25000|101875
74|91|"BS.AS. NORTE"|16|"PREPARACIONES DE CARNE, PESCADO O DE CRUSTACEOS, MOLUSCOS O "|4|53332.37|228191.93
75|91|"BS.AS. NORTE"|16|"PREPARACIONES DE CARNE, PESCADO O DE CRUSTACEOS, MOLUSCOS O "|8|159796.97|641995.84
76|91|"BS.AS. NORTE"|16|"PREPARACIONES DE CARNE, PESCADO O DE CRUSTACEOS, MOLUSCOS O "|4|99824.31|449917.49
77|91|"BS.AS. NORTE"|16|"PREPARACIONES DE CARNE, PESCADO O DE CRUSTACEOS, MOLUSCOS O "|4|82184.57|305503.79
78|91|"BS.AS. NORTE"|16|"PREPARACIONES DE CARNE, PESCADO O DE CRUSTACEOS, MOLUSCOS O "|6|113684.23|337026.88
80|91|"BS.AS. NORTE"|16|"PREPARACIONES DE CARNE, PESCADO O DE CRUSTACEOS, MOLUSCOS O "|9|167866.65|735506.04
81|91|"BS.AS. NORTE"|16|"PREPARACIONES DE CARNE, PESCADO O DE CRUSTACEOS, MOLUSCOS O "|6|104122.03|356691.73
82|91|"BS.AS. NORTE"|16|"PREPARACIONES DE CARNE, PESCADO O DE CRUSTACEOS, MOLUSCOS O "|8|25585.4|111397.92
83|91|"BS.AS. NORTE"|16|"PREPARACIONES DE CARNE, PESCADO O DE CRUSTACEOS, MOLUSCOS O "|8|166322.48|593792.89
84|91|"BS.AS. NORTE"|16|"PREPARACIONES DE CARNE, PESCADO O DE CRUSTACEOS, MOLUSCOS O "|10|219554.41|770564.57
85|91|"BS.AS. NORTE"|16|"PREPARACIONES DE CARNE, PESCADO O DE CRUSTACEOS, MOLUSCOS O "|3|31860|116679.68
86|91|"BS.AS. NORTE"|16|"PREPARACIONES DE CARNE, PESCADO O DE CRUSTACEOS, MOLUSCOS O "|3|63096.07|142951.64
87|91|"BS.AS. NORTE"|16|"PREPARACIONES DE CARNE, PESCADO O DE CRUSTACEOS, MOLUSCOS O "|3|63997.35|237945.73
88|91|"BS.AS. NORTE"|16|"PREPARACIONES DE CARNE, PESCADO O DE CRUSTACEOS, MOLUSCOS O "|18|192093.43|701052.22
89|91|"BS.AS. NORTE"|16|"PREPARACIONES DE CARNE, PESCADO O DE CRUSTACEOS, MOLUSCOS O "|2|29290.18|91427.17
90|91|"BS.AS. NORTE"|16|"PREPARACIONES DE CARNE, PESCADO O DE CRUSTACEOS, MOLUSCOS O "|1|15100|59821.77
91|91|"BS.AS. NORTE"|16|"PREPARACIONES DE CARNE, PESCADO O DE CRUSTACEOS, MOLUSCOS O "|8|91351.05|278301.09
92|91|"BS.AS. NORTE"|16|"PREPARACIONES DE CARNE, PESCADO O DE CRUSTACEOS, MOLUSCOS O "|5|75472.03|290844.47
93|91|"BS.AS. NORTE"|16|"PREPARACIONES DE CARNE, PESCADO O DE CRUSTACEOS, MOLUSCOS O "|11|218710.14|743665.24
94|91|"BS.AS. NORTE"|16|"PREPARACIONES DE CARNE, PESCADO O DE CRUSTACEOS, MOLUSCOS O "|5|82375.98|243687.49
96|91|"BS.AS. NORTE"|16|"PREPARACIONES DE CARNE, PESCADO O DE CRUSTACEOS, MOLUSCOS O "|2|37531.61|167936.8
97|91|"BS.AS. NORTE"|16|"PREPARACIONES DE CARNE, PESCADO O DE CRUSTACEOS, MOLUSCOS O "|5|77875.62|245097.59
98|91|"BS.AS. NORTE"|16|"PREPARACIONES DE CARNE, PESCADO O DE CRUSTACEOS, MOLUSCOS O "|3|36998.98|101597.31
99|91|"BS.AS. NORTE"|16|"PREPARACIONES DE CARNE, PESCADO O DE CRUSTACEOS, MOLUSCOS O "|7|119386.31|401299.51
100|91|"BS.AS. NORTE"|16|"PREPARACIONES DE CARNE, PESCADO O DE CRUSTACEOS, MOLUSCOS O "|1|23996.71|63291.32
103|91|"BS.AS. NORTE"|16|"PREPARACIONES DE CARNE, PESCADO O DE CRUSTACEOS, MOLUSCOS O "|14|195230|801925.07
104|91|"BS.AS. NORTE"|16|"PREPARACIONES DE CARNE, PESCADO O DE CRUSTACEOS, MOLUSCOS O "|4|74560|201687.79
