"semana"|"aduana"|"aduana_desc"|"mercaderia"|"mercaderia_desc"|"cantidad"|"kilos"|"importe"
68|92|"BS.AS. SUR"|74|"COBRE Y SUS MANUFACTURAS"|2|3969.47|45846.51
69|92|"BS.AS. SUR"|74|"COBRE Y SUS MANUFACTURAS"|13|3202.61|40101.7
70|92|"BS.AS. SUR"|74|"COBRE Y SUS MANUFACTURAS"|14|659.69|27330.55
71|92|"BS.AS. SUR"|74|"COBRE Y SUS MANUFACTURAS"|17|2696.87|37649.96
72|92|"BS.AS. SUR"|74|"COBRE Y SUS MANUFACTURAS"|6|1346.65|26653.09
73|92|"BS.AS. SUR"|74|"COBRE Y SUS MANUFACTURAS"|7|558.21|7668.43
74|92|"BS.AS. SUR"|74|"COBRE Y SUS MANUFACTURAS"|28|3209.56|62416.61
75|92|"BS.AS. SUR"|74|"COBRE Y SUS MANUFACTURAS"|12|2606.22|45681.19
76|92|"BS.AS. SUR"|74|"COBRE Y SUS MANUFACTURAS"|7|463.31|9935.87
77|92|"BS.AS. SUR"|74|"COBRE Y SUS MANUFACTURAS"|12|3792.61|61451.03
78|92|"BS.AS. SUR"|74|"COBRE Y SUS MANUFACTURAS"|8|604.25|10947.19
79|92|"BS.AS. SUR"|74|"COBRE Y SUS MANUFACTURAS"|7|541.89|15590.92
80|92|"BS.AS. SUR"|74|"COBRE Y SUS MANUFACTURAS"|9|1284.07|17653.22
81|92|"BS.AS. SUR"|74|"COBRE Y SUS MANUFACTURAS"|10|4084.5|66907.15
82|92|"BS.AS. SUR"|74|"COBRE Y SUS MANUFACTURAS"|7|7853.33|54948.22
83|92|"BS.AS. SUR"|74|"COBRE Y SUS MANUFACTURAS"|12|1052.38|18676.42
84|92|"BS.AS. SUR"|74|"COBRE Y SUS MANUFACTURAS"|9|585.87|16387.21
85|92|"BS.AS. SUR"|74|"COBRE Y SUS MANUFACTURAS"|8|1432.54|30641.73
86|92|"BS.AS. SUR"|74|"COBRE Y SUS MANUFACTURAS"|8|474.76|24739.97
87|92|"BS.AS. SUR"|74|"COBRE Y SUS MANUFACTURAS"|9|1921.87|44769.32
88|92|"BS.AS. SUR"|74|"COBRE Y SUS MANUFACTURAS"|7|2547.57|31975.28
89|92|"BS.AS. SUR"|74|"COBRE Y SUS MANUFACTURAS"|8|1252.58|17193.56
90|92|"BS.AS. SUR"|74|"COBRE Y SUS MANUFACTURAS"|9|2499.5|45333.74
91|92|"BS.AS. SUR"|74|"COBRE Y SUS MANUFACTURAS"|12|1633.25|77863.97
92|92|"BS.AS. SUR"|74|"COBRE Y SUS MANUFACTURAS"|4|3452.17|41926.61
93|92|"BS.AS. SUR"|74|"COBRE Y SUS MANUFACTURAS"|4|359.11|14664.75
94|92|"BS.AS. SUR"|74|"COBRE Y SUS MANUFACTURAS"|8|280.78|12870.08
95|92|"BS.AS. SUR"|74|"COBRE Y SUS MANUFACTURAS"|12|1886.39|23409.62
96|92|"BS.AS. SUR"|74|"COBRE Y SUS MANUFACTURAS"|15|2165.8|45999.46
97|92|"BS.AS. SUR"|74|"COBRE Y SUS MANUFACTURAS"|4|194.03|17772.88
98|92|"BS.AS. SUR"|74|"COBRE Y SUS MANUFACTURAS"|7|101.63|5089.38
99|92|"BS.AS. SUR"|74|"COBRE Y SUS MANUFACTURAS"|12|916.11|14567.68
100|92|"BS.AS. SUR"|74|"COBRE Y SUS MANUFACTURAS"|1|67.92|2148.94
101|92|"BS.AS. SUR"|74|"COBRE Y SUS MANUFACTURAS"|1|36|335.13
102|92|"BS.AS. SUR"|74|"COBRE Y SUS MANUFACTURAS"|8|20568.99|149488.12
103|92|"BS.AS. SUR"|74|"COBRE Y SUS MANUFACTURAS"|6|137.67|6061.87
104|92|"BS.AS. SUR"|74|"COBRE Y SUS MANUFACTURAS"|9|342.1|10999.4
