"semana"|"aduana"|"aduana_desc"|"mercaderia"|"mercaderia_desc"|"cantidad"|"kilos"|"importe"
6|88|"GENERAL DEHEZA"|9|"CAFE, TE, YERBA MATE Y ESPECIAS"|2|60000|87880
7|88|"GENERAL DEHEZA"|9|"CAFE, TE, YERBA MATE Y ESPECIAS"|1|20000|26400
18|88|"GENERAL DEHEZA"|9|"CAFE, TE, YERBA MATE Y ESPECIAS"|2|40000|62600
22|88|"GENERAL DEHEZA"|9|"CAFE, TE, YERBA MATE Y ESPECIAS"|1|20000|24000
54|88|"GENERAL DEHEZA"|9|"CAFE, TE, YERBA MATE Y ESPECIAS"|3|80000|116700
55|88|"GENERAL DEHEZA"|9|"CAFE, TE, YERBA MATE Y ESPECIAS"|2|60000|85950
57|88|"GENERAL DEHEZA"|9|"CAFE, TE, YERBA MATE Y ESPECIAS"|1|40000|54500
60|88|"GENERAL DEHEZA"|9|"CAFE, TE, YERBA MATE Y ESPECIAS"|2|110000|142950
61|88|"GENERAL DEHEZA"|9|"CAFE, TE, YERBA MATE Y ESPECIAS"|1|20000|30950
64|88|"GENERAL DEHEZA"|9|"CAFE, TE, YERBA MATE Y ESPECIAS"|1|40000|52200
66|88|"GENERAL DEHEZA"|9|"CAFE, TE, YERBA MATE Y ESPECIAS"|1|40000|46700
68|88|"GENERAL DEHEZA"|9|"CAFE, TE, YERBA MATE Y ESPECIAS"|1|39070|45614.23
76|88|"GENERAL DEHEZA"|9|"CAFE, TE, YERBA MATE Y ESPECIAS"|1|44000|47820.08
79|88|"GENERAL DEHEZA"|9|"CAFE, TE, YERBA MATE Y ESPECIAS"|3|62000|66546.44
81|88|"GENERAL DEHEZA"|9|"CAFE, TE, YERBA MATE Y ESPECIAS"|3|8000|9175.91
95|88|"GENERAL DEHEZA"|9|"CAFE, TE, YERBA MATE Y ESPECIAS"|1|396|1995.84
104|88|"GENERAL DEHEZA"|9|"CAFE, TE, YERBA MATE Y ESPECIAS"|1|20000|16350
