"semana"|"aduana"|"aduana_desc"|"mercaderia"|"mercaderia_desc"|"cantidad"|"kilos"|"importe"
2|84|"SANTO TOME"|40|"CAUCHO Y SUS MANUFACTURAS"|8|223.5|4998.91
3|84|"SANTO TOME"|40|"CAUCHO Y SUS MANUFACTURAS"|1|23.22|528
4|84|"SANTO TOME"|40|"CAUCHO Y SUS MANUFACTURAS"|3|145.5|5697
5|84|"SANTO TOME"|40|"CAUCHO Y SUS MANUFACTURAS"|2|51.4|570.5
6|84|"SANTO TOME"|40|"CAUCHO Y SUS MANUFACTURAS"|5|401.13|10513.32
7|84|"SANTO TOME"|40|"CAUCHO Y SUS MANUFACTURAS"|3|36.53|1561.2
8|84|"SANTO TOME"|40|"CAUCHO Y SUS MANUFACTURAS"|5|199.39|7861.48
9|84|"SANTO TOME"|40|"CAUCHO Y SUS MANUFACTURAS"|2|33.27|2393.28
10|84|"SANTO TOME"|40|"CAUCHO Y SUS MANUFACTURAS"|3|184.93|11310.62
11|84|"SANTO TOME"|40|"CAUCHO Y SUS MANUFACTURAS"|1|29.35|836
12|84|"SANTO TOME"|40|"CAUCHO Y SUS MANUFACTURAS"|1|129.72|2976.48
14|84|"SANTO TOME"|40|"CAUCHO Y SUS MANUFACTURAS"|5|281.37|6812.8
15|84|"SANTO TOME"|40|"CAUCHO Y SUS MANUFACTURAS"|2|27|2443.2
16|84|"SANTO TOME"|40|"CAUCHO Y SUS MANUFACTURAS"|3|113.53|8442.59
17|84|"SANTO TOME"|40|"CAUCHO Y SUS MANUFACTURAS"|2|57.56|5388.03
18|84|"SANTO TOME"|40|"CAUCHO Y SUS MANUFACTURAS"|1|78.85|5593.44
20|84|"SANTO TOME"|40|"CAUCHO Y SUS MANUFACTURAS"|1|8.1|726
21|84|"SANTO TOME"|40|"CAUCHO Y SUS MANUFACTURAS"|4|62.12|5092.9
22|84|"SANTO TOME"|40|"CAUCHO Y SUS MANUFACTURAS"|4|54.44|3815.26
23|84|"SANTO TOME"|40|"CAUCHO Y SUS MANUFACTURAS"|4|82.74|5746.79
24|84|"SANTO TOME"|40|"CAUCHO Y SUS MANUFACTURAS"|2|36.89|2825.76
25|84|"SANTO TOME"|40|"CAUCHO Y SUS MANUFACTURAS"|2|23836.5|78510.8
26|84|"SANTO TOME"|40|"CAUCHO Y SUS MANUFACTURAS"|3|56.91|4416.48
27|84|"SANTO TOME"|40|"CAUCHO Y SUS MANUFACTURAS"|2|56.69|4307.76
28|84|"SANTO TOME"|40|"CAUCHO Y SUS MANUFACTURAS"|4|143.51|9813.93
29|84|"SANTO TOME"|40|"CAUCHO Y SUS MANUFACTURAS"|3|84.5|3000.8
30|84|"SANTO TOME"|40|"CAUCHO Y SUS MANUFACTURAS"|3|56.41|4134.66
31|84|"SANTO TOME"|40|"CAUCHO Y SUS MANUFACTURAS"|3|82.19|5812.2
32|84|"SANTO TOME"|40|"CAUCHO Y SUS MANUFACTURAS"|2|47.69|3574.56
33|84|"SANTO TOME"|40|"CAUCHO Y SUS MANUFACTURAS"|1|74.68|5804.52
34|84|"SANTO TOME"|40|"CAUCHO Y SUS MANUFACTURAS"|3|290.29|8720.98
35|84|"SANTO TOME"|40|"CAUCHO Y SUS MANUFACTURAS"|3|334.38|4022.16
36|84|"SANTO TOME"|40|"CAUCHO Y SUS MANUFACTURAS"|2|259.01|2886
37|84|"SANTO TOME"|40|"CAUCHO Y SUS MANUFACTURAS"|3|585.16|8977.9
38|84|"SANTO TOME"|40|"CAUCHO Y SUS MANUFACTURAS"|3|373.71|5858
39|84|"SANTO TOME"|40|"CAUCHO Y SUS MANUFACTURAS"|1|391.11|4251.72
40|84|"SANTO TOME"|40|"CAUCHO Y SUS MANUFACTURAS"|4|492.19|5904.52
41|84|"SANTO TOME"|40|"CAUCHO Y SUS MANUFACTURAS"|2|204.69|2406.6
42|84|"SANTO TOME"|40|"CAUCHO Y SUS MANUFACTURAS"|2|231.08|4900.56
43|84|"SANTO TOME"|40|"CAUCHO Y SUS MANUFACTURAS"|4|23615.25|98103.8
44|84|"SANTO TOME"|40|"CAUCHO Y SUS MANUFACTURAS"|4|93.18|6820.98
45|84|"SANTO TOME"|40|"CAUCHO Y SUS MANUFACTURAS"|4|132.45|7855.82
46|84|"SANTO TOME"|40|"CAUCHO Y SUS MANUFACTURAS"|1|32.33|2840.76
47|84|"SANTO TOME"|40|"CAUCHO Y SUS MANUFACTURAS"|1|62.99|4701.96
48|84|"SANTO TOME"|40|"CAUCHO Y SUS MANUFACTURAS"|1|53.69|4046.76
49|84|"SANTO TOME"|40|"CAUCHO Y SUS MANUFACTURAS"|1|45.26|3411.48
50|84|"SANTO TOME"|40|"CAUCHO Y SUS MANUFACTURAS"|2|20919.25|90538.2
51|84|"SANTO TOME"|40|"CAUCHO Y SUS MANUFACTURAS"|1|77.7|5397.6
55|84|"SANTO TOME"|40|"CAUCHO Y SUS MANUFACTURAS"|1|51.1|5757
56|84|"SANTO TOME"|40|"CAUCHO Y SUS MANUFACTURAS"|1|20.1|1404
57|84|"SANTO TOME"|40|"CAUCHO Y SUS MANUFACTURAS"|2|24655.8|91887.48
58|84|"SANTO TOME"|40|"CAUCHO Y SUS MANUFACTURAS"|1|63.58|5109.72
60|84|"SANTO TOME"|40|"CAUCHO Y SUS MANUFACTURAS"|2|58.15|5393.7
61|84|"SANTO TOME"|40|"CAUCHO Y SUS MANUFACTURAS"|1|32.4|2464.8
62|84|"SANTO TOME"|40|"CAUCHO Y SUS MANUFACTURAS"|5|180.85|9246.25
63|84|"SANTO TOME"|40|"CAUCHO Y SUS MANUFACTURAS"|2|25670.8|94384.72
64|84|"SANTO TOME"|40|"CAUCHO Y SUS MANUFACTURAS"|1|54.4|3971.8
65|84|"SANTO TOME"|40|"CAUCHO Y SUS MANUFACTURAS"|4|95.1|8468.74
66|84|"SANTO TOME"|40|"CAUCHO Y SUS MANUFACTURAS"|1|4305|12226.2
67|84|"SANTO TOME"|40|"CAUCHO Y SUS MANUFACTURAS"|1|24.6|1782.6
68|84|"SANTO TOME"|40|"CAUCHO Y SUS MANUFACTURAS"|2|81.53|6308.16
69|84|"SANTO TOME"|40|"CAUCHO Y SUS MANUFACTURAS"|2|22690.8|76795.2
71|84|"SANTO TOME"|40|"CAUCHO Y SUS MANUFACTURAS"|1|44.39|3264.6
72|84|"SANTO TOME"|40|"CAUCHO Y SUS MANUFACTURAS"|2|69.59|7003.76
74|84|"SANTO TOME"|40|"CAUCHO Y SUS MANUFACTURAS"|3|42.19|2361.58
75|84|"SANTO TOME"|40|"CAUCHO Y SUS MANUFACTURAS"|1|32|2334.8
76|84|"SANTO TOME"|40|"CAUCHO Y SUS MANUFACTURAS"|2|84.55|6435.84
80|84|"SANTO TOME"|40|"CAUCHO Y SUS MANUFACTURAS"|2|37.59|2911.86
81|84|"SANTO TOME"|40|"CAUCHO Y SUS MANUFACTURAS"|2|83.78|6284.92
82|84|"SANTO TOME"|40|"CAUCHO Y SUS MANUFACTURAS"|1|39.59|3139.86
83|84|"SANTO TOME"|40|"CAUCHO Y SUS MANUFACTURAS"|1|16.3|1540.8
84|84|"SANTO TOME"|40|"CAUCHO Y SUS MANUFACTURAS"|1|29.98|2395.2
86|84|"SANTO TOME"|40|"CAUCHO Y SUS MANUFACTURAS"|3|75.49|5497.6
87|84|"SANTO TOME"|40|"CAUCHO Y SUS MANUFACTURAS"|1|29.9|2165
88|84|"SANTO TOME"|40|"CAUCHO Y SUS MANUFACTURAS"|2|39|3545
89|84|"SANTO TOME"|40|"CAUCHO Y SUS MANUFACTURAS"|1|28.5|2045
91|84|"SANTO TOME"|40|"CAUCHO Y SUS MANUFACTURAS"|1|14|1080
92|84|"SANTO TOME"|40|"CAUCHO Y SUS MANUFACTURAS"|2|61.79|4862.6
94|84|"SANTO TOME"|40|"CAUCHO Y SUS MANUFACTURAS"|3|78.98|7390.2
95|84|"SANTO TOME"|40|"CAUCHO Y SUS MANUFACTURAS"|1|33.9|2285
96|84|"SANTO TOME"|40|"CAUCHO Y SUS MANUFACTURAS"|1|25.08|1800.2
97|84|"SANTO TOME"|40|"CAUCHO Y SUS MANUFACTURAS"|1|56.78|4445.2
98|84|"SANTO TOME"|40|"CAUCHO Y SUS MANUFACTURAS"|1|30.3|2045
99|84|"SANTO TOME"|40|"CAUCHO Y SUS MANUFACTURAS"|1|26.4|1930
101|84|"SANTO TOME"|40|"CAUCHO Y SUS MANUFACTURAS"|2|28.1|2230
102|84|"SANTO TOME"|40|"CAUCHO Y SUS MANUFACTURAS"|1|49.88|3600.2
