"semana"|"aduana"|"aduana_desc"|"mercaderia"|"mercaderia_desc"|"cantidad"|"kilos"|"importe"
1|83|"SAN LUIS"|18|"CACAO Y SUS PREPARACIONES"|6|49967.5|388269.81
2|83|"SAN LUIS"|18|"CACAO Y SUS PREPARACIONES"|16|153639.04|1025089.09
3|83|"SAN LUIS"|18|"CACAO Y SUS PREPARACIONES"|2|20287.68|156847.22
4|83|"SAN LUIS"|18|"CACAO Y SUS PREPARACIONES"|6|39541.8|188196.7
9|83|"SAN LUIS"|18|"CACAO Y SUS PREPARACIONES"|1|927.36|8803.2
12|83|"SAN LUIS"|18|"CACAO Y SUS PREPARACIONES"|1|2163.84|16464
13|83|"SAN LUIS"|18|"CACAO Y SUS PREPARACIONES"|1|364.32|3458.4
17|83|"SAN LUIS"|18|"CACAO Y SUS PREPARACIONES"|1|935.01|953.7
19|83|"SAN LUIS"|18|"CACAO Y SUS PREPARACIONES"|1|3709.44|28224
20|83|"SAN LUIS"|18|"CACAO Y SUS PREPARACIONES"|1|618.24|5129.6
21|83|"SAN LUIS"|18|"CACAO Y SUS PREPARACIONES"|1|1870.01|1907.4
22|83|"SAN LUIS"|18|"CACAO Y SUS PREPARACIONES"|1|927.36|8803.2
25|83|"SAN LUIS"|18|"CACAO Y SUS PREPARACIONES"|1|358.8|2372.2
29|83|"SAN LUIS"|18|"CACAO Y SUS PREPARACIONES"|1|309.12|1960
33|83|"SAN LUIS"|18|"CACAO Y SUS PREPARACIONES"|1|2472.96|18816
35|83|"SAN LUIS"|18|"CACAO Y SUS PREPARACIONES"|1|1236.48|11737.6
37|83|"SAN LUIS"|18|"CACAO Y SUS PREPARACIONES"|1|309.12|2352
39|83|"SAN LUIS"|18|"CACAO Y SUS PREPARACIONES"|1|618.24|4704
42|83|"SAN LUIS"|18|"CACAO Y SUS PREPARACIONES"|2|1545.6|13507.2
44|83|"SAN LUIS"|18|"CACAO Y SUS PREPARACIONES"|1|935|953.7
46|83|"SAN LUIS"|18|"CACAO Y SUS PREPARACIONES"|2|1545.6|12924.8
48|83|"SAN LUIS"|18|"CACAO Y SUS PREPARACIONES"|1|11243.52|55397.76
50|83|"SAN LUIS"|18|"CACAO Y SUS PREPARACIONES"|9|95575.44|714855.06
51|83|"SAN LUIS"|18|"CACAO Y SUS PREPARACIONES"|8|69692.45|518836.08
54|83|"SAN LUIS"|18|"CACAO Y SUS PREPARACIONES"|1|618.24|5868.8
55|83|"SAN LUIS"|18|"CACAO Y SUS PREPARACIONES"|1|618.24|4704
58|83|"SAN LUIS"|18|"CACAO Y SUS PREPARACIONES"|2|2163.84|15635.2
59|83|"SAN LUIS"|18|"CACAO Y SUS PREPARACIONES"|1|309.12|2934.4
60|83|"SAN LUIS"|18|"CACAO Y SUS PREPARACIONES"|1|618.24|4704
61|83|"SAN LUIS"|18|"CACAO Y SUS PREPARACIONES"|1|935|953.7
62|83|"SAN LUIS"|18|"CACAO Y SUS PREPARACIONES"|1|618.24|5868.8
63|83|"SAN LUIS"|18|"CACAO Y SUS PREPARACIONES"|1|309.12|2352
65|83|"SAN LUIS"|18|"CACAO Y SUS PREPARACIONES"|1|927.36|7056
66|83|"SAN LUIS"|18|"CACAO Y SUS PREPARACIONES"|1|618.24|5868.8
67|83|"SAN LUIS"|18|"CACAO Y SUS PREPARACIONES"|1|309.12|2352
69|83|"SAN LUIS"|18|"CACAO Y SUS PREPARACIONES"|1|935|953.7
73|83|"SAN LUIS"|18|"CACAO Y SUS PREPARACIONES"|1|618.24|4704
74|83|"SAN LUIS"|18|"CACAO Y SUS PREPARACIONES"|1|935|953.7
79|83|"SAN LUIS"|18|"CACAO Y SUS PREPARACIONES"|1|309.12|2934.4
80|83|"SAN LUIS"|18|"CACAO Y SUS PREPARACIONES"|1|1545.6|11760
81|83|"SAN LUIS"|18|"CACAO Y SUS PREPARACIONES"|1|935|953.7
83|83|"SAN LUIS"|18|"CACAO Y SUS PREPARACIONES"|1|618.24|5868.8
86|83|"SAN LUIS"|18|"CACAO Y SUS PREPARACIONES"|2|1236.48|9990.4
88|83|"SAN LUIS"|18|"CACAO Y SUS PREPARACIONES"|1|309.12|2273.6
90|83|"SAN LUIS"|18|"CACAO Y SUS PREPARACIONES"|1|935|991.1
95|83|"SAN LUIS"|18|"CACAO Y SUS PREPARACIONES"|1|935|991.1
96|83|"SAN LUIS"|18|"CACAO Y SUS PREPARACIONES"|1|4018.56|25188.8
98|83|"SAN LUIS"|18|"CACAO Y SUS PREPARACIONES"|1|1545.6|11760
100|83|"SAN LUIS"|18|"CACAO Y SUS PREPARACIONES"|2|3098.84|21531.9
102|83|"SAN LUIS"|18|"CACAO Y SUS PREPARACIONES"|2|1244.12|3343.1
