"semana"|"aduana"|"aduana_desc"|"mercaderia"|"mercaderia_desc"|"cantidad"|"kilos"|"importe"
1|88|"GENERAL DEHEZA"|12|"SEMILLAS Y FRUTOS OLEAGINOSOS; SEMILLAS Y FRUTOS DIVERSOS; P"|97|5951217.24|7497372.11
2|88|"GENERAL DEHEZA"|12|"SEMILLAS Y FRUTOS OLEAGINOSOS; SEMILLAS Y FRUTOS DIVERSOS; P"|121|8135788.72|10409664.52
3|88|"GENERAL DEHEZA"|12|"SEMILLAS Y FRUTOS OLEAGINOSOS; SEMILLAS Y FRUTOS DIVERSOS; P"|60|3502880.12|4270364.22
4|88|"GENERAL DEHEZA"|12|"SEMILLAS Y FRUTOS OLEAGINOSOS; SEMILLAS Y FRUTOS DIVERSOS; P"|95|5337813.37|6703680.96
5|88|"GENERAL DEHEZA"|12|"SEMILLAS Y FRUTOS OLEAGINOSOS; SEMILLAS Y FRUTOS DIVERSOS; P"|79|4115507.65|5124028.69
6|88|"GENERAL DEHEZA"|12|"SEMILLAS Y FRUTOS OLEAGINOSOS; SEMILLAS Y FRUTOS DIVERSOS; P"|48|3033767.44|3820892.79
7|88|"GENERAL DEHEZA"|12|"SEMILLAS Y FRUTOS OLEAGINOSOS; SEMILLAS Y FRUTOS DIVERSOS; P"|45|2059787.43|2592094.41
8|88|"GENERAL DEHEZA"|12|"SEMILLAS Y FRUTOS OLEAGINOSOS; SEMILLAS Y FRUTOS DIVERSOS; P"|93|5724553.72|6766646.48
9|88|"GENERAL DEHEZA"|12|"SEMILLAS Y FRUTOS OLEAGINOSOS; SEMILLAS Y FRUTOS DIVERSOS; P"|41|2297090|2918622.29
10|88|"GENERAL DEHEZA"|12|"SEMILLAS Y FRUTOS OLEAGINOSOS; SEMILLAS Y FRUTOS DIVERSOS; P"|42|2656290|3353882.7
11|88|"GENERAL DEHEZA"|12|"SEMILLAS Y FRUTOS OLEAGINOSOS; SEMILLAS Y FRUTOS DIVERSOS; P"|49|2791355.94|3489632.83
12|88|"GENERAL DEHEZA"|12|"SEMILLAS Y FRUTOS OLEAGINOSOS; SEMILLAS Y FRUTOS DIVERSOS; P"|33|1970158.55|2434442.47
13|88|"GENERAL DEHEZA"|12|"SEMILLAS Y FRUTOS OLEAGINOSOS; SEMILLAS Y FRUTOS DIVERSOS; P"|70|4757850|5862744.33
14|88|"GENERAL DEHEZA"|12|"SEMILLAS Y FRUTOS OLEAGINOSOS; SEMILLAS Y FRUTOS DIVERSOS; P"|36|2486845|3170267.06
15|88|"GENERAL DEHEZA"|12|"SEMILLAS Y FRUTOS OLEAGINOSOS; SEMILLAS Y FRUTOS DIVERSOS; P"|46|2526740|3010456.76
16|88|"GENERAL DEHEZA"|12|"SEMILLAS Y FRUTOS OLEAGINOSOS; SEMILLAS Y FRUTOS DIVERSOS; P"|34|1777960|2092882.59
17|88|"GENERAL DEHEZA"|12|"SEMILLAS Y FRUTOS OLEAGINOSOS; SEMILLAS Y FRUTOS DIVERSOS; P"|50|2438710|3012261.53
18|88|"GENERAL DEHEZA"|12|"SEMILLAS Y FRUTOS OLEAGINOSOS; SEMILLAS Y FRUTOS DIVERSOS; P"|75|5228605.26|6464562.8
19|88|"GENERAL DEHEZA"|12|"SEMILLAS Y FRUTOS OLEAGINOSOS; SEMILLAS Y FRUTOS DIVERSOS; P"|29|1376826.95|1590804.83
20|88|"GENERAL DEHEZA"|12|"SEMILLAS Y FRUTOS OLEAGINOSOS; SEMILLAS Y FRUTOS DIVERSOS; P"|47|2644354.8|3176507.13
21|88|"GENERAL DEHEZA"|12|"SEMILLAS Y FRUTOS OLEAGINOSOS; SEMILLAS Y FRUTOS DIVERSOS; P"|51|3036218.15|3644650.81
22|88|"GENERAL DEHEZA"|12|"SEMILLAS Y FRUTOS OLEAGINOSOS; SEMILLAS Y FRUTOS DIVERSOS; P"|61|4185430.95|4350422.01
23|88|"GENERAL DEHEZA"|12|"SEMILLAS Y FRUTOS OLEAGINOSOS; SEMILLAS Y FRUTOS DIVERSOS; P"|67|4491735.2|4877502.16
24|88|"GENERAL DEHEZA"|12|"SEMILLAS Y FRUTOS OLEAGINOSOS; SEMILLAS Y FRUTOS DIVERSOS; P"|94|5560798.7|6634787.69
25|88|"GENERAL DEHEZA"|12|"SEMILLAS Y FRUTOS OLEAGINOSOS; SEMILLAS Y FRUTOS DIVERSOS; P"|55|3376621.59|3895584.56
26|88|"GENERAL DEHEZA"|12|"SEMILLAS Y FRUTOS OLEAGINOSOS; SEMILLAS Y FRUTOS DIVERSOS; P"|77|4792935.86|5315535.28
27|88|"GENERAL DEHEZA"|12|"SEMILLAS Y FRUTOS OLEAGINOSOS; SEMILLAS Y FRUTOS DIVERSOS; P"|122|7726932.56|8850697.69
28|88|"GENERAL DEHEZA"|12|"SEMILLAS Y FRUTOS OLEAGINOSOS; SEMILLAS Y FRUTOS DIVERSOS; P"|80|4470863.26|5130324.71
29|88|"GENERAL DEHEZA"|12|"SEMILLAS Y FRUTOS OLEAGINOSOS; SEMILLAS Y FRUTOS DIVERSOS; P"|149|9107435.55|10066956.03
30|88|"GENERAL DEHEZA"|12|"SEMILLAS Y FRUTOS OLEAGINOSOS; SEMILLAS Y FRUTOS DIVERSOS; P"|145|8947266.28|9064144.99
31|88|"GENERAL DEHEZA"|12|"SEMILLAS Y FRUTOS OLEAGINOSOS; SEMILLAS Y FRUTOS DIVERSOS; P"|128|7215061.24|8309152.58
32|88|"GENERAL DEHEZA"|12|"SEMILLAS Y FRUTOS OLEAGINOSOS; SEMILLAS Y FRUTOS DIVERSOS; P"|141|9575706.28|10005731.64
33|88|"GENERAL DEHEZA"|12|"SEMILLAS Y FRUTOS OLEAGINOSOS; SEMILLAS Y FRUTOS DIVERSOS; P"|145|9513377.56|10511031.05
34|88|"GENERAL DEHEZA"|12|"SEMILLAS Y FRUTOS OLEAGINOSOS; SEMILLAS Y FRUTOS DIVERSOS; P"|172|10740264.7|11764517.13
35|88|"GENERAL DEHEZA"|12|"SEMILLAS Y FRUTOS OLEAGINOSOS; SEMILLAS Y FRUTOS DIVERSOS; P"|135|9182112.28|10197251.07
36|88|"GENERAL DEHEZA"|12|"SEMILLAS Y FRUTOS OLEAGINOSOS; SEMILLAS Y FRUTOS DIVERSOS; P"|145|8989726.45|9572530.99
37|88|"GENERAL DEHEZA"|12|"SEMILLAS Y FRUTOS OLEAGINOSOS; SEMILLAS Y FRUTOS DIVERSOS; P"|179|11286516.32|11873812.73
38|88|"GENERAL DEHEZA"|12|"SEMILLAS Y FRUTOS OLEAGINOSOS; SEMILLAS Y FRUTOS DIVERSOS; P"|121|9018458.66|9400793.84
39|88|"GENERAL DEHEZA"|12|"SEMILLAS Y FRUTOS OLEAGINOSOS; SEMILLAS Y FRUTOS DIVERSOS; P"|144|8233085.39|8885583.95
40|88|"GENERAL DEHEZA"|12|"SEMILLAS Y FRUTOS OLEAGINOSOS; SEMILLAS Y FRUTOS DIVERSOS; P"|122|8149814.1|8683422.85
41|88|"GENERAL DEHEZA"|12|"SEMILLAS Y FRUTOS OLEAGINOSOS; SEMILLAS Y FRUTOS DIVERSOS; P"|145|8909787.72|9024541.51
42|88|"GENERAL DEHEZA"|12|"SEMILLAS Y FRUTOS OLEAGINOSOS; SEMILLAS Y FRUTOS DIVERSOS; P"|157|7887602.01|8977704.35
43|88|"GENERAL DEHEZA"|12|"SEMILLAS Y FRUTOS OLEAGINOSOS; SEMILLAS Y FRUTOS DIVERSOS; P"|129|7319476.29|7894051.36
44|88|"GENERAL DEHEZA"|12|"SEMILLAS Y FRUTOS OLEAGINOSOS; SEMILLAS Y FRUTOS DIVERSOS; P"|150|9474257.85|9458228.47
45|88|"GENERAL DEHEZA"|12|"SEMILLAS Y FRUTOS OLEAGINOSOS; SEMILLAS Y FRUTOS DIVERSOS; P"|94|5481876.89|6142709.32
46|88|"GENERAL DEHEZA"|12|"SEMILLAS Y FRUTOS OLEAGINOSOS; SEMILLAS Y FRUTOS DIVERSOS; P"|110|5846890.17|6478603.52
47|88|"GENERAL DEHEZA"|12|"SEMILLAS Y FRUTOS OLEAGINOSOS; SEMILLAS Y FRUTOS DIVERSOS; P"|126|7271288.44|7783526.11
48|88|"GENERAL DEHEZA"|12|"SEMILLAS Y FRUTOS OLEAGINOSOS; SEMILLAS Y FRUTOS DIVERSOS; P"|124|7039424.58|7870737.35
49|88|"GENERAL DEHEZA"|12|"SEMILLAS Y FRUTOS OLEAGINOSOS; SEMILLAS Y FRUTOS DIVERSOS; P"|141|7902366.82|9373609.7
50|88|"GENERAL DEHEZA"|12|"SEMILLAS Y FRUTOS OLEAGINOSOS; SEMILLAS Y FRUTOS DIVERSOS; P"|136|7538460.73|8720283.57
51|88|"GENERAL DEHEZA"|12|"SEMILLAS Y FRUTOS OLEAGINOSOS; SEMILLAS Y FRUTOS DIVERSOS; P"|129|7465966.62|9012912.83
52|88|"GENERAL DEHEZA"|12|"SEMILLAS Y FRUTOS OLEAGINOSOS; SEMILLAS Y FRUTOS DIVERSOS; P"|13|919444.4|1166816.52
53|88|"GENERAL DEHEZA"|12|"SEMILLAS Y FRUTOS OLEAGINOSOS; SEMILLAS Y FRUTOS DIVERSOS; P"|87|4289937.22|4670990.35
54|88|"GENERAL DEHEZA"|12|"SEMILLAS Y FRUTOS OLEAGINOSOS; SEMILLAS Y FRUTOS DIVERSOS; P"|122|7777450.47|8810208.49
55|88|"GENERAL DEHEZA"|12|"SEMILLAS Y FRUTOS OLEAGINOSOS; SEMILLAS Y FRUTOS DIVERSOS; P"|72|5055556.04|5960290.64
56|88|"GENERAL DEHEZA"|12|"SEMILLAS Y FRUTOS OLEAGINOSOS; SEMILLAS Y FRUTOS DIVERSOS; P"|107|6686492.99|7849589.01
57|88|"GENERAL DEHEZA"|12|"SEMILLAS Y FRUTOS OLEAGINOSOS; SEMILLAS Y FRUTOS DIVERSOS; P"|78|4388011.7|5004237.33
58|88|"GENERAL DEHEZA"|12|"SEMILLAS Y FRUTOS OLEAGINOSOS; SEMILLAS Y FRUTOS DIVERSOS; P"|119|7170245.34|8736647.78
59|88|"GENERAL DEHEZA"|12|"SEMILLAS Y FRUTOS OLEAGINOSOS; SEMILLAS Y FRUTOS DIVERSOS; P"|50|3015798.4|3328557.38
60|88|"GENERAL DEHEZA"|12|"SEMILLAS Y FRUTOS OLEAGINOSOS; SEMILLAS Y FRUTOS DIVERSOS; P"|147|8386475.1|9714468.19
61|88|"GENERAL DEHEZA"|12|"SEMILLAS Y FRUTOS OLEAGINOSOS; SEMILLAS Y FRUTOS DIVERSOS; P"|67|3754972.2|4064634.17
62|88|"GENERAL DEHEZA"|12|"SEMILLAS Y FRUTOS OLEAGINOSOS; SEMILLAS Y FRUTOS DIVERSOS; P"|98|5903764.2|6555201.54
63|88|"GENERAL DEHEZA"|12|"SEMILLAS Y FRUTOS OLEAGINOSOS; SEMILLAS Y FRUTOS DIVERSOS; P"|60|3063324|3774010.76
64|88|"GENERAL DEHEZA"|12|"SEMILLAS Y FRUTOS OLEAGINOSOS; SEMILLAS Y FRUTOS DIVERSOS; P"|47|2276894|2760853.39
65|88|"GENERAL DEHEZA"|12|"SEMILLAS Y FRUTOS OLEAGINOSOS; SEMILLAS Y FRUTOS DIVERSOS; P"|49|2338676|2815769
66|88|"GENERAL DEHEZA"|12|"SEMILLAS Y FRUTOS OLEAGINOSOS; SEMILLAS Y FRUTOS DIVERSOS; P"|53|4246692|3296395.59
67|88|"GENERAL DEHEZA"|12|"SEMILLAS Y FRUTOS OLEAGINOSOS; SEMILLAS Y FRUTOS DIVERSOS; P"|72|3698576|4043661.22
68|88|"GENERAL DEHEZA"|12|"SEMILLAS Y FRUTOS OLEAGINOSOS; SEMILLAS Y FRUTOS DIVERSOS; P"|97|6269568.87|6802406.88
69|88|"GENERAL DEHEZA"|12|"SEMILLAS Y FRUTOS OLEAGINOSOS; SEMILLAS Y FRUTOS DIVERSOS; P"|96|6720032.8|6939483.32
70|88|"GENERAL DEHEZA"|12|"SEMILLAS Y FRUTOS OLEAGINOSOS; SEMILLAS Y FRUTOS DIVERSOS; P"|70|4434731.3|5284399.19
71|88|"GENERAL DEHEZA"|12|"SEMILLAS Y FRUTOS OLEAGINOSOS; SEMILLAS Y FRUTOS DIVERSOS; P"|66|3647076.4|4157995.97
72|88|"GENERAL DEHEZA"|12|"SEMILLAS Y FRUTOS OLEAGINOSOS; SEMILLAS Y FRUTOS DIVERSOS; P"|98|8901521.49|8369015.14
73|88|"GENERAL DEHEZA"|12|"SEMILLAS Y FRUTOS OLEAGINOSOS; SEMILLAS Y FRUTOS DIVERSOS; P"|84|4580152.88|5295471.74
74|88|"GENERAL DEHEZA"|12|"SEMILLAS Y FRUTOS OLEAGINOSOS; SEMILLAS Y FRUTOS DIVERSOS; P"|108|7853400.68|8807392.14
75|88|"GENERAL DEHEZA"|12|"SEMILLAS Y FRUTOS OLEAGINOSOS; SEMILLAS Y FRUTOS DIVERSOS; P"|152|8939734.28|9695843.24
76|88|"GENERAL DEHEZA"|12|"SEMILLAS Y FRUTOS OLEAGINOSOS; SEMILLAS Y FRUTOS DIVERSOS; P"|139|8289154.22|8789931.59
77|88|"GENERAL DEHEZA"|12|"SEMILLAS Y FRUTOS OLEAGINOSOS; SEMILLAS Y FRUTOS DIVERSOS; P"|158|9017698.44|9997954.96
78|88|"GENERAL DEHEZA"|12|"SEMILLAS Y FRUTOS OLEAGINOSOS; SEMILLAS Y FRUTOS DIVERSOS; P"|126|8083193.98|9022132.01
79|88|"GENERAL DEHEZA"|12|"SEMILLAS Y FRUTOS OLEAGINOSOS; SEMILLAS Y FRUTOS DIVERSOS; P"|161|10573386.48|11427592.79
80|88|"GENERAL DEHEZA"|12|"SEMILLAS Y FRUTOS OLEAGINOSOS; SEMILLAS Y FRUTOS DIVERSOS; P"|151|11111488.02|12089016.37
81|88|"GENERAL DEHEZA"|12|"SEMILLAS Y FRUTOS OLEAGINOSOS; SEMILLAS Y FRUTOS DIVERSOS; P"|142|9165182.67|9851850.19
82|88|"GENERAL DEHEZA"|12|"SEMILLAS Y FRUTOS OLEAGINOSOS; SEMILLAS Y FRUTOS DIVERSOS; P"|194|12658578.93|13452245.99
83|88|"GENERAL DEHEZA"|12|"SEMILLAS Y FRUTOS OLEAGINOSOS; SEMILLAS Y FRUTOS DIVERSOS; P"|150|10652321.66|11792445.39
84|88|"GENERAL DEHEZA"|12|"SEMILLAS Y FRUTOS OLEAGINOSOS; SEMILLAS Y FRUTOS DIVERSOS; P"|232|17775153.98|19397923.82
85|88|"GENERAL DEHEZA"|12|"SEMILLAS Y FRUTOS OLEAGINOSOS; SEMILLAS Y FRUTOS DIVERSOS; P"|180|11768963.64|12917847.01
86|88|"GENERAL DEHEZA"|12|"SEMILLAS Y FRUTOS OLEAGINOSOS; SEMILLAS Y FRUTOS DIVERSOS; P"|176|15846321.35|17069164.13
87|88|"GENERAL DEHEZA"|12|"SEMILLAS Y FRUTOS OLEAGINOSOS; SEMILLAS Y FRUTOS DIVERSOS; P"|203|14470394.28|15672539.14
88|88|"GENERAL DEHEZA"|12|"SEMILLAS Y FRUTOS OLEAGINOSOS; SEMILLAS Y FRUTOS DIVERSOS; P"|209|15451624.7|16379520.82
89|88|"GENERAL DEHEZA"|12|"SEMILLAS Y FRUTOS OLEAGINOSOS; SEMILLAS Y FRUTOS DIVERSOS; P"|201|14536267.56|15632993.62
90|88|"GENERAL DEHEZA"|12|"SEMILLAS Y FRUTOS OLEAGINOSOS; SEMILLAS Y FRUTOS DIVERSOS; P"|218|13690869.76|14973276.89
91|88|"GENERAL DEHEZA"|12|"SEMILLAS Y FRUTOS OLEAGINOSOS; SEMILLAS Y FRUTOS DIVERSOS; P"|122|7300893.13|7840343.89
92|88|"GENERAL DEHEZA"|12|"SEMILLAS Y FRUTOS OLEAGINOSOS; SEMILLAS Y FRUTOS DIVERSOS; P"|211|11918295.15|12512294.54
93|88|"GENERAL DEHEZA"|12|"SEMILLAS Y FRUTOS OLEAGINOSOS; SEMILLAS Y FRUTOS DIVERSOS; P"|142|9790599.92|10517903.63
94|88|"GENERAL DEHEZA"|12|"SEMILLAS Y FRUTOS OLEAGINOSOS; SEMILLAS Y FRUTOS DIVERSOS; P"|198|11790430.06|12946486.14
95|88|"GENERAL DEHEZA"|12|"SEMILLAS Y FRUTOS OLEAGINOSOS; SEMILLAS Y FRUTOS DIVERSOS; P"|164|10992132.87|11190118.54
96|88|"GENERAL DEHEZA"|12|"SEMILLAS Y FRUTOS OLEAGINOSOS; SEMILLAS Y FRUTOS DIVERSOS; P"|170|10201680.28|10637852.26
97|88|"GENERAL DEHEZA"|12|"SEMILLAS Y FRUTOS OLEAGINOSOS; SEMILLAS Y FRUTOS DIVERSOS; P"|159|10555853.91|11275039.27
98|88|"GENERAL DEHEZA"|12|"SEMILLAS Y FRUTOS OLEAGINOSOS; SEMILLAS Y FRUTOS DIVERSOS; P"|148|9721245.7|9621750.05
99|88|"GENERAL DEHEZA"|12|"SEMILLAS Y FRUTOS OLEAGINOSOS; SEMILLAS Y FRUTOS DIVERSOS; P"|181|11894376.77|12587625.46
100|88|"GENERAL DEHEZA"|12|"SEMILLAS Y FRUTOS OLEAGINOSOS; SEMILLAS Y FRUTOS DIVERSOS; P"|193|13620493.01|14457284.38
101|88|"GENERAL DEHEZA"|12|"SEMILLAS Y FRUTOS OLEAGINOSOS; SEMILLAS Y FRUTOS DIVERSOS; P"|115|7382104.28|7559797.5
102|88|"GENERAL DEHEZA"|12|"SEMILLAS Y FRUTOS OLEAGINOSOS; SEMILLAS Y FRUTOS DIVERSOS; P"|199|12605981|12192934.51
103|88|"GENERAL DEHEZA"|12|"SEMILLAS Y FRUTOS OLEAGINOSOS; SEMILLAS Y FRUTOS DIVERSOS; P"|190|10635634.76|10973709.56
104|88|"GENERAL DEHEZA"|12|"SEMILLAS Y FRUTOS OLEAGINOSOS; SEMILLAS Y FRUTOS DIVERSOS; P"|144|9039235.69|9366217.25
