"semana"|"aduana"|"aduana_desc"|"mercaderia"|"mercaderia_desc"|"cantidad"|"kilos"|"importe"
69|92|"BS.AS. SUR"|67|"PLUMAS Y PLUMON PREPARADOS Y ARTICULOS DE PLUMAS O PLUMON; F"|1|1.55|24.18
74|92|"BS.AS. SUR"|67|"PLUMAS Y PLUMON PREPARADOS Y ARTICULOS DE PLUMAS O PLUMON; F"|1|2.01|14.39
77|92|"BS.AS. SUR"|67|"PLUMAS Y PLUMON PREPARADOS Y ARTICULOS DE PLUMAS O PLUMON; F"|1|0.37|1.49
80|92|"BS.AS. SUR"|67|"PLUMAS Y PLUMON PREPARADOS Y ARTICULOS DE PLUMAS O PLUMON; F"|1|4.1|18.27
87|92|"BS.AS. SUR"|67|"PLUMAS Y PLUMON PREPARADOS Y ARTICULOS DE PLUMAS O PLUMON; F"|1|2|129
95|92|"BS.AS. SUR"|67|"PLUMAS Y PLUMON PREPARADOS Y ARTICULOS DE PLUMAS O PLUMON; F"|1|3.41|14.9
98|92|"BS.AS. SUR"|67|"PLUMAS Y PLUMON PREPARADOS Y ARTICULOS DE PLUMAS O PLUMON; F"|1|0.26|1.49
99|92|"BS.AS. SUR"|67|"PLUMAS Y PLUMON PREPARADOS Y ARTICULOS DE PLUMAS O PLUMON; F"|1|6903.98|230000
103|92|"BS.AS. SUR"|67|"PLUMAS Y PLUMON PREPARADOS Y ARTICULOS DE PLUMAS O PLUMON; F"|1|3.29|13.16
