"semana"|"aduana"|"aduana_desc"|"mercaderia"|"mercaderia_desc"|"cantidad"|"kilos"|"importe"
68|92|"BS.AS. SUR"|4|"LECHE Y PRODUCTOS LACTEOS; HUEVOS DE AVE; MIEL NATURAL; PROD"|19|194239.8|696166.53
69|92|"BS.AS. SUR"|4|"LECHE Y PRODUCTOS LACTEOS; HUEVOS DE AVE; MIEL NATURAL; PROD"|78|1072774.71|3737123.32
70|92|"BS.AS. SUR"|4|"LECHE Y PRODUCTOS LACTEOS; HUEVOS DE AVE; MIEL NATURAL; PROD"|59|1796143.5|5189492.71
71|92|"BS.AS. SUR"|4|"LECHE Y PRODUCTOS LACTEOS; HUEVOS DE AVE; MIEL NATURAL; PROD"|64|3221835.26|8939293.26
72|92|"BS.AS. SUR"|4|"LECHE Y PRODUCTOS LACTEOS; HUEVOS DE AVE; MIEL NATURAL; PROD"|69|1503577.68|5047432.47
73|92|"BS.AS. SUR"|4|"LECHE Y PRODUCTOS LACTEOS; HUEVOS DE AVE; MIEL NATURAL; PROD"|35|1701971|5338268.18
74|92|"BS.AS. SUR"|4|"LECHE Y PRODUCTOS LACTEOS; HUEVOS DE AVE; MIEL NATURAL; PROD"|73|1506206.95|4591705.06
75|92|"BS.AS. SUR"|4|"LECHE Y PRODUCTOS LACTEOS; HUEVOS DE AVE; MIEL NATURAL; PROD"|106|3529274.11|10353724.07
76|92|"BS.AS. SUR"|4|"LECHE Y PRODUCTOS LACTEOS; HUEVOS DE AVE; MIEL NATURAL; PROD"|82|3285455.39|8347117.72
77|92|"BS.AS. SUR"|4|"LECHE Y PRODUCTOS LACTEOS; HUEVOS DE AVE; MIEL NATURAL; PROD"|54|2148599.74|5377353.61
78|92|"BS.AS. SUR"|4|"LECHE Y PRODUCTOS LACTEOS; HUEVOS DE AVE; MIEL NATURAL; PROD"|56|2050165.61|6369966.72
79|92|"BS.AS. SUR"|4|"LECHE Y PRODUCTOS LACTEOS; HUEVOS DE AVE; MIEL NATURAL; PROD"|81|1240029.78|3188253.73
80|92|"BS.AS. SUR"|4|"LECHE Y PRODUCTOS LACTEOS; HUEVOS DE AVE; MIEL NATURAL; PROD"|67|853040.67|2759048.31
81|92|"BS.AS. SUR"|4|"LECHE Y PRODUCTOS LACTEOS; HUEVOS DE AVE; MIEL NATURAL; PROD"|88|3330402.54|8162678.69
82|92|"BS.AS. SUR"|4|"LECHE Y PRODUCTOS LACTEOS; HUEVOS DE AVE; MIEL NATURAL; PROD"|79|992096.45|3157717.98
83|92|"BS.AS. SUR"|4|"LECHE Y PRODUCTOS LACTEOS; HUEVOS DE AVE; MIEL NATURAL; PROD"|41|1551527.08|4777378.19
84|92|"BS.AS. SUR"|4|"LECHE Y PRODUCTOS LACTEOS; HUEVOS DE AVE; MIEL NATURAL; PROD"|97|2496744.53|7040701.53
85|92|"BS.AS. SUR"|4|"LECHE Y PRODUCTOS LACTEOS; HUEVOS DE AVE; MIEL NATURAL; PROD"|57|2066164.35|7181467.86
86|92|"BS.AS. SUR"|4|"LECHE Y PRODUCTOS LACTEOS; HUEVOS DE AVE; MIEL NATURAL; PROD"|97|3938038.66|10270282.58
87|92|"BS.AS. SUR"|4|"LECHE Y PRODUCTOS LACTEOS; HUEVOS DE AVE; MIEL NATURAL; PROD"|71|2052791.77|4945910.76
88|92|"BS.AS. SUR"|4|"LECHE Y PRODUCTOS LACTEOS; HUEVOS DE AVE; MIEL NATURAL; PROD"|82|1487723.3|3911538.03
89|92|"BS.AS. SUR"|4|"LECHE Y PRODUCTOS LACTEOS; HUEVOS DE AVE; MIEL NATURAL; PROD"|76|1951872.31|5023985.54
90|92|"BS.AS. SUR"|4|"LECHE Y PRODUCTOS LACTEOS; HUEVOS DE AVE; MIEL NATURAL; PROD"|93|1818608.33|5453733.84
91|92|"BS.AS. SUR"|4|"LECHE Y PRODUCTOS LACTEOS; HUEVOS DE AVE; MIEL NATURAL; PROD"|44|1996415.84|3226460.92
92|92|"BS.AS. SUR"|4|"LECHE Y PRODUCTOS LACTEOS; HUEVOS DE AVE; MIEL NATURAL; PROD"|148|4102197.12|9329232.7
93|92|"BS.AS. SUR"|4|"LECHE Y PRODUCTOS LACTEOS; HUEVOS DE AVE; MIEL NATURAL; PROD"|65|1655021.38|3664080.65
94|92|"BS.AS. SUR"|4|"LECHE Y PRODUCTOS LACTEOS; HUEVOS DE AVE; MIEL NATURAL; PROD"|80|2299975.19|5001020.84
95|92|"BS.AS. SUR"|4|"LECHE Y PRODUCTOS LACTEOS; HUEVOS DE AVE; MIEL NATURAL; PROD"|63|3201390.26|7797919.56
96|92|"BS.AS. SUR"|4|"LECHE Y PRODUCTOS LACTEOS; HUEVOS DE AVE; MIEL NATURAL; PROD"|87|1703185.31|3547584.33
97|92|"BS.AS. SUR"|4|"LECHE Y PRODUCTOS LACTEOS; HUEVOS DE AVE; MIEL NATURAL; PROD"|97|2138901.21|5010276.47
98|92|"BS.AS. SUR"|4|"LECHE Y PRODUCTOS LACTEOS; HUEVOS DE AVE; MIEL NATURAL; PROD"|52|4018323.43|10373673.73
99|92|"BS.AS. SUR"|4|"LECHE Y PRODUCTOS LACTEOS; HUEVOS DE AVE; MIEL NATURAL; PROD"|73|1348948.84|3715814.95
100|92|"BS.AS. SUR"|4|"LECHE Y PRODUCTOS LACTEOS; HUEVOS DE AVE; MIEL NATURAL; PROD"|48|2950899.1|4910167.67
101|92|"BS.AS. SUR"|4|"LECHE Y PRODUCTOS LACTEOS; HUEVOS DE AVE; MIEL NATURAL; PROD"|27|2794811.43|7882638.99
102|92|"BS.AS. SUR"|4|"LECHE Y PRODUCTOS LACTEOS; HUEVOS DE AVE; MIEL NATURAL; PROD"|97|2852330.21|8698943.65
103|92|"BS.AS. SUR"|4|"LECHE Y PRODUCTOS LACTEOS; HUEVOS DE AVE; MIEL NATURAL; PROD"|122|1569726.84|4498062.71
104|92|"BS.AS. SUR"|4|"LECHE Y PRODUCTOS LACTEOS; HUEVOS DE AVE; MIEL NATURAL; PROD"|14|1560750|4155036.54
