"semana"|"aduana"|"aduana_desc"|"mercaderia"|"mercaderia_desc"|"cantidad"|"kilos"|"importe"
69|91|"BS.AS. NORTE"|73|"MANUFACTURAS DE FUNDICION, HIERRO O ACERO"|95|211592.27|787056.19
70|91|"BS.AS. NORTE"|73|"MANUFACTURAS DE FUNDICION, HIERRO O ACERO"|56|261164.29|524934.29
71|91|"BS.AS. NORTE"|73|"MANUFACTURAS DE FUNDICION, HIERRO O ACERO"|76|223414.23|576269.14
72|91|"BS.AS. NORTE"|73|"MANUFACTURAS DE FUNDICION, HIERRO O ACERO"|101|343628.71|1283712.47
73|91|"BS.AS. NORTE"|73|"MANUFACTURAS DE FUNDICION, HIERRO O ACERO"|54|134093.5|514291.06
74|91|"BS.AS. NORTE"|73|"MANUFACTURAS DE FUNDICION, HIERRO O ACERO"|62|155633.59|407993.48
75|91|"BS.AS. NORTE"|73|"MANUFACTURAS DE FUNDICION, HIERRO O ACERO"|80|252412.38|887845.12
76|91|"BS.AS. NORTE"|73|"MANUFACTURAS DE FUNDICION, HIERRO O ACERO"|98|248673.08|611280.37
77|91|"BS.AS. NORTE"|73|"MANUFACTURAS DE FUNDICION, HIERRO O ACERO"|95|244912.4|640480.7
78|91|"BS.AS. NORTE"|73|"MANUFACTURAS DE FUNDICION, HIERRO O ACERO"|64|239766.99|547460.49
79|91|"BS.AS. NORTE"|73|"MANUFACTURAS DE FUNDICION, HIERRO O ACERO"|58|99007.74|418073.5
80|91|"BS.AS. NORTE"|73|"MANUFACTURAS DE FUNDICION, HIERRO O ACERO"|66|87369.38|312556.48
81|91|"BS.AS. NORTE"|73|"MANUFACTURAS DE FUNDICION, HIERRO O ACERO"|84|321847|1099947.71
82|91|"BS.AS. NORTE"|73|"MANUFACTURAS DE FUNDICION, HIERRO O ACERO"|69|155912.36|735832.36
83|91|"BS.AS. NORTE"|73|"MANUFACTURAS DE FUNDICION, HIERRO O ACERO"|70|262063.81|582727.41
84|91|"BS.AS. NORTE"|73|"MANUFACTURAS DE FUNDICION, HIERRO O ACERO"|79|268284.83|588322.15
85|91|"BS.AS. NORTE"|73|"MANUFACTURAS DE FUNDICION, HIERRO O ACERO"|52|201676.22|815896.01
86|91|"BS.AS. NORTE"|73|"MANUFACTURAS DE FUNDICION, HIERRO O ACERO"|84|156127.38|611185.64
87|91|"BS.AS. NORTE"|73|"MANUFACTURAS DE FUNDICION, HIERRO O ACERO"|78|144374.38|577341.68
88|91|"BS.AS. NORTE"|73|"MANUFACTURAS DE FUNDICION, HIERRO O ACERO"|89|285908.81|915457.18
89|91|"BS.AS. NORTE"|73|"MANUFACTURAS DE FUNDICION, HIERRO O ACERO"|85|143806.01|684814.32
90|91|"BS.AS. NORTE"|73|"MANUFACTURAS DE FUNDICION, HIERRO O ACERO"|101|230149.58|857547.54
91|91|"BS.AS. NORTE"|73|"MANUFACTURAS DE FUNDICION, HIERRO O ACERO"|58|238609.42|736592.98
92|91|"BS.AS. NORTE"|73|"MANUFACTURAS DE FUNDICION, HIERRO O ACERO"|51|202460.13|539625.91
93|91|"BS.AS. NORTE"|73|"MANUFACTURAS DE FUNDICION, HIERRO O ACERO"|51|96802.64|327703.5
94|91|"BS.AS. NORTE"|73|"MANUFACTURAS DE FUNDICION, HIERRO O ACERO"|68|127370.39|518084.38
95|91|"BS.AS. NORTE"|73|"MANUFACTURAS DE FUNDICION, HIERRO O ACERO"|55|102383.59|361289.37
96|91|"BS.AS. NORTE"|73|"MANUFACTURAS DE FUNDICION, HIERRO O ACERO"|52|128425.28|381465.61
97|91|"BS.AS. NORTE"|73|"MANUFACTURAS DE FUNDICION, HIERRO O ACERO"|56|123394.4|475117.08
98|91|"BS.AS. NORTE"|73|"MANUFACTURAS DE FUNDICION, HIERRO O ACERO"|84|189316.67|685827.52
99|91|"BS.AS. NORTE"|73|"MANUFACTURAS DE FUNDICION, HIERRO O ACERO"|128|193644.5|557962.13
100|91|"BS.AS. NORTE"|73|"MANUFACTURAS DE FUNDICION, HIERRO O ACERO"|68|161228.05|485691.89
101|91|"BS.AS. NORTE"|73|"MANUFACTURAS DE FUNDICION, HIERRO O ACERO"|49|55533.16|253224.44
102|91|"BS.AS. NORTE"|73|"MANUFACTURAS DE FUNDICION, HIERRO O ACERO"|103|386152.74|971537.12
103|91|"BS.AS. NORTE"|73|"MANUFACTURAS DE FUNDICION, HIERRO O ACERO"|34|77363.27|263299.07
104|91|"BS.AS. NORTE"|73|"MANUFACTURAS DE FUNDICION, HIERRO O ACERO"|29|42155.24|202618.92
