"semana"|"aduana"|"aduana_desc"|"mercaderia"|"mercaderia_desc"|"cantidad"|"kilos"|"importe"
2|88|"GENERAL DEHEZA"|10|"CEREALES"|1|3e+05|208500
3|88|"GENERAL DEHEZA"|10|"CEREALES"|3|3e+05|221700
4|88|"GENERAL DEHEZA"|10|"CEREALES"|2|324000|227940
5|88|"GENERAL DEHEZA"|10|"CEREALES"|1|125000|88375
6|88|"GENERAL DEHEZA"|10|"CEREALES"|2|45800|34039.94
8|88|"GENERAL DEHEZA"|10|"CEREALES"|4|98000|70547.92
10|88|"GENERAL DEHEZA"|10|"CEREALES"|3|2e+05|138400
12|88|"GENERAL DEHEZA"|10|"CEREALES"|1|50000|35473
13|88|"GENERAL DEHEZA"|10|"CEREALES"|3|225000|151915
14|88|"GENERAL DEHEZA"|10|"CEREALES"|1|100|80
15|88|"GENERAL DEHEZA"|10|"CEREALES"|6|275000|184500
16|88|"GENERAL DEHEZA"|10|"CEREALES"|5|275000|180917.5
17|88|"GENERAL DEHEZA"|10|"CEREALES"|1|3e+05|218400
18|88|"GENERAL DEHEZA"|10|"CEREALES"|2|1e+05|67400
19|88|"GENERAL DEHEZA"|10|"CEREALES"|2|75000|48761.5
20|88|"GENERAL DEHEZA"|10|"CEREALES"|2|75000|48111.5
21|88|"GENERAL DEHEZA"|10|"CEREALES"|3|216000|141550.18
22|88|"GENERAL DEHEZA"|10|"CEREALES"|3|101000|62799.88
23|88|"GENERAL DEHEZA"|10|"CEREALES"|3|1e+05|63681
26|88|"GENERAL DEHEZA"|10|"CEREALES"|2|1e+05|59981
27|88|"GENERAL DEHEZA"|10|"CEREALES"|6|243820|141882.77
29|88|"GENERAL DEHEZA"|10|"CEREALES"|2|126500|70922
30|88|"GENERAL DEHEZA"|10|"CEREALES"|5|360000|82530.45
31|88|"GENERAL DEHEZA"|10|"CEREALES"|7|813000|157210.1
32|88|"GENERAL DEHEZA"|10|"CEREALES"|8|614900|212846.64
33|88|"GENERAL DEHEZA"|10|"CEREALES"|1|51000|27540
34|88|"GENERAL DEHEZA"|10|"CEREALES"|4|214000|128031.9
35|88|"GENERAL DEHEZA"|10|"CEREALES"|5|620000|106600
36|88|"GENERAL DEHEZA"|10|"CEREALES"|3|150000|77398.5
37|88|"GENERAL DEHEZA"|10|"CEREALES"|7|743920|166778.4
38|88|"GENERAL DEHEZA"|10|"CEREALES"|1|125000|63500
39|88|"GENERAL DEHEZA"|10|"CEREALES"|3|95800|51380.24
40|88|"GENERAL DEHEZA"|10|"CEREALES"|2|145000|91370
41|88|"GENERAL DEHEZA"|10|"CEREALES"|1|50040|26421.12
42|88|"GENERAL DEHEZA"|10|"CEREALES"|2|74000|34608
43|88|"GENERAL DEHEZA"|10|"CEREALES"|3|814000|528460
44|88|"GENERAL DEHEZA"|10|"CEREALES"|1|50000|40900
45|88|"GENERAL DEHEZA"|10|"CEREALES"|5|364000|184465
46|88|"GENERAL DEHEZA"|10|"CEREALES"|3|165000|80400
47|88|"GENERAL DEHEZA"|10|"CEREALES"|5|273580|120654.12
48|88|"GENERAL DEHEZA"|10|"CEREALES"|2|199570|88716.39
49|88|"GENERAL DEHEZA"|10|"CEREALES"|8|427930|193058.55
50|88|"GENERAL DEHEZA"|10|"CEREALES"|13|1700000|390450
51|88|"GENERAL DEHEZA"|10|"CEREALES"|16|1697900|375889.16
52|88|"GENERAL DEHEZA"|10|"CEREALES"|5|616000|111496
53|88|"GENERAL DEHEZA"|10|"CEREALES"|5|352940|83799.09
54|88|"GENERAL DEHEZA"|10|"CEREALES"|8|473500|229938.84
55|88|"GENERAL DEHEZA"|10|"CEREALES"|5|1145000|214132.5
56|88|"GENERAL DEHEZA"|10|"CEREALES"|4|1148000|207788
57|88|"GENERAL DEHEZA"|10|"CEREALES"|7|274000|111832.5
58|88|"GENERAL DEHEZA"|10|"CEREALES"|3|106000|31586
59|88|"GENERAL DEHEZA"|10|"CEREALES"|4|99940|43523.42
60|88|"GENERAL DEHEZA"|10|"CEREALES"|6|222880|92756.4
61|88|"GENERAL DEHEZA"|10|"CEREALES"|3|200100|75719.3
62|88|"GENERAL DEHEZA"|10|"CEREALES"|4|4e+05|150950
63|88|"GENERAL DEHEZA"|10|"CEREALES"|15|559790|213615.4
64|88|"GENERAL DEHEZA"|10|"CEREALES"|3|206000|71645
65|88|"GENERAL DEHEZA"|10|"CEREALES"|3|331110|126618.7
66|88|"GENERAL DEHEZA"|10|"CEREALES"|4|175000|65200
67|88|"GENERAL DEHEZA"|10|"CEREALES"|2|18750|4592.97
68|88|"GENERAL DEHEZA"|10|"CEREALES"|4|2e+05|71400
69|88|"GENERAL DEHEZA"|10|"CEREALES"|4|175960|66046.46
70|88|"GENERAL DEHEZA"|10|"CEREALES"|4|115860|43213.64
71|88|"GENERAL DEHEZA"|10|"CEREALES"|4|175000|64025
72|88|"GENERAL DEHEZA"|10|"CEREALES"|4|147900|54979.27
73|88|"GENERAL DEHEZA"|10|"CEREALES"|1|2300|920
75|88|"GENERAL DEHEZA"|10|"CEREALES"|8|290000|102864.06
76|88|"GENERAL DEHEZA"|10|"CEREALES"|7|203000|74259.88
77|88|"GENERAL DEHEZA"|10|"CEREALES"|3|84980|27145.45
78|88|"GENERAL DEHEZA"|10|"CEREALES"|10|562810|181688.91
79|88|"GENERAL DEHEZA"|10|"CEREALES"|5|689700|251755.41
80|88|"GENERAL DEHEZA"|10|"CEREALES"|5|229500|70787.1
81|88|"GENERAL DEHEZA"|10|"CEREALES"|3|110000|35888.65
82|88|"GENERAL DEHEZA"|10|"CEREALES"|9|442880|132091.84
83|88|"GENERAL DEHEZA"|10|"CEREALES"|4|204460|67728.02
84|88|"GENERAL DEHEZA"|10|"CEREALES"|7|268330|71770.66
86|88|"GENERAL DEHEZA"|10|"CEREALES"|10|365820|156781.44
87|88|"GENERAL DEHEZA"|10|"CEREALES"|5|211000|67675
88|88|"GENERAL DEHEZA"|10|"CEREALES"|8|439000|143106.92
89|88|"GENERAL DEHEZA"|10|"CEREALES"|4|183000|60280
90|88|"GENERAL DEHEZA"|10|"CEREALES"|4|281000|95550
91|88|"GENERAL DEHEZA"|10|"CEREALES"|7|248460|76176.94
92|88|"GENERAL DEHEZA"|10|"CEREALES"|7|440000|138163.65
93|88|"GENERAL DEHEZA"|10|"CEREALES"|3|101000|34850
94|88|"GENERAL DEHEZA"|10|"CEREALES"|5|255000|83755
95|88|"GENERAL DEHEZA"|10|"CEREALES"|2|149800|46188
96|88|"GENERAL DEHEZA"|10|"CEREALES"|6|248000|82440
97|88|"GENERAL DEHEZA"|10|"CEREALES"|2|175000|54650
98|88|"GENERAL DEHEZA"|10|"CEREALES"|8|480700|155124.8
99|88|"GENERAL DEHEZA"|10|"CEREALES"|3|125000|38443.5
100|88|"GENERAL DEHEZA"|10|"CEREALES"|8|374826|126565.06
101|88|"GENERAL DEHEZA"|10|"CEREALES"|3|225000|74043.5
102|88|"GENERAL DEHEZA"|10|"CEREALES"|3|174000|61446
103|88|"GENERAL DEHEZA"|10|"CEREALES"|3|105000|46480
104|88|"GENERAL DEHEZA"|10|"CEREALES"|3|175000|62109.5
