"semana"|"aduana"|"aduana_desc"|"mercaderia"|"mercaderia_desc"|"cantidad"|"kilos"|"importe"
67|91|"BS.AS. NORTE"|30|"PRODUCTOS FARMACEUTICOS"|1|18454.6|89579.52
69|91|"BS.AS. NORTE"|30|"PRODUCTOS FARMACEUTICOS"|55|354372.09|2166988.04
70|91|"BS.AS. NORTE"|30|"PRODUCTOS FARMACEUTICOS"|20|136154.39|1192292.91
71|91|"BS.AS. NORTE"|30|"PRODUCTOS FARMACEUTICOS"|48|190777.5|2107620.45
72|91|"BS.AS. NORTE"|30|"PRODUCTOS FARMACEUTICOS"|49|252008.77|1904210.38
73|91|"BS.AS. NORTE"|30|"PRODUCTOS FARMACEUTICOS"|29|119410.42|742193.34
74|91|"BS.AS. NORTE"|30|"PRODUCTOS FARMACEUTICOS"|61|208928.77|1774691.45
75|91|"BS.AS. NORTE"|30|"PRODUCTOS FARMACEUTICOS"|56|143851.83|1772006.23
76|91|"BS.AS. NORTE"|30|"PRODUCTOS FARMACEUTICOS"|51|223243.29|1617464.21
77|91|"BS.AS. NORTE"|30|"PRODUCTOS FARMACEUTICOS"|30|309093.45|2184647.12
78|91|"BS.AS. NORTE"|30|"PRODUCTOS FARMACEUTICOS"|29|99328.91|931325.22
79|91|"BS.AS. NORTE"|30|"PRODUCTOS FARMACEUTICOS"|25|169974.26|1359498.3
80|91|"BS.AS. NORTE"|30|"PRODUCTOS FARMACEUTICOS"|13|107950.76|876761.61
81|91|"BS.AS. NORTE"|30|"PRODUCTOS FARMACEUTICOS"|42|251686.25|2691765.37
82|91|"BS.AS. NORTE"|30|"PRODUCTOS FARMACEUTICOS"|42|175156.11|1051109.31
83|91|"BS.AS. NORTE"|30|"PRODUCTOS FARMACEUTICOS"|66|171302.87|1273159.19
84|91|"BS.AS. NORTE"|30|"PRODUCTOS FARMACEUTICOS"|31|156721.77|1075649.07
85|91|"BS.AS. NORTE"|30|"PRODUCTOS FARMACEUTICOS"|51|142259.43|1237440.69
86|91|"BS.AS. NORTE"|30|"PRODUCTOS FARMACEUTICOS"|61|244736.21|1733145.3
87|91|"BS.AS. NORTE"|30|"PRODUCTOS FARMACEUTICOS"|34|181463.5|1780413.61
88|91|"BS.AS. NORTE"|30|"PRODUCTOS FARMACEUTICOS"|71|169512.01|1372613.26
89|91|"BS.AS. NORTE"|30|"PRODUCTOS FARMACEUTICOS"|48|302404.43|3036147.56
90|91|"BS.AS. NORTE"|30|"PRODUCTOS FARMACEUTICOS"|45|162365.1|1606607.11
91|91|"BS.AS. NORTE"|30|"PRODUCTOS FARMACEUTICOS"|30|212829.79|1744338.39
92|91|"BS.AS. NORTE"|30|"PRODUCTOS FARMACEUTICOS"|51|225372.19|2099844.76
93|91|"BS.AS. NORTE"|30|"PRODUCTOS FARMACEUTICOS"|10|99221.67|1060552.72
94|91|"BS.AS. NORTE"|30|"PRODUCTOS FARMACEUTICOS"|57|222894.18|2133372.2
95|91|"BS.AS. NORTE"|30|"PRODUCTOS FARMACEUTICOS"|29|143953.34|956233.46
96|91|"BS.AS. NORTE"|30|"PRODUCTOS FARMACEUTICOS"|25|130062.23|1340772.49
97|91|"BS.AS. NORTE"|30|"PRODUCTOS FARMACEUTICOS"|23|49644.49|667092.35
98|91|"BS.AS. NORTE"|30|"PRODUCTOS FARMACEUTICOS"|32|222326.6|1352222.76
99|91|"BS.AS. NORTE"|30|"PRODUCTOS FARMACEUTICOS"|57|183756.7|2329653.28
100|91|"BS.AS. NORTE"|30|"PRODUCTOS FARMACEUTICOS"|31|261864.48|2018899.41
101|91|"BS.AS. NORTE"|30|"PRODUCTOS FARMACEUTICOS"|43|62247.73|677158.78
102|91|"BS.AS. NORTE"|30|"PRODUCTOS FARMACEUTICOS"|36|132677.92|877088.19
103|91|"BS.AS. NORTE"|30|"PRODUCTOS FARMACEUTICOS"|69|402146.11|3077548.21
104|91|"BS.AS. NORTE"|30|"PRODUCTOS FARMACEUTICOS"|22|81665.12|409347.05
