"semana"|"aduana"|"aduana_desc"|"mercaderia"|"mercaderia_desc"|"cantidad"|"kilos"|"importe"
1|80|"SAN ANTONIO OESTE"|3|"PESCADOS Y CRUSTACEOS, MOLUSCOS Y DEMAS INVERTEBRADOS ACUATI"|5|211555|374452.35
2|80|"SAN ANTONIO OESTE"|3|"PESCADOS Y CRUSTACEOS, MOLUSCOS Y DEMAS INVERTEBRADOS ACUATI"|6|224352|395193.84
3|80|"SAN ANTONIO OESTE"|3|"PESCADOS Y CRUSTACEOS, MOLUSCOS Y DEMAS INVERTEBRADOS ACUATI"|4|143820|253795.5
4|80|"SAN ANTONIO OESTE"|3|"PESCADOS Y CRUSTACEOS, MOLUSCOS Y DEMAS INVERTEBRADOS ACUATI"|8|293297|517970.19
5|80|"SAN ANTONIO OESTE"|3|"PESCADOS Y CRUSTACEOS, MOLUSCOS Y DEMAS INVERTEBRADOS ACUATI"|4|124855|219833.4
6|80|"SAN ANTONIO OESTE"|3|"PESCADOS Y CRUSTACEOS, MOLUSCOS Y DEMAS INVERTEBRADOS ACUATI"|4|131998|232870.56
7|80|"SAN ANTONIO OESTE"|3|"PESCADOS Y CRUSTACEOS, MOLUSCOS Y DEMAS INVERTEBRADOS ACUATI"|2|80980|142557.6
8|80|"SAN ANTONIO OESTE"|3|"PESCADOS Y CRUSTACEOS, MOLUSCOS Y DEMAS INVERTEBRADOS ACUATI"|5|223339|394355.13
9|80|"SAN ANTONIO OESTE"|3|"PESCADOS Y CRUSTACEOS, MOLUSCOS Y DEMAS INVERTEBRADOS ACUATI"|2|81700|143832
10|80|"SAN ANTONIO OESTE"|3|"PESCADOS Y CRUSTACEOS, MOLUSCOS Y DEMAS INVERTEBRADOS ACUATI"|8|244876|431782.02
11|80|"SAN ANTONIO OESTE"|3|"PESCADOS Y CRUSTACEOS, MOLUSCOS Y DEMAS INVERTEBRADOS ACUATI"|8|325130|572405.4
12|80|"SAN ANTONIO OESTE"|3|"PESCADOS Y CRUSTACEOS, MOLUSCOS Y DEMAS INVERTEBRADOS ACUATI"|2|83130|145974.6
13|80|"SAN ANTONIO OESTE"|3|"PESCADOS Y CRUSTACEOS, MOLUSCOS Y DEMAS INVERTEBRADOS ACUATI"|8|331471|583058.43
14|80|"SAN ANTONIO OESTE"|3|"PESCADOS Y CRUSTACEOS, MOLUSCOS Y DEMAS INVERTEBRADOS ACUATI"|6|238879|420140.73
15|80|"SAN ANTONIO OESTE"|3|"PESCADOS Y CRUSTACEOS, MOLUSCOS Y DEMAS INVERTEBRADOS ACUATI"|8|323604|568562.19
16|80|"SAN ANTONIO OESTE"|3|"PESCADOS Y CRUSTACEOS, MOLUSCOS Y DEMAS INVERTEBRADOS ACUATI"|14|547718|962740.92
17|80|"SAN ANTONIO OESTE"|3|"PESCADOS Y CRUSTACEOS, MOLUSCOS Y DEMAS INVERTEBRADOS ACUATI"|2|80256|141298.32
18|80|"SAN ANTONIO OESTE"|3|"PESCADOS Y CRUSTACEOS, MOLUSCOS Y DEMAS INVERTEBRADOS ACUATI"|6|213290|375580.8
19|80|"SAN ANTONIO OESTE"|3|"PESCADOS Y CRUSTACEOS, MOLUSCOS Y DEMAS INVERTEBRADOS ACUATI"|8|289036|508907.52
20|80|"SAN ANTONIO OESTE"|3|"PESCADOS Y CRUSTACEOS, MOLUSCOS Y DEMAS INVERTEBRADOS ACUATI"|7|205905|362509.35
21|80|"SAN ANTONIO OESTE"|3|"PESCADOS Y CRUSTACEOS, MOLUSCOS Y DEMAS INVERTEBRADOS ACUATI"|7|273277|481791.09
22|80|"SAN ANTONIO OESTE"|3|"PESCADOS Y CRUSTACEOS, MOLUSCOS Y DEMAS INVERTEBRADOS ACUATI"|6|249040|437692.8
23|80|"SAN ANTONIO OESTE"|3|"PESCADOS Y CRUSTACEOS, MOLUSCOS Y DEMAS INVERTEBRADOS ACUATI"|6|233917|410997.24
38|80|"SAN ANTONIO OESTE"|3|"PESCADOS Y CRUSTACEOS, MOLUSCOS Y DEMAS INVERTEBRADOS ACUATI"|2|83850|153045
39|80|"SAN ANTONIO OESTE"|3|"PESCADOS Y CRUSTACEOS, MOLUSCOS Y DEMAS INVERTEBRADOS ACUATI"|3|165104|303791.36
40|80|"SAN ANTONIO OESTE"|3|"PESCADOS Y CRUSTACEOS, MOLUSCOS Y DEMAS INVERTEBRADOS ACUATI"|5|246718|451896.12
41|80|"SAN ANTONIO OESTE"|3|"PESCADOS Y CRUSTACEOS, MOLUSCOS Y DEMAS INVERTEBRADOS ACUATI"|4|159088|292721.92
42|80|"SAN ANTONIO OESTE"|3|"PESCADOS Y CRUSTACEOS, MOLUSCOS Y DEMAS INVERTEBRADOS ACUATI"|3|168090|308046.6
43|80|"SAN ANTONIO OESTE"|3|"PESCADOS Y CRUSTACEOS, MOLUSCOS Y DEMAS INVERTEBRADOS ACUATI"|4|237360|436742.4
44|80|"SAN ANTONIO OESTE"|3|"PESCADOS Y CRUSTACEOS, MOLUSCOS Y DEMAS INVERTEBRADOS ACUATI"|7|332773|611063.32
45|80|"SAN ANTONIO OESTE"|3|"PESCADOS Y CRUSTACEOS, MOLUSCOS Y DEMAS INVERTEBRADOS ACUATI"|4|258844|476272.96
46|80|"SAN ANTONIO OESTE"|3|"PESCADOS Y CRUSTACEOS, MOLUSCOS Y DEMAS INVERTEBRADOS ACUATI"|3|237164|436381.76
47|80|"SAN ANTONIO OESTE"|3|"PESCADOS Y CRUSTACEOS, MOLUSCOS Y DEMAS INVERTEBRADOS ACUATI"|1|87400|160816
48|80|"SAN ANTONIO OESTE"|3|"PESCADOS Y CRUSTACEOS, MOLUSCOS Y DEMAS INVERTEBRADOS ACUATI"|5|331430|609005.2
49|80|"SAN ANTONIO OESTE"|3|"PESCADOS Y CRUSTACEOS, MOLUSCOS Y DEMAS INVERTEBRADOS ACUATI"|5|248536|456480.24
50|80|"SAN ANTONIO OESTE"|3|"PESCADOS Y CRUSTACEOS, MOLUSCOS Y DEMAS INVERTEBRADOS ACUATI"|6|145832|267091.88
51|80|"SAN ANTONIO OESTE"|3|"PESCADOS Y CRUSTACEOS, MOLUSCOS Y DEMAS INVERTEBRADOS ACUATI"|3|89125|163990
52|80|"SAN ANTONIO OESTE"|3|"PESCADOS Y CRUSTACEOS, MOLUSCOS Y DEMAS INVERTEBRADOS ACUATI"|3|76445|140658.8
54|80|"SAN ANTONIO OESTE"|3|"PESCADOS Y CRUSTACEOS, MOLUSCOS Y DEMAS INVERTEBRADOS ACUATI"|1|59400|109296
55|80|"SAN ANTONIO OESTE"|3|"PESCADOS Y CRUSTACEOS, MOLUSCOS Y DEMAS INVERTEBRADOS ACUATI"|2|69450|126549
56|80|"SAN ANTONIO OESTE"|3|"PESCADOS Y CRUSTACEOS, MOLUSCOS Y DEMAS INVERTEBRADOS ACUATI"|6|203921|375257.96
57|80|"SAN ANTONIO OESTE"|3|"PESCADOS Y CRUSTACEOS, MOLUSCOS Y DEMAS INVERTEBRADOS ACUATI"|10|281168|516120.28
58|80|"SAN ANTONIO OESTE"|3|"PESCADOS Y CRUSTACEOS, MOLUSCOS Y DEMAS INVERTEBRADOS ACUATI"|5|179008|328548.72
60|80|"SAN ANTONIO OESTE"|3|"PESCADOS Y CRUSTACEOS, MOLUSCOS Y DEMAS INVERTEBRADOS ACUATI"|4|173560|317261.8
61|80|"SAN ANTONIO OESTE"|3|"PESCADOS Y CRUSTACEOS, MOLUSCOS Y DEMAS INVERTEBRADOS ACUATI"|8|324220|594119.84
63|80|"SAN ANTONIO OESTE"|3|"PESCADOS Y CRUSTACEOS, MOLUSCOS Y DEMAS INVERTEBRADOS ACUATI"|5|252948|463371.12
64|80|"SAN ANTONIO OESTE"|3|"PESCADOS Y CRUSTACEOS, MOLUSCOS Y DEMAS INVERTEBRADOS ACUATI"|4|247343|453889.82
65|80|"SAN ANTONIO OESTE"|3|"PESCADOS Y CRUSTACEOS, MOLUSCOS Y DEMAS INVERTEBRADOS ACUATI"|5|267820|491549.8
67|80|"SAN ANTONIO OESTE"|3|"PESCADOS Y CRUSTACEOS, MOLUSCOS Y DEMAS INVERTEBRADOS ACUATI"|4|171170|314079.6
68|80|"SAN ANTONIO OESTE"|3|"PESCADOS Y CRUSTACEOS, MOLUSCOS Y DEMAS INVERTEBRADOS ACUATI"|2|82473|150900.72
69|80|"SAN ANTONIO OESTE"|3|"PESCADOS Y CRUSTACEOS, MOLUSCOS Y DEMAS INVERTEBRADOS ACUATI"|1|88920|163612.8
70|80|"SAN ANTONIO OESTE"|3|"PESCADOS Y CRUSTACEOS, MOLUSCOS Y DEMAS INVERTEBRADOS ACUATI"|1|81432|149834.88
71|80|"SAN ANTONIO OESTE"|3|"PESCADOS Y CRUSTACEOS, MOLUSCOS Y DEMAS INVERTEBRADOS ACUATI"|1|88920|163612.8
72|80|"SAN ANTONIO OESTE"|3|"PESCADOS Y CRUSTACEOS, MOLUSCOS Y DEMAS INVERTEBRADOS ACUATI"|1|79794|146820.96
74|80|"SAN ANTONIO OESTE"|3|"PESCADOS Y CRUSTACEOS, MOLUSCOS Y DEMAS INVERTEBRADOS ACUATI"|1|15200|27968
75|80|"SAN ANTONIO OESTE"|3|"PESCADOS Y CRUSTACEOS, MOLUSCOS Y DEMAS INVERTEBRADOS ACUATI"|5|189924|348634.16
77|80|"SAN ANTONIO OESTE"|3|"PESCADOS Y CRUSTACEOS, MOLUSCOS Y DEMAS INVERTEBRADOS ACUATI"|2|173628|319475.52
78|80|"SAN ANTONIO OESTE"|3|"PESCADOS Y CRUSTACEOS, MOLUSCOS Y DEMAS INVERTEBRADOS ACUATI"|1|88920|163612.8
80|80|"SAN ANTONIO OESTE"|3|"PESCADOS Y CRUSTACEOS, MOLUSCOS Y DEMAS INVERTEBRADOS ACUATI"|2|89620|164074.8
81|80|"SAN ANTONIO OESTE"|3|"PESCADOS Y CRUSTACEOS, MOLUSCOS Y DEMAS INVERTEBRADOS ACUATI"|3|166608|306558.72
