"semana"|"aduana"|"aduana_desc"|"mercaderia"|"mercaderia_desc"|"cantidad"|"kilos"|"importe"
68|92|"BS.AS. SUR"|65|"SOMBREROS, DEMAS TOCADOS Y SUS PARTES"|1|0.15|52.63
69|92|"BS.AS. SUR"|65|"SOMBREROS, DEMAS TOCADOS Y SUS PARTES"|9|1208.71|15946.65
70|92|"BS.AS. SUR"|65|"SOMBREROS, DEMAS TOCADOS Y SUS PARTES"|3|20.96|1145.53
71|92|"BS.AS. SUR"|65|"SOMBREROS, DEMAS TOCADOS Y SUS PARTES"|1|2.03|283.12
72|92|"BS.AS. SUR"|65|"SOMBREROS, DEMAS TOCADOS Y SUS PARTES"|4|56.41|6984.24
73|92|"BS.AS. SUR"|65|"SOMBREROS, DEMAS TOCADOS Y SUS PARTES"|2|15.3|1531.28
74|92|"BS.AS. SUR"|65|"SOMBREROS, DEMAS TOCADOS Y SUS PARTES"|5|167.53|12675.04
75|92|"BS.AS. SUR"|65|"SOMBREROS, DEMAS TOCADOS Y SUS PARTES"|5|2.59|287.26
76|92|"BS.AS. SUR"|65|"SOMBREROS, DEMAS TOCADOS Y SUS PARTES"|9|173.15|13561.92
77|92|"BS.AS. SUR"|65|"SOMBREROS, DEMAS TOCADOS Y SUS PARTES"|4|2.22|309.28
79|92|"BS.AS. SUR"|65|"SOMBREROS, DEMAS TOCADOS Y SUS PARTES"|7|191.59|9913.74
80|92|"BS.AS. SUR"|65|"SOMBREROS, DEMAS TOCADOS Y SUS PARTES"|1|84|9569.5
81|92|"BS.AS. SUR"|65|"SOMBREROS, DEMAS TOCADOS Y SUS PARTES"|3|7.09|165.13
82|92|"BS.AS. SUR"|65|"SOMBREROS, DEMAS TOCADOS Y SUS PARTES"|3|13.83|679.38
83|92|"BS.AS. SUR"|65|"SOMBREROS, DEMAS TOCADOS Y SUS PARTES"|4|6.2|374.71
84|92|"BS.AS. SUR"|65|"SOMBREROS, DEMAS TOCADOS Y SUS PARTES"|6|1421.89|19415.71
85|92|"BS.AS. SUR"|65|"SOMBREROS, DEMAS TOCADOS Y SUS PARTES"|1|0.54|27.2
86|92|"BS.AS. SUR"|65|"SOMBREROS, DEMAS TOCADOS Y SUS PARTES"|1|87.26|2845.6
88|92|"BS.AS. SUR"|65|"SOMBREROS, DEMAS TOCADOS Y SUS PARTES"|4|1298.17|18290.6
89|92|"BS.AS. SUR"|65|"SOMBREROS, DEMAS TOCADOS Y SUS PARTES"|7|720.17|7027.66
90|92|"BS.AS. SUR"|65|"SOMBREROS, DEMAS TOCADOS Y SUS PARTES"|2|6.66|557.46
92|92|"BS.AS. SUR"|65|"SOMBREROS, DEMAS TOCADOS Y SUS PARTES"|2|1293.68|106445.33
93|92|"BS.AS. SUR"|65|"SOMBREROS, DEMAS TOCADOS Y SUS PARTES"|1|1.5|150
94|92|"BS.AS. SUR"|65|"SOMBREROS, DEMAS TOCADOS Y SUS PARTES"|4|1501.06|15414.94
95|92|"BS.AS. SUR"|65|"SOMBREROS, DEMAS TOCADOS Y SUS PARTES"|2|4.49|194.52
96|92|"BS.AS. SUR"|65|"SOMBREROS, DEMAS TOCADOS Y SUS PARTES"|3|189.84|955.77
98|92|"BS.AS. SUR"|65|"SOMBREROS, DEMAS TOCADOS Y SUS PARTES"|6|1419.65|24306.49
99|92|"BS.AS. SUR"|65|"SOMBREROS, DEMAS TOCADOS Y SUS PARTES"|8|346.52|22156.66
100|92|"BS.AS. SUR"|65|"SOMBREROS, DEMAS TOCADOS Y SUS PARTES"|6|5706.81|51235.57
101|92|"BS.AS. SUR"|65|"SOMBREROS, DEMAS TOCADOS Y SUS PARTES"|1|1.2|10
102|92|"BS.AS. SUR"|65|"SOMBREROS, DEMAS TOCADOS Y SUS PARTES"|4|20.652|986.49
103|92|"BS.AS. SUR"|65|"SOMBREROS, DEMAS TOCADOS Y SUS PARTES"|3|20.69|4618.96
104|92|"BS.AS. SUR"|65|"SOMBREROS, DEMAS TOCADOS Y SUS PARTES"|2|101.44|5561.35
