"semana"|"aduana"|"aduana_desc"|"mercaderia"|"mercaderia_desc"|"cantidad"|"kilos"|"importe"
68|92|"BS.AS. SUR"|56|"GUATA, FIELTRO Y TELA SIN TEJER; HILADOS ESPECIALES; CORDELE"|1|336.4|5055
69|92|"BS.AS. SUR"|56|"GUATA, FIELTRO Y TELA SIN TEJER; HILADOS ESPECIALES; CORDELE"|9|29834.33|182550.81
70|92|"BS.AS. SUR"|56|"GUATA, FIELTRO Y TELA SIN TEJER; HILADOS ESPECIALES; CORDELE"|10|35112.04|185361.8
71|92|"BS.AS. SUR"|56|"GUATA, FIELTRO Y TELA SIN TEJER; HILADOS ESPECIALES; CORDELE"|4|7377.31|40678.14
72|92|"BS.AS. SUR"|56|"GUATA, FIELTRO Y TELA SIN TEJER; HILADOS ESPECIALES; CORDELE"|14|25503.33|168554.91
73|92|"BS.AS. SUR"|56|"GUATA, FIELTRO Y TELA SIN TEJER; HILADOS ESPECIALES; CORDELE"|8|39032.78|200697.81
74|92|"BS.AS. SUR"|56|"GUATA, FIELTRO Y TELA SIN TEJER; HILADOS ESPECIALES; CORDELE"|15|44466.73|236057.57
75|92|"BS.AS. SUR"|56|"GUATA, FIELTRO Y TELA SIN TEJER; HILADOS ESPECIALES; CORDELE"|6|17893.03|100334.97
76|92|"BS.AS. SUR"|56|"GUATA, FIELTRO Y TELA SIN TEJER; HILADOS ESPECIALES; CORDELE"|4|15674.6|84082.26
77|92|"BS.AS. SUR"|56|"GUATA, FIELTRO Y TELA SIN TEJER; HILADOS ESPECIALES; CORDELE"|7|19466.32|103948.7
78|92|"BS.AS. SUR"|56|"GUATA, FIELTRO Y TELA SIN TEJER; HILADOS ESPECIALES; CORDELE"|6|28780.9|134506.64
79|92|"BS.AS. SUR"|56|"GUATA, FIELTRO Y TELA SIN TEJER; HILADOS ESPECIALES; CORDELE"|19|55435.46|310446.33
80|92|"BS.AS. SUR"|56|"GUATA, FIELTRO Y TELA SIN TEJER; HILADOS ESPECIALES; CORDELE"|9|15016.64|62755.41
81|92|"BS.AS. SUR"|56|"GUATA, FIELTRO Y TELA SIN TEJER; HILADOS ESPECIALES; CORDELE"|16|27575.67|165661.6
82|92|"BS.AS. SUR"|56|"GUATA, FIELTRO Y TELA SIN TEJER; HILADOS ESPECIALES; CORDELE"|12|23276.84|213165.22
83|92|"BS.AS. SUR"|56|"GUATA, FIELTRO Y TELA SIN TEJER; HILADOS ESPECIALES; CORDELE"|10|15490.27|78980.61
84|92|"BS.AS. SUR"|56|"GUATA, FIELTRO Y TELA SIN TEJER; HILADOS ESPECIALES; CORDELE"|5|1700.05|15834
85|92|"BS.AS. SUR"|56|"GUATA, FIELTRO Y TELA SIN TEJER; HILADOS ESPECIALES; CORDELE"|5|33991.37|86020.45
86|92|"BS.AS. SUR"|56|"GUATA, FIELTRO Y TELA SIN TEJER; HILADOS ESPECIALES; CORDELE"|15|59684|331266.97
87|92|"BS.AS. SUR"|56|"GUATA, FIELTRO Y TELA SIN TEJER; HILADOS ESPECIALES; CORDELE"|2|3489.35|19395
88|92|"BS.AS. SUR"|56|"GUATA, FIELTRO Y TELA SIN TEJER; HILADOS ESPECIALES; CORDELE"|15|20249.33|126968.81
89|92|"BS.AS. SUR"|56|"GUATA, FIELTRO Y TELA SIN TEJER; HILADOS ESPECIALES; CORDELE"|7|14814.45|94799.32
90|92|"BS.AS. SUR"|56|"GUATA, FIELTRO Y TELA SIN TEJER; HILADOS ESPECIALES; CORDELE"|11|26388.74|158810.19
91|92|"BS.AS. SUR"|56|"GUATA, FIELTRO Y TELA SIN TEJER; HILADOS ESPECIALES; CORDELE"|3|787.1|3448
92|92|"BS.AS. SUR"|56|"GUATA, FIELTRO Y TELA SIN TEJER; HILADOS ESPECIALES; CORDELE"|4|5468.88|28057.06
93|92|"BS.AS. SUR"|56|"GUATA, FIELTRO Y TELA SIN TEJER; HILADOS ESPECIALES; CORDELE"|12|15556.94|87299.13
94|92|"BS.AS. SUR"|56|"GUATA, FIELTRO Y TELA SIN TEJER; HILADOS ESPECIALES; CORDELE"|8|23152.51|101625.36
95|92|"BS.AS. SUR"|56|"GUATA, FIELTRO Y TELA SIN TEJER; HILADOS ESPECIALES; CORDELE"|17|37473.13|221151.79
96|92|"BS.AS. SUR"|56|"GUATA, FIELTRO Y TELA SIN TEJER; HILADOS ESPECIALES; CORDELE"|11|22403.54|126127.99
97|92|"BS.AS. SUR"|56|"GUATA, FIELTRO Y TELA SIN TEJER; HILADOS ESPECIALES; CORDELE"|7|23920.44|144388.05
98|92|"BS.AS. SUR"|56|"GUATA, FIELTRO Y TELA SIN TEJER; HILADOS ESPECIALES; CORDELE"|8|14620.21|79629.08
99|92|"BS.AS. SUR"|56|"GUATA, FIELTRO Y TELA SIN TEJER; HILADOS ESPECIALES; CORDELE"|14|29528.55|182775.64
100|92|"BS.AS. SUR"|56|"GUATA, FIELTRO Y TELA SIN TEJER; HILADOS ESPECIALES; CORDELE"|5|12843.62|66628.46
101|92|"BS.AS. SUR"|56|"GUATA, FIELTRO Y TELA SIN TEJER; HILADOS ESPECIALES; CORDELE"|9|14867.9|86077.79
102|92|"BS.AS. SUR"|56|"GUATA, FIELTRO Y TELA SIN TEJER; HILADOS ESPECIALES; CORDELE"|8|9480.55|57258
103|92|"BS.AS. SUR"|56|"GUATA, FIELTRO Y TELA SIN TEJER; HILADOS ESPECIALES; CORDELE"|10|41401.51|263704.51
104|92|"BS.AS. SUR"|56|"GUATA, FIELTRO Y TELA SIN TEJER; HILADOS ESPECIALES; CORDELE"|4|2061.65|22534.6
