"semana"|"aduana"|"aduana_desc"|"mercaderia"|"mercaderia_desc"|"cantidad"|"kilos"|"importe"
70|91|"BS.AS. NORTE"|65|"SOMBREROS, DEMAS TOCADOS Y SUS PARTES"|4|1345.33|110162.7
72|91|"BS.AS. NORTE"|65|"SOMBREROS, DEMAS TOCADOS Y SUS PARTES"|1|112.5|6187.5
74|91|"BS.AS. NORTE"|65|"SOMBREROS, DEMAS TOCADOS Y SUS PARTES"|1|8.23|397.86
75|91|"BS.AS. NORTE"|65|"SOMBREROS, DEMAS TOCADOS Y SUS PARTES"|2|249.49|3947.35
76|91|"BS.AS. NORTE"|65|"SOMBREROS, DEMAS TOCADOS Y SUS PARTES"|2|1675.59|16739.71
77|91|"BS.AS. NORTE"|65|"SOMBREROS, DEMAS TOCADOS Y SUS PARTES"|1|59.77|582.4
78|91|"BS.AS. NORTE"|65|"SOMBREROS, DEMAS TOCADOS Y SUS PARTES"|2|235.3|12526.32
80|91|"BS.AS. NORTE"|65|"SOMBREROS, DEMAS TOCADOS Y SUS PARTES"|1|277.5|6850
82|91|"BS.AS. NORTE"|65|"SOMBREROS, DEMAS TOCADOS Y SUS PARTES"|2|5226.89|33318.4
83|91|"BS.AS. NORTE"|65|"SOMBREROS, DEMAS TOCADOS Y SUS PARTES"|1|2.52|131.99
84|91|"BS.AS. NORTE"|65|"SOMBREROS, DEMAS TOCADOS Y SUS PARTES"|2|1824.14|13951.56
87|91|"BS.AS. NORTE"|65|"SOMBREROS, DEMAS TOCADOS Y SUS PARTES"|1|0.59|31.63
92|91|"BS.AS. NORTE"|65|"SOMBREROS, DEMAS TOCADOS Y SUS PARTES"|1|40|100
93|91|"BS.AS. NORTE"|65|"SOMBREROS, DEMAS TOCADOS Y SUS PARTES"|2|24|141.2
94|91|"BS.AS. NORTE"|65|"SOMBREROS, DEMAS TOCADOS Y SUS PARTES"|3|32.17|1294
95|91|"BS.AS. NORTE"|65|"SOMBREROS, DEMAS TOCADOS Y SUS PARTES"|1|120|6600
98|91|"BS.AS. NORTE"|65|"SOMBREROS, DEMAS TOCADOS Y SUS PARTES"|1|122.06|516.18
100|91|"BS.AS. NORTE"|65|"SOMBREROS, DEMAS TOCADOS Y SUS PARTES"|1|97.79|1292.6
