"semana"|"aduana"|"aduana_desc"|"mercaderia"|"mercaderia_desc"|"cantidad"|"kilos"|"importe"
6|89|"SANTIAGO DEL ESTERO"|52|"ALGODON"|2|29314.34|90387.42
10|89|"SANTIAGO DEL ESTERO"|52|"ALGODON"|2|28762.72|90390.17
12|89|"SANTIAGO DEL ESTERO"|52|"ALGODON"|1|14050.59|45383.41
16|89|"SANTIAGO DEL ESTERO"|52|"ALGODON"|3|44003.11|139920.24
19|89|"SANTIAGO DEL ESTERO"|52|"ALGODON"|1|16033.48|49062.45
20|89|"SANTIAGO DEL ESTERO"|52|"ALGODON"|1|14051.24|48617.29
21|89|"SANTIAGO DEL ESTERO"|52|"ALGODON"|1|16024.38|49034.6
24|89|"SANTIAGO DEL ESTERO"|52|"ALGODON"|2|46569.62|148306.09
25|89|"SANTIAGO DEL ESTERO"|52|"ALGODON"|2|44645.18|144816.23
28|89|"SANTIAGO DEL ESTERO"|52|"ALGODON"|2|29399.76|104990.98
29|89|"SANTIAGO DEL ESTERO"|52|"ALGODON"|2|29373.36|104889.81
30|89|"SANTIAGO DEL ESTERO"|52|"ALGODON"|1|45936.86|175938.17
32|89|"SANTIAGO DEL ESTERO"|52|"ALGODON"|4|60592.66|213575.02
34|89|"SANTIAGO DEL ESTERO"|52|"ALGODON"|2|31401.8|109276.77
35|89|"SANTIAGO DEL ESTERO"|52|"ALGODON"|2|46708.82|167895.8
37|89|"SANTIAGO DEL ESTERO"|52|"ALGODON"|4|76020.58|272583.26
38|89|"SANTIAGO DEL ESTERO"|52|"ALGODON"|2|30216.72|97149.22
40|89|"SANTIAGO DEL ESTERO"|52|"ALGODON"|2|44626.23|157686.36
41|89|"SANTIAGO DEL ESTERO"|52|"ALGODON"|1|16188.38|47431.95
42|89|"SANTIAGO DEL ESTERO"|52|"ALGODON"|1|30556.94|111532.83
43|89|"SANTIAGO DEL ESTERO"|52|"ALGODON"|2|30243.47|93533.24
44|89|"SANTIAGO DEL ESTERO"|52|"ALGODON"|2|31469|103205.27
45|89|"SANTIAGO DEL ESTERO"|52|"ALGODON"|1|16194.33|47449.39
46|89|"SANTIAGO DEL ESTERO"|52|"ALGODON"|3|45549.79|149402.28
51|89|"SANTIAGO DEL ESTERO"|52|"ALGODON"|2|30241.22|93524.36
53|89|"SANTIAGO DEL ESTERO"|52|"ALGODON"|1|16188.28|47431.66
54|89|"SANTIAGO DEL ESTERO"|52|"ALGODON"|2|30249.27|93547.95
55|89|"SANTIAGO DEL ESTERO"|52|"ALGODON"|1|16165.28|47364.27
57|89|"SANTIAGO DEL ESTERO"|52|"ALGODON"|1|14055.04|46100.53
58|89|"SANTIAGO DEL ESTERO"|52|"ALGODON"|2|30035.26|92879.59
59|89|"SANTIAGO DEL ESTERO"|52|"ALGODON"|1|13882.03|45533.06
61|89|"SANTIAGO DEL ESTERO"|52|"ALGODON"|1|31889.01|93434.8
62|89|"SANTIAGO DEL ESTERO"|52|"ALGODON"|2|29826.11|92250.87
63|89|"SANTIAGO DEL ESTERO"|52|"ALGODON"|1|15952.93|46742.08
65|89|"SANTIAGO DEL ESTERO"|52|"ALGODON"|2|29824.56|92239.81
67|89|"SANTIAGO DEL ESTERO"|52|"ALGODON"|4|59647.92|184474.87
68|89|"SANTIAGO DEL ESTERO"|52|"ALGODON"|1|15960.48|46764.21
70|89|"SANTIAGO DEL ESTERO"|52|"ALGODON"|2|29828.91|92252.62
73|89|"SANTIAGO DEL ESTERO"|52|"ALGODON"|1|13860.08|45461.06
77|89|"SANTIAGO DEL ESTERO"|52|"ALGODON"|1|13868.13|45487.47
