"semana"|"aduana"|"aduana_desc"|"mercaderia"|"mercaderia_desc"|"cantidad"|"kilos"|"importe"
1|82|"BERNARDO DE YRIGOYEN"|10|"CEREALES"|5|142000|105960
2|82|"BERNARDO DE YRIGOYEN"|10|"CEREALES"|5|141500|95970
3|82|"BERNARDO DE YRIGOYEN"|10|"CEREALES"|15|390528|289625
4|82|"BERNARDO DE YRIGOYEN"|10|"CEREALES"|16|449500|326555
5|82|"BERNARDO DE YRIGOYEN"|10|"CEREALES"|24|675500|494455
6|82|"BERNARDO DE YRIGOYEN"|10|"CEREALES"|23|646700|441845
7|82|"BERNARDO DE YRIGOYEN"|10|"CEREALES"|1|28500|19950
8|82|"BERNARDO DE YRIGOYEN"|10|"CEREALES"|5|141100|99890
9|82|"BERNARDO DE YRIGOYEN"|10|"CEREALES"|8|227000|153485
10|82|"BERNARDO DE YRIGOYEN"|10|"CEREALES"|3|84300|60410
11|82|"BERNARDO DE YRIGOYEN"|10|"CEREALES"|7|197500|134840
12|82|"BERNARDO DE YRIGOYEN"|10|"CEREALES"|3|84500|58285
13|82|"BERNARDO DE YRIGOYEN"|10|"CEREALES"|9|253500|158030
14|82|"BERNARDO DE YRIGOYEN"|10|"CEREALES"|12|310620|192352
15|82|"BERNARDO DE YRIGOYEN"|10|"CEREALES"|9|254500|159825
16|82|"BERNARDO DE YRIGOYEN"|10|"CEREALES"|2|56000|33600
17|82|"BERNARDO DE YRIGOYEN"|10|"CEREALES"|3|84620|53037
18|82|"BERNARDO DE YRIGOYEN"|10|"CEREALES"|6|170500|106575
19|82|"BERNARDO DE YRIGOYEN"|10|"CEREALES"|4|112000|68040
20|82|"BERNARDO DE YRIGOYEN"|10|"CEREALES"|2|56000|33600
21|82|"BERNARDO DE YRIGOYEN"|10|"CEREALES"|5|140120|84072
22|82|"BERNARDO DE YRIGOYEN"|10|"CEREALES"|8|224800|134880
23|82|"BERNARDO DE YRIGOYEN"|10|"CEREALES"|2|56000|33600
24|82|"BERNARDO DE YRIGOYEN"|10|"CEREALES"|8|225000|135000
25|82|"BERNARDO DE YRIGOYEN"|10|"CEREALES"|7|198000|123075
26|82|"BERNARDO DE YRIGOYEN"|10|"CEREALES"|4|113100|67860
27|82|"BERNARDO DE YRIGOYEN"|10|"CEREALES"|5|140500|84300
28|82|"BERNARDO DE YRIGOYEN"|10|"CEREALES"|12|338500|207375
29|82|"BERNARDO DE YRIGOYEN"|10|"CEREALES"|9|254000|155250
30|82|"BERNARDO DE YRIGOYEN"|10|"CEREALES"|5|140500|84300
31|82|"BERNARDO DE YRIGOYEN"|10|"CEREALES"|6|169000|101400
32|82|"BERNARDO DE YRIGOYEN"|10|"CEREALES"|6|167000|100200
33|82|"BERNARDO DE YRIGOYEN"|10|"CEREALES"|6|168500|101100
34|82|"BERNARDO DE YRIGOYEN"|10|"CEREALES"|9|253000|153250
35|82|"BERNARDO DE YRIGOYEN"|10|"CEREALES"|6|168500|101100
36|82|"BERNARDO DE YRIGOYEN"|10|"CEREALES"|4|113000|67800
37|82|"BERNARDO DE YRIGOYEN"|10|"CEREALES"|9|254000|152400
38|82|"BERNARDO DE YRIGOYEN"|10|"CEREALES"|11|309500|186005
39|82|"BERNARDO DE YRIGOYEN"|10|"CEREALES"|6|167500|100500
40|82|"BERNARDO DE YRIGOYEN"|10|"CEREALES"|6|168500|100820
41|82|"BERNARDO DE YRIGOYEN"|10|"CEREALES"|5|145000|90000
42|82|"BERNARDO DE YRIGOYEN"|10|"CEREALES"|13|370500|225300
43|82|"BERNARDO DE YRIGOYEN"|10|"CEREALES"|8|228000|139800
44|82|"BERNARDO DE YRIGOYEN"|10|"CEREALES"|7|198000|120211.76
45|82|"BERNARDO DE YRIGOYEN"|10|"CEREALES"|9|257500|159530
46|82|"BERNARDO DE YRIGOYEN"|10|"CEREALES"|5|142000|86650
47|82|"BERNARDO DE YRIGOYEN"|10|"CEREALES"|6|169900|104835
48|82|"BERNARDO DE YRIGOYEN"|10|"CEREALES"|8|225500|134765
49|82|"BERNARDO DE YRIGOYEN"|10|"CEREALES"|4|113000|67240
50|82|"BERNARDO DE YRIGOYEN"|10|"CEREALES"|8|227000|133960
51|82|"BERNARDO DE YRIGOYEN"|10|"CEREALES"|6|164750|99195
54|82|"BERNARDO DE YRIGOYEN"|10|"CEREALES"|11|302250|179065
55|82|"BERNARDO DE YRIGOYEN"|10|"CEREALES"|7|196000|117320
56|82|"BERNARDO DE YRIGOYEN"|10|"CEREALES"|9|252000|138600
57|82|"BERNARDO DE YRIGOYEN"|10|"CEREALES"|9|252500|141725
58|82|"BERNARDO DE YRIGOYEN"|10|"CEREALES"|20|565130|335078
59|82|"BERNARDO DE YRIGOYEN"|10|"CEREALES"|6|169740|103306
60|82|"BERNARDO DE YRIGOYEN"|10|"CEREALES"|13|339500|208025
61|82|"BERNARDO DE YRIGOYEN"|10|"CEREALES"|10|280880|157328
62|82|"BERNARDO DE YRIGOYEN"|10|"CEREALES"|3|84000|44800
63|82|"BERNARDO DE YRIGOYEN"|10|"CEREALES"|8|219000|114900
64|82|"BERNARDO DE YRIGOYEN"|10|"CEREALES"|8|195028.5|114600
65|82|"BERNARDO DE YRIGOYEN"|10|"CEREALES"|16|447500|224890
66|82|"BERNARDO DE YRIGOYEN"|10|"CEREALES"|2|83000|41500
67|82|"BERNARDO DE YRIGOYEN"|10|"CEREALES"|10|281000|143375
68|82|"BERNARDO DE YRIGOYEN"|10|"CEREALES"|6|166000|85850
69|82|"BERNARDO DE YRIGOYEN"|10|"CEREALES"|5|167500|85175
70|82|"BERNARDO DE YRIGOYEN"|10|"CEREALES"|2|55000|27500
71|82|"BERNARDO DE YRIGOYEN"|10|"CEREALES"|17|504500|258805
72|82|"BERNARDO DE YRIGOYEN"|10|"CEREALES"|5|167000|83500
73|82|"BERNARDO DE YRIGOYEN"|10|"CEREALES"|5|138000|69000
74|82|"BERNARDO DE YRIGOYEN"|10|"CEREALES"|3|82000|41000
75|82|"BERNARDO DE YRIGOYEN"|10|"CEREALES"|5|138500|69820
76|82|"BERNARDO DE YRIGOYEN"|10|"CEREALES"|10|280500|140820
77|82|"BERNARDO DE YRIGOYEN"|10|"CEREALES"|12|362000|181000
79|82|"BERNARDO DE YRIGOYEN"|10|"CEREALES"|10|281000|140500
80|82|"BERNARDO DE YRIGOYEN"|10|"CEREALES"|8|225000|112500
81|82|"BERNARDO DE YRIGOYEN"|10|"CEREALES"|5|139500|64335
82|82|"BERNARDO DE YRIGOYEN"|10|"CEREALES"|11|305480|147328.8
83|82|"BERNARDO DE YRIGOYEN"|10|"CEREALES"|9|247000|123500
84|82|"BERNARDO DE YRIGOYEN"|10|"CEREALES"|9|251500|125750
85|82|"BERNARDO DE YRIGOYEN"|10|"CEREALES"|13|366500|183250
86|82|"BERNARDO DE YRIGOYEN"|10|"CEREALES"|11|310500|155250
87|82|"BERNARDO DE YRIGOYEN"|10|"CEREALES"|6|169500|84750
88|82|"BERNARDO DE YRIGOYEN"|10|"CEREALES"|6|170000|85000
89|82|"BERNARDO DE YRIGOYEN"|10|"CEREALES"|11|310000|155000
90|82|"BERNARDO DE YRIGOYEN"|10|"CEREALES"|8|219000|109500
91|82|"BERNARDO DE YRIGOYEN"|10|"CEREALES"|5|140500|66890
92|82|"BERNARDO DE YRIGOYEN"|10|"CEREALES"|1|28000|14000
93|82|"BERNARDO DE YRIGOYEN"|10|"CEREALES"|8|224500|111130
94|82|"BERNARDO DE YRIGOYEN"|10|"CEREALES"|7|197500|97630
95|82|"BERNARDO DE YRIGOYEN"|10|"CEREALES"|2|56500|27130
96|82|"BERNARDO DE YRIGOYEN"|10|"CEREALES"|4|112000|53800
97|82|"BERNARDO DE YRIGOYEN"|10|"CEREALES"|7|190000|92800
99|82|"BERNARDO DE YRIGOYEN"|10|"CEREALES"|3|82500|37950
101|82|"BERNARDO DE YRIGOYEN"|10|"CEREALES"|1|27500|12650
102|82|"BERNARDO DE YRIGOYEN"|10|"CEREALES"|3|85500|42750
103|82|"BERNARDO DE YRIGOYEN"|10|"CEREALES"|3|85000|43900
104|82|"BERNARDO DE YRIGOYEN"|10|"CEREALES"|2|56972.16|34183.3
