"semana"|"aduana"|"aduana_desc"|"mercaderia"|"mercaderia_desc"|"cantidad"|"kilos"|"importe"
55|76|"ORAN"|17|"AZUCARES Y ARTICULOS DE CONFITERIA"|1|357500|122143.45
56|76|"ORAN"|17|"AZUCARES Y ARTICULOS DE CONFITERIA"|1|385000|131539.1
60|76|"ORAN"|17|"AZUCARES Y ARTICULOS DE CONFITERIA"|1|165000|54780
87|76|"ORAN"|17|"AZUCARES Y ARTICULOS DE CONFITERIA"|1|280000|85960
90|76|"ORAN"|17|"AZUCARES Y ARTICULOS DE CONFITERIA"|1|12600|3868.2
93|76|"ORAN"|17|"AZUCARES Y ARTICULOS DE CONFITERIA"|1|280000|85960
94|76|"ORAN"|17|"AZUCARES Y ARTICULOS DE CONFITERIA"|2|550000|177045
95|76|"ORAN"|17|"AZUCARES Y ARTICULOS DE CONFITERIA"|1|79800|26413.8
98|76|"ORAN"|17|"AZUCARES Y ARTICULOS DE CONFITERIA"|4|805200|254570.8
104|76|"ORAN"|17|"AZUCARES Y ARTICULOS DE CONFITERIA"|1|220000|70818
