"semana"|"aduana"|"aduana_desc"|"mercaderia"|"mercaderia_desc"|"cantidad"|"kilos"|"importe"
73|90|"GENERAL PICO"|2|"CARNE Y DESPOJOS COMESTIBLES"|121|150225|1373062.5
74|90|"GENERAL PICO"|2|"CARNE Y DESPOJOS COMESTIBLES"|32|19612|196120
75|90|"GENERAL PICO"|2|"CARNE Y DESPOJOS COMESTIBLES"|77|85025|837862.5
76|90|"GENERAL PICO"|2|"CARNE Y DESPOJOS COMESTIBLES"|40|27503|263230.65
77|90|"GENERAL PICO"|2|"CARNE Y DESPOJOS COMESTIBLES"|43|28480|280402.25
78|90|"GENERAL PICO"|2|"CARNE Y DESPOJOS COMESTIBLES"|44|282582|1755418.7
79|90|"GENERAL PICO"|2|"CARNE Y DESPOJOS COMESTIBLES"|123|165944|1658991
80|90|"GENERAL PICO"|2|"CARNE Y DESPOJOS COMESTIBLES"|158|287970|1962930.35
81|90|"GENERAL PICO"|2|"CARNE Y DESPOJOS COMESTIBLES"|26|17904|180632.4
82|90|"GENERAL PICO"|2|"CARNE Y DESPOJOS COMESTIBLES"|38|50851|393080.3
83|90|"GENERAL PICO"|2|"CARNE Y DESPOJOS COMESTIBLES"|21|24357|242447.88
84|90|"GENERAL PICO"|2|"CARNE Y DESPOJOS COMESTIBLES"|184|238540|2283748.2
85|90|"GENERAL PICO"|2|"CARNE Y DESPOJOS COMESTIBLES"|26|19418|183843.78
86|90|"GENERAL PICO"|2|"CARNE Y DESPOJOS COMESTIBLES"|90|52413|533468.82
87|90|"GENERAL PICO"|2|"CARNE Y DESPOJOS COMESTIBLES"|18|21984|210421.8
88|90|"GENERAL PICO"|2|"CARNE Y DESPOJOS COMESTIBLES"|81|81250|728823.36
89|90|"GENERAL PICO"|2|"CARNE Y DESPOJOS COMESTIBLES"|21|20323|193134.66
90|90|"GENERAL PICO"|2|"CARNE Y DESPOJOS COMESTIBLES"|21|21335|200687.46
91|90|"GENERAL PICO"|2|"CARNE Y DESPOJOS COMESTIBLES"|135|195900|2206890
92|90|"GENERAL PICO"|2|"CARNE Y DESPOJOS COMESTIBLES"|51|55336|501076.98
93|90|"GENERAL PICO"|2|"CARNE Y DESPOJOS COMESTIBLES"|15|21289|202747.8
94|90|"GENERAL PICO"|2|"CARNE Y DESPOJOS COMESTIBLES"|90|85933|1067979.02
95|90|"GENERAL PICO"|2|"CARNE Y DESPOJOS COMESTIBLES"|19|21382|243607.92
96|90|"GENERAL PICO"|2|"CARNE Y DESPOJOS COMESTIBLES"|39|27125|288578.75
97|90|"GENERAL PICO"|2|"CARNE Y DESPOJOS COMESTIBLES"|51|76258|1133088
98|90|"GENERAL PICO"|2|"CARNE Y DESPOJOS COMESTIBLES"|46|64761|964450
99|90|"GENERAL PICO"|2|"CARNE Y DESPOJOS COMESTIBLES"|5|18480|292950
101|90|"GENERAL PICO"|2|"CARNE Y DESPOJOS COMESTIBLES"|20|39500|616722.8
102|90|"GENERAL PICO"|2|"CARNE Y DESPOJOS COMESTIBLES"|15|20826|321490.2
103|90|"GENERAL PICO"|2|"CARNE Y DESPOJOS COMESTIBLES"|58|77866|1180515.4
104|90|"GENERAL PICO"|2|"CARNE Y DESPOJOS COMESTIBLES"|74|74078|1081118
