"semana"|"aduana"|"aduana_desc"|"mercaderia"|"mercaderia_desc"|"cantidad"|"kilos"|"importe"
69|91|"BS.AS. NORTE"|82|"HERRAMIENTAS Y UTILES, ARTICULOS DE CUCHILLERIA Y CUBIERTOS "|13|4498.01|824060.51
70|91|"BS.AS. NORTE"|82|"HERRAMIENTAS Y UTILES, ARTICULOS DE CUCHILLERIA Y CUBIERTOS "|12|13093.2|99175.61
71|91|"BS.AS. NORTE"|82|"HERRAMIENTAS Y UTILES, ARTICULOS DE CUCHILLERIA Y CUBIERTOS "|11|1055.91|10600.05
72|91|"BS.AS. NORTE"|82|"HERRAMIENTAS Y UTILES, ARTICULOS DE CUCHILLERIA Y CUBIERTOS "|4|1515.59|11725.47
73|91|"BS.AS. NORTE"|82|"HERRAMIENTAS Y UTILES, ARTICULOS DE CUCHILLERIA Y CUBIERTOS "|11|20704.03|390087.44
74|91|"BS.AS. NORTE"|82|"HERRAMIENTAS Y UTILES, ARTICULOS DE CUCHILLERIA Y CUBIERTOS "|21|80722.82|413243.45
75|91|"BS.AS. NORTE"|82|"HERRAMIENTAS Y UTILES, ARTICULOS DE CUCHILLERIA Y CUBIERTOS "|7|10226.77|55846.46
76|91|"BS.AS. NORTE"|82|"HERRAMIENTAS Y UTILES, ARTICULOS DE CUCHILLERIA Y CUBIERTOS "|25|1506.51|10883.86
77|91|"BS.AS. NORTE"|82|"HERRAMIENTAS Y UTILES, ARTICULOS DE CUCHILLERIA Y CUBIERTOS "|17|22355.22|127873.8
78|91|"BS.AS. NORTE"|82|"HERRAMIENTAS Y UTILES, ARTICULOS DE CUCHILLERIA Y CUBIERTOS "|16|23901.14|123347.73
79|91|"BS.AS. NORTE"|82|"HERRAMIENTAS Y UTILES, ARTICULOS DE CUCHILLERIA Y CUBIERTOS "|6|16594.9|84838.19
80|91|"BS.AS. NORTE"|82|"HERRAMIENTAS Y UTILES, ARTICULOS DE CUCHILLERIA Y CUBIERTOS "|10|905.84|7637
81|91|"BS.AS. NORTE"|82|"HERRAMIENTAS Y UTILES, ARTICULOS DE CUCHILLERIA Y CUBIERTOS "|20|10956.77|72667.41
82|91|"BS.AS. NORTE"|82|"HERRAMIENTAS Y UTILES, ARTICULOS DE CUCHILLERIA Y CUBIERTOS "|19|4309.97|79101.99
83|91|"BS.AS. NORTE"|82|"HERRAMIENTAS Y UTILES, ARTICULOS DE CUCHILLERIA Y CUBIERTOS "|11|214.58|5422.96
84|91|"BS.AS. NORTE"|82|"HERRAMIENTAS Y UTILES, ARTICULOS DE CUCHILLERIA Y CUBIERTOS "|7|3812.26|25027.13
85|91|"BS.AS. NORTE"|82|"HERRAMIENTAS Y UTILES, ARTICULOS DE CUCHILLERIA Y CUBIERTOS "|1|19026|94329
86|91|"BS.AS. NORTE"|82|"HERRAMIENTAS Y UTILES, ARTICULOS DE CUCHILLERIA Y CUBIERTOS "|20|9853.26|95303.14
87|91|"BS.AS. NORTE"|82|"HERRAMIENTAS Y UTILES, ARTICULOS DE CUCHILLERIA Y CUBIERTOS "|22|8487.94|41138.49
88|91|"BS.AS. NORTE"|82|"HERRAMIENTAS Y UTILES, ARTICULOS DE CUCHILLERIA Y CUBIERTOS "|8|21019.11|105656
89|91|"BS.AS. NORTE"|82|"HERRAMIENTAS Y UTILES, ARTICULOS DE CUCHILLERIA Y CUBIERTOS "|10|18126.52|100110.79
90|91|"BS.AS. NORTE"|82|"HERRAMIENTAS Y UTILES, ARTICULOS DE CUCHILLERIA Y CUBIERTOS "|5|18026.79|90622.65
91|91|"BS.AS. NORTE"|82|"HERRAMIENTAS Y UTILES, ARTICULOS DE CUCHILLERIA Y CUBIERTOS "|6|20097.09|105085.43
92|91|"BS.AS. NORTE"|82|"HERRAMIENTAS Y UTILES, ARTICULOS DE CUCHILLERIA Y CUBIERTOS "|7|18588.55|96392.79
93|91|"BS.AS. NORTE"|82|"HERRAMIENTAS Y UTILES, ARTICULOS DE CUCHILLERIA Y CUBIERTOS "|20|24500.6|125709.92
94|91|"BS.AS. NORTE"|82|"HERRAMIENTAS Y UTILES, ARTICULOS DE CUCHILLERIA Y CUBIERTOS "|18|18460.2|98894.67
95|91|"BS.AS. NORTE"|82|"HERRAMIENTAS Y UTILES, ARTICULOS DE CUCHILLERIA Y CUBIERTOS "|13|489|15244.11
96|91|"BS.AS. NORTE"|82|"HERRAMIENTAS Y UTILES, ARTICULOS DE CUCHILLERIA Y CUBIERTOS "|8|25889.68|135764.84
97|91|"BS.AS. NORTE"|82|"HERRAMIENTAS Y UTILES, ARTICULOS DE CUCHILLERIA Y CUBIERTOS "|6|1518.23|9481.65
98|91|"BS.AS. NORTE"|82|"HERRAMIENTAS Y UTILES, ARTICULOS DE CUCHILLERIA Y CUBIERTOS "|11|25058.78|135597.76
99|91|"BS.AS. NORTE"|82|"HERRAMIENTAS Y UTILES, ARTICULOS DE CUCHILLERIA Y CUBIERTOS "|8|24218.03|121445.03
100|91|"BS.AS. NORTE"|82|"HERRAMIENTAS Y UTILES, ARTICULOS DE CUCHILLERIA Y CUBIERTOS "|8|24628.77|125472.22
101|91|"BS.AS. NORTE"|82|"HERRAMIENTAS Y UTILES, ARTICULOS DE CUCHILLERIA Y CUBIERTOS "|6|45.64|785.54
102|91|"BS.AS. NORTE"|82|"HERRAMIENTAS Y UTILES, ARTICULOS DE CUCHILLERIA Y CUBIERTOS "|16|12900.94|66765.58
103|91|"BS.AS. NORTE"|82|"HERRAMIENTAS Y UTILES, ARTICULOS DE CUCHILLERIA Y CUBIERTOS "|6|33274.61|128744.06
104|91|"BS.AS. NORTE"|82|"HERRAMIENTAS Y UTILES, ARTICULOS DE CUCHILLERIA Y CUBIERTOS "|8|2960.46|30143.44
