"semana"|"aduana"|"aduana_desc"|"mercaderia"|"mercaderia_desc"|"cantidad"|"kilos"|"importe"
69|91|"BS.AS. NORTE"|89|"BARCOS Y DEMAS ARTEFACTOS FLOTANTES"|2|5487.4|56909
75|91|"BS.AS. NORTE"|89|"BARCOS Y DEMAS ARTEFACTOS FLOTANTES"|1|10500|752477.89
83|91|"BS.AS. NORTE"|89|"BARCOS Y DEMAS ARTEFACTOS FLOTANTES"|1|638000|820000
90|91|"BS.AS. NORTE"|89|"BARCOS Y DEMAS ARTEFACTOS FLOTANTES"|2|12350|664981.16
92|91|"BS.AS. NORTE"|89|"BARCOS Y DEMAS ARTEFACTOS FLOTANTES"|1|93700000|2.75e+08
97|91|"BS.AS. NORTE"|89|"BARCOS Y DEMAS ARTEFACTOS FLOTANTES"|1|450|3700
98|91|"BS.AS. NORTE"|89|"BARCOS Y DEMAS ARTEFACTOS FLOTANTES"|1|48000|1593668.65
99|91|"BS.AS. NORTE"|89|"BARCOS Y DEMAS ARTEFACTOS FLOTANTES"|6|16766.2|292885
102|91|"BS.AS. NORTE"|89|"BARCOS Y DEMAS ARTEFACTOS FLOTANTES"|1|1682.09|48850
