"semana"|"aduana"|"aduana_desc"|"mercaderia"|"mercaderia_desc"|"cantidad"|"kilos"|"importe"
1|89|"SANTIAGO DEL ESTERO"|25|"SAL; AZUFRE; TIERRAS Y PIEDRAS; YESOS, CALES Y CEMENTOS"|1|26500|4107.5
4|89|"SANTIAGO DEL ESTERO"|25|"SAL; AZUFRE; TIERRAS Y PIEDRAS; YESOS, CALES Y CEMENTOS"|1|26000|4030
5|89|"SANTIAGO DEL ESTERO"|25|"SAL; AZUFRE; TIERRAS Y PIEDRAS; YESOS, CALES Y CEMENTOS"|1|26500|4107.5
6|89|"SANTIAGO DEL ESTERO"|25|"SAL; AZUFRE; TIERRAS Y PIEDRAS; YESOS, CALES Y CEMENTOS"|3|526500|49030
7|89|"SANTIAGO DEL ESTERO"|25|"SAL; AZUFRE; TIERRAS Y PIEDRAS; YESOS, CALES Y CEMENTOS"|1|26500|3842.5
8|89|"SANTIAGO DEL ESTERO"|25|"SAL; AZUFRE; TIERRAS Y PIEDRAS; YESOS, CALES Y CEMENTOS"|2|444000|22840
9|89|"SANTIAGO DEL ESTERO"|25|"SAL; AZUFRE; TIERRAS Y PIEDRAS; YESOS, CALES Y CEMENTOS"|1|26000|3770
10|89|"SANTIAGO DEL ESTERO"|25|"SAL; AZUFRE; TIERRAS Y PIEDRAS; YESOS, CALES Y CEMENTOS"|1|26500|4107.5
11|89|"SANTIAGO DEL ESTERO"|25|"SAL; AZUFRE; TIERRAS Y PIEDRAS; YESOS, CALES Y CEMENTOS"|2|82500|5787.5
12|89|"SANTIAGO DEL ESTERO"|25|"SAL; AZUFRE; TIERRAS Y PIEDRAS; YESOS, CALES Y CEMENTOS"|1|5e+05|15000
13|89|"SANTIAGO DEL ESTERO"|25|"SAL; AZUFRE; TIERRAS Y PIEDRAS; YESOS, CALES Y CEMENTOS"|4|577760|34293.6
15|89|"SANTIAGO DEL ESTERO"|25|"SAL; AZUFRE; TIERRAS Y PIEDRAS; YESOS, CALES Y CEMENTOS"|1|25920|3758.4
16|89|"SANTIAGO DEL ESTERO"|25|"SAL; AZUFRE; TIERRAS Y PIEDRAS; YESOS, CALES Y CEMENTOS"|1|25920|3758.4
17|89|"SANTIAGO DEL ESTERO"|25|"SAL; AZUFRE; TIERRAS Y PIEDRAS; YESOS, CALES Y CEMENTOS"|2|107380|7683.3
19|89|"SANTIAGO DEL ESTERO"|25|"SAL; AZUFRE; TIERRAS Y PIEDRAS; YESOS, CALES Y CEMENTOS"|1|26500|4107.5
20|89|"SANTIAGO DEL ESTERO"|25|"SAL; AZUFRE; TIERRAS Y PIEDRAS; YESOS, CALES Y CEMENTOS"|2|1026500|48842.5
21|89|"SANTIAGO DEL ESTERO"|25|"SAL; AZUFRE; TIERRAS Y PIEDRAS; YESOS, CALES Y CEMENTOS"|1|26000|4030
22|89|"SANTIAGO DEL ESTERO"|25|"SAL; AZUFRE; TIERRAS Y PIEDRAS; YESOS, CALES Y CEMENTOS"|1|26500|4107.5
23|89|"SANTIAGO DEL ESTERO"|25|"SAL; AZUFRE; TIERRAS Y PIEDRAS; YESOS, CALES Y CEMENTOS"|2|526000|26530
26|89|"SANTIAGO DEL ESTERO"|25|"SAL; AZUFRE; TIERRAS Y PIEDRAS; YESOS, CALES Y CEMENTOS"|2|52500|7877.5
27|89|"SANTIAGO DEL ESTERO"|25|"SAL; AZUFRE; TIERRAS Y PIEDRAS; YESOS, CALES Y CEMENTOS"|1|26000|3938.22
28|89|"SANTIAGO DEL ESTERO"|25|"SAL; AZUFRE; TIERRAS Y PIEDRAS; YESOS, CALES Y CEMENTOS"|1|26000|4030
29|89|"SANTIAGO DEL ESTERO"|25|"SAL; AZUFRE; TIERRAS Y PIEDRAS; YESOS, CALES Y CEMENTOS"|2|522808|18902.99
30|89|"SANTIAGO DEL ESTERO"|25|"SAL; AZUFRE; TIERRAS Y PIEDRAS; YESOS, CALES Y CEMENTOS"|3|1019120|34071.6
31|89|"SANTIAGO DEL ESTERO"|25|"SAL; AZUFRE; TIERRAS Y PIEDRAS; YESOS, CALES Y CEMENTOS"|1|26000|4212
33|89|"SANTIAGO DEL ESTERO"|25|"SAL; AZUFRE; TIERRAS Y PIEDRAS; YESOS, CALES Y CEMENTOS"|2|522810|18902.99
34|89|"SANTIAGO DEL ESTERO"|25|"SAL; AZUFRE; TIERRAS Y PIEDRAS; YESOS, CALES Y CEMENTOS"|3|79000|11949.7
35|89|"SANTIAGO DEL ESTERO"|25|"SAL; AZUFRE; TIERRAS Y PIEDRAS; YESOS, CALES Y CEMENTOS"|1|26000|4212
36|89|"SANTIAGO DEL ESTERO"|25|"SAL; AZUFRE; TIERRAS Y PIEDRAS; YESOS, CALES Y CEMENTOS"|1|499982|22455
38|89|"SANTIAGO DEL ESTERO"|25|"SAL; AZUFRE; TIERRAS Y PIEDRAS; YESOS, CALES Y CEMENTOS"|2|52500|8505
39|89|"SANTIAGO DEL ESTERO"|25|"SAL; AZUFRE; TIERRAS Y PIEDRAS; YESOS, CALES Y CEMENTOS"|1|26000|3937.96
40|89|"SANTIAGO DEL ESTERO"|25|"SAL; AZUFRE; TIERRAS Y PIEDRAS; YESOS, CALES Y CEMENTOS"|2|521308|18939.3
41|89|"SANTIAGO DEL ESTERO"|25|"SAL; AZUFRE; TIERRAS Y PIEDRAS; YESOS, CALES Y CEMENTOS"|1|996640|44848.8
42|89|"SANTIAGO DEL ESTERO"|25|"SAL; AZUFRE; TIERRAS Y PIEDRAS; YESOS, CALES Y CEMENTOS"|1|26500|4293
43|89|"SANTIAGO DEL ESTERO"|25|"SAL; AZUFRE; TIERRAS Y PIEDRAS; YESOS, CALES Y CEMENTOS"|1|26000|4212
44|89|"SANTIAGO DEL ESTERO"|25|"SAL; AZUFRE; TIERRAS Y PIEDRAS; YESOS, CALES Y CEMENTOS"|1|996640|44848.8
45|89|"SANTIAGO DEL ESTERO"|25|"SAL; AZUFRE; TIERRAS Y PIEDRAS; YESOS, CALES Y CEMENTOS"|1|26000|4212
46|89|"SANTIAGO DEL ESTERO"|25|"SAL; AZUFRE; TIERRAS Y PIEDRAS; YESOS, CALES Y CEMENTOS"|2|522810|19182.3
48|89|"SANTIAGO DEL ESTERO"|25|"SAL; AZUFRE; TIERRAS Y PIEDRAS; YESOS, CALES Y CEMENTOS"|1|26500|4013.69
50|89|"SANTIAGO DEL ESTERO"|25|"SAL; AZUFRE; TIERRAS Y PIEDRAS; YESOS, CALES Y CEMENTOS"|1|26000|3938.22
53|89|"SANTIAGO DEL ESTERO"|25|"SAL; AZUFRE; TIERRAS Y PIEDRAS; YESOS, CALES Y CEMENTOS"|1|26000|4212
56|89|"SANTIAGO DEL ESTERO"|25|"SAL; AZUFRE; TIERRAS Y PIEDRAS; YESOS, CALES Y CEMENTOS"|2|52500|8505
59|89|"SANTIAGO DEL ESTERO"|25|"SAL; AZUFRE; TIERRAS Y PIEDRAS; YESOS, CALES Y CEMENTOS"|2|52500|8225.69
60|89|"SANTIAGO DEL ESTERO"|25|"SAL; AZUFRE; TIERRAS Y PIEDRAS; YESOS, CALES Y CEMENTOS"|1|26500|4293
61|89|"SANTIAGO DEL ESTERO"|25|"SAL; AZUFRE; TIERRAS Y PIEDRAS; YESOS, CALES Y CEMENTOS"|1|26000|4212
62|89|"SANTIAGO DEL ESTERO"|25|"SAL; AZUFRE; TIERRAS Y PIEDRAS; YESOS, CALES Y CEMENTOS"|1|26000|3938.22
64|89|"SANTIAGO DEL ESTERO"|25|"SAL; AZUFRE; TIERRAS Y PIEDRAS; YESOS, CALES Y CEMENTOS"|1|26500|4293
65|89|"SANTIAGO DEL ESTERO"|25|"SAL; AZUFRE; TIERRAS Y PIEDRAS; YESOS, CALES Y CEMENTOS"|1|26000|4212
67|89|"SANTIAGO DEL ESTERO"|25|"SAL; AZUFRE; TIERRAS Y PIEDRAS; YESOS, CALES Y CEMENTOS"|1|26500|3975
68|89|"SANTIAGO DEL ESTERO"|25|"SAL; AZUFRE; TIERRAS Y PIEDRAS; YESOS, CALES Y CEMENTOS"|1|26500|3716.62
70|89|"SANTIAGO DEL ESTERO"|25|"SAL; AZUFRE; TIERRAS Y PIEDRAS; YESOS, CALES Y CEMENTOS"|2|52500|8187
73|89|"SANTIAGO DEL ESTERO"|25|"SAL; AZUFRE; TIERRAS Y PIEDRAS; YESOS, CALES Y CEMENTOS"|1|26000|4212
75|89|"SANTIAGO DEL ESTERO"|25|"SAL; AZUFRE; TIERRAS Y PIEDRAS; YESOS, CALES Y CEMENTOS"|1|26000|3646.5
76|89|"SANTIAGO DEL ESTERO"|25|"SAL; AZUFRE; TIERRAS Y PIEDRAS; YESOS, CALES Y CEMENTOS"|1|580000|14500
77|89|"SANTIAGO DEL ESTERO"|25|"SAL; AZUFRE; TIERRAS Y PIEDRAS; YESOS, CALES Y CEMENTOS"|1|26000|4212
78|89|"SANTIAGO DEL ESTERO"|25|"SAL; AZUFRE; TIERRAS Y PIEDRAS; YESOS, CALES Y CEMENTOS"|1|580000|14500
79|89|"SANTIAGO DEL ESTERO"|25|"SAL; AZUFRE; TIERRAS Y PIEDRAS; YESOS, CALES Y CEMENTOS"|1|26500|3975
81|89|"SANTIAGO DEL ESTERO"|25|"SAL; AZUFRE; TIERRAS Y PIEDRAS; YESOS, CALES Y CEMENTOS"|1|1160000|29000
82|89|"SANTIAGO DEL ESTERO"|25|"SAL; AZUFRE; TIERRAS Y PIEDRAS; YESOS, CALES Y CEMENTOS"|1|26000|4212
83|89|"SANTIAGO DEL ESTERO"|25|"SAL; AZUFRE; TIERRAS Y PIEDRAS; YESOS, CALES Y CEMENTOS"|1|1160000|29000
85|89|"SANTIAGO DEL ESTERO"|25|"SAL; AZUFRE; TIERRAS Y PIEDRAS; YESOS, CALES Y CEMENTOS"|1|1160000|29000
86|89|"SANTIAGO DEL ESTERO"|25|"SAL; AZUFRE; TIERRAS Y PIEDRAS; YESOS, CALES Y CEMENTOS"|1|26000|4212
88|89|"SANTIAGO DEL ESTERO"|25|"SAL; AZUFRE; TIERRAS Y PIEDRAS; YESOS, CALES Y CEMENTOS"|1|26500|3975
89|89|"SANTIAGO DEL ESTERO"|25|"SAL; AZUFRE; TIERRAS Y PIEDRAS; YESOS, CALES Y CEMENTOS"|1|26000|3646.5
90|89|"SANTIAGO DEL ESTERO"|25|"SAL; AZUFRE; TIERRAS Y PIEDRAS; YESOS, CALES Y CEMENTOS"|2|1186000|33212
93|89|"SANTIAGO DEL ESTERO"|25|"SAL; AZUFRE; TIERRAS Y PIEDRAS; YESOS, CALES Y CEMENTOS"|1|1160000|29000
94|89|"SANTIAGO DEL ESTERO"|25|"SAL; AZUFRE; TIERRAS Y PIEDRAS; YESOS, CALES Y CEMENTOS"|1|13000|2106
96|89|"SANTIAGO DEL ESTERO"|25|"SAL; AZUFRE; TIERRAS Y PIEDRAS; YESOS, CALES Y CEMENTOS"|1|26000|4212
97|89|"SANTIAGO DEL ESTERO"|25|"SAL; AZUFRE; TIERRAS Y PIEDRAS; YESOS, CALES Y CEMENTOS"|1|26500|3975
98|89|"SANTIAGO DEL ESTERO"|25|"SAL; AZUFRE; TIERRAS Y PIEDRAS; YESOS, CALES Y CEMENTOS"|1|1160000|29000
99|89|"SANTIAGO DEL ESTERO"|25|"SAL; AZUFRE; TIERRAS Y PIEDRAS; YESOS, CALES Y CEMENTOS"|2|38500|5660.62
102|89|"SANTIAGO DEL ESTERO"|25|"SAL; AZUFRE; TIERRAS Y PIEDRAS; YESOS, CALES Y CEMENTOS"|1|280000|7000
103|89|"SANTIAGO DEL ESTERO"|25|"SAL; AZUFRE; TIERRAS Y PIEDRAS; YESOS, CALES Y CEMENTOS"|2|52500|8187
