"semana"|"aduana"|"aduana_desc"|"mercaderia"|"mercaderia_desc"|"cantidad"|"kilos"|"importe"
68|91|"BS.AS. NORTE"|4|"LECHE Y PRODUCTOS LACTEOS; HUEVOS DE AVE; MIEL NATURAL; PROD"|2|41800|192016.95
69|91|"BS.AS. NORTE"|4|"LECHE Y PRODUCTOS LACTEOS; HUEVOS DE AVE; MIEL NATURAL; PROD"|8|232226|865696.2
70|91|"BS.AS. NORTE"|4|"LECHE Y PRODUCTOS LACTEOS; HUEVOS DE AVE; MIEL NATURAL; PROD"|1|18286|71681.12
71|91|"BS.AS. NORTE"|4|"LECHE Y PRODUCTOS LACTEOS; HUEVOS DE AVE; MIEL NATURAL; PROD"|11|211422|1116465.52
72|91|"BS.AS. NORTE"|4|"LECHE Y PRODUCTOS LACTEOS; HUEVOS DE AVE; MIEL NATURAL; PROD"|4|220388|879565.97
73|91|"BS.AS. NORTE"|4|"LECHE Y PRODUCTOS LACTEOS; HUEVOS DE AVE; MIEL NATURAL; PROD"|3|99234|429976.39
74|91|"BS.AS. NORTE"|4|"LECHE Y PRODUCTOS LACTEOS; HUEVOS DE AVE; MIEL NATURAL; PROD"|10|1105500|4758953.51
75|91|"BS.AS. NORTE"|4|"LECHE Y PRODUCTOS LACTEOS; HUEVOS DE AVE; MIEL NATURAL; PROD"|9|1559000|6683410.97
76|91|"BS.AS. NORTE"|4|"LECHE Y PRODUCTOS LACTEOS; HUEVOS DE AVE; MIEL NATURAL; PROD"|6|127143|515310.21
77|91|"BS.AS. NORTE"|4|"LECHE Y PRODUCTOS LACTEOS; HUEVOS DE AVE; MIEL NATURAL; PROD"|5|116022|568372.7
78|91|"BS.AS. NORTE"|4|"LECHE Y PRODUCTOS LACTEOS; HUEVOS DE AVE; MIEL NATURAL; PROD"|11|1592914|6772154.84
79|91|"BS.AS. NORTE"|4|"LECHE Y PRODUCTOS LACTEOS; HUEVOS DE AVE; MIEL NATURAL; PROD"|9|258820.83|975049.29
80|91|"BS.AS. NORTE"|4|"LECHE Y PRODUCTOS LACTEOS; HUEVOS DE AVE; MIEL NATURAL; PROD"|6|194000|545521.82
81|91|"BS.AS. NORTE"|4|"LECHE Y PRODUCTOS LACTEOS; HUEVOS DE AVE; MIEL NATURAL; PROD"|6|137210|638550.17
82|91|"BS.AS. NORTE"|4|"LECHE Y PRODUCTOS LACTEOS; HUEVOS DE AVE; MIEL NATURAL; PROD"|5|81051|401675.8
83|91|"BS.AS. NORTE"|4|"LECHE Y PRODUCTOS LACTEOS; HUEVOS DE AVE; MIEL NATURAL; PROD"|5|166250|620818.1
84|91|"BS.AS. NORTE"|4|"LECHE Y PRODUCTOS LACTEOS; HUEVOS DE AVE; MIEL NATURAL; PROD"|12|1665490|7054065.06
85|91|"BS.AS. NORTE"|4|"LECHE Y PRODUCTOS LACTEOS; HUEVOS DE AVE; MIEL NATURAL; PROD"|3|70000|215750
86|91|"BS.AS. NORTE"|4|"LECHE Y PRODUCTOS LACTEOS; HUEVOS DE AVE; MIEL NATURAL; PROD"|7|186880|640157.11
87|91|"BS.AS. NORTE"|4|"LECHE Y PRODUCTOS LACTEOS; HUEVOS DE AVE; MIEL NATURAL; PROD"|5|190300|456873.29
88|91|"BS.AS. NORTE"|4|"LECHE Y PRODUCTOS LACTEOS; HUEVOS DE AVE; MIEL NATURAL; PROD"|4|125830|472276.26
89|91|"BS.AS. NORTE"|4|"LECHE Y PRODUCTOS LACTEOS; HUEVOS DE AVE; MIEL NATURAL; PROD"|16|1807122|7122774.46
90|91|"BS.AS. NORTE"|4|"LECHE Y PRODUCTOS LACTEOS; HUEVOS DE AVE; MIEL NATURAL; PROD"|7|282458|629322.35
91|91|"BS.AS. NORTE"|4|"LECHE Y PRODUCTOS LACTEOS; HUEVOS DE AVE; MIEL NATURAL; PROD"|8|177137|576834.19
92|91|"BS.AS. NORTE"|4|"LECHE Y PRODUCTOS LACTEOS; HUEVOS DE AVE; MIEL NATURAL; PROD"|13|1315826|3818195.02
93|91|"BS.AS. NORTE"|4|"LECHE Y PRODUCTOS LACTEOS; HUEVOS DE AVE; MIEL NATURAL; PROD"|13|418572.14|1453961.82
94|91|"BS.AS. NORTE"|4|"LECHE Y PRODUCTOS LACTEOS; HUEVOS DE AVE; MIEL NATURAL; PROD"|13|422538|1299339.55
95|91|"BS.AS. NORTE"|4|"LECHE Y PRODUCTOS LACTEOS; HUEVOS DE AVE; MIEL NATURAL; PROD"|5|621930|2586404.81
96|91|"BS.AS. NORTE"|4|"LECHE Y PRODUCTOS LACTEOS; HUEVOS DE AVE; MIEL NATURAL; PROD"|7|235420|689533
97|91|"BS.AS. NORTE"|4|"LECHE Y PRODUCTOS LACTEOS; HUEVOS DE AVE; MIEL NATURAL; PROD"|16|779055|1718309.64
98|91|"BS.AS. NORTE"|4|"LECHE Y PRODUCTOS LACTEOS; HUEVOS DE AVE; MIEL NATURAL; PROD"|15|505768|1539114.42
99|91|"BS.AS. NORTE"|4|"LECHE Y PRODUCTOS LACTEOS; HUEVOS DE AVE; MIEL NATURAL; PROD"|19|403168|1272795.99
100|91|"BS.AS. NORTE"|4|"LECHE Y PRODUCTOS LACTEOS; HUEVOS DE AVE; MIEL NATURAL; PROD"|6|196640|769957.65
101|91|"BS.AS. NORTE"|4|"LECHE Y PRODUCTOS LACTEOS; HUEVOS DE AVE; MIEL NATURAL; PROD"|7|595823|2420821.33
102|91|"BS.AS. NORTE"|4|"LECHE Y PRODUCTOS LACTEOS; HUEVOS DE AVE; MIEL NATURAL; PROD"|9|210250|880225.28
103|91|"BS.AS. NORTE"|4|"LECHE Y PRODUCTOS LACTEOS; HUEVOS DE AVE; MIEL NATURAL; PROD"|11|339264|1141841.52
104|91|"BS.AS. NORTE"|4|"LECHE Y PRODUCTOS LACTEOS; HUEVOS DE AVE; MIEL NATURAL; PROD"|5|333300|1745308.76
