"semana"|"aduana"|"aduana_desc"|"mercaderia"|"mercaderia_desc"|"cantidad"|"kilos"|"importe"
69|92|"BS.AS. SUR"|63|"LOS DEMAS ARTICULOS TEXTILES CONFECCIONADOS; JUEGOS; PRENDER"|13|906.99|21838.24
70|92|"BS.AS. SUR"|63|"LOS DEMAS ARTICULOS TEXTILES CONFECCIONADOS; JUEGOS; PRENDER"|25|19547.27|243391.98
71|92|"BS.AS. SUR"|63|"LOS DEMAS ARTICULOS TEXTILES CONFECCIONADOS; JUEGOS; PRENDER"|8|5681.54|51728.51
72|92|"BS.AS. SUR"|63|"LOS DEMAS ARTICULOS TEXTILES CONFECCIONADOS; JUEGOS; PRENDER"|15|2786.25|80934.95
73|92|"BS.AS. SUR"|63|"LOS DEMAS ARTICULOS TEXTILES CONFECCIONADOS; JUEGOS; PRENDER"|15|1424.6|34595.53
74|92|"BS.AS. SUR"|63|"LOS DEMAS ARTICULOS TEXTILES CONFECCIONADOS; JUEGOS; PRENDER"|40|29281.46|256039.16
75|92|"BS.AS. SUR"|63|"LOS DEMAS ARTICULOS TEXTILES CONFECCIONADOS; JUEGOS; PRENDER"|15|4557.99|65829.32
76|92|"BS.AS. SUR"|63|"LOS DEMAS ARTICULOS TEXTILES CONFECCIONADOS; JUEGOS; PRENDER"|29|12905.27|172175.27
77|92|"BS.AS. SUR"|63|"LOS DEMAS ARTICULOS TEXTILES CONFECCIONADOS; JUEGOS; PRENDER"|41|19924.91|141614.09
78|92|"BS.AS. SUR"|63|"LOS DEMAS ARTICULOS TEXTILES CONFECCIONADOS; JUEGOS; PRENDER"|7|3945.46|84489.92
79|92|"BS.AS. SUR"|63|"LOS DEMAS ARTICULOS TEXTILES CONFECCIONADOS; JUEGOS; PRENDER"|15|12792.24|158474.41
80|92|"BS.AS. SUR"|63|"LOS DEMAS ARTICULOS TEXTILES CONFECCIONADOS; JUEGOS; PRENDER"|23|6832.01|52720.15
81|92|"BS.AS. SUR"|63|"LOS DEMAS ARTICULOS TEXTILES CONFECCIONADOS; JUEGOS; PRENDER"|20|8134.01|85121.34
82|92|"BS.AS. SUR"|63|"LOS DEMAS ARTICULOS TEXTILES CONFECCIONADOS; JUEGOS; PRENDER"|19|11850.66|147705.15
83|92|"BS.AS. SUR"|63|"LOS DEMAS ARTICULOS TEXTILES CONFECCIONADOS; JUEGOS; PRENDER"|14|966.55|51552.2
84|92|"BS.AS. SUR"|63|"LOS DEMAS ARTICULOS TEXTILES CONFECCIONADOS; JUEGOS; PRENDER"|15|14162.71|244332.86
85|92|"BS.AS. SUR"|63|"LOS DEMAS ARTICULOS TEXTILES CONFECCIONADOS; JUEGOS; PRENDER"|30|9534.64|135407.6
86|92|"BS.AS. SUR"|63|"LOS DEMAS ARTICULOS TEXTILES CONFECCIONADOS; JUEGOS; PRENDER"|16|2440.22|58176.68
87|92|"BS.AS. SUR"|63|"LOS DEMAS ARTICULOS TEXTILES CONFECCIONADOS; JUEGOS; PRENDER"|6|3549.26|40753.71
88|92|"BS.AS. SUR"|63|"LOS DEMAS ARTICULOS TEXTILES CONFECCIONADOS; JUEGOS; PRENDER"|29|15082.06|169002.47
89|92|"BS.AS. SUR"|63|"LOS DEMAS ARTICULOS TEXTILES CONFECCIONADOS; JUEGOS; PRENDER"|17|3546.69|62242.5
90|92|"BS.AS. SUR"|63|"LOS DEMAS ARTICULOS TEXTILES CONFECCIONADOS; JUEGOS; PRENDER"|25|28071.64|257482.36
91|92|"BS.AS. SUR"|63|"LOS DEMAS ARTICULOS TEXTILES CONFECCIONADOS; JUEGOS; PRENDER"|7|841.57|13879.5
92|92|"BS.AS. SUR"|63|"LOS DEMAS ARTICULOS TEXTILES CONFECCIONADOS; JUEGOS; PRENDER"|15|8381.9|116837.94
93|92|"BS.AS. SUR"|63|"LOS DEMAS ARTICULOS TEXTILES CONFECCIONADOS; JUEGOS; PRENDER"|5|1828.66|9754.05
94|92|"BS.AS. SUR"|63|"LOS DEMAS ARTICULOS TEXTILES CONFECCIONADOS; JUEGOS; PRENDER"|20|22369.65|287839.96
95|92|"BS.AS. SUR"|63|"LOS DEMAS ARTICULOS TEXTILES CONFECCIONADOS; JUEGOS; PRENDER"|17|5041.1|45997.87
96|92|"BS.AS. SUR"|63|"LOS DEMAS ARTICULOS TEXTILES CONFECCIONADOS; JUEGOS; PRENDER"|17|1208.61|30127.61
97|92|"BS.AS. SUR"|63|"LOS DEMAS ARTICULOS TEXTILES CONFECCIONADOS; JUEGOS; PRENDER"|20|10034.82|174571.58
98|92|"BS.AS. SUR"|63|"LOS DEMAS ARTICULOS TEXTILES CONFECCIONADOS; JUEGOS; PRENDER"|29|15175.98|84605.45
99|92|"BS.AS. SUR"|63|"LOS DEMAS ARTICULOS TEXTILES CONFECCIONADOS; JUEGOS; PRENDER"|20|5586.6|75983.08
100|92|"BS.AS. SUR"|63|"LOS DEMAS ARTICULOS TEXTILES CONFECCIONADOS; JUEGOS; PRENDER"|22|12545.42|143738.39
101|92|"BS.AS. SUR"|63|"LOS DEMAS ARTICULOS TEXTILES CONFECCIONADOS; JUEGOS; PRENDER"|33|15923.74|231835.5
102|92|"BS.AS. SUR"|63|"LOS DEMAS ARTICULOS TEXTILES CONFECCIONADOS; JUEGOS; PRENDER"|52|4174.46|97701.01
103|92|"BS.AS. SUR"|63|"LOS DEMAS ARTICULOS TEXTILES CONFECCIONADOS; JUEGOS; PRENDER"|19|15640.26|224852.09
104|92|"BS.AS. SUR"|63|"LOS DEMAS ARTICULOS TEXTILES CONFECCIONADOS; JUEGOS; PRENDER"|9|12994.7|41662.85
