"semana"|"aduana"|"aduana_desc"|"mercaderia"|"mercaderia_desc"|"cantidad"|"kilos"|"importe"
2|89|"SANTIAGO DEL ESTERO"|44|"MADERA, CARBON VEGETAL Y MANUFACTURAS DE MADERA"|2|195804|44055.9
4|89|"SANTIAGO DEL ESTERO"|44|"MADERA, CARBON VEGETAL Y MANUFACTURAS DE MADERA"|3|277150|62358.75
5|89|"SANTIAGO DEL ESTERO"|44|"MADERA, CARBON VEGETAL Y MANUFACTURAS DE MADERA"|1|83916|18881.1
6|89|"SANTIAGO DEL ESTERO"|44|"MADERA, CARBON VEGETAL Y MANUFACTURAS DE MADERA"|2|167832|37762.2
8|89|"SANTIAGO DEL ESTERO"|44|"MADERA, CARBON VEGETAL Y MANUFACTURAS DE MADERA"|1|83372|18758.7
17|89|"SANTIAGO DEL ESTERO"|44|"MADERA, CARBON VEGETAL Y MANUFACTURAS DE MADERA"|2|111888|25174.8
18|89|"SANTIAGO DEL ESTERO"|44|"MADERA, CARBON VEGETAL Y MANUFACTURAS DE MADERA"|1|280000|68600
19|89|"SANTIAGO DEL ESTERO"|44|"MADERA, CARBON VEGETAL Y MANUFACTURAS DE MADERA"|1|83916|18881.1
20|89|"SANTIAGO DEL ESTERO"|44|"MADERA, CARBON VEGETAL Y MANUFACTURAS DE MADERA"|1|280000|68600
21|89|"SANTIAGO DEL ESTERO"|44|"MADERA, CARBON VEGETAL Y MANUFACTURAS DE MADERA"|4|559832|134922.2
22|89|"SANTIAGO DEL ESTERO"|44|"MADERA, CARBON VEGETAL Y MANUFACTURAS DE MADERA"|3|223832|52042.2
23|89|"SANTIAGO DEL ESTERO"|44|"MADERA, CARBON VEGETAL Y MANUFACTURAS DE MADERA"|3|419916|102041.1
24|89|"SANTIAGO DEL ESTERO"|44|"MADERA, CARBON VEGETAL Y MANUFACTURAS DE MADERA"|2|392000|97160
25|89|"SANTIAGO DEL ESTERO"|44|"MADERA, CARBON VEGETAL Y MANUFACTURAS DE MADERA"|1|83916|18881.1
26|89|"SANTIAGO DEL ESTERO"|44|"MADERA, CARBON VEGETAL Y MANUFACTURAS DE MADERA"|7|699357|177012.2
27|89|"SANTIAGO DEL ESTERO"|44|"MADERA, CARBON VEGETAL Y MANUFACTURAS DE MADERA"|2|195860|43228.5
28|89|"SANTIAGO DEL ESTERO"|44|"MADERA, CARBON VEGETAL Y MANUFACTURAS DE MADERA"|3|475860|118268.5
29|89|"SANTIAGO DEL ESTERO"|44|"MADERA, CARBON VEGETAL Y MANUFACTURAS DE MADERA"|4|420000|108920
30|89|"SANTIAGO DEL ESTERO"|44|"MADERA, CARBON VEGETAL Y MANUFACTURAS DE MADERA"|4|615720|152534.2
31|89|"SANTIAGO DEL ESTERO"|44|"MADERA, CARBON VEGETAL Y MANUFACTURAS DE MADERA"|1|280000|75600
32|89|"SANTIAGO DEL ESTERO"|44|"MADERA, CARBON VEGETAL Y MANUFACTURAS DE MADERA"|4|587860|142627.1
33|89|"SANTIAGO DEL ESTERO"|44|"MADERA, CARBON VEGETAL Y MANUFACTURAS DE MADERA"|3|436010|112523.3
34|89|"SANTIAGO DEL ESTERO"|44|"MADERA, CARBON VEGETAL Y MANUFACTURAS DE MADERA"|2|251860|55267.1
35|89|"SANTIAGO DEL ESTERO"|44|"MADERA, CARBON VEGETAL Y MANUFACTURAS DE MADERA"|7|896776|220857.36
36|89|"SANTIAGO DEL ESTERO"|44|"MADERA, CARBON VEGETAL Y MANUFACTURAS DE MADERA"|2|168120|39792.4
37|89|"SANTIAGO DEL ESTERO"|44|"MADERA, CARBON VEGETAL Y MANUFACTURAS DE MADERA"|2|279860|60867.1
38|89|"SANTIAGO DEL ESTERO"|44|"MADERA, CARBON VEGETAL Y MANUFACTURAS DE MADERA"|3|391860|83267.1
39|89|"SANTIAGO DEL ESTERO"|44|"MADERA, CARBON VEGETAL Y MANUFACTURAS DE MADERA"|1|140000|30800
40|89|"SANTIAGO DEL ESTERO"|44|"MADERA, CARBON VEGETAL Y MANUFACTURAS DE MADERA"|3|528174|130000.89
41|89|"SANTIAGO DEL ESTERO"|44|"MADERA, CARBON VEGETAL Y MANUFACTURAS DE MADERA"|2|279860|63667.1
42|89|"SANTIAGO DEL ESTERO"|44|"MADERA, CARBON VEGETAL Y MANUFACTURAS DE MADERA"|3|532000|126000
43|89|"SANTIAGO DEL ESTERO"|44|"MADERA, CARBON VEGETAL Y MANUFACTURAS DE MADERA"|3|447860|116027.1
44|89|"SANTIAGO DEL ESTERO"|44|"MADERA, CARBON VEGETAL Y MANUFACTURAS DE MADERA"|3|531860|130867.1
45|89|"SANTIAGO DEL ESTERO"|44|"MADERA, CARBON VEGETAL Y MANUFACTURAS DE MADERA"|3|532000|126000
46|89|"SANTIAGO DEL ESTERO"|44|"MADERA, CARBON VEGETAL Y MANUFACTURAS DE MADERA"|4|699860|170067.1
47|89|"SANTIAGO DEL ESTERO"|44|"MADERA, CARBON VEGETAL Y MANUFACTURAS DE MADERA"|1|139860|32867.1
48|89|"SANTIAGO DEL ESTERO"|44|"MADERA, CARBON VEGETAL Y MANUFACTURAS DE MADERA"|6|877767|218112.03
49|89|"SANTIAGO DEL ESTERO"|44|"MADERA, CARBON VEGETAL Y MANUFACTURAS DE MADERA"|2|252000|53200
50|89|"SANTIAGO DEL ESTERO"|44|"MADERA, CARBON VEGETAL Y MANUFACTURAS DE MADERA"|4|671860|169507.1
52|89|"SANTIAGO DEL ESTERO"|44|"MADERA, CARBON VEGETAL Y MANUFACTURAS DE MADERA"|1|140000|30800
53|89|"SANTIAGO DEL ESTERO"|44|"MADERA, CARBON VEGETAL Y MANUFACTURAS DE MADERA"|3|531860|114067.1
54|89|"SANTIAGO DEL ESTERO"|44|"MADERA, CARBON VEGETAL Y MANUFACTURAS DE MADERA"|4|531860|116867.1
55|89|"SANTIAGO DEL ESTERO"|44|"MADERA, CARBON VEGETAL Y MANUFACTURAS DE MADERA"|3|196000|45080
56|89|"SANTIAGO DEL ESTERO"|44|"MADERA, CARBON VEGETAL Y MANUFACTURAS DE MADERA"|5|444200|107267.9
57|89|"SANTIAGO DEL ESTERO"|44|"MADERA, CARBON VEGETAL Y MANUFACTURAS DE MADERA"|2|224000|52640
58|89|"SANTIAGO DEL ESTERO"|44|"MADERA, CARBON VEGETAL Y MANUFACTURAS DE MADERA"|3|363860|85927.1
59|89|"SANTIAGO DEL ESTERO"|44|"MADERA, CARBON VEGETAL Y MANUFACTURAS DE MADERA"|1|84000|22260
60|89|"SANTIAGO DEL ESTERO"|44|"MADERA, CARBON VEGETAL Y MANUFACTURAS DE MADERA"|6|894680|216513.4
61|89|"SANTIAGO DEL ESTERO"|44|"MADERA, CARBON VEGETAL Y MANUFACTURAS DE MADERA"|1|280000|75600
62|89|"SANTIAGO DEL ESTERO"|44|"MADERA, CARBON VEGETAL Y MANUFACTURAS DE MADERA"|3|363860|85927.1
63|89|"SANTIAGO DEL ESTERO"|44|"MADERA, CARBON VEGETAL Y MANUFACTURAS DE MADERA"|5|755860|183927.1
64|89|"SANTIAGO DEL ESTERO"|44|"MADERA, CARBON VEGETAL Y MANUFACTURAS DE MADERA"|1|136460|32068.1
65|89|"SANTIAGO DEL ESTERO"|44|"MADERA, CARBON VEGETAL Y MANUFACTURAS DE MADERA"|3|363860|85927.1
67|89|"SANTIAGO DEL ESTERO"|44|"MADERA, CARBON VEGETAL Y MANUFACTURAS DE MADERA"|3|391860|86067.1
68|89|"SANTIAGO DEL ESTERO"|44|"MADERA, CARBON VEGETAL Y MANUFACTURAS DE MADERA"|3|363860|85927.1
69|89|"SANTIAGO DEL ESTERO"|44|"MADERA, CARBON VEGETAL Y MANUFACTURAS DE MADERA"|1|139860|32867.1
70|89|"SANTIAGO DEL ESTERO"|44|"MADERA, CARBON VEGETAL Y MANUFACTURAS DE MADERA"|1|280000|75600
71|89|"SANTIAGO DEL ESTERO"|44|"MADERA, CARBON VEGETAL Y MANUFACTURAS DE MADERA"|4|643860|164327.1
72|89|"SANTIAGO DEL ESTERO"|44|"MADERA, CARBON VEGETAL Y MANUFACTURAS DE MADERA"|4|475860|113367.1
73|89|"SANTIAGO DEL ESTERO"|44|"MADERA, CARBON VEGETAL Y MANUFACTURAS DE MADERA"|2|419860|108467.1
74|89|"SANTIAGO DEL ESTERO"|44|"MADERA, CARBON VEGETAL Y MANUFACTURAS DE MADERA"|3|504000|131460
75|89|"SANTIAGO DEL ESTERO"|44|"MADERA, CARBON VEGETAL Y MANUFACTURAS DE MADERA"|4|503860|114347.1
76|89|"SANTIAGO DEL ESTERO"|44|"MADERA, CARBON VEGETAL Y MANUFACTURAS DE MADERA"|4|671860|165307.1
77|89|"SANTIAGO DEL ESTERO"|44|"MADERA, CARBON VEGETAL Y MANUFACTURAS DE MADERA"|2|168000|44520
78|89|"SANTIAGO DEL ESTERO"|44|"MADERA, CARBON VEGETAL Y MANUFACTURAS DE MADERA"|4|531160|121746.1
79|89|"SANTIAGO DEL ESTERO"|44|"MADERA, CARBON VEGETAL Y MANUFACTURAS DE MADERA"|4|502370|119876.95
80|89|"SANTIAGO DEL ESTERO"|44|"MADERA, CARBON VEGETAL Y MANUFACTURAS DE MADERA"|2|252000|61880
81|89|"SANTIAGO DEL ESTERO"|44|"MADERA, CARBON VEGETAL Y MANUFACTURAS DE MADERA"|3|418257|97590.4
82|89|"SANTIAGO DEL ESTERO"|44|"MADERA, CARBON VEGETAL Y MANUFACTURAS DE MADERA"|7|807000|189978.5
83|89|"SANTIAGO DEL ESTERO"|44|"MADERA, CARBON VEGETAL Y MANUFACTURAS DE MADERA"|5|640560|152346.1
84|89|"SANTIAGO DEL ESTERO"|44|"MADERA, CARBON VEGETAL Y MANUFACTURAS DE MADERA"|1|280000|75600
85|89|"SANTIAGO DEL ESTERO"|44|"MADERA, CARBON VEGETAL Y MANUFACTURAS DE MADERA"|2|279860|65067.1
86|89|"SANTIAGO DEL ESTERO"|44|"MADERA, CARBON VEGETAL Y MANUFACTURAS DE MADERA"|3|364000|86520
87|89|"SANTIAGO DEL ESTERO"|44|"MADERA, CARBON VEGETAL Y MANUFACTURAS DE MADERA"|4|558490|129152
88|89|"SANTIAGO DEL ESTERO"|44|"MADERA, CARBON VEGETAL Y MANUFACTURAS DE MADERA"|6|699860|166427.1
89|89|"SANTIAGO DEL ESTERO"|44|"MADERA, CARBON VEGETAL Y MANUFACTURAS DE MADERA"|3|336000|79100
90|89|"SANTIAGO DEL ESTERO"|44|"MADERA, CARBON VEGETAL Y MANUFACTURAS DE MADERA"|4|529700|126450.3
91|89|"SANTIAGO DEL ESTERO"|44|"MADERA, CARBON VEGETAL Y MANUFACTURAS DE MADERA"|6|838560|209541.1
92|89|"SANTIAGO DEL ESTERO"|44|"MADERA, CARBON VEGETAL Y MANUFACTURAS DE MADERA"|3|391860|89707.1
93|89|"SANTIAGO DEL ESTERO"|44|"MADERA, CARBON VEGETAL Y MANUFACTURAS DE MADERA"|4|502000|118400
94|89|"SANTIAGO DEL ESTERO"|44|"MADERA, CARBON VEGETAL Y MANUFACTURAS DE MADERA"|3|531860|138147.1
95|89|"SANTIAGO DEL ESTERO"|44|"MADERA, CARBON VEGETAL Y MANUFACTURAS DE MADERA"|5|642580|151432.7
96|89|"SANTIAGO DEL ESTERO"|44|"MADERA, CARBON VEGETAL Y MANUFACTURAS DE MADERA"|5|557880|133072.4
97|89|"SANTIAGO DEL ESTERO"|44|"MADERA, CARBON VEGETAL Y MANUFACTURAS DE MADERA"|6|951280|234613.7
98|89|"SANTIAGO DEL ESTERO"|44|"MADERA, CARBON VEGETAL Y MANUFACTURAS DE MADERA"|2|307420|76586.6
99|89|"SANTIAGO DEL ESTERO"|44|"MADERA, CARBON VEGETAL Y MANUFACTURAS DE MADERA"|5|895120|224636.9
100|89|"SANTIAGO DEL ESTERO"|44|"MADERA, CARBON VEGETAL Y MANUFACTURAS DE MADERA"|1|140000|32200
101|89|"SANTIAGO DEL ESTERO"|44|"MADERA, CARBON VEGETAL Y MANUFACTURAS DE MADERA"|6|893781|218722.44
102|89|"SANTIAGO DEL ESTERO"|44|"MADERA, CARBON VEGETAL Y MANUFACTURAS DE MADERA"|3|558320|140251.3
103|89|"SANTIAGO DEL ESTERO"|44|"MADERA, CARBON VEGETAL Y MANUFACTURAS DE MADERA"|4|587860|141787.1
104|89|"SANTIAGO DEL ESTERO"|44|"MADERA, CARBON VEGETAL Y MANUFACTURAS DE MADERA"|1|138300|31809
