"semana"|"aduana"|"aduana_desc"|"mercaderia"|"mercaderia_desc"|"cantidad"|"kilos"|"importe"
68|91|"BS.AS. NORTE"|63|"LOS DEMAS ARTICULOS TEXTILES CONFECCIONADOS; JUEGOS; PRENDER"|1|10.5|510.76
69|91|"BS.AS. NORTE"|63|"LOS DEMAS ARTICULOS TEXTILES CONFECCIONADOS; JUEGOS; PRENDER"|4|157.92|1577.65
70|91|"BS.AS. NORTE"|63|"LOS DEMAS ARTICULOS TEXTILES CONFECCIONADOS; JUEGOS; PRENDER"|11|184.37|5770.74
71|91|"BS.AS. NORTE"|63|"LOS DEMAS ARTICULOS TEXTILES CONFECCIONADOS; JUEGOS; PRENDER"|5|203.06|12082.21
72|91|"BS.AS. NORTE"|63|"LOS DEMAS ARTICULOS TEXTILES CONFECCIONADOS; JUEGOS; PRENDER"|4|2647.06|31878.86
73|91|"BS.AS. NORTE"|63|"LOS DEMAS ARTICULOS TEXTILES CONFECCIONADOS; JUEGOS; PRENDER"|6|1271.77|22861.82
74|91|"BS.AS. NORTE"|63|"LOS DEMAS ARTICULOS TEXTILES CONFECCIONADOS; JUEGOS; PRENDER"|20|553.27|18026.73
75|91|"BS.AS. NORTE"|63|"LOS DEMAS ARTICULOS TEXTILES CONFECCIONADOS; JUEGOS; PRENDER"|3|1494.95|27903.32
76|91|"BS.AS. NORTE"|63|"LOS DEMAS ARTICULOS TEXTILES CONFECCIONADOS; JUEGOS; PRENDER"|7|320.44|4259.61
77|91|"BS.AS. NORTE"|63|"LOS DEMAS ARTICULOS TEXTILES CONFECCIONADOS; JUEGOS; PRENDER"|3|35.89|796.9
78|91|"BS.AS. NORTE"|63|"LOS DEMAS ARTICULOS TEXTILES CONFECCIONADOS; JUEGOS; PRENDER"|13|268.97|9330.49
79|91|"BS.AS. NORTE"|63|"LOS DEMAS ARTICULOS TEXTILES CONFECCIONADOS; JUEGOS; PRENDER"|5|4029.51|51910.63
80|91|"BS.AS. NORTE"|63|"LOS DEMAS ARTICULOS TEXTILES CONFECCIONADOS; JUEGOS; PRENDER"|5|41.15|1695.3
81|91|"BS.AS. NORTE"|63|"LOS DEMAS ARTICULOS TEXTILES CONFECCIONADOS; JUEGOS; PRENDER"|12|1461.12|24530.56
82|91|"BS.AS. NORTE"|63|"LOS DEMAS ARTICULOS TEXTILES CONFECCIONADOS; JUEGOS; PRENDER"|3|79.64|2500.69
83|91|"BS.AS. NORTE"|63|"LOS DEMAS ARTICULOS TEXTILES CONFECCIONADOS; JUEGOS; PRENDER"|12|100.54|4831.62
84|91|"BS.AS. NORTE"|63|"LOS DEMAS ARTICULOS TEXTILES CONFECCIONADOS; JUEGOS; PRENDER"|8|6060.43|92866.88
85|91|"BS.AS. NORTE"|63|"LOS DEMAS ARTICULOS TEXTILES CONFECCIONADOS; JUEGOS; PRENDER"|3|877.5|13235.29
86|91|"BS.AS. NORTE"|63|"LOS DEMAS ARTICULOS TEXTILES CONFECCIONADOS; JUEGOS; PRENDER"|7|195.05|3480.58
87|91|"BS.AS. NORTE"|63|"LOS DEMAS ARTICULOS TEXTILES CONFECCIONADOS; JUEGOS; PRENDER"|12|116.24|4126.85
88|91|"BS.AS. NORTE"|63|"LOS DEMAS ARTICULOS TEXTILES CONFECCIONADOS; JUEGOS; PRENDER"|2|68.7|2109.49
89|91|"BS.AS. NORTE"|63|"LOS DEMAS ARTICULOS TEXTILES CONFECCIONADOS; JUEGOS; PRENDER"|4|183.84|25169.55
90|91|"BS.AS. NORTE"|63|"LOS DEMAS ARTICULOS TEXTILES CONFECCIONADOS; JUEGOS; PRENDER"|14|355.27|25870.01
91|91|"BS.AS. NORTE"|63|"LOS DEMAS ARTICULOS TEXTILES CONFECCIONADOS; JUEGOS; PRENDER"|5|274.59|25152.77
92|91|"BS.AS. NORTE"|63|"LOS DEMAS ARTICULOS TEXTILES CONFECCIONADOS; JUEGOS; PRENDER"|16|369.72|75397.5
93|91|"BS.AS. NORTE"|63|"LOS DEMAS ARTICULOS TEXTILES CONFECCIONADOS; JUEGOS; PRENDER"|4|471.4|4826.72
94|91|"BS.AS. NORTE"|63|"LOS DEMAS ARTICULOS TEXTILES CONFECCIONADOS; JUEGOS; PRENDER"|11|4186.57|69828.69
95|91|"BS.AS. NORTE"|63|"LOS DEMAS ARTICULOS TEXTILES CONFECCIONADOS; JUEGOS; PRENDER"|7|957.95|16398.05
96|91|"BS.AS. NORTE"|63|"LOS DEMAS ARTICULOS TEXTILES CONFECCIONADOS; JUEGOS; PRENDER"|1|46.5|1115.13
97|91|"BS.AS. NORTE"|63|"LOS DEMAS ARTICULOS TEXTILES CONFECCIONADOS; JUEGOS; PRENDER"|4|415.36|9172.19
98|91|"BS.AS. NORTE"|63|"LOS DEMAS ARTICULOS TEXTILES CONFECCIONADOS; JUEGOS; PRENDER"|15|1388.32|24520.66
99|91|"BS.AS. NORTE"|63|"LOS DEMAS ARTICULOS TEXTILES CONFECCIONADOS; JUEGOS; PRENDER"|7|317.22|12197.44
100|91|"BS.AS. NORTE"|63|"LOS DEMAS ARTICULOS TEXTILES CONFECCIONADOS; JUEGOS; PRENDER"|6|85.4|1711.88
101|91|"BS.AS. NORTE"|63|"LOS DEMAS ARTICULOS TEXTILES CONFECCIONADOS; JUEGOS; PRENDER"|9|319.58|5291.5
102|91|"BS.AS. NORTE"|63|"LOS DEMAS ARTICULOS TEXTILES CONFECCIONADOS; JUEGOS; PRENDER"|11|360.2|8224.39
103|91|"BS.AS. NORTE"|63|"LOS DEMAS ARTICULOS TEXTILES CONFECCIONADOS; JUEGOS; PRENDER"|6|297.02|5450.05
104|91|"BS.AS. NORTE"|63|"LOS DEMAS ARTICULOS TEXTILES CONFECCIONADOS; JUEGOS; PRENDER"|10|37.12|1392.3
