"semana"|"aduana"|"aduana_desc"|"mercaderia"|"mercaderia_desc"|"cantidad"|"kilos"|"importe"
69|91|"BS.AS. NORTE"|62|"PRENDAS Y COMPLEMENTOS (ACCESORIOS) DE VESTIR, EXCEPTO LOS D"|2|158.14|1530.79
70|91|"BS.AS. NORTE"|62|"PRENDAS Y COMPLEMENTOS (ACCESORIOS) DE VESTIR, EXCEPTO LOS D"|24|2310.89|182772.92
71|91|"BS.AS. NORTE"|62|"PRENDAS Y COMPLEMENTOS (ACCESORIOS) DE VESTIR, EXCEPTO LOS D"|13|733.42|12604.28
72|91|"BS.AS. NORTE"|62|"PRENDAS Y COMPLEMENTOS (ACCESORIOS) DE VESTIR, EXCEPTO LOS D"|2|2588.81|225887.19
73|91|"BS.AS. NORTE"|62|"PRENDAS Y COMPLEMENTOS (ACCESORIOS) DE VESTIR, EXCEPTO LOS D"|1|366.33|9692.5
74|91|"BS.AS. NORTE"|62|"PRENDAS Y COMPLEMENTOS (ACCESORIOS) DE VESTIR, EXCEPTO LOS D"|23|362.22|17476.99
75|91|"BS.AS. NORTE"|62|"PRENDAS Y COMPLEMENTOS (ACCESORIOS) DE VESTIR, EXCEPTO LOS D"|1|55.74|598.2
76|91|"BS.AS. NORTE"|62|"PRENDAS Y COMPLEMENTOS (ACCESORIOS) DE VESTIR, EXCEPTO LOS D"|2|788.91|11984
78|91|"BS.AS. NORTE"|62|"PRENDAS Y COMPLEMENTOS (ACCESORIOS) DE VESTIR, EXCEPTO LOS D"|21|407.55|18724.65
79|91|"BS.AS. NORTE"|62|"PRENDAS Y COMPLEMENTOS (ACCESORIOS) DE VESTIR, EXCEPTO LOS D"|3|62.96|1991.32
80|91|"BS.AS. NORTE"|62|"PRENDAS Y COMPLEMENTOS (ACCESORIOS) DE VESTIR, EXCEPTO LOS D"|3|434.59|18591.87
81|91|"BS.AS. NORTE"|62|"PRENDAS Y COMPLEMENTOS (ACCESORIOS) DE VESTIR, EXCEPTO LOS D"|3|45.27|1875.42
82|91|"BS.AS. NORTE"|62|"PRENDAS Y COMPLEMENTOS (ACCESORIOS) DE VESTIR, EXCEPTO LOS D"|2|22.54|847.63
83|91|"BS.AS. NORTE"|62|"PRENDAS Y COMPLEMENTOS (ACCESORIOS) DE VESTIR, EXCEPTO LOS D"|20|1746.43|198997.86
85|91|"BS.AS. NORTE"|62|"PRENDAS Y COMPLEMENTOS (ACCESORIOS) DE VESTIR, EXCEPTO LOS D"|2|1308.53|26085
86|91|"BS.AS. NORTE"|62|"PRENDAS Y COMPLEMENTOS (ACCESORIOS) DE VESTIR, EXCEPTO LOS D"|9|3324.59|347211.24
87|91|"BS.AS. NORTE"|62|"PRENDAS Y COMPLEMENTOS (ACCESORIOS) DE VESTIR, EXCEPTO LOS D"|18|5131.25|433770.7
88|91|"BS.AS. NORTE"|62|"PRENDAS Y COMPLEMENTOS (ACCESORIOS) DE VESTIR, EXCEPTO LOS D"|34|244.82|15708.16
89|91|"BS.AS. NORTE"|62|"PRENDAS Y COMPLEMENTOS (ACCESORIOS) DE VESTIR, EXCEPTO LOS D"|6|3997.8|416096.77
90|91|"BS.AS. NORTE"|62|"PRENDAS Y COMPLEMENTOS (ACCESORIOS) DE VESTIR, EXCEPTO LOS D"|18|417.81|19754.12
92|91|"BS.AS. NORTE"|62|"PRENDAS Y COMPLEMENTOS (ACCESORIOS) DE VESTIR, EXCEPTO LOS D"|10|5631.71|589797.39
94|91|"BS.AS. NORTE"|62|"PRENDAS Y COMPLEMENTOS (ACCESORIOS) DE VESTIR, EXCEPTO LOS D"|21|526.28|21394.85
95|91|"BS.AS. NORTE"|62|"PRENDAS Y COMPLEMENTOS (ACCESORIOS) DE VESTIR, EXCEPTO LOS D"|4|510.42|20425.8
96|91|"BS.AS. NORTE"|62|"PRENDAS Y COMPLEMENTOS (ACCESORIOS) DE VESTIR, EXCEPTO LOS D"|3|898.2|20204.7
97|91|"BS.AS. NORTE"|62|"PRENDAS Y COMPLEMENTOS (ACCESORIOS) DE VESTIR, EXCEPTO LOS D"|1|62.03|606.6
98|91|"BS.AS. NORTE"|62|"PRENDAS Y COMPLEMENTOS (ACCESORIOS) DE VESTIR, EXCEPTO LOS D"|29|362.14|22893.79
99|91|"BS.AS. NORTE"|62|"PRENDAS Y COMPLEMENTOS (ACCESORIOS) DE VESTIR, EXCEPTO LOS D"|2|86.97|1910.1
100|91|"BS.AS. NORTE"|62|"PRENDAS Y COMPLEMENTOS (ACCESORIOS) DE VESTIR, EXCEPTO LOS D"|8|1870.67|41177.9
101|91|"BS.AS. NORTE"|62|"PRENDAS Y COMPLEMENTOS (ACCESORIOS) DE VESTIR, EXCEPTO LOS D"|19|464.88|11120.84
102|91|"BS.AS. NORTE"|62|"PRENDAS Y COMPLEMENTOS (ACCESORIOS) DE VESTIR, EXCEPTO LOS D"|30|1603.04|15823.63
103|91|"BS.AS. NORTE"|62|"PRENDAS Y COMPLEMENTOS (ACCESORIOS) DE VESTIR, EXCEPTO LOS D"|1|316.07|2365.64
104|91|"BS.AS. NORTE"|62|"PRENDAS Y COMPLEMENTOS (ACCESORIOS) DE VESTIR, EXCEPTO LOS D"|17|718.17|28800.5
