"semana"|"aduana"|"aduana_desc"|"mercaderia"|"mercaderia_desc"|"cantidad"|"kilos"|"importe"
69|92|"BS.AS. SUR"|45|"CORCHO Y SUS MANUFACTURAS"|1|7.23|164.5
70|92|"BS.AS. SUR"|45|"CORCHO Y SUS MANUFACTURAS"|5|472.89|10149.68
73|92|"BS.AS. SUR"|45|"CORCHO Y SUS MANUFACTURAS"|1|11.01|252
75|92|"BS.AS. SUR"|45|"CORCHO Y SUS MANUFACTURAS"|1|4.17|242.73
76|92|"BS.AS. SUR"|45|"CORCHO Y SUS MANUFACTURAS"|1|2.14|66.42
80|92|"BS.AS. SUR"|45|"CORCHO Y SUS MANUFACTURAS"|1|0.98|24
81|92|"BS.AS. SUR"|45|"CORCHO Y SUS MANUFACTURAS"|3|4.49|146.15
82|92|"BS.AS. SUR"|45|"CORCHO Y SUS MANUFACTURAS"|6|442.98|7950.91
84|92|"BS.AS. SUR"|45|"CORCHO Y SUS MANUFACTURAS"|1|93.12|1250
85|92|"BS.AS. SUR"|45|"CORCHO Y SUS MANUFACTURAS"|1|7.75|231
87|92|"BS.AS. SUR"|45|"CORCHO Y SUS MANUFACTURAS"|1|47.67|1219.22
88|92|"BS.AS. SUR"|45|"CORCHO Y SUS MANUFACTURAS"|3|26.84|640.25
90|92|"BS.AS. SUR"|45|"CORCHO Y SUS MANUFACTURAS"|1|11.14|289
91|92|"BS.AS. SUR"|45|"CORCHO Y SUS MANUFACTURAS"|1|0.43|13.75
92|92|"BS.AS. SUR"|45|"CORCHO Y SUS MANUFACTURAS"|2|28.52|912.35
94|92|"BS.AS. SUR"|45|"CORCHO Y SUS MANUFACTURAS"|2|89.64|4231.08
95|92|"BS.AS. SUR"|45|"CORCHO Y SUS MANUFACTURAS"|2|323|4697.96
98|92|"BS.AS. SUR"|45|"CORCHO Y SUS MANUFACTURAS"|1|7.53|236.4
102|92|"BS.AS. SUR"|45|"CORCHO Y SUS MANUFACTURAS"|1|4.99|91.5
