"semana"|"aduana"|"aduana_desc"|"mercaderia"|"mercaderia_desc"|"cantidad"|"kilos"|"importe"
2|88|"GENERAL DEHEZA"|59|"TELAS IMPREGNADAS, RECUBIERTAS, REVESTIDAS O ESTRATIFICADAS;"|1|4.42|58.8
12|88|"GENERAL DEHEZA"|59|"TELAS IMPREGNADAS, RECUBIERTAS, REVESTIDAS O ESTRATIFICADAS;"|1|1.13|13.36
13|88|"GENERAL DEHEZA"|59|"TELAS IMPREGNADAS, RECUBIERTAS, REVESTIDAS O ESTRATIFICADAS;"|1|1.13|13.36
36|88|"GENERAL DEHEZA"|59|"TELAS IMPREGNADAS, RECUBIERTAS, REVESTIDAS O ESTRATIFICADAS;"|1|200|5000.04
