"semana"|"aduana"|"aduana_desc"|"mercaderia"|"mercaderia_desc"|"cantidad"|"kilos"|"importe"
69|92|"BS.AS. SUR"|91|"APARATOS DE RELOJERIA Y SUS PARTES"|1|12.6|727.02
70|92|"BS.AS. SUR"|91|"APARATOS DE RELOJERIA Y SUS PARTES"|3|40.69|1573.25
72|92|"BS.AS. SUR"|91|"APARATOS DE RELOJERIA Y SUS PARTES"|1|51.84|2908.08
73|92|"BS.AS. SUR"|91|"APARATOS DE RELOJERIA Y SUS PARTES"|1|168.48|8927.1
75|92|"BS.AS. SUR"|91|"APARATOS DE RELOJERIA Y SUS PARTES"|1|2146.5|14580
77|92|"BS.AS. SUR"|91|"APARATOS DE RELOJERIA Y SUS PARTES"|2|76|3671
78|92|"BS.AS. SUR"|91|"APARATOS DE RELOJERIA Y SUS PARTES"|4|889.75|6910.55
80|92|"BS.AS. SUR"|91|"APARATOS DE RELOJERIA Y SUS PARTES"|3|3482.75|25411.64
82|92|"BS.AS. SUR"|91|"APARATOS DE RELOJERIA Y SUS PARTES"|2|159.01|1204.92
84|92|"BS.AS. SUR"|91|"APARATOS DE RELOJERIA Y SUS PARTES"|2|13.59|518.59
85|92|"BS.AS. SUR"|91|"APARATOS DE RELOJERIA Y SUS PARTES"|1|47|324
86|92|"BS.AS. SUR"|91|"APARATOS DE RELOJERIA Y SUS PARTES"|3|302.19|12807.02
87|92|"BS.AS. SUR"|91|"APARATOS DE RELOJERIA Y SUS PARTES"|2|884.52|6841.58
88|92|"BS.AS. SUR"|91|"APARATOS DE RELOJERIA Y SUS PARTES"|1|4.45|72.45
89|92|"BS.AS. SUR"|91|"APARATOS DE RELOJERIA Y SUS PARTES"|2|43.92|1964.6
94|92|"BS.AS. SUR"|91|"APARATOS DE RELOJERIA Y SUS PARTES"|1|2.88|112.17
96|92|"BS.AS. SUR"|91|"APARATOS DE RELOJERIA Y SUS PARTES"|1|0.54|896.28
97|92|"BS.AS. SUR"|91|"APARATOS DE RELOJERIA Y SUS PARTES"|1|96|648
99|92|"BS.AS. SUR"|91|"APARATOS DE RELOJERIA Y SUS PARTES"|1|109.12|4230.96
101|92|"BS.AS. SUR"|91|"APARATOS DE RELOJERIA Y SUS PARTES"|2|30.87|200
102|92|"BS.AS. SUR"|91|"APARATOS DE RELOJERIA Y SUS PARTES"|2|7.84|247.9
103|92|"BS.AS. SUR"|91|"APARATOS DE RELOJERIA Y SUS PARTES"|1|129.6|5047.86
104|92|"BS.AS. SUR"|91|"APARATOS DE RELOJERIA Y SUS PARTES"|1|10800|63180
