"semana"|"aduana"|"aduana_desc"|"mercaderia"|"mercaderia_desc"|"cantidad"|"kilos"|"importe"
23|76|"ORAN"|48|"PAPEL Y CARTON; MANUFACTURAS DE PASTA DE CELULOSA, DE PAPEL "|1|2000|27300
36|76|"ORAN"|48|"PAPEL Y CARTON; MANUFACTURAS DE PASTA DE CELULOSA, DE PAPEL "|1|2280|21460
46|76|"ORAN"|48|"PAPEL Y CARTON; MANUFACTURAS DE PASTA DE CELULOSA, DE PAPEL "|1|2473|21460
54|76|"ORAN"|48|"PAPEL Y CARTON; MANUFACTURAS DE PASTA DE CELULOSA, DE PAPEL "|1|1299|16270
57|76|"ORAN"|48|"PAPEL Y CARTON; MANUFACTURAS DE PASTA DE CELULOSA, DE PAPEL "|1|119.8|189
61|76|"ORAN"|48|"PAPEL Y CARTON; MANUFACTURAS DE PASTA DE CELULOSA, DE PAPEL "|1|3007|29600
84|76|"ORAN"|48|"PAPEL Y CARTON; MANUFACTURAS DE PASTA DE CELULOSA, DE PAPEL "|1|2275|22200
