"semana"|"aduana"|"aduana_desc"|"mercaderia"|"mercaderia_desc"|"cantidad"|"kilos"|"importe"
84|90|"GENERAL PICO"|21|"PREPARACIONES ALIMENTICIAS DIVERSAS"|1|21075|15384.75
85|90|"GENERAL PICO"|21|"PREPARACIONES ALIMENTICIAS DIVERSAS"|1|20160|14716.8
87|90|"GENERAL PICO"|21|"PREPARACIONES ALIMENTICIAS DIVERSAS"|1|20250|14782.5
89|90|"GENERAL PICO"|21|"PREPARACIONES ALIMENTICIAS DIVERSAS"|1|20250|14782.5
90|90|"GENERAL PICO"|21|"PREPARACIONES ALIMENTICIAS DIVERSAS"|2|38970|28448.1
91|90|"GENERAL PICO"|21|"PREPARACIONES ALIMENTICIAS DIVERSAS"|1|18000|13140
92|90|"GENERAL PICO"|21|"PREPARACIONES ALIMENTICIAS DIVERSAS"|1|40500|29565
95|90|"GENERAL PICO"|21|"PREPARACIONES ALIMENTICIAS DIVERSAS"|1|20250|14782.5
100|90|"GENERAL PICO"|21|"PREPARACIONES ALIMENTICIAS DIVERSAS"|1|21000|15330
