"semana"|"aduana"|"aduana_desc"|"mercaderia"|"mercaderia_desc"|"cantidad"|"kilos"|"importe"
2|82|"BERNARDO DE YRIGOYEN"|7|"HORTALIZAS, PLANTAS, RAICES Y TUBERCULOS ALIMENTICIOS"|2|60000|72000
4|82|"BERNARDO DE YRIGOYEN"|7|"HORTALIZAS, PLANTAS, RAICES Y TUBERCULOS ALIMENTICIOS"|4|94000|112800
6|82|"BERNARDO DE YRIGOYEN"|7|"HORTALIZAS, PLANTAS, RAICES Y TUBERCULOS ALIMENTICIOS"|1|26000|20800
7|82|"BERNARDO DE YRIGOYEN"|7|"HORTALIZAS, PLANTAS, RAICES Y TUBERCULOS ALIMENTICIOS"|5|132000|91301.84
8|82|"BERNARDO DE YRIGOYEN"|7|"HORTALIZAS, PLANTAS, RAICES Y TUBERCULOS ALIMENTICIOS"|12|327600|191140
9|82|"BERNARDO DE YRIGOYEN"|7|"HORTALIZAS, PLANTAS, RAICES Y TUBERCULOS ALIMENTICIOS"|12|336000|187320
10|82|"BERNARDO DE YRIGOYEN"|7|"HORTALIZAS, PLANTAS, RAICES Y TUBERCULOS ALIMENTICIOS"|18|502600|295154
11|82|"BERNARDO DE YRIGOYEN"|7|"HORTALIZAS, PLANTAS, RAICES Y TUBERCULOS ALIMENTICIOS"|21|592500|413800
12|82|"BERNARDO DE YRIGOYEN"|7|"HORTALIZAS, PLANTAS, RAICES Y TUBERCULOS ALIMENTICIOS"|18|506000|190835
13|82|"BERNARDO DE YRIGOYEN"|7|"HORTALIZAS, PLANTAS, RAICES Y TUBERCULOS ALIMENTICIOS"|42|1185500|402335
14|82|"BERNARDO DE YRIGOYEN"|7|"HORTALIZAS, PLANTAS, RAICES Y TUBERCULOS ALIMENTICIOS"|31|870500|272505
15|82|"BERNARDO DE YRIGOYEN"|7|"HORTALIZAS, PLANTAS, RAICES Y TUBERCULOS ALIMENTICIOS"|13|367500|194980
16|82|"BERNARDO DE YRIGOYEN"|7|"HORTALIZAS, PLANTAS, RAICES Y TUBERCULOS ALIMENTICIOS"|20|562100|181821.02
17|82|"BERNARDO DE YRIGOYEN"|7|"HORTALIZAS, PLANTAS, RAICES Y TUBERCULOS ALIMENTICIOS"|43|1201000|470942
18|82|"BERNARDO DE YRIGOYEN"|7|"HORTALIZAS, PLANTAS, RAICES Y TUBERCULOS ALIMENTICIOS"|34|961000|399985
19|82|"BERNARDO DE YRIGOYEN"|7|"HORTALIZAS, PLANTAS, RAICES Y TUBERCULOS ALIMENTICIOS"|48|1347000|544554
20|82|"BERNARDO DE YRIGOYEN"|7|"HORTALIZAS, PLANTAS, RAICES Y TUBERCULOS ALIMENTICIOS"|35|1105000|445900
21|82|"BERNARDO DE YRIGOYEN"|7|"HORTALIZAS, PLANTAS, RAICES Y TUBERCULOS ALIMENTICIOS"|15|421500|171175
22|82|"BERNARDO DE YRIGOYEN"|7|"HORTALIZAS, PLANTAS, RAICES Y TUBERCULOS ALIMENTICIOS"|1|28000|19600
23|82|"BERNARDO DE YRIGOYEN"|7|"HORTALIZAS, PLANTAS, RAICES Y TUBERCULOS ALIMENTICIOS"|4|112000|78400
24|82|"BERNARDO DE YRIGOYEN"|7|"HORTALIZAS, PLANTAS, RAICES Y TUBERCULOS ALIMENTICIOS"|3|86000|91404
25|82|"BERNARDO DE YRIGOYEN"|7|"HORTALIZAS, PLANTAS, RAICES Y TUBERCULOS ALIMENTICIOS"|2|57000|63750
26|82|"BERNARDO DE YRIGOYEN"|7|"HORTALIZAS, PLANTAS, RAICES Y TUBERCULOS ALIMENTICIOS"|7|203000|152250
27|82|"BERNARDO DE YRIGOYEN"|7|"HORTALIZAS, PLANTAS, RAICES Y TUBERCULOS ALIMENTICIOS"|15|529800|400648
28|82|"BERNARDO DE YRIGOYEN"|7|"HORTALIZAS, PLANTAS, RAICES Y TUBERCULOS ALIMENTICIOS"|27|738500|598755
29|82|"BERNARDO DE YRIGOYEN"|7|"HORTALIZAS, PLANTAS, RAICES Y TUBERCULOS ALIMENTICIOS"|9|311540|234690.4
30|82|"BERNARDO DE YRIGOYEN"|7|"HORTALIZAS, PLANTAS, RAICES Y TUBERCULOS ALIMENTICIOS"|32|939950|746142
31|82|"BERNARDO DE YRIGOYEN"|7|"HORTALIZAS, PLANTAS, RAICES Y TUBERCULOS ALIMENTICIOS"|24|700730|500192.8
32|82|"BERNARDO DE YRIGOYEN"|7|"HORTALIZAS, PLANTAS, RAICES Y TUBERCULOS ALIMENTICIOS"|30|954010|708896.1
33|82|"BERNARDO DE YRIGOYEN"|7|"HORTALIZAS, PLANTAS, RAICES Y TUBERCULOS ALIMENTICIOS"|30|869560|647465.6
34|82|"BERNARDO DE YRIGOYEN"|7|"HORTALIZAS, PLANTAS, RAICES Y TUBERCULOS ALIMENTICIOS"|27|932360|728628.6
35|82|"BERNARDO DE YRIGOYEN"|7|"HORTALIZAS, PLANTAS, RAICES Y TUBERCULOS ALIMENTICIOS"|29|839500|594765
36|82|"BERNARDO DE YRIGOYEN"|7|"HORTALIZAS, PLANTAS, RAICES Y TUBERCULOS ALIMENTICIOS"|40|1163500|834815
37|82|"BERNARDO DE YRIGOYEN"|7|"HORTALIZAS, PLANTAS, RAICES Y TUBERCULOS ALIMENTICIOS"|19|566200|407320
38|82|"BERNARDO DE YRIGOYEN"|7|"HORTALIZAS, PLANTAS, RAICES Y TUBERCULOS ALIMENTICIOS"|29|848000|602920
39|82|"BERNARDO DE YRIGOYEN"|7|"HORTALIZAS, PLANTAS, RAICES Y TUBERCULOS ALIMENTICIOS"|5|168000|143640
40|82|"BERNARDO DE YRIGOYEN"|7|"HORTALIZAS, PLANTAS, RAICES Y TUBERCULOS ALIMENTICIOS"|17|481000|433790
41|82|"BERNARDO DE YRIGOYEN"|7|"HORTALIZAS, PLANTAS, RAICES Y TUBERCULOS ALIMENTICIOS"|21|623290|498030.4
42|82|"BERNARDO DE YRIGOYEN"|7|"HORTALIZAS, PLANTAS, RAICES Y TUBERCULOS ALIMENTICIOS"|13|375000|297310
43|82|"BERNARDO DE YRIGOYEN"|7|"HORTALIZAS, PLANTAS, RAICES Y TUBERCULOS ALIMENTICIOS"|12|345000|290070
44|82|"BERNARDO DE YRIGOYEN"|7|"HORTALIZAS, PLANTAS, RAICES Y TUBERCULOS ALIMENTICIOS"|8|229000|216610
45|82|"BERNARDO DE YRIGOYEN"|7|"HORTALIZAS, PLANTAS, RAICES Y TUBERCULOS ALIMENTICIOS"|18|522000|442550
46|82|"BERNARDO DE YRIGOYEN"|7|"HORTALIZAS, PLANTAS, RAICES Y TUBERCULOS ALIMENTICIOS"|11|314000|258000
47|82|"BERNARDO DE YRIGOYEN"|7|"HORTALIZAS, PLANTAS, RAICES Y TUBERCULOS ALIMENTICIOS"|37|1088650|784995.05
48|82|"BERNARDO DE YRIGOYEN"|7|"HORTALIZAS, PLANTAS, RAICES Y TUBERCULOS ALIMENTICIOS"|9|252000|152650
49|82|"BERNARDO DE YRIGOYEN"|7|"HORTALIZAS, PLANTAS, RAICES Y TUBERCULOS ALIMENTICIOS"|25|709380|557188
50|82|"BERNARDO DE YRIGOYEN"|7|"HORTALIZAS, PLANTAS, RAICES Y TUBERCULOS ALIMENTICIOS"|22|625780|430547
51|82|"BERNARDO DE YRIGOYEN"|7|"HORTALIZAS, PLANTAS, RAICES Y TUBERCULOS ALIMENTICIOS"|10|287000|203320
53|82|"BERNARDO DE YRIGOYEN"|7|"HORTALIZAS, PLANTAS, RAICES Y TUBERCULOS ALIMENTICIOS"|2|58000|58000
54|82|"BERNARDO DE YRIGOYEN"|7|"HORTALIZAS, PLANTAS, RAICES Y TUBERCULOS ALIMENTICIOS"|4|111000|77600
55|82|"BERNARDO DE YRIGOYEN"|7|"HORTALIZAS, PLANTAS, RAICES Y TUBERCULOS ALIMENTICIOS"|1|28000|20720
56|82|"BERNARDO DE YRIGOYEN"|7|"HORTALIZAS, PLANTAS, RAICES Y TUBERCULOS ALIMENTICIOS"|1|27000|25960
57|82|"BERNARDO DE YRIGOYEN"|7|"HORTALIZAS, PLANTAS, RAICES Y TUBERCULOS ALIMENTICIOS"|1|28000|16800
58|82|"BERNARDO DE YRIGOYEN"|7|"HORTALIZAS, PLANTAS, RAICES Y TUBERCULOS ALIMENTICIOS"|28|808000|699725
59|82|"BERNARDO DE YRIGOYEN"|7|"HORTALIZAS, PLANTAS, RAICES Y TUBERCULOS ALIMENTICIOS"|2|57000|57000
60|82|"BERNARDO DE YRIGOYEN"|7|"HORTALIZAS, PLANTAS, RAICES Y TUBERCULOS ALIMENTICIOS"|20|576500|494925
61|82|"BERNARDO DE YRIGOYEN"|7|"HORTALIZAS, PLANTAS, RAICES Y TUBERCULOS ALIMENTICIOS"|16|456600|302858
62|82|"BERNARDO DE YRIGOYEN"|7|"HORTALIZAS, PLANTAS, RAICES Y TUBERCULOS ALIMENTICIOS"|2|56000|18900
63|82|"BERNARDO DE YRIGOYEN"|7|"HORTALIZAS, PLANTAS, RAICES Y TUBERCULOS ALIMENTICIOS"|10|282000|93800
64|82|"BERNARDO DE YRIGOYEN"|7|"HORTALIZAS, PLANTAS, RAICES Y TUBERCULOS ALIMENTICIOS"|9|252000|81900
65|82|"BERNARDO DE YRIGOYEN"|7|"HORTALIZAS, PLANTAS, RAICES Y TUBERCULOS ALIMENTICIOS"|7|196000|51100
66|82|"BERNARDO DE YRIGOYEN"|7|"HORTALIZAS, PLANTAS, RAICES Y TUBERCULOS ALIMENTICIOS"|3|83000|58600
67|82|"BERNARDO DE YRIGOYEN"|7|"HORTALIZAS, PLANTAS, RAICES Y TUBERCULOS ALIMENTICIOS"|14|392000|113400
68|82|"BERNARDO DE YRIGOYEN"|7|"HORTALIZAS, PLANTAS, RAICES Y TUBERCULOS ALIMENTICIOS"|15|420000|114800
69|82|"BERNARDO DE YRIGOYEN"|7|"HORTALIZAS, PLANTAS, RAICES Y TUBERCULOS ALIMENTICIOS"|9|251000|72300
70|82|"BERNARDO DE YRIGOYEN"|7|"HORTALIZAS, PLANTAS, RAICES Y TUBERCULOS ALIMENTICIOS"|10|308000|122500
71|82|"BERNARDO DE YRIGOYEN"|7|"HORTALIZAS, PLANTAS, RAICES Y TUBERCULOS ALIMENTICIOS"|17|476000|143500
72|82|"BERNARDO DE YRIGOYEN"|7|"HORTALIZAS, PLANTAS, RAICES Y TUBERCULOS ALIMENTICIOS"|29|808920|278184
73|82|"BERNARDO DE YRIGOYEN"|7|"HORTALIZAS, PLANTAS, RAICES Y TUBERCULOS ALIMENTICIOS"|27|762000|276200
74|82|"BERNARDO DE YRIGOYEN"|7|"HORTALIZAS, PLANTAS, RAICES Y TUBERCULOS ALIMENTICIOS"|21|590000|200290
75|82|"BERNARDO DE YRIGOYEN"|7|"HORTALIZAS, PLANTAS, RAICES Y TUBERCULOS ALIMENTICIOS"|12|336020|125119
76|82|"BERNARDO DE YRIGOYEN"|7|"HORTALIZAS, PLANTAS, RAICES Y TUBERCULOS ALIMENTICIOS"|8|226000|115520
77|82|"BERNARDO DE YRIGOYEN"|7|"HORTALIZAS, PLANTAS, RAICES Y TUBERCULOS ALIMENTICIOS"|15|511500|255790
78|82|"BERNARDO DE YRIGOYEN"|7|"HORTALIZAS, PLANTAS, RAICES Y TUBERCULOS ALIMENTICIOS"|36|1015590|485487.8
79|82|"BERNARDO DE YRIGOYEN"|7|"HORTALIZAS, PLANTAS, RAICES Y TUBERCULOS ALIMENTICIOS"|28|967000|484472
80|82|"BERNARDO DE YRIGOYEN"|7|"HORTALIZAS, PLANTAS, RAICES Y TUBERCULOS ALIMENTICIOS"|30|867170|394516.4
81|82|"BERNARDO DE YRIGOYEN"|7|"HORTALIZAS, PLANTAS, RAICES Y TUBERCULOS ALIMENTICIOS"|33|925500|430820
82|82|"BERNARDO DE YRIGOYEN"|7|"HORTALIZAS, PLANTAS, RAICES Y TUBERCULOS ALIMENTICIOS"|34|905500|479365
83|82|"BERNARDO DE YRIGOYEN"|7|"HORTALIZAS, PLANTAS, RAICES Y TUBERCULOS ALIMENTICIOS"|45|1268500|628205
84|82|"BERNARDO DE YRIGOYEN"|7|"HORTALIZAS, PLANTAS, RAICES Y TUBERCULOS ALIMENTICIOS"|21|607040|272016.8
85|82|"BERNARDO DE YRIGOYEN"|7|"HORTALIZAS, PLANTAS, RAICES Y TUBERCULOS ALIMENTICIOS"|16|565050|253449.75
86|82|"BERNARDO DE YRIGOYEN"|7|"HORTALIZAS, PLANTAS, RAICES Y TUBERCULOS ALIMENTICIOS"|28|907000|414950
87|82|"BERNARDO DE YRIGOYEN"|7|"HORTALIZAS, PLANTAS, RAICES Y TUBERCULOS ALIMENTICIOS"|20|590000|229220
88|82|"BERNARDO DE YRIGOYEN"|7|"HORTALIZAS, PLANTAS, RAICES Y TUBERCULOS ALIMENTICIOS"|13|420000|176220
89|82|"BERNARDO DE YRIGOYEN"|7|"HORTALIZAS, PLANTAS, RAICES Y TUBERCULOS ALIMENTICIOS"|20|560500|234180
90|82|"BERNARDO DE YRIGOYEN"|7|"HORTALIZAS, PLANTAS, RAICES Y TUBERCULOS ALIMENTICIOS"|25|682040|287870.2
91|82|"BERNARDO DE YRIGOYEN"|7|"HORTALIZAS, PLANTAS, RAICES Y TUBERCULOS ALIMENTICIOS"|7|167026.85|91732
92|82|"BERNARDO DE YRIGOYEN"|7|"HORTALIZAS, PLANTAS, RAICES Y TUBERCULOS ALIMENTICIOS"|17|502280|219372
93|82|"BERNARDO DE YRIGOYEN"|7|"HORTALIZAS, PLANTAS, RAICES Y TUBERCULOS ALIMENTICIOS"|23|640070|253168
94|82|"BERNARDO DE YRIGOYEN"|7|"HORTALIZAS, PLANTAS, RAICES Y TUBERCULOS ALIMENTICIOS"|16|447000|190080
95|82|"BERNARDO DE YRIGOYEN"|7|"HORTALIZAS, PLANTAS, RAICES Y TUBERCULOS ALIMENTICIOS"|29|784000|328584
96|82|"BERNARDO DE YRIGOYEN"|7|"HORTALIZAS, PLANTAS, RAICES Y TUBERCULOS ALIMENTICIOS"|17|423000|176620
97|82|"BERNARDO DE YRIGOYEN"|7|"HORTALIZAS, PLANTAS, RAICES Y TUBERCULOS ALIMENTICIOS"|35|954000|407102
98|82|"BERNARDO DE YRIGOYEN"|7|"HORTALIZAS, PLANTAS, RAICES Y TUBERCULOS ALIMENTICIOS"|29|811500|342435
99|82|"BERNARDO DE YRIGOYEN"|7|"HORTALIZAS, PLANTAS, RAICES Y TUBERCULOS ALIMENTICIOS"|31|871000|387920
100|82|"BERNARDO DE YRIGOYEN"|7|"HORTALIZAS, PLANTAS, RAICES Y TUBERCULOS ALIMENTICIOS"|47|1399000|566370
101|82|"BERNARDO DE YRIGOYEN"|7|"HORTALIZAS, PLANTAS, RAICES Y TUBERCULOS ALIMENTICIOS"|37|1012000|439035
102|82|"BERNARDO DE YRIGOYEN"|7|"HORTALIZAS, PLANTAS, RAICES Y TUBERCULOS ALIMENTICIOS"|26|790000|321370
103|82|"BERNARDO DE YRIGOYEN"|7|"HORTALIZAS, PLANTAS, RAICES Y TUBERCULOS ALIMENTICIOS"|27|777000|341500
104|82|"BERNARDO DE YRIGOYEN"|7|"HORTALIZAS, PLANTAS, RAICES Y TUBERCULOS ALIMENTICIOS"|23|647000|301260
