"semana"|"aduana"|"aduana_desc"|"mercaderia"|"mercaderia_desc"|"cantidad"|"kilos"|"importe"
69|91|"BS.AS. NORTE"|86|"VEHICULOS Y MATERIAL PARA VIAS FERREAS O SIMILARES, Y SUS PA"|1|56|3760
70|91|"BS.AS. NORTE"|86|"VEHICULOS Y MATERIAL PARA VIAS FERREAS O SIMILARES, Y SUS PA"|1|11953|65860.48
72|91|"BS.AS. NORTE"|86|"VEHICULOS Y MATERIAL PARA VIAS FERREAS O SIMILARES, Y SUS PA"|1|3425|21000
74|91|"BS.AS. NORTE"|86|"VEHICULOS Y MATERIAL PARA VIAS FERREAS O SIMILARES, Y SUS PA"|2|15949|79470
76|91|"BS.AS. NORTE"|86|"VEHICULOS Y MATERIAL PARA VIAS FERREAS O SIMILARES, Y SUS PA"|2|2290|54370.02
77|91|"BS.AS. NORTE"|86|"VEHICULOS Y MATERIAL PARA VIAS FERREAS O SIMILARES, Y SUS PA"|3|11890|63472.48
78|91|"BS.AS. NORTE"|86|"VEHICULOS Y MATERIAL PARA VIAS FERREAS O SIMILARES, Y SUS PA"|1|185.79|420.68
79|91|"BS.AS. NORTE"|86|"VEHICULOS Y MATERIAL PARA VIAS FERREAS O SIMILARES, Y SUS PA"|1|1700|10500
80|91|"BS.AS. NORTE"|86|"VEHICULOS Y MATERIAL PARA VIAS FERREAS O SIMILARES, Y SUS PA"|1|3075|16665
81|91|"BS.AS. NORTE"|86|"VEHICULOS Y MATERIAL PARA VIAS FERREAS O SIMILARES, Y SUS PA"|3|3560.62|19827
82|91|"BS.AS. NORTE"|86|"VEHICULOS Y MATERIAL PARA VIAS FERREAS O SIMILARES, Y SUS PA"|2|6850|41220
83|91|"BS.AS. NORTE"|86|"VEHICULOS Y MATERIAL PARA VIAS FERREAS O SIMILARES, Y SUS PA"|1|3150|16665
84|91|"BS.AS. NORTE"|86|"VEHICULOS Y MATERIAL PARA VIAS FERREAS O SIMILARES, Y SUS PA"|2|7565|47180
85|91|"BS.AS. NORTE"|86|"VEHICULOS Y MATERIAL PARA VIAS FERREAS O SIMILARES, Y SUS PA"|1|1450|10700
86|91|"BS.AS. NORTE"|86|"VEHICULOS Y MATERIAL PARA VIAS FERREAS O SIMILARES, Y SUS PA"|2|9575|47985
87|91|"BS.AS. NORTE"|86|"VEHICULOS Y MATERIAL PARA VIAS FERREAS O SIMILARES, Y SUS PA"|2|13716|76792.48
89|91|"BS.AS. NORTE"|86|"VEHICULOS Y MATERIAL PARA VIAS FERREAS O SIMILARES, Y SUS PA"|1|9300|48465
92|91|"BS.AS. NORTE"|86|"VEHICULOS Y MATERIAL PARA VIAS FERREAS O SIMILARES, Y SUS PA"|2|12870|76360
96|91|"BS.AS. NORTE"|86|"VEHICULOS Y MATERIAL PARA VIAS FERREAS O SIMILARES, Y SUS PA"|1|3400|20400
97|91|"BS.AS. NORTE"|86|"VEHICULOS Y MATERIAL PARA VIAS FERREAS O SIMILARES, Y SUS PA"|2|3310|26279.6
100|91|"BS.AS. NORTE"|86|"VEHICULOS Y MATERIAL PARA VIAS FERREAS O SIMILARES, Y SUS PA"|3|2461|15356.3
102|91|"BS.AS. NORTE"|86|"VEHICULOS Y MATERIAL PARA VIAS FERREAS O SIMILARES, Y SUS PA"|1|10720|70346
103|91|"BS.AS. NORTE"|86|"VEHICULOS Y MATERIAL PARA VIAS FERREAS O SIMILARES, Y SUS PA"|2|6567|38102.2
