"semana"|"aduana"|"aduana_desc"|"mercaderia"|"mercaderia_desc"|"cantidad"|"kilos"|"importe"
68|91|"BS.AS. NORTE"|56|"GUATA, FIELTRO Y TELA SIN TEJER; HILADOS ESPECIALES; CORDELE"|8|52863.65|209989.52
69|91|"BS.AS. NORTE"|56|"GUATA, FIELTRO Y TELA SIN TEJER; HILADOS ESPECIALES; CORDELE"|45|340764.29|1408335.3
70|91|"BS.AS. NORTE"|56|"GUATA, FIELTRO Y TELA SIN TEJER; HILADOS ESPECIALES; CORDELE"|36|252235.23|990022.05
71|91|"BS.AS. NORTE"|56|"GUATA, FIELTRO Y TELA SIN TEJER; HILADOS ESPECIALES; CORDELE"|27|234232.93|896704.96
72|91|"BS.AS. NORTE"|56|"GUATA, FIELTRO Y TELA SIN TEJER; HILADOS ESPECIALES; CORDELE"|54|414942.12|1539905.97
73|91|"BS.AS. NORTE"|56|"GUATA, FIELTRO Y TELA SIN TEJER; HILADOS ESPECIALES; CORDELE"|33|232259.72|947469.45
74|91|"BS.AS. NORTE"|56|"GUATA, FIELTRO Y TELA SIN TEJER; HILADOS ESPECIALES; CORDELE"|30|241665.96|931893.68
75|91|"BS.AS. NORTE"|56|"GUATA, FIELTRO Y TELA SIN TEJER; HILADOS ESPECIALES; CORDELE"|30|259440.06|1037508.91
76|91|"BS.AS. NORTE"|56|"GUATA, FIELTRO Y TELA SIN TEJER; HILADOS ESPECIALES; CORDELE"|32|294086.03|1056511.47
77|91|"BS.AS. NORTE"|56|"GUATA, FIELTRO Y TELA SIN TEJER; HILADOS ESPECIALES; CORDELE"|21|222322.13|855125.94
78|91|"BS.AS. NORTE"|56|"GUATA, FIELTRO Y TELA SIN TEJER; HILADOS ESPECIALES; CORDELE"|55|507433.95|1956712.32
79|91|"BS.AS. NORTE"|56|"GUATA, FIELTRO Y TELA SIN TEJER; HILADOS ESPECIALES; CORDELE"|41|390352.89|1530421.97
80|91|"BS.AS. NORTE"|56|"GUATA, FIELTRO Y TELA SIN TEJER; HILADOS ESPECIALES; CORDELE"|24|224670.15|890158.94
81|91|"BS.AS. NORTE"|56|"GUATA, FIELTRO Y TELA SIN TEJER; HILADOS ESPECIALES; CORDELE"|44|344430.42|1269534.22
82|91|"BS.AS. NORTE"|56|"GUATA, FIELTRO Y TELA SIN TEJER; HILADOS ESPECIALES; CORDELE"|31|291455.12|1143737.53
83|91|"BS.AS. NORTE"|56|"GUATA, FIELTRO Y TELA SIN TEJER; HILADOS ESPECIALES; CORDELE"|29|304361.96|1229781.89
84|91|"BS.AS. NORTE"|56|"GUATA, FIELTRO Y TELA SIN TEJER; HILADOS ESPECIALES; CORDELE"|40|319613.44|1341217.68
85|91|"BS.AS. NORTE"|56|"GUATA, FIELTRO Y TELA SIN TEJER; HILADOS ESPECIALES; CORDELE"|24|204494.35|780124
86|91|"BS.AS. NORTE"|56|"GUATA, FIELTRO Y TELA SIN TEJER; HILADOS ESPECIALES; CORDELE"|48|324301.25|1279706.23
87|91|"BS.AS. NORTE"|56|"GUATA, FIELTRO Y TELA SIN TEJER; HILADOS ESPECIALES; CORDELE"|37|247013.67|908366.31
88|91|"BS.AS. NORTE"|56|"GUATA, FIELTRO Y TELA SIN TEJER; HILADOS ESPECIALES; CORDELE"|35|307900.95|1222744.86
89|91|"BS.AS. NORTE"|56|"GUATA, FIELTRO Y TELA SIN TEJER; HILADOS ESPECIALES; CORDELE"|29|279199.09|1010299.96
90|91|"BS.AS. NORTE"|56|"GUATA, FIELTRO Y TELA SIN TEJER; HILADOS ESPECIALES; CORDELE"|24|220247.04|823814.14
91|91|"BS.AS. NORTE"|56|"GUATA, FIELTRO Y TELA SIN TEJER; HILADOS ESPECIALES; CORDELE"|46|331817.35|1285012.55
92|91|"BS.AS. NORTE"|56|"GUATA, FIELTRO Y TELA SIN TEJER; HILADOS ESPECIALES; CORDELE"|19|129479.56|513569.55
93|91|"BS.AS. NORTE"|56|"GUATA, FIELTRO Y TELA SIN TEJER; HILADOS ESPECIALES; CORDELE"|25|167321.6|623395.59
94|91|"BS.AS. NORTE"|56|"GUATA, FIELTRO Y TELA SIN TEJER; HILADOS ESPECIALES; CORDELE"|19|193312.11|730708.52
95|91|"BS.AS. NORTE"|56|"GUATA, FIELTRO Y TELA SIN TEJER; HILADOS ESPECIALES; CORDELE"|40|318740|1180569.04
96|91|"BS.AS. NORTE"|56|"GUATA, FIELTRO Y TELA SIN TEJER; HILADOS ESPECIALES; CORDELE"|26|168927.4|658435.14
97|91|"BS.AS. NORTE"|56|"GUATA, FIELTRO Y TELA SIN TEJER; HILADOS ESPECIALES; CORDELE"|27|122723.95|368476.91
98|91|"BS.AS. NORTE"|56|"GUATA, FIELTRO Y TELA SIN TEJER; HILADOS ESPECIALES; CORDELE"|26|228055.32|769810.16
99|91|"BS.AS. NORTE"|56|"GUATA, FIELTRO Y TELA SIN TEJER; HILADOS ESPECIALES; CORDELE"|39|333129.48|1032389.06
100|91|"BS.AS. NORTE"|56|"GUATA, FIELTRO Y TELA SIN TEJER; HILADOS ESPECIALES; CORDELE"|23|151748.23|461564.46
101|91|"BS.AS. NORTE"|56|"GUATA, FIELTRO Y TELA SIN TEJER; HILADOS ESPECIALES; CORDELE"|13|57774.61|338345.11
102|91|"BS.AS. NORTE"|56|"GUATA, FIELTRO Y TELA SIN TEJER; HILADOS ESPECIALES; CORDELE"|42|299176.46|1080371.23
103|91|"BS.AS. NORTE"|56|"GUATA, FIELTRO Y TELA SIN TEJER; HILADOS ESPECIALES; CORDELE"|34|189840.72|598574.69
104|91|"BS.AS. NORTE"|56|"GUATA, FIELTRO Y TELA SIN TEJER; HILADOS ESPECIALES; CORDELE"|8|74626.56|269702.02
