"semana"|"aduana"|"aduana_desc"|"mercaderia"|"mercaderia_desc"|"cantidad"|"kilos"|"importe"
15|89|"SANTIAGO DEL ESTERO"|12|"SEMILLAS Y FRUTOS OLEAGINOSOS; SEMILLAS Y FRUTOS DIVERSOS; P"|1|84000|6825
22|89|"SANTIAGO DEL ESTERO"|12|"SEMILLAS Y FRUTOS OLEAGINOSOS; SEMILLAS Y FRUTOS DIVERSOS; P"|1|112000|9100
32|89|"SANTIAGO DEL ESTERO"|12|"SEMILLAS Y FRUTOS OLEAGINOSOS; SEMILLAS Y FRUTOS DIVERSOS; P"|1|112000|19600
50|89|"SANTIAGO DEL ESTERO"|12|"SEMILLAS Y FRUTOS OLEAGINOSOS; SEMILLAS Y FRUTOS DIVERSOS; P"|1|34000|5100
71|89|"SANTIAGO DEL ESTERO"|12|"SEMILLAS Y FRUTOS OLEAGINOSOS; SEMILLAS Y FRUTOS DIVERSOS; P"|1|13000|1742
92|89|"SANTIAGO DEL ESTERO"|12|"SEMILLAS Y FRUTOS OLEAGINOSOS; SEMILLAS Y FRUTOS DIVERSOS; P"|3|118700|18144.3
94|89|"SANTIAGO DEL ESTERO"|12|"SEMILLAS Y FRUTOS OLEAGINOSOS; SEMILLAS Y FRUTOS DIVERSOS; P"|1|26800|3591.2
97|89|"SANTIAGO DEL ESTERO"|12|"SEMILLAS Y FRUTOS OLEAGINOSOS; SEMILLAS Y FRUTOS DIVERSOS; P"|2|43900|6376.7
100|89|"SANTIAGO DEL ESTERO"|12|"SEMILLAS Y FRUTOS OLEAGINOSOS; SEMILLAS Y FRUTOS DIVERSOS; P"|1|34900|5918.22
101|89|"SANTIAGO DEL ESTERO"|12|"SEMILLAS Y FRUTOS OLEAGINOSOS; SEMILLAS Y FRUTOS DIVERSOS; P"|1|38060|4960
102|89|"SANTIAGO DEL ESTERO"|12|"SEMILLAS Y FRUTOS OLEAGINOSOS; SEMILLAS Y FRUTOS DIVERSOS; P"|1|35980|4821.32
