"semana"|"aduana"|"aduana_desc"|"mercaderia"|"mercaderia_desc"|"cantidad"|"kilos"|"importe"
69|92|"BS.AS. SUR"|24|"TABACO Y SUCEDANEOS DEL TABACO, ELABORADOS"|4|75477.97|573520.03
70|92|"BS.AS. SUR"|24|"TABACO Y SUCEDANEOS DEL TABACO, ELABORADOS"|2|17875.67|193484.7
71|92|"BS.AS. SUR"|24|"TABACO Y SUCEDANEOS DEL TABACO, ELABORADOS"|4|27199.11|1104183.34
72|92|"BS.AS. SUR"|24|"TABACO Y SUCEDANEOS DEL TABACO, ELABORADOS"|7|202771.4|1269623.3
73|92|"BS.AS. SUR"|24|"TABACO Y SUCEDANEOS DEL TABACO, ELABORADOS"|8|41784.98|475900.48
74|92|"BS.AS. SUR"|24|"TABACO Y SUCEDANEOS DEL TABACO, ELABORADOS"|3|40049.21|294463.26
75|92|"BS.AS. SUR"|24|"TABACO Y SUCEDANEOS DEL TABACO, ELABORADOS"|7|194500.06|928438.25
76|92|"BS.AS. SUR"|24|"TABACO Y SUCEDANEOS DEL TABACO, ELABORADOS"|6|195343.44|1731880.86
77|92|"BS.AS. SUR"|24|"TABACO Y SUCEDANEOS DEL TABACO, ELABORADOS"|5|53429.42|529089.52
78|92|"BS.AS. SUR"|24|"TABACO Y SUCEDANEOS DEL TABACO, ELABORADOS"|3|33308.21|344049.34
79|92|"BS.AS. SUR"|24|"TABACO Y SUCEDANEOS DEL TABACO, ELABORADOS"|6|283687.63|1134422.25
80|92|"BS.AS. SUR"|24|"TABACO Y SUCEDANEOS DEL TABACO, ELABORADOS"|7|161867.96|2344199.51
81|92|"BS.AS. SUR"|24|"TABACO Y SUCEDANEOS DEL TABACO, ELABORADOS"|4|89523.54|560542.04
82|92|"BS.AS. SUR"|24|"TABACO Y SUCEDANEOS DEL TABACO, ELABORADOS"|4|100303.03|553901.21
83|92|"BS.AS. SUR"|24|"TABACO Y SUCEDANEOS DEL TABACO, ELABORADOS"|5|151932.04|718739.65
84|92|"BS.AS. SUR"|24|"TABACO Y SUCEDANEOS DEL TABACO, ELABORADOS"|8|154123.47|1801433.16
85|92|"BS.AS. SUR"|24|"TABACO Y SUCEDANEOS DEL TABACO, ELABORADOS"|3|80941.24|434971.8
86|92|"BS.AS. SUR"|24|"TABACO Y SUCEDANEOS DEL TABACO, ELABORADOS"|11|114568.19|1029304.5
87|92|"BS.AS. SUR"|24|"TABACO Y SUCEDANEOS DEL TABACO, ELABORADOS"|6|93537.77|690759.8
88|92|"BS.AS. SUR"|24|"TABACO Y SUCEDANEOS DEL TABACO, ELABORADOS"|7|50411.01|1436466.18
89|92|"BS.AS. SUR"|24|"TABACO Y SUCEDANEOS DEL TABACO, ELABORADOS"|8|212613.93|1284569.26
90|92|"BS.AS. SUR"|24|"TABACO Y SUCEDANEOS DEL TABACO, ELABORADOS"|14|249377.75|1613300.8
91|92|"BS.AS. SUR"|24|"TABACO Y SUCEDANEOS DEL TABACO, ELABORADOS"|6|145097.17|836967.83
92|92|"BS.AS. SUR"|24|"TABACO Y SUCEDANEOS DEL TABACO, ELABORADOS"|4|105630|372008.99
93|92|"BS.AS. SUR"|24|"TABACO Y SUCEDANEOS DEL TABACO, ELABORADOS"|5|126013.02|1528693.6
94|92|"BS.AS. SUR"|24|"TABACO Y SUCEDANEOS DEL TABACO, ELABORADOS"|4|31588.47|306989.48
95|92|"BS.AS. SUR"|24|"TABACO Y SUCEDANEOS DEL TABACO, ELABORADOS"|4|76565.28|390678.6
96|92|"BS.AS. SUR"|24|"TABACO Y SUCEDANEOS DEL TABACO, ELABORADOS"|3|122554.2|425018
97|92|"BS.AS. SUR"|24|"TABACO Y SUCEDANEOS DEL TABACO, ELABORADOS"|7|83783.72|504990.65
98|92|"BS.AS. SUR"|24|"TABACO Y SUCEDANEOS DEL TABACO, ELABORADOS"|7|105565.18|1494521.13
99|92|"BS.AS. SUR"|24|"TABACO Y SUCEDANEOS DEL TABACO, ELABORADOS"|1|7086.29|92298.51
100|92|"BS.AS. SUR"|24|"TABACO Y SUCEDANEOS DEL TABACO, ELABORADOS"|4|126028.31|484723
101|92|"BS.AS. SUR"|24|"TABACO Y SUCEDANEOS DEL TABACO, ELABORADOS"|3|18521.85|1133780.89
102|92|"BS.AS. SUR"|24|"TABACO Y SUCEDANEOS DEL TABACO, ELABORADOS"|6|142864.44|620302.13
103|92|"BS.AS. SUR"|24|"TABACO Y SUCEDANEOS DEL TABACO, ELABORADOS"|5|135335.04|569078.43
104|92|"BS.AS. SUR"|24|"TABACO Y SUCEDANEOS DEL TABACO, ELABORADOS"|4|5480.14|59686
