"semana"|"aduana"|"aduana_desc"|"mercaderia"|"mercaderia_desc"|"cantidad"|"kilos"|"importe"
19|49|"RIO GRANDE"|39|"PLASTICO Y SUS MANUFACTURAS"|1|327|13396.84
23|49|"RIO GRANDE"|39|"PLASTICO Y SUS MANUFACTURAS"|1|143.4|980.06
28|49|"RIO GRANDE"|39|"PLASTICO Y SUS MANUFACTURAS"|1|1.62|2251.7
32|49|"RIO GRANDE"|39|"PLASTICO Y SUS MANUFACTURAS"|1|80|287.68
38|49|"RIO GRANDE"|39|"PLASTICO Y SUS MANUFACTURAS"|1|0.16|146.3
43|49|"RIO GRANDE"|39|"PLASTICO Y SUS MANUFACTURAS"|4|74.44|12.74
50|49|"RIO GRANDE"|39|"PLASTICO Y SUS MANUFACTURAS"|1|15|272.64
63|49|"RIO GRANDE"|39|"PLASTICO Y SUS MANUFACTURAS"|25|7149.29|39076.52
71|49|"RIO GRANDE"|39|"PLASTICO Y SUS MANUFACTURAS"|1|0.02|0.61
78|49|"RIO GRANDE"|39|"PLASTICO Y SUS MANUFACTURAS"|3|116|2011.54
86|49|"RIO GRANDE"|39|"PLASTICO Y SUS MANUFACTURAS"|5|581.4|7608.66
94|49|"RIO GRANDE"|39|"PLASTICO Y SUS MANUFACTURAS"|1|4.8|1760
