"semana"|"aduana"|"aduana_desc"|"mercaderia"|"mercaderia_desc"|"cantidad"|"kilos"|"importe"
5|89|"SANTIAGO DEL ESTERO"|38|"PRODUCTOS DIVERSOS DE LA INDUSTRIA QUIMICA"|1|16500|6897
6|89|"SANTIAGO DEL ESTERO"|38|"PRODUCTOS DIVERSOS DE LA INDUSTRIA QUIMICA"|1|33000|13794
29|89|"SANTIAGO DEL ESTERO"|38|"PRODUCTOS DIVERSOS DE LA INDUSTRIA QUIMICA"|1|16500|6897
48|89|"SANTIAGO DEL ESTERO"|38|"PRODUCTOS DIVERSOS DE LA INDUSTRIA QUIMICA"|1|34500|14421
55|89|"SANTIAGO DEL ESTERO"|38|"PRODUCTOS DIVERSOS DE LA INDUSTRIA QUIMICA"|1|31050|12978.9
57|89|"SANTIAGO DEL ESTERO"|38|"PRODUCTOS DIVERSOS DE LA INDUSTRIA QUIMICA"|1|34500|14421
60|89|"SANTIAGO DEL ESTERO"|38|"PRODUCTOS DIVERSOS DE LA INDUSTRIA QUIMICA"|1|34500|14421
77|89|"SANTIAGO DEL ESTERO"|38|"PRODUCTOS DIVERSOS DE LA INDUSTRIA QUIMICA"|1|16800|7022.4
89|89|"SANTIAGO DEL ESTERO"|38|"PRODUCTOS DIVERSOS DE LA INDUSTRIA QUIMICA"|1|17250|7210.5
96|89|"SANTIAGO DEL ESTERO"|38|"PRODUCTOS DIVERSOS DE LA INDUSTRIA QUIMICA"|1|8004|3721.86
98|89|"SANTIAGO DEL ESTERO"|38|"PRODUCTOS DIVERSOS DE LA INDUSTRIA QUIMICA"|1|17250|7210.5
102|89|"SANTIAGO DEL ESTERO"|38|"PRODUCTOS DIVERSOS DE LA INDUSTRIA QUIMICA"|1|15525|6489.45
