"semana"|"aduana"|"aduana_desc"|"mercaderia"|"mercaderia_desc"|"cantidad"|"kilos"|"importe"
1|85|"VILLA REGINA"|8|"FRUTAS Y FRUTOS COMESTIBLES; CORTEZAS DE AGRIOS(CITRICOS), M"|35|891293.9|895192
2|85|"VILLA REGINA"|8|"FRUTAS Y FRUTOS COMESTIBLES; CORTEZAS DE AGRIOS(CITRICOS), M"|69|1474055.4|1421681.5
3|85|"VILLA REGINA"|8|"FRUTAS Y FRUTOS COMESTIBLES; CORTEZAS DE AGRIOS(CITRICOS), M"|148|3126443.9|3015922.82
4|85|"VILLA REGINA"|8|"FRUTAS Y FRUTOS COMESTIBLES; CORTEZAS DE AGRIOS(CITRICOS), M"|170|3639271.2|3643477.36
5|85|"VILLA REGINA"|8|"FRUTAS Y FRUTOS COMESTIBLES; CORTEZAS DE AGRIOS(CITRICOS), M"|156|3507400.24|3432650.8
6|85|"VILLA REGINA"|8|"FRUTAS Y FRUTOS COMESTIBLES; CORTEZAS DE AGRIOS(CITRICOS), M"|166|3693118.9|3562580.2
7|85|"VILLA REGINA"|8|"FRUTAS Y FRUTOS COMESTIBLES; CORTEZAS DE AGRIOS(CITRICOS), M"|165|3733737.34|3614507.46
8|85|"VILLA REGINA"|8|"FRUTAS Y FRUTOS COMESTIBLES; CORTEZAS DE AGRIOS(CITRICOS), M"|226|4996854.2|4962053.01
9|85|"VILLA REGINA"|8|"FRUTAS Y FRUTOS COMESTIBLES; CORTEZAS DE AGRIOS(CITRICOS), M"|128|2761823.68|2635970.47
10|85|"VILLA REGINA"|8|"FRUTAS Y FRUTOS COMESTIBLES; CORTEZAS DE AGRIOS(CITRICOS), M"|234|4868856.3|4803405.59
11|85|"VILLA REGINA"|8|"FRUTAS Y FRUTOS COMESTIBLES; CORTEZAS DE AGRIOS(CITRICOS), M"|208|4533042.88|4389824.33
12|85|"VILLA REGINA"|8|"FRUTAS Y FRUTOS COMESTIBLES; CORTEZAS DE AGRIOS(CITRICOS), M"|220|4788256.88|4508646.29
13|85|"VILLA REGINA"|8|"FRUTAS Y FRUTOS COMESTIBLES; CORTEZAS DE AGRIOS(CITRICOS), M"|251|5362553.91|4957994.42
14|85|"VILLA REGINA"|8|"FRUTAS Y FRUTOS COMESTIBLES; CORTEZAS DE AGRIOS(CITRICOS), M"|145|3260873.7|3065319.13
15|85|"VILLA REGINA"|8|"FRUTAS Y FRUTOS COMESTIBLES; CORTEZAS DE AGRIOS(CITRICOS), M"|237|5177249.38|4921045.46
16|85|"VILLA REGINA"|8|"FRUTAS Y FRUTOS COMESTIBLES; CORTEZAS DE AGRIOS(CITRICOS), M"|104|2361077.1|2281801.88
17|85|"VILLA REGINA"|8|"FRUTAS Y FRUTOS COMESTIBLES; CORTEZAS DE AGRIOS(CITRICOS), M"|226|4793484.8|4676214.49
18|85|"VILLA REGINA"|8|"FRUTAS Y FRUTOS COMESTIBLES; CORTEZAS DE AGRIOS(CITRICOS), M"|82|1839741.12|1861653.14
19|85|"VILLA REGINA"|8|"FRUTAS Y FRUTOS COMESTIBLES; CORTEZAS DE AGRIOS(CITRICOS), M"|199|4318725.2|4166574.7
20|85|"VILLA REGINA"|8|"FRUTAS Y FRUTOS COMESTIBLES; CORTEZAS DE AGRIOS(CITRICOS), M"|190|4016979.95|3799418.33
21|85|"VILLA REGINA"|8|"FRUTAS Y FRUTOS COMESTIBLES; CORTEZAS DE AGRIOS(CITRICOS), M"|148|3157138.82|3003895.38
22|85|"VILLA REGINA"|8|"FRUTAS Y FRUTOS COMESTIBLES; CORTEZAS DE AGRIOS(CITRICOS), M"|160|3643451.52|3517155.45
23|85|"VILLA REGINA"|8|"FRUTAS Y FRUTOS COMESTIBLES; CORTEZAS DE AGRIOS(CITRICOS), M"|157|3306037.3|3150064.5
24|85|"VILLA REGINA"|8|"FRUTAS Y FRUTOS COMESTIBLES; CORTEZAS DE AGRIOS(CITRICOS), M"|143|2949038.45|2922303.57
25|85|"VILLA REGINA"|8|"FRUTAS Y FRUTOS COMESTIBLES; CORTEZAS DE AGRIOS(CITRICOS), M"|115|2566704.5|2589205.87
26|85|"VILLA REGINA"|8|"FRUTAS Y FRUTOS COMESTIBLES; CORTEZAS DE AGRIOS(CITRICOS), M"|144|3023928.6|2933795.16
27|85|"VILLA REGINA"|8|"FRUTAS Y FRUTOS COMESTIBLES; CORTEZAS DE AGRIOS(CITRICOS), M"|170|3642459.1|3628562.7
28|85|"VILLA REGINA"|8|"FRUTAS Y FRUTOS COMESTIBLES; CORTEZAS DE AGRIOS(CITRICOS), M"|151|3265645.6|3158812.28
29|85|"VILLA REGINA"|8|"FRUTAS Y FRUTOS COMESTIBLES; CORTEZAS DE AGRIOS(CITRICOS), M"|182|3769141.6|3758403.68
30|85|"VILLA REGINA"|8|"FRUTAS Y FRUTOS COMESTIBLES; CORTEZAS DE AGRIOS(CITRICOS), M"|148|3160075.06|3136418.6
31|85|"VILLA REGINA"|8|"FRUTAS Y FRUTOS COMESTIBLES; CORTEZAS DE AGRIOS(CITRICOS), M"|109|2397373.2|2361190.15
32|85|"VILLA REGINA"|8|"FRUTAS Y FRUTOS COMESTIBLES; CORTEZAS DE AGRIOS(CITRICOS), M"|159|3286577|3192119.42
33|85|"VILLA REGINA"|8|"FRUTAS Y FRUTOS COMESTIBLES; CORTEZAS DE AGRIOS(CITRICOS), M"|118|2567124.4|2363948.4
34|85|"VILLA REGINA"|8|"FRUTAS Y FRUTOS COMESTIBLES; CORTEZAS DE AGRIOS(CITRICOS), M"|176|3893067.4|3681167.24
35|85|"VILLA REGINA"|8|"FRUTAS Y FRUTOS COMESTIBLES; CORTEZAS DE AGRIOS(CITRICOS), M"|119|2528722.9|2415046.96
36|85|"VILLA REGINA"|8|"FRUTAS Y FRUTOS COMESTIBLES; CORTEZAS DE AGRIOS(CITRICOS), M"|147|3174033.5|3006947.2
37|85|"VILLA REGINA"|8|"FRUTAS Y FRUTOS COMESTIBLES; CORTEZAS DE AGRIOS(CITRICOS), M"|155|3270746.2|3113817.73
38|85|"VILLA REGINA"|8|"FRUTAS Y FRUTOS COMESTIBLES; CORTEZAS DE AGRIOS(CITRICOS), M"|84|1759789.7|1630450.6
39|85|"VILLA REGINA"|8|"FRUTAS Y FRUTOS COMESTIBLES; CORTEZAS DE AGRIOS(CITRICOS), M"|21|466541.7|453580.6
40|85|"VILLA REGINA"|8|"FRUTAS Y FRUTOS COMESTIBLES; CORTEZAS DE AGRIOS(CITRICOS), M"|82|1698710.6|1668674.05
41|85|"VILLA REGINA"|8|"FRUTAS Y FRUTOS COMESTIBLES; CORTEZAS DE AGRIOS(CITRICOS), M"|100|2168119.5|2123756.78
42|85|"VILLA REGINA"|8|"FRUTAS Y FRUTOS COMESTIBLES; CORTEZAS DE AGRIOS(CITRICOS), M"|41|839174.8|792652
43|85|"VILLA REGINA"|8|"FRUTAS Y FRUTOS COMESTIBLES; CORTEZAS DE AGRIOS(CITRICOS), M"|86|1949036.6|1886197.14
44|85|"VILLA REGINA"|8|"FRUTAS Y FRUTOS COMESTIBLES; CORTEZAS DE AGRIOS(CITRICOS), M"|72|1617802.7|1611718.72
45|85|"VILLA REGINA"|8|"FRUTAS Y FRUTOS COMESTIBLES; CORTEZAS DE AGRIOS(CITRICOS), M"|89|1994030.1|1952074.74
46|85|"VILLA REGINA"|8|"FRUTAS Y FRUTOS COMESTIBLES; CORTEZAS DE AGRIOS(CITRICOS), M"|83|1886547.7|1830845.44
47|85|"VILLA REGINA"|8|"FRUTAS Y FRUTOS COMESTIBLES; CORTEZAS DE AGRIOS(CITRICOS), M"|62|1366234.6|1367853.13
48|85|"VILLA REGINA"|8|"FRUTAS Y FRUTOS COMESTIBLES; CORTEZAS DE AGRIOS(CITRICOS), M"|84|1846796.1|1949476.31
49|85|"VILLA REGINA"|8|"FRUTAS Y FRUTOS COMESTIBLES; CORTEZAS DE AGRIOS(CITRICOS), M"|50|1065704.7|1124675.52
50|85|"VILLA REGINA"|8|"FRUTAS Y FRUTOS COMESTIBLES; CORTEZAS DE AGRIOS(CITRICOS), M"|73|1517955.2|1599668.99
51|85|"VILLA REGINA"|8|"FRUTAS Y FRUTOS COMESTIBLES; CORTEZAS DE AGRIOS(CITRICOS), M"|29|596633.3|566254.32
52|85|"VILLA REGINA"|8|"FRUTAS Y FRUTOS COMESTIBLES; CORTEZAS DE AGRIOS(CITRICOS), M"|5|110909.2|105615
53|85|"VILLA REGINA"|8|"FRUTAS Y FRUTOS COMESTIBLES; CORTEZAS DE AGRIOS(CITRICOS), M"|7|155513.8|138690.5
54|85|"VILLA REGINA"|8|"FRUTAS Y FRUTOS COMESTIBLES; CORTEZAS DE AGRIOS(CITRICOS), M"|88|1759434.2|1670342.8
55|85|"VILLA REGINA"|8|"FRUTAS Y FRUTOS COMESTIBLES; CORTEZAS DE AGRIOS(CITRICOS), M"|132|2676900.6|2523406.6
56|85|"VILLA REGINA"|8|"FRUTAS Y FRUTOS COMESTIBLES; CORTEZAS DE AGRIOS(CITRICOS), M"|66|1576556|1512067
57|85|"VILLA REGINA"|8|"FRUTAS Y FRUTOS COMESTIBLES; CORTEZAS DE AGRIOS(CITRICOS), M"|156|3355173.24|3114580.1
58|85|"VILLA REGINA"|8|"FRUTAS Y FRUTOS COMESTIBLES; CORTEZAS DE AGRIOS(CITRICOS), M"|177|3846193.16|3664911.21
59|85|"VILLA REGINA"|8|"FRUTAS Y FRUTOS COMESTIBLES; CORTEZAS DE AGRIOS(CITRICOS), M"|85|2116153.6|1947640.63
60|85|"VILLA REGINA"|8|"FRUTAS Y FRUTOS COMESTIBLES; CORTEZAS DE AGRIOS(CITRICOS), M"|144|3360002.76|3112538.44
61|85|"VILLA REGINA"|8|"FRUTAS Y FRUTOS COMESTIBLES; CORTEZAS DE AGRIOS(CITRICOS), M"|122|2797724|2401360.84
62|85|"VILLA REGINA"|8|"FRUTAS Y FRUTOS COMESTIBLES; CORTEZAS DE AGRIOS(CITRICOS), M"|187|4210477.68|3645647.39
63|85|"VILLA REGINA"|8|"FRUTAS Y FRUTOS COMESTIBLES; CORTEZAS DE AGRIOS(CITRICOS), M"|186|4179840.92|3655939.22
64|85|"VILLA REGINA"|8|"FRUTAS Y FRUTOS COMESTIBLES; CORTEZAS DE AGRIOS(CITRICOS), M"|94|2236353.9|1945395.05
65|85|"VILLA REGINA"|8|"FRUTAS Y FRUTOS COMESTIBLES; CORTEZAS DE AGRIOS(CITRICOS), M"|198|4387111.2|3904345.2
66|85|"VILLA REGINA"|8|"FRUTAS Y FRUTOS COMESTIBLES; CORTEZAS DE AGRIOS(CITRICOS), M"|85|1973272.8|1821303.02
67|85|"VILLA REGINA"|8|"FRUTAS Y FRUTOS COMESTIBLES; CORTEZAS DE AGRIOS(CITRICOS), M"|191|4390565.9|4020288.23
68|85|"VILLA REGINA"|8|"FRUTAS Y FRUTOS COMESTIBLES; CORTEZAS DE AGRIOS(CITRICOS), M"|163|3758480.4|3410480.95
69|85|"VILLA REGINA"|8|"FRUTAS Y FRUTOS COMESTIBLES; CORTEZAS DE AGRIOS(CITRICOS), M"|155|3531061.4|3148036
70|85|"VILLA REGINA"|8|"FRUTAS Y FRUTOS COMESTIBLES; CORTEZAS DE AGRIOS(CITRICOS), M"|51|1246047.2|1094251.32
71|85|"VILLA REGINA"|8|"FRUTAS Y FRUTOS COMESTIBLES; CORTEZAS DE AGRIOS(CITRICOS), M"|135|3293179.6|2841212.64
72|85|"VILLA REGINA"|8|"FRUTAS Y FRUTOS COMESTIBLES; CORTEZAS DE AGRIOS(CITRICOS), M"|91|2282102.7|2099780.62
73|85|"VILLA REGINA"|8|"FRUTAS Y FRUTOS COMESTIBLES; CORTEZAS DE AGRIOS(CITRICOS), M"|81|1656440.6|1421213.29
74|85|"VILLA REGINA"|8|"FRUTAS Y FRUTOS COMESTIBLES; CORTEZAS DE AGRIOS(CITRICOS), M"|134|2883501.4|2607470.89
75|85|"VILLA REGINA"|8|"FRUTAS Y FRUTOS COMESTIBLES; CORTEZAS DE AGRIOS(CITRICOS), M"|60|1321021|1117077
76|85|"VILLA REGINA"|8|"FRUTAS Y FRUTOS COMESTIBLES; CORTEZAS DE AGRIOS(CITRICOS), M"|63|1372999.6|1094281
77|85|"VILLA REGINA"|8|"FRUTAS Y FRUTOS COMESTIBLES; CORTEZAS DE AGRIOS(CITRICOS), M"|94|2152783.2|1836719.4
78|85|"VILLA REGINA"|8|"FRUTAS Y FRUTOS COMESTIBLES; CORTEZAS DE AGRIOS(CITRICOS), M"|143|3140890.1|2718207.08
79|85|"VILLA REGINA"|8|"FRUTAS Y FRUTOS COMESTIBLES; CORTEZAS DE AGRIOS(CITRICOS), M"|118|2603130.2|2185216.45
80|85|"VILLA REGINA"|8|"FRUTAS Y FRUTOS COMESTIBLES; CORTEZAS DE AGRIOS(CITRICOS), M"|73|1600770.9|1326818.2
81|85|"VILLA REGINA"|8|"FRUTAS Y FRUTOS COMESTIBLES; CORTEZAS DE AGRIOS(CITRICOS), M"|100|2166437.7|1829846.95
82|85|"VILLA REGINA"|8|"FRUTAS Y FRUTOS COMESTIBLES; CORTEZAS DE AGRIOS(CITRICOS), M"|123|2495029|2104333.38
83|85|"VILLA REGINA"|8|"FRUTAS Y FRUTOS COMESTIBLES; CORTEZAS DE AGRIOS(CITRICOS), M"|120|2504566.1|2131872.29
84|85|"VILLA REGINA"|8|"FRUTAS Y FRUTOS COMESTIBLES; CORTEZAS DE AGRIOS(CITRICOS), M"|106|2173656.9|1896732.45
85|85|"VILLA REGINA"|8|"FRUTAS Y FRUTOS COMESTIBLES; CORTEZAS DE AGRIOS(CITRICOS), M"|110|2319712.3|2014311.3
86|85|"VILLA REGINA"|8|"FRUTAS Y FRUTOS COMESTIBLES; CORTEZAS DE AGRIOS(CITRICOS), M"|109|2322791.4|2008765.43
87|85|"VILLA REGINA"|8|"FRUTAS Y FRUTOS COMESTIBLES; CORTEZAS DE AGRIOS(CITRICOS), M"|105|2202185.5|1878299.4
88|85|"VILLA REGINA"|8|"FRUTAS Y FRUTOS COMESTIBLES; CORTEZAS DE AGRIOS(CITRICOS), M"|98|2119466.7|1779938.39
89|85|"VILLA REGINA"|8|"FRUTAS Y FRUTOS COMESTIBLES; CORTEZAS DE AGRIOS(CITRICOS), M"|82|1770330.7|1411812.2
90|85|"VILLA REGINA"|8|"FRUTAS Y FRUTOS COMESTIBLES; CORTEZAS DE AGRIOS(CITRICOS), M"|65|1414589.2|1143733.8
91|85|"VILLA REGINA"|8|"FRUTAS Y FRUTOS COMESTIBLES; CORTEZAS DE AGRIOS(CITRICOS), M"|90|1936531|1511482.9
92|85|"VILLA REGINA"|8|"FRUTAS Y FRUTOS COMESTIBLES; CORTEZAS DE AGRIOS(CITRICOS), M"|91|1887570.7|1506655.3
93|85|"VILLA REGINA"|8|"FRUTAS Y FRUTOS COMESTIBLES; CORTEZAS DE AGRIOS(CITRICOS), M"|51|1103678.4|880870
94|85|"VILLA REGINA"|8|"FRUTAS Y FRUTOS COMESTIBLES; CORTEZAS DE AGRIOS(CITRICOS), M"|77|1665496.35|1312450.38
95|85|"VILLA REGINA"|8|"FRUTAS Y FRUTOS COMESTIBLES; CORTEZAS DE AGRIOS(CITRICOS), M"|78|1695157.54|1314025.58
96|85|"VILLA REGINA"|8|"FRUTAS Y FRUTOS COMESTIBLES; CORTEZAS DE AGRIOS(CITRICOS), M"|70|1473426.3|1166493.6
97|85|"VILLA REGINA"|8|"FRUTAS Y FRUTOS COMESTIBLES; CORTEZAS DE AGRIOS(CITRICOS), M"|68|1474825.9|1148666.15
98|85|"VILLA REGINA"|8|"FRUTAS Y FRUTOS COMESTIBLES; CORTEZAS DE AGRIOS(CITRICOS), M"|72|1597991.1|1213699.33
99|85|"VILLA REGINA"|8|"FRUTAS Y FRUTOS COMESTIBLES; CORTEZAS DE AGRIOS(CITRICOS), M"|73|1526998.7|1192266.1
100|85|"VILLA REGINA"|8|"FRUTAS Y FRUTOS COMESTIBLES; CORTEZAS DE AGRIOS(CITRICOS), M"|57|1203201.9|945428.85
101|85|"VILLA REGINA"|8|"FRUTAS Y FRUTOS COMESTIBLES; CORTEZAS DE AGRIOS(CITRICOS), M"|41|934612.1|760973.52
102|85|"VILLA REGINA"|8|"FRUTAS Y FRUTOS COMESTIBLES; CORTEZAS DE AGRIOS(CITRICOS), M"|72|1686151.5|1290694.25
103|85|"VILLA REGINA"|8|"FRUTAS Y FRUTOS COMESTIBLES; CORTEZAS DE AGRIOS(CITRICOS), M"|84|1874710.5|1433896.3
104|85|"VILLA REGINA"|8|"FRUTAS Y FRUTOS COMESTIBLES; CORTEZAS DE AGRIOS(CITRICOS), M"|18|597489.5|427812.44
