"semana"|"aduana"|"aduana_desc"|"mercaderia"|"mercaderia_desc"|"cantidad"|"kilos"|"importe"
9|76|"ORAN"|10|"CEREALES"|1|25000|18125
14|76|"ORAN"|10|"CEREALES"|1|25000|16875
17|76|"ORAN"|10|"CEREALES"|1|57960|27820.8
19|76|"ORAN"|10|"CEREALES"|1|144900|86940
20|76|"ORAN"|10|"CEREALES"|1|25000|16250
21|76|"ORAN"|10|"CEREALES"|1|57960|28110.6
24|76|"ORAN"|10|"CEREALES"|1|26000|16900
25|76|"ORAN"|10|"CEREALES"|1|57960|28110.6
29|76|"ORAN"|10|"CEREALES"|1|28980|14345.1
30|76|"ORAN"|10|"CEREALES"|1|26000|16510
35|76|"ORAN"|10|"CEREALES"|3|115920|55931.4
37|76|"ORAN"|10|"CEREALES"|1|26000|16510
42|76|"ORAN"|10|"CEREALES"|1|26000|16510
49|76|"ORAN"|10|"CEREALES"|2|83960|42451.2
50|76|"ORAN"|10|"CEREALES"|1|26000|13910
60|76|"ORAN"|10|"CEREALES"|1|26000|11700
71|76|"ORAN"|10|"CEREALES"|1|26000|9880
72|76|"ORAN"|10|"CEREALES"|1|26000|9880
85|76|"ORAN"|10|"CEREALES"|1|26000|9360
95|76|"ORAN"|10|"CEREALES"|1|26000|9360
