"semana"|"aduana"|"aduana_desc"|"mercaderia"|"mercaderia_desc"|"cantidad"|"kilos"|"importe"
69|91|"BS.AS. NORTE"|11|"PRODUCTOS DE LA MOLINERIA; MALTA; ALMIDON Y FECULA; INULINA;"|2|3915|19809.9
70|91|"BS.AS. NORTE"|11|"PRODUCTOS DE LA MOLINERIA; MALTA; ALMIDON Y FECULA; INULINA;"|2|27725|24196.55
71|91|"BS.AS. NORTE"|11|"PRODUCTOS DE LA MOLINERIA; MALTA; ALMIDON Y FECULA; INULINA;"|2|24767.36|10593.51
72|91|"BS.AS. NORTE"|11|"PRODUCTOS DE LA MOLINERIA; MALTA; ALMIDON Y FECULA; INULINA;"|3|5538.24|7480.15
73|91|"BS.AS. NORTE"|11|"PRODUCTOS DE LA MOLINERIA; MALTA; ALMIDON Y FECULA; INULINA;"|1|9810|13705.1
74|91|"BS.AS. NORTE"|11|"PRODUCTOS DE LA MOLINERIA; MALTA; ALMIDON Y FECULA; INULINA;"|3|9263.94|6857.67
75|91|"BS.AS. NORTE"|11|"PRODUCTOS DE LA MOLINERIA; MALTA; ALMIDON Y FECULA; INULINA;"|4|7249.04|9435.9
76|91|"BS.AS. NORTE"|11|"PRODUCTOS DE LA MOLINERIA; MALTA; ALMIDON Y FECULA; INULINA;"|3|5616.68|7256.67
77|91|"BS.AS. NORTE"|11|"PRODUCTOS DE LA MOLINERIA; MALTA; ALMIDON Y FECULA; INULINA;"|4|11397.46|31394.4
79|91|"BS.AS. NORTE"|11|"PRODUCTOS DE LA MOLINERIA; MALTA; ALMIDON Y FECULA; INULINA;"|5|13453|19282.24
80|91|"BS.AS. NORTE"|11|"PRODUCTOS DE LA MOLINERIA; MALTA; ALMIDON Y FECULA; INULINA;"|2|3949.2|1009.85
81|91|"BS.AS. NORTE"|11|"PRODUCTOS DE LA MOLINERIA; MALTA; ALMIDON Y FECULA; INULINA;"|1|545|879.88
82|91|"BS.AS. NORTE"|11|"PRODUCTOS DE LA MOLINERIA; MALTA; ALMIDON Y FECULA; INULINA;"|1|909|596.78
83|91|"BS.AS. NORTE"|11|"PRODUCTOS DE LA MOLINERIA; MALTA; ALMIDON Y FECULA; INULINA;"|4|45326.74|26212.89
84|91|"BS.AS. NORTE"|11|"PRODUCTOS DE LA MOLINERIA; MALTA; ALMIDON Y FECULA; INULINA;"|6|13068.16|16788.79
85|91|"BS.AS. NORTE"|11|"PRODUCTOS DE LA MOLINERIA; MALTA; ALMIDON Y FECULA; INULINA;"|2|2412.2|1974.77
86|91|"BS.AS. NORTE"|11|"PRODUCTOS DE LA MOLINERIA; MALTA; ALMIDON Y FECULA; INULINA;"|1|436|703.91
87|91|"BS.AS. NORTE"|11|"PRODUCTOS DE LA MOLINERIA; MALTA; ALMIDON Y FECULA; INULINA;"|4|31752.62|25325.21
88|91|"BS.AS. NORTE"|11|"PRODUCTOS DE LA MOLINERIA; MALTA; ALMIDON Y FECULA; INULINA;"|5|26744.18|40931.02
89|91|"BS.AS. NORTE"|11|"PRODUCTOS DE LA MOLINERIA; MALTA; ALMIDON Y FECULA; INULINA;"|3|2876.98|4114.98
90|91|"BS.AS. NORTE"|11|"PRODUCTOS DE LA MOLINERIA; MALTA; ALMIDON Y FECULA; INULINA;"|6|8317.94|9359.63
91|91|"BS.AS. NORTE"|11|"PRODUCTOS DE LA MOLINERIA; MALTA; ALMIDON Y FECULA; INULINA;"|1|589.12|726.35
92|91|"BS.AS. NORTE"|11|"PRODUCTOS DE LA MOLINERIA; MALTA; ALMIDON Y FECULA; INULINA;"|5|8169.82|11454.83
93|91|"BS.AS. NORTE"|11|"PRODUCTOS DE LA MOLINERIA; MALTA; ALMIDON Y FECULA; INULINA;"|1|5125.6|7492.15
94|91|"BS.AS. NORTE"|11|"PRODUCTOS DE LA MOLINERIA; MALTA; ALMIDON Y FECULA; INULINA;"|5|10241.48|22115.34
95|91|"BS.AS. NORTE"|11|"PRODUCTOS DE LA MOLINERIA; MALTA; ALMIDON Y FECULA; INULINA;"|4|7513.24|9140.4
96|91|"BS.AS. NORTE"|11|"PRODUCTOS DE LA MOLINERIA; MALTA; ALMIDON Y FECULA; INULINA;"|3|5656.04|14101
97|91|"BS.AS. NORTE"|11|"PRODUCTOS DE LA MOLINERIA; MALTA; ALMIDON Y FECULA; INULINA;"|5|6750.46|9607.09
98|91|"BS.AS. NORTE"|11|"PRODUCTOS DE LA MOLINERIA; MALTA; ALMIDON Y FECULA; INULINA;"|3|8645.6|10356.37
99|91|"BS.AS. NORTE"|11|"PRODUCTOS DE LA MOLINERIA; MALTA; ALMIDON Y FECULA; INULINA;"|7|11372.82|21150.68
101|91|"BS.AS. NORTE"|11|"PRODUCTOS DE LA MOLINERIA; MALTA; ALMIDON Y FECULA; INULINA;"|3|10873.48|17332.52
102|91|"BS.AS. NORTE"|11|"PRODUCTOS DE LA MOLINERIA; MALTA; ALMIDON Y FECULA; INULINA;"|2|2268.81|3366.77
103|91|"BS.AS. NORTE"|11|"PRODUCTOS DE LA MOLINERIA; MALTA; ALMIDON Y FECULA; INULINA;"|3|7274.88|10286.97
