"semana"|"aduana"|"aduana_desc"|"mercaderia"|"mercaderia_desc"|"cantidad"|"kilos"|"importe"
69|91|"BS.AS. NORTE"|54|"FILAMENTOS SINTETICOS O ARTIFICIALES"|1|800|3532
71|91|"BS.AS. NORTE"|54|"FILAMENTOS SINTETICOS O ARTIFICIALES"|1|800|3532
72|91|"BS.AS. NORTE"|54|"FILAMENTOS SINTETICOS O ARTIFICIALES"|1|92|1839
74|91|"BS.AS. NORTE"|54|"FILAMENTOS SINTETICOS O ARTIFICIALES"|1|1616|11718.43
75|91|"BS.AS. NORTE"|54|"FILAMENTOS SINTETICOS O ARTIFICIALES"|2|1307.8|22491
76|91|"BS.AS. NORTE"|54|"FILAMENTOS SINTETICOS O ARTIFICIALES"|2|90|1724.78
77|91|"BS.AS. NORTE"|54|"FILAMENTOS SINTETICOS O ARTIFICIALES"|1|8815.11|44226
78|91|"BS.AS. NORTE"|54|"FILAMENTOS SINTETICOS O ARTIFICIALES"|1|473|6326.16
79|91|"BS.AS. NORTE"|54|"FILAMENTOS SINTETICOS O ARTIFICIALES"|1|1000|6890
80|91|"BS.AS. NORTE"|54|"FILAMENTOS SINTETICOS O ARTIFICIALES"|2|9033.11|47161.71
81|91|"BS.AS. NORTE"|54|"FILAMENTOS SINTETICOS O ARTIFICIALES"|1|225|2970.42
83|91|"BS.AS. NORTE"|54|"FILAMENTOS SINTETICOS O ARTIFICIALES"|1|146|2789.31
84|91|"BS.AS. NORTE"|54|"FILAMENTOS SINTETICOS O ARTIFICIALES"|1|73.13|436.04
86|91|"BS.AS. NORTE"|54|"FILAMENTOS SINTETICOS O ARTIFICIALES"|1|9056.13|45435.65
87|91|"BS.AS. NORTE"|54|"FILAMENTOS SINTETICOS O ARTIFICIALES"|2|313.6|4823.76
88|91|"BS.AS. NORTE"|54|"FILAMENTOS SINTETICOS O ARTIFICIALES"|2|572.5|10108.01
94|91|"BS.AS. NORTE"|54|"FILAMENTOS SINTETICOS O ARTIFICIALES"|1|40|530
95|91|"BS.AS. NORTE"|54|"FILAMENTOS SINTETICOS O ARTIFICIALES"|1|40|527.72
96|91|"BS.AS. NORTE"|54|"FILAMENTOS SINTETICOS O ARTIFICIALES"|1|30.7|143
97|91|"BS.AS. NORTE"|54|"FILAMENTOS SINTETICOS O ARTIFICIALES"|1|8735.79|29160.37
98|91|"BS.AS. NORTE"|54|"FILAMENTOS SINTETICOS O ARTIFICIALES"|2|9361.18|35269.27
99|91|"BS.AS. NORTE"|54|"FILAMENTOS SINTETICOS O ARTIFICIALES"|1|194.79|1129.2
100|91|"BS.AS. NORTE"|54|"FILAMENTOS SINTETICOS O ARTIFICIALES"|1|80|1059.12
103|91|"BS.AS. NORTE"|54|"FILAMENTOS SINTETICOS O ARTIFICIALES"|1|178|1814
104|91|"BS.AS. NORTE"|54|"FILAMENTOS SINTETICOS O ARTIFICIALES"|1|178|1815.6
