"semana"|"aduana"|"aduana_desc"|"mercaderia"|"mercaderia_desc"|"cantidad"|"kilos"|"importe"
31|76|"ORAN"|39|"PLASTICO Y SUS MANUFACTURAS"|1|175|1721.6
33|76|"ORAN"|39|"PLASTICO Y SUS MANUFACTURAS"|1|59.3|1939.02
38|76|"ORAN"|39|"PLASTICO Y SUS MANUFACTURAS"|1|352.8|4480
39|76|"ORAN"|39|"PLASTICO Y SUS MANUFACTURAS"|2|396.9|4480
50|76|"ORAN"|39|"PLASTICO Y SUS MANUFACTURAS"|3|8388|43974.96
57|76|"ORAN"|39|"PLASTICO Y SUS MANUFACTURAS"|1|150|885
72|76|"ORAN"|39|"PLASTICO Y SUS MANUFACTURAS"|1|819.77|12758
84|76|"ORAN"|39|"PLASTICO Y SUS MANUFACTURAS"|2|1504.5|20787.5
95|76|"ORAN"|39|"PLASTICO Y SUS MANUFACTURAS"|1|496.4|5712
103|76|"ORAN"|39|"PLASTICO Y SUS MANUFACTURAS"|2|803.9|7109.9
