"semana"|"aduana"|"aduana_desc"|"mercaderia"|"mercaderia_desc"|"cantidad"|"kilos"|"importe"
2|84|"SANTO TOME"|21|"PREPARACIONES ALIMENTICIAS DIVERSAS"|7|31622.5|135435.9
3|84|"SANTO TOME"|21|"PREPARACIONES ALIMENTICIAS DIVERSAS"|3|7625|32755
5|84|"SANTO TOME"|21|"PREPARACIONES ALIMENTICIAS DIVERSAS"|1|15960|66135.3
6|84|"SANTO TOME"|21|"PREPARACIONES ALIMENTICIAS DIVERSAS"|1|2846|12381.95
8|84|"SANTO TOME"|21|"PREPARACIONES ALIMENTICIAS DIVERSAS"|2|5392|17440.6
12|84|"SANTO TOME"|21|"PREPARACIONES ALIMENTICIAS DIVERSAS"|1|600|2430
13|84|"SANTO TOME"|21|"PREPARACIONES ALIMENTICIAS DIVERSAS"|1|5250|21561.8
14|84|"SANTO TOME"|21|"PREPARACIONES ALIMENTICIAS DIVERSAS"|1|2600|11128
15|84|"SANTO TOME"|21|"PREPARACIONES ALIMENTICIAS DIVERSAS"|1|850|4114
16|84|"SANTO TOME"|21|"PREPARACIONES ALIMENTICIAS DIVERSAS"|1|5415|28563.75
17|84|"SANTO TOME"|21|"PREPARACIONES ALIMENTICIAS DIVERSAS"|2|3750|15898.5
18|84|"SANTO TOME"|21|"PREPARACIONES ALIMENTICIAS DIVERSAS"|1|3983|16738.95
19|84|"SANTO TOME"|21|"PREPARACIONES ALIMENTICIAS DIVERSAS"|2|11150|45276
21|84|"SANTO TOME"|21|"PREPARACIONES ALIMENTICIAS DIVERSAS"|2|8614|35432.6
22|84|"SANTO TOME"|21|"PREPARACIONES ALIMENTICIAS DIVERSAS"|1|100|484
23|84|"SANTO TOME"|21|"PREPARACIONES ALIMENTICIAS DIVERSAS"|1|4441|18233.9
25|84|"SANTO TOME"|21|"PREPARACIONES ALIMENTICIAS DIVERSAS"|2|7954|33682.85
27|84|"SANTO TOME"|21|"PREPARACIONES ALIMENTICIAS DIVERSAS"|1|1980|8474.4
28|84|"SANTO TOME"|21|"PREPARACIONES ALIMENTICIAS DIVERSAS"|2|5080|21299.25
30|84|"SANTO TOME"|21|"PREPARACIONES ALIMENTICIAS DIVERSAS"|1|3456|14212.6
31|84|"SANTO TOME"|21|"PREPARACIONES ALIMENTICIAS DIVERSAS"|1|5640|23355.5
34|84|"SANTO TOME"|21|"PREPARACIONES ALIMENTICIAS DIVERSAS"|3|9660|39715.5
35|84|"SANTO TOME"|21|"PREPARACIONES ALIMENTICIAS DIVERSAS"|1|125|605
36|84|"SANTO TOME"|21|"PREPARACIONES ALIMENTICIAS DIVERSAS"|2|225|1089
37|84|"SANTO TOME"|21|"PREPARACIONES ALIMENTICIAS DIVERSAS"|2|1850|8114
39|84|"SANTO TOME"|21|"PREPARACIONES ALIMENTICIAS DIVERSAS"|1|350|1694
40|84|"SANTO TOME"|21|"PREPARACIONES ALIMENTICIAS DIVERSAS"|3|925|4477
41|84|"SANTO TOME"|21|"PREPARACIONES ALIMENTICIAS DIVERSAS"|1|140|677.6
42|84|"SANTO TOME"|21|"PREPARACIONES ALIMENTICIAS DIVERSAS"|2|225|1089
43|84|"SANTO TOME"|21|"PREPARACIONES ALIMENTICIAS DIVERSAS"|2|1050|5082
45|84|"SANTO TOME"|21|"PREPARACIONES ALIMENTICIAS DIVERSAS"|2|4515|18899.7
48|84|"SANTO TOME"|21|"PREPARACIONES ALIMENTICIAS DIVERSAS"|1|1700|6924.5
50|84|"SANTO TOME"|21|"PREPARACIONES ALIMENTICIAS DIVERSAS"|1|3275|13362.5
51|84|"SANTO TOME"|21|"PREPARACIONES ALIMENTICIAS DIVERSAS"|2|6800|28665.75
54|84|"SANTO TOME"|21|"PREPARACIONES ALIMENTICIAS DIVERSAS"|2|8350|34291.5
55|84|"SANTO TOME"|21|"PREPARACIONES ALIMENTICIAS DIVERSAS"|1|10200|41428.5
56|84|"SANTO TOME"|21|"PREPARACIONES ALIMENTICIAS DIVERSAS"|2|9550|38085.5
58|84|"SANTO TOME"|21|"PREPARACIONES ALIMENTICIAS DIVERSAS"|3|6065|25195.25
59|84|"SANTO TOME"|21|"PREPARACIONES ALIMENTICIAS DIVERSAS"|2|6510|26570.9
60|84|"SANTO TOME"|21|"PREPARACIONES ALIMENTICIAS DIVERSAS"|1|2675|11327.5
65|84|"SANTO TOME"|21|"PREPARACIONES ALIMENTICIAS DIVERSAS"|1|11950|49069
66|84|"SANTO TOME"|21|"PREPARACIONES ALIMENTICIAS DIVERSAS"|1|900|3645
67|84|"SANTO TOME"|21|"PREPARACIONES ALIMENTICIAS DIVERSAS"|1|1950|7897.5
68|84|"SANTO TOME"|21|"PREPARACIONES ALIMENTICIAS DIVERSAS"|2|4250|17212.5
69|84|"SANTO TOME"|21|"PREPARACIONES ALIMENTICIAS DIVERSAS"|1|11500|46575
70|84|"SANTO TOME"|21|"PREPARACIONES ALIMENTICIAS DIVERSAS"|1|975|3948.75
71|84|"SANTO TOME"|21|"PREPARACIONES ALIMENTICIAS DIVERSAS"|1|6700|27135
73|84|"SANTO TOME"|21|"PREPARACIONES ALIMENTICIAS DIVERSAS"|2|5850|23692.5
74|84|"SANTO TOME"|21|"PREPARACIONES ALIMENTICIAS DIVERSAS"|3|9058|39055.5
75|84|"SANTO TOME"|21|"PREPARACIONES ALIMENTICIAS DIVERSAS"|1|4950|20047.5
77|84|"SANTO TOME"|21|"PREPARACIONES ALIMENTICIAS DIVERSAS"|4|14950|60547.5
78|84|"SANTO TOME"|21|"PREPARACIONES ALIMENTICIAS DIVERSAS"|3|16372|64112.9
80|84|"SANTO TOME"|21|"PREPARACIONES ALIMENTICIAS DIVERSAS"|1|3800|15390
82|84|"SANTO TOME"|21|"PREPARACIONES ALIMENTICIAS DIVERSAS"|1|2375|9618.75
83|84|"SANTO TOME"|21|"PREPARACIONES ALIMENTICIAS DIVERSAS"|1|200|810
84|84|"SANTO TOME"|21|"PREPARACIONES ALIMENTICIAS DIVERSAS"|1|7300|29565
86|84|"SANTO TOME"|21|"PREPARACIONES ALIMENTICIAS DIVERSAS"|1|3700|14985
88|84|"SANTO TOME"|21|"PREPARACIONES ALIMENTICIAS DIVERSAS"|1|4050|16402.5
89|84|"SANTO TOME"|21|"PREPARACIONES ALIMENTICIAS DIVERSAS"|1|3950|15997.5
90|84|"SANTO TOME"|21|"PREPARACIONES ALIMENTICIAS DIVERSAS"|2|3430|13891.5
91|84|"SANTO TOME"|21|"PREPARACIONES ALIMENTICIAS DIVERSAS"|1|2500|10125
92|84|"SANTO TOME"|21|"PREPARACIONES ALIMENTICIAS DIVERSAS"|2|9850|39892.5
95|84|"SANTO TOME"|21|"PREPARACIONES ALIMENTICIAS DIVERSAS"|1|9150|37057.5
97|84|"SANTO TOME"|21|"PREPARACIONES ALIMENTICIAS DIVERSAS"|2|5925|20441.25
98|84|"SANTO TOME"|21|"PREPARACIONES ALIMENTICIAS DIVERSAS"|1|1400|4830
99|84|"SANTO TOME"|21|"PREPARACIONES ALIMENTICIAS DIVERSAS"|1|4700|16215
101|84|"SANTO TOME"|21|"PREPARACIONES ALIMENTICIAS DIVERSAS"|4|9260|31947
103|84|"SANTO TOME"|21|"PREPARACIONES ALIMENTICIAS DIVERSAS"|1|5650|19492.5
