"semana"|"aduana"|"aduana_desc"|"mercaderia"|"mercaderia_desc"|"cantidad"|"kilos"|"importe"
69|91|"BS.AS. NORTE"|27|"COMBUSTIBLES MINERALES, ACEITES MINERALES Y PRODUCTOS DE SU "|4|54025.67|359275.08
70|91|"BS.AS. NORTE"|27|"COMBUSTIBLES MINERALES, ACEITES MINERALES Y PRODUCTOS DE SU "|2|5434.67|18571.72
71|91|"BS.AS. NORTE"|27|"COMBUSTIBLES MINERALES, ACEITES MINERALES Y PRODUCTOS DE SU "|3|19860.82|168534.7
72|91|"BS.AS. NORTE"|27|"COMBUSTIBLES MINERALES, ACEITES MINERALES Y PRODUCTOS DE SU "|4|8636.81|25787.36
73|91|"BS.AS. NORTE"|27|"COMBUSTIBLES MINERALES, ACEITES MINERALES Y PRODUCTOS DE SU "|6|3023.87|12390.39
75|91|"BS.AS. NORTE"|27|"COMBUSTIBLES MINERALES, ACEITES MINERALES Y PRODUCTOS DE SU "|2|1276|7657.8
76|91|"BS.AS. NORTE"|27|"COMBUSTIBLES MINERALES, ACEITES MINERALES Y PRODUCTOS DE SU "|1|3600|14022
78|91|"BS.AS. NORTE"|27|"COMBUSTIBLES MINERALES, ACEITES MINERALES Y PRODUCTOS DE SU "|5|1710.35|9495.48
79|91|"BS.AS. NORTE"|27|"COMBUSTIBLES MINERALES, ACEITES MINERALES Y PRODUCTOS DE SU "|2|1656.24|5225.95
81|91|"BS.AS. NORTE"|27|"COMBUSTIBLES MINERALES, ACEITES MINERALES Y PRODUCTOS DE SU "|3|741.96|2545.23
82|91|"BS.AS. NORTE"|27|"COMBUSTIBLES MINERALES, ACEITES MINERALES Y PRODUCTOS DE SU "|1|19635|123025.75
83|91|"BS.AS. NORTE"|27|"COMBUSTIBLES MINERALES, ACEITES MINERALES Y PRODUCTOS DE SU "|1|124.79|362.41
84|91|"BS.AS. NORTE"|27|"COMBUSTIBLES MINERALES, ACEITES MINERALES Y PRODUCTOS DE SU "|1|3000|2850
87|91|"BS.AS. NORTE"|27|"COMBUSTIBLES MINERALES, ACEITES MINERALES Y PRODUCTOS DE SU "|6|5197.6|36774.68
89|91|"BS.AS. NORTE"|27|"COMBUSTIBLES MINERALES, ACEITES MINERALES Y PRODUCTOS DE SU "|3|2881.58|12043.35
90|91|"BS.AS. NORTE"|27|"COMBUSTIBLES MINERALES, ACEITES MINERALES Y PRODUCTOS DE SU "|1|834.93|3608.42
91|91|"BS.AS. NORTE"|27|"COMBUSTIBLES MINERALES, ACEITES MINERALES Y PRODUCTOS DE SU "|2|12800|50317.05
94|91|"BS.AS. NORTE"|27|"COMBUSTIBLES MINERALES, ACEITES MINERALES Y PRODUCTOS DE SU "|1|4500|28600
95|91|"BS.AS. NORTE"|27|"COMBUSTIBLES MINERALES, ACEITES MINERALES Y PRODUCTOS DE SU "|4|40252|305663.33
96|91|"BS.AS. NORTE"|27|"COMBUSTIBLES MINERALES, ACEITES MINERALES Y PRODUCTOS DE SU "|1|348|1146.37
97|91|"BS.AS. NORTE"|27|"COMBUSTIBLES MINERALES, ACEITES MINERALES Y PRODUCTOS DE SU "|1|468|709.8
98|91|"BS.AS. NORTE"|27|"COMBUSTIBLES MINERALES, ACEITES MINERALES Y PRODUCTOS DE SU "|5|26775.77|189971.55
99|91|"BS.AS. NORTE"|27|"COMBUSTIBLES MINERALES, ACEITES MINERALES Y PRODUCTOS DE SU "|2|1815.2|3628.48
101|91|"BS.AS. NORTE"|27|"COMBUSTIBLES MINERALES, ACEITES MINERALES Y PRODUCTOS DE SU "|1|125|693.01
102|91|"BS.AS. NORTE"|27|"COMBUSTIBLES MINERALES, ACEITES MINERALES Y PRODUCTOS DE SU "|2|8093.41|5120
103|91|"BS.AS. NORTE"|27|"COMBUSTIBLES MINERALES, ACEITES MINERALES Y PRODUCTOS DE SU "|2|1565.27|9898.7
