"semana"|"aduana"|"aduana_desc"|"mercaderia"|"mercaderia_desc"|"cantidad"|"kilos"|"importe"
1|89|"SANTIAGO DEL ESTERO"|23|"RESIDUOS Y DESPERDICIOS DE LAS INDUSTRIAS ALIMENTARIAS; ALIM"|1|378320|193930.12
2|89|"SANTIAGO DEL ESTERO"|23|"RESIDUOS Y DESPERDICIOS DE LAS INDUSTRIAS ALIMENTARIAS; ALIM"|2|977420|510175.78
3|89|"SANTIAGO DEL ESTERO"|23|"RESIDUOS Y DESPERDICIOS DE LAS INDUSTRIAS ALIMENTARIAS; ALIM"|3|2122220|1109640.44
5|89|"SANTIAGO DEL ESTERO"|23|"RESIDUOS Y DESPERDICIOS DE LAS INDUSTRIAS ALIMENTARIAS; ALIM"|5|2601320|1357180.63
7|89|"SANTIAGO DEL ESTERO"|23|"RESIDUOS Y DESPERDICIOS DE LAS INDUSTRIAS ALIMENTARIAS; ALIM"|2|1237100|649334
8|89|"SANTIAGO DEL ESTERO"|23|"RESIDUOS Y DESPERDICIOS DE LAS INDUSTRIAS ALIMENTARIAS; ALIM"|2|733960|375606.01
9|89|"SANTIAGO DEL ESTERO"|23|"RESIDUOS Y DESPERDICIOS DE LAS INDUSTRIAS ALIMENTARIAS; ALIM"|2|999820|526902.26
13|89|"SANTIAGO DEL ESTERO"|23|"RESIDUOS Y DESPERDICIOS DE LAS INDUSTRIAS ALIMENTARIAS; ALIM"|2|650000|286500
14|89|"SANTIAGO DEL ESTERO"|23|"RESIDUOS Y DESPERDICIOS DE LAS INDUSTRIAS ALIMENTARIAS; ALIM"|1|5e+05|219000
15|89|"SANTIAGO DEL ESTERO"|23|"RESIDUOS Y DESPERDICIOS DE LAS INDUSTRIAS ALIMENTARIAS; ALIM"|4|2141680|944756
16|89|"SANTIAGO DEL ESTERO"|23|"RESIDUOS Y DESPERDICIOS DE LAS INDUSTRIAS ALIMENTARIAS; ALIM"|3|860000|378480
17|89|"SANTIAGO DEL ESTERO"|23|"RESIDUOS Y DESPERDICIOS DE LAS INDUSTRIAS ALIMENTARIAS; ALIM"|3|1986540|889104.52
18|89|"SANTIAGO DEL ESTERO"|23|"RESIDUOS Y DESPERDICIOS DE LAS INDUSTRIAS ALIMENTARIAS; ALIM"|4|1957600|844498.8
19|89|"SANTIAGO DEL ESTERO"|23|"RESIDUOS Y DESPERDICIOS DE LAS INDUSTRIAS ALIMENTARIAS; ALIM"|6|3468200|1522071.6
20|89|"SANTIAGO DEL ESTERO"|23|"RESIDUOS Y DESPERDICIOS DE LAS INDUSTRIAS ALIMENTARIAS; ALIM"|6|4641280|2033536.6
21|89|"SANTIAGO DEL ESTERO"|23|"RESIDUOS Y DESPERDICIOS DE LAS INDUSTRIAS ALIMENTARIAS; ALIM"|6|4658360|2063538.6
22|89|"SANTIAGO DEL ESTERO"|23|"RESIDUOS Y DESPERDICIOS DE LAS INDUSTRIAS ALIMENTARIAS; ALIM"|6|5881880|2603785.36
23|89|"SANTIAGO DEL ESTERO"|23|"RESIDUOS Y DESPERDICIOS DE LAS INDUSTRIAS ALIMENTARIAS; ALIM"|2|1993860|886390.5
24|89|"SANTIAGO DEL ESTERO"|23|"RESIDUOS Y DESPERDICIOS DE LAS INDUSTRIAS ALIMENTARIAS; ALIM"|7|5704960|2533748.13
25|89|"SANTIAGO DEL ESTERO"|23|"RESIDUOS Y DESPERDICIOS DE LAS INDUSTRIAS ALIMENTARIAS; ALIM"|4|2480000|1137800
26|89|"SANTIAGO DEL ESTERO"|23|"RESIDUOS Y DESPERDICIOS DE LAS INDUSTRIAS ALIMENTARIAS; ALIM"|4|3552440|1586272.46
27|89|"SANTIAGO DEL ESTERO"|23|"RESIDUOS Y DESPERDICIOS DE LAS INDUSTRIAS ALIMENTARIAS; ALIM"|12|5196360|2267591.3
28|89|"SANTIAGO DEL ESTERO"|23|"RESIDUOS Y DESPERDICIOS DE LAS INDUSTRIAS ALIMENTARIAS; ALIM"|5|2536560|1065927.2
29|89|"SANTIAGO DEL ESTERO"|23|"RESIDUOS Y DESPERDICIOS DE LAS INDUSTRIAS ALIMENTARIAS; ALIM"|4|2400000|928000
30|89|"SANTIAGO DEL ESTERO"|23|"RESIDUOS Y DESPERDICIOS DE LAS INDUSTRIAS ALIMENTARIAS; ALIM"|11|3835660|1513400.04
31|89|"SANTIAGO DEL ESTERO"|23|"RESIDUOS Y DESPERDICIOS DE LAS INDUSTRIAS ALIMENTARIAS; ALIM"|8|3676040|1464118.58
32|89|"SANTIAGO DEL ESTERO"|23|"RESIDUOS Y DESPERDICIOS DE LAS INDUSTRIAS ALIMENTARIAS; ALIM"|5|3279720|959818.96
33|89|"SANTIAGO DEL ESTERO"|23|"RESIDUOS Y DESPERDICIOS DE LAS INDUSTRIAS ALIMENTARIAS; ALIM"|10|4135460|1599378.88
34|89|"SANTIAGO DEL ESTERO"|23|"RESIDUOS Y DESPERDICIOS DE LAS INDUSTRIAS ALIMENTARIAS; ALIM"|12|7121280|2800027.51
35|89|"SANTIAGO DEL ESTERO"|23|"RESIDUOS Y DESPERDICIOS DE LAS INDUSTRIAS ALIMENTARIAS; ALIM"|9|3900100|776948.74
36|89|"SANTIAGO DEL ESTERO"|23|"RESIDUOS Y DESPERDICIOS DE LAS INDUSTRIAS ALIMENTARIAS; ALIM"|7|6116780|2163076.9
37|89|"SANTIAGO DEL ESTERO"|23|"RESIDUOS Y DESPERDICIOS DE LAS INDUSTRIAS ALIMENTARIAS; ALIM"|3|3e+06|999000
38|89|"SANTIAGO DEL ESTERO"|23|"RESIDUOS Y DESPERDICIOS DE LAS INDUSTRIAS ALIMENTARIAS; ALIM"|6|5020000|1710800
40|89|"SANTIAGO DEL ESTERO"|23|"RESIDUOS Y DESPERDICIOS DE LAS INDUSTRIAS ALIMENTARIAS; ALIM"|6|3152260|847692.64
41|89|"SANTIAGO DEL ESTERO"|23|"RESIDUOS Y DESPERDICIOS DE LAS INDUSTRIAS ALIMENTARIAS; ALIM"|7|2416000|826522.5
42|89|"SANTIAGO DEL ESTERO"|23|"RESIDUOS Y DESPERDICIOS DE LAS INDUSTRIAS ALIMENTARIAS; ALIM"|19|11474020|3722115.64
43|89|"SANTIAGO DEL ESTERO"|23|"RESIDUOS Y DESPERDICIOS DE LAS INDUSTRIAS ALIMENTARIAS; ALIM"|19|6878160|2314018.76
44|89|"SANTIAGO DEL ESTERO"|23|"RESIDUOS Y DESPERDICIOS DE LAS INDUSTRIAS ALIMENTARIAS; ALIM"|9|4672620|1533933.61
45|89|"SANTIAGO DEL ESTERO"|23|"RESIDUOS Y DESPERDICIOS DE LAS INDUSTRIAS ALIMENTARIAS; ALIM"|9|3576190|1075944.43
46|89|"SANTIAGO DEL ESTERO"|23|"RESIDUOS Y DESPERDICIOS DE LAS INDUSTRIAS ALIMENTARIAS; ALIM"|15|7067280|2481591.37
47|89|"SANTIAGO DEL ESTERO"|23|"RESIDUOS Y DESPERDICIOS DE LAS INDUSTRIAS ALIMENTARIAS; ALIM"|12|5218220|1691489.12
48|89|"SANTIAGO DEL ESTERO"|23|"RESIDUOS Y DESPERDICIOS DE LAS INDUSTRIAS ALIMENTARIAS; ALIM"|16|6624660|2140505.26
49|89|"SANTIAGO DEL ESTERO"|23|"RESIDUOS Y DESPERDICIOS DE LAS INDUSTRIAS ALIMENTARIAS; ALIM"|14|3812720|1393025.75
50|89|"SANTIAGO DEL ESTERO"|23|"RESIDUOS Y DESPERDICIOS DE LAS INDUSTRIAS ALIMENTARIAS; ALIM"|8|4644860|1575666.88
51|89|"SANTIAGO DEL ESTERO"|23|"RESIDUOS Y DESPERDICIOS DE LAS INDUSTRIAS ALIMENTARIAS; ALIM"|19|13127460|4151135.78
52|89|"SANTIAGO DEL ESTERO"|23|"RESIDUOS Y DESPERDICIOS DE LAS INDUSTRIAS ALIMENTARIAS; ALIM"|9|9455540|3180297.18
53|89|"SANTIAGO DEL ESTERO"|23|"RESIDUOS Y DESPERDICIOS DE LAS INDUSTRIAS ALIMENTARIAS; ALIM"|8|4834640|1527995.54
54|89|"SANTIAGO DEL ESTERO"|23|"RESIDUOS Y DESPERDICIOS DE LAS INDUSTRIAS ALIMENTARIAS; ALIM"|14|13897620|4536197.24
55|89|"SANTIAGO DEL ESTERO"|23|"RESIDUOS Y DESPERDICIOS DE LAS INDUSTRIAS ALIMENTARIAS; ALIM"|14|9378820|3125284.54
56|89|"SANTIAGO DEL ESTERO"|23|"RESIDUOS Y DESPERDICIOS DE LAS INDUSTRIAS ALIMENTARIAS; ALIM"|14|13354000|4532445.4
57|89|"SANTIAGO DEL ESTERO"|23|"RESIDUOS Y DESPERDICIOS DE LAS INDUSTRIAS ALIMENTARIAS; ALIM"|11|3847100|1284129.96
58|89|"SANTIAGO DEL ESTERO"|23|"RESIDUOS Y DESPERDICIOS DE LAS INDUSTRIAS ALIMENTARIAS; ALIM"|14|6178340|1977578.1
59|89|"SANTIAGO DEL ESTERO"|23|"RESIDUOS Y DESPERDICIOS DE LAS INDUSTRIAS ALIMENTARIAS; ALIM"|3|3369960|981526.44
60|89|"SANTIAGO DEL ESTERO"|23|"RESIDUOS Y DESPERDICIOS DE LAS INDUSTRIAS ALIMENTARIAS; ALIM"|22|9979760|3201405.16
61|89|"SANTIAGO DEL ESTERO"|23|"RESIDUOS Y DESPERDICIOS DE LAS INDUSTRIAS ALIMENTARIAS; ALIM"|22|23741540|7690996.16
62|89|"SANTIAGO DEL ESTERO"|23|"RESIDUOS Y DESPERDICIOS DE LAS INDUSTRIAS ALIMENTARIAS; ALIM"|8|6779020|1970431.58
63|89|"SANTIAGO DEL ESTERO"|23|"RESIDUOS Y DESPERDICIOS DE LAS INDUSTRIAS ALIMENTARIAS; ALIM"|13|12871780|3921957.47
64|89|"SANTIAGO DEL ESTERO"|23|"RESIDUOS Y DESPERDICIOS DE LAS INDUSTRIAS ALIMENTARIAS; ALIM"|3|3982880|1168594.17
65|89|"SANTIAGO DEL ESTERO"|23|"RESIDUOS Y DESPERDICIOS DE LAS INDUSTRIAS ALIMENTARIAS; ALIM"|17|12712180|3846154.98
66|89|"SANTIAGO DEL ESTERO"|23|"RESIDUOS Y DESPERDICIOS DE LAS INDUSTRIAS ALIMENTARIAS; ALIM"|14|10213580|3041635.94
67|89|"SANTIAGO DEL ESTERO"|23|"RESIDUOS Y DESPERDICIOS DE LAS INDUSTRIAS ALIMENTARIAS; ALIM"|5|3230780|694327.76
68|89|"SANTIAGO DEL ESTERO"|23|"RESIDUOS Y DESPERDICIOS DE LAS INDUSTRIAS ALIMENTARIAS; ALIM"|13|13229440|3663257.57
69|89|"SANTIAGO DEL ESTERO"|23|"RESIDUOS Y DESPERDICIOS DE LAS INDUSTRIAS ALIMENTARIAS; ALIM"|8|4441180|1237570.13
70|89|"SANTIAGO DEL ESTERO"|23|"RESIDUOS Y DESPERDICIOS DE LAS INDUSTRIAS ALIMENTARIAS; ALIM"|9|8249640|2371107.92
71|89|"SANTIAGO DEL ESTERO"|23|"RESIDUOS Y DESPERDICIOS DE LAS INDUSTRIAS ALIMENTARIAS; ALIM"|13|9477220|2599931.85
72|89|"SANTIAGO DEL ESTERO"|23|"RESIDUOS Y DESPERDICIOS DE LAS INDUSTRIAS ALIMENTARIAS; ALIM"|12|7805420|2073796.23
73|89|"SANTIAGO DEL ESTERO"|23|"RESIDUOS Y DESPERDICIOS DE LAS INDUSTRIAS ALIMENTARIAS; ALIM"|15|11356560|3195288.84
74|89|"SANTIAGO DEL ESTERO"|23|"RESIDUOS Y DESPERDICIOS DE LAS INDUSTRIAS ALIMENTARIAS; ALIM"|11|5096280|1409646.61
75|89|"SANTIAGO DEL ESTERO"|23|"RESIDUOS Y DESPERDICIOS DE LAS INDUSTRIAS ALIMENTARIAS; ALIM"|18|16411460|4179180.47
76|89|"SANTIAGO DEL ESTERO"|23|"RESIDUOS Y DESPERDICIOS DE LAS INDUSTRIAS ALIMENTARIAS; ALIM"|11|7351840|1915597.56
77|89|"SANTIAGO DEL ESTERO"|23|"RESIDUOS Y DESPERDICIOS DE LAS INDUSTRIAS ALIMENTARIAS; ALIM"|19|11494140|2858222.34
78|89|"SANTIAGO DEL ESTERO"|23|"RESIDUOS Y DESPERDICIOS DE LAS INDUSTRIAS ALIMENTARIAS; ALIM"|11|4633420|1290173.39
79|89|"SANTIAGO DEL ESTERO"|23|"RESIDUOS Y DESPERDICIOS DE LAS INDUSTRIAS ALIMENTARIAS; ALIM"|17|9680860|2568732.41
80|89|"SANTIAGO DEL ESTERO"|23|"RESIDUOS Y DESPERDICIOS DE LAS INDUSTRIAS ALIMENTARIAS; ALIM"|5|1717080|495338.71
81|89|"SANTIAGO DEL ESTERO"|23|"RESIDUOS Y DESPERDICIOS DE LAS INDUSTRIAS ALIMENTARIAS; ALIM"|15|4869140|1320512.03
82|89|"SANTIAGO DEL ESTERO"|23|"RESIDUOS Y DESPERDICIOS DE LAS INDUSTRIAS ALIMENTARIAS; ALIM"|13|4847160|1396660.64
83|89|"SANTIAGO DEL ESTERO"|23|"RESIDUOS Y DESPERDICIOS DE LAS INDUSTRIAS ALIMENTARIAS; ALIM"|12|5487540|1600759.86
84|89|"SANTIAGO DEL ESTERO"|23|"RESIDUOS Y DESPERDICIOS DE LAS INDUSTRIAS ALIMENTARIAS; ALIM"|10|4789940|1428802.01
85|89|"SANTIAGO DEL ESTERO"|23|"RESIDUOS Y DESPERDICIOS DE LAS INDUSTRIAS ALIMENTARIAS; ALIM"|8|2715540|819736.84
86|89|"SANTIAGO DEL ESTERO"|23|"RESIDUOS Y DESPERDICIOS DE LAS INDUSTRIAS ALIMENTARIAS; ALIM"|14|6674120|2177802.8
87|89|"SANTIAGO DEL ESTERO"|23|"RESIDUOS Y DESPERDICIOS DE LAS INDUSTRIAS ALIMENTARIAS; ALIM"|18|7777760|2437514.2
88|89|"SANTIAGO DEL ESTERO"|23|"RESIDUOS Y DESPERDICIOS DE LAS INDUSTRIAS ALIMENTARIAS; ALIM"|15|5743520|1783591.07
89|89|"SANTIAGO DEL ESTERO"|23|"RESIDUOS Y DESPERDICIOS DE LAS INDUSTRIAS ALIMENTARIAS; ALIM"|16|6851060|2282320.61
90|89|"SANTIAGO DEL ESTERO"|23|"RESIDUOS Y DESPERDICIOS DE LAS INDUSTRIAS ALIMENTARIAS; ALIM"|17|7022600|2158590.42
91|89|"SANTIAGO DEL ESTERO"|23|"RESIDUOS Y DESPERDICIOS DE LAS INDUSTRIAS ALIMENTARIAS; ALIM"|11|3339000|743238.49
92|89|"SANTIAGO DEL ESTERO"|23|"RESIDUOS Y DESPERDICIOS DE LAS INDUSTRIAS ALIMENTARIAS; ALIM"|13|4937500|1448673.93
93|89|"SANTIAGO DEL ESTERO"|23|"RESIDUOS Y DESPERDICIOS DE LAS INDUSTRIAS ALIMENTARIAS; ALIM"|15|5279940|1272544
94|89|"SANTIAGO DEL ESTERO"|23|"RESIDUOS Y DESPERDICIOS DE LAS INDUSTRIAS ALIMENTARIAS; ALIM"|14|4730840|1250238.97
95|89|"SANTIAGO DEL ESTERO"|23|"RESIDUOS Y DESPERDICIOS DE LAS INDUSTRIAS ALIMENTARIAS; ALIM"|15|8586900|2445478.28
96|89|"SANTIAGO DEL ESTERO"|23|"RESIDUOS Y DESPERDICIOS DE LAS INDUSTRIAS ALIMENTARIAS; ALIM"|14|5882820|1631926.51
97|89|"SANTIAGO DEL ESTERO"|23|"RESIDUOS Y DESPERDICIOS DE LAS INDUSTRIAS ALIMENTARIAS; ALIM"|10|4625280|1151828.24
98|89|"SANTIAGO DEL ESTERO"|23|"RESIDUOS Y DESPERDICIOS DE LAS INDUSTRIAS ALIMENTARIAS; ALIM"|14|6202800|1839916.35
99|89|"SANTIAGO DEL ESTERO"|23|"RESIDUOS Y DESPERDICIOS DE LAS INDUSTRIAS ALIMENTARIAS; ALIM"|12|4597260|1324410.24
100|89|"SANTIAGO DEL ESTERO"|23|"RESIDUOS Y DESPERDICIOS DE LAS INDUSTRIAS ALIMENTARIAS; ALIM"|13|8506240|2155301.31
101|89|"SANTIAGO DEL ESTERO"|23|"RESIDUOS Y DESPERDICIOS DE LAS INDUSTRIAS ALIMENTARIAS; ALIM"|12|3770220|1107370.52
102|89|"SANTIAGO DEL ESTERO"|23|"RESIDUOS Y DESPERDICIOS DE LAS INDUSTRIAS ALIMENTARIAS; ALIM"|18|7006240|1881310.93
103|89|"SANTIAGO DEL ESTERO"|23|"RESIDUOS Y DESPERDICIOS DE LAS INDUSTRIAS ALIMENTARIAS; ALIM"|15|6693440|1827463.45
104|89|"SANTIAGO DEL ESTERO"|23|"RESIDUOS Y DESPERDICIOS DE LAS INDUSTRIAS ALIMENTARIAS; ALIM"|7|4140720|1074727.36
