"semana"|"aduana"|"aduana_desc"|"mercaderia"|"mercaderia_desc"|"cantidad"|"kilos"|"importe"
1|82|"BERNARDO DE YRIGOYEN"|34|"JABON, AGENTES DE SUPERFICIE ORGANICOS, PREPARACIONES PARA L"|1|3270.48|17736
13|82|"BERNARDO DE YRIGOYEN"|34|"JABON, AGENTES DE SUPERFICIE ORGANICOS, PREPARACIONES PARA L"|2|5843|21042
22|82|"BERNARDO DE YRIGOYEN"|34|"JABON, AGENTES DE SUPERFICIE ORGANICOS, PREPARACIONES PARA L"|3|7228.56|26232
35|82|"BERNARDO DE YRIGOYEN"|34|"JABON, AGENTES DE SUPERFICIE ORGANICOS, PREPARACIONES PARA L"|2|9380.84|42118.8
55|82|"BERNARDO DE YRIGOYEN"|34|"JABON, AGENTES DE SUPERFICIE ORGANICOS, PREPARACIONES PARA L"|1|5344.29|26010.72
73|82|"BERNARDO DE YRIGOYEN"|34|"JABON, AGENTES DE SUPERFICIE ORGANICOS, PREPARACIONES PARA L"|1|354.5|1814.4
81|82|"BERNARDO DE YRIGOYEN"|34|"JABON, AGENTES DE SUPERFICIE ORGANICOS, PREPARACIONES PARA L"|1|2780.91|14038.8
90|82|"BERNARDO DE YRIGOYEN"|34|"JABON, AGENTES DE SUPERFICIE ORGANICOS, PREPARACIONES PARA L"|1|2968|15156
