"semana"|"aduana"|"aduana_desc"|"mercaderia"|"mercaderia_desc"|"cantidad"|"kilos"|"importe"
68|92|"BS.AS. SUR"|39|"PLASTICO Y SUS MANUFACTURAS"|35|180023.48|453250.67
69|92|"BS.AS. SUR"|39|"PLASTICO Y SUS MANUFACTURAS"|338|2072093.58|5941316.52
70|92|"BS.AS. SUR"|39|"PLASTICO Y SUS MANUFACTURAS"|243|2443623.11|5489604.86
71|92|"BS.AS. SUR"|39|"PLASTICO Y SUS MANUFACTURAS"|340|1472801.28|4391826.96
72|92|"BS.AS. SUR"|39|"PLASTICO Y SUS MANUFACTURAS"|271|3587201.23|7300738.88
73|92|"BS.AS. SUR"|39|"PLASTICO Y SUS MANUFACTURAS"|255|1921468.59|4771028.22
74|92|"BS.AS. SUR"|39|"PLASTICO Y SUS MANUFACTURAS"|346|2555688.78|5509962.57
75|92|"BS.AS. SUR"|39|"PLASTICO Y SUS MANUFACTURAS"|256|2036785.35|5507670.86
76|92|"BS.AS. SUR"|39|"PLASTICO Y SUS MANUFACTURAS"|242|3330624.51|6582087.84
77|92|"BS.AS. SUR"|39|"PLASTICO Y SUS MANUFACTURAS"|282|2755351.93|6355330.6
78|92|"BS.AS. SUR"|39|"PLASTICO Y SUS MANUFACTURAS"|238|1243306.58|3812687.26
79|92|"BS.AS. SUR"|39|"PLASTICO Y SUS MANUFACTURAS"|291|1593562.31|4499308.28
80|92|"BS.AS. SUR"|39|"PLASTICO Y SUS MANUFACTURAS"|234|928970.3|2785999.69
81|92|"BS.AS. SUR"|39|"PLASTICO Y SUS MANUFACTURAS"|235|1585803.05|4034344.67
82|92|"BS.AS. SUR"|39|"PLASTICO Y SUS MANUFACTURAS"|299|1854366.01|4379288.89
83|92|"BS.AS. SUR"|39|"PLASTICO Y SUS MANUFACTURAS"|253|1584523.83|4119352.37
84|92|"BS.AS. SUR"|39|"PLASTICO Y SUS MANUFACTURAS"|237|1886896.82|4407229.76
85|92|"BS.AS. SUR"|39|"PLASTICO Y SUS MANUFACTURAS"|213|1171476.14|3785029.17
86|92|"BS.AS. SUR"|39|"PLASTICO Y SUS MANUFACTURAS"|295|1309251.87|3647492.78
87|92|"BS.AS. SUR"|39|"PLASTICO Y SUS MANUFACTURAS"|229|1123085.5|3049683.19
88|92|"BS.AS. SUR"|39|"PLASTICO Y SUS MANUFACTURAS"|301|822288.21|2921641.94
89|92|"BS.AS. SUR"|39|"PLASTICO Y SUS MANUFACTURAS"|298|1169719.66|3403459.11
90|92|"BS.AS. SUR"|39|"PLASTICO Y SUS MANUFACTURAS"|273|1942783.64|5243490.91
91|92|"BS.AS. SUR"|39|"PLASTICO Y SUS MANUFACTURAS"|311|1603617.95|4120728.9
92|92|"BS.AS. SUR"|39|"PLASTICO Y SUS MANUFACTURAS"|246|1710674.09|3924225.72
93|92|"BS.AS. SUR"|39|"PLASTICO Y SUS MANUFACTURAS"|205|1016454.7|2700642.36
94|92|"BS.AS. SUR"|39|"PLASTICO Y SUS MANUFACTURAS"|296|1154264.65|3351885.73
95|92|"BS.AS. SUR"|39|"PLASTICO Y SUS MANUFACTURAS"|324|799957.43|3019032.98
96|92|"BS.AS. SUR"|39|"PLASTICO Y SUS MANUFACTURAS"|256|1157792.31|2859699.08
97|92|"BS.AS. SUR"|39|"PLASTICO Y SUS MANUFACTURAS"|253|1539920.92|3868289.88
98|92|"BS.AS. SUR"|39|"PLASTICO Y SUS MANUFACTURAS"|313|1441367.48|3901856.14
99|92|"BS.AS. SUR"|39|"PLASTICO Y SUS MANUFACTURAS"|308|1000724.11|4057594.97
100|92|"BS.AS. SUR"|39|"PLASTICO Y SUS MANUFACTURAS"|226|663844.98|2771005.5
101|92|"BS.AS. SUR"|39|"PLASTICO Y SUS MANUFACTURAS"|159|531371.98|1896056.14
102|92|"BS.AS. SUR"|39|"PLASTICO Y SUS MANUFACTURAS"|378|1337409.32|5032407
103|92|"BS.AS. SUR"|39|"PLASTICO Y SUS MANUFACTURAS"|239|755194.64|3927985.12
104|92|"BS.AS. SUR"|39|"PLASTICO Y SUS MANUFACTURAS"|117|2161421.77|3500619.45
