"semana"|"aduana"|"aduana_desc"|"mercaderia"|"mercaderia_desc"|"cantidad"|"kilos"|"importe"
4|83|"SAN LUIS"|84|"REACTORES NUCLEARES, CALDERAS, MAQUINAS, APARATOS Y ARTEFACT"|5|5644.96|39587
5|83|"SAN LUIS"|84|"REACTORES NUCLEARES, CALDERAS, MAQUINAS, APARATOS Y ARTEFACT"|8|86767.4|326655.18
6|83|"SAN LUIS"|84|"REACTORES NUCLEARES, CALDERAS, MAQUINAS, APARATOS Y ARTEFACT"|8|32057.77|244378.01
7|83|"SAN LUIS"|84|"REACTORES NUCLEARES, CALDERAS, MAQUINAS, APARATOS Y ARTEFACT"|6|7275.11|36109.72
8|83|"SAN LUIS"|84|"REACTORES NUCLEARES, CALDERAS, MAQUINAS, APARATOS Y ARTEFACT"|16|166581.3|524380.57
9|83|"SAN LUIS"|84|"REACTORES NUCLEARES, CALDERAS, MAQUINAS, APARATOS Y ARTEFACT"|21|180674.85|598895.12
10|83|"SAN LUIS"|84|"REACTORES NUCLEARES, CALDERAS, MAQUINAS, APARATOS Y ARTEFACT"|3|72349.09|178534.68
11|83|"SAN LUIS"|84|"REACTORES NUCLEARES, CALDERAS, MAQUINAS, APARATOS Y ARTEFACT"|7|111578.5|348159.86
12|83|"SAN LUIS"|84|"REACTORES NUCLEARES, CALDERAS, MAQUINAS, APARATOS Y ARTEFACT"|1|30066.97|175126.7
13|83|"SAN LUIS"|84|"REACTORES NUCLEARES, CALDERAS, MAQUINAS, APARATOS Y ARTEFACT"|20|26946.05|210850.29
14|83|"SAN LUIS"|84|"REACTORES NUCLEARES, CALDERAS, MAQUINAS, APARATOS Y ARTEFACT"|1|7286.4|48510
15|83|"SAN LUIS"|84|"REACTORES NUCLEARES, CALDERAS, MAQUINAS, APARATOS Y ARTEFACT"|6|15266.91|107167.45
16|83|"SAN LUIS"|84|"REACTORES NUCLEARES, CALDERAS, MAQUINAS, APARATOS Y ARTEFACT"|1|17046.5|120619.72
17|83|"SAN LUIS"|84|"REACTORES NUCLEARES, CALDERAS, MAQUINAS, APARATOS Y ARTEFACT"|11|37479.43|199366.33
18|83|"SAN LUIS"|84|"REACTORES NUCLEARES, CALDERAS, MAQUINAS, APARATOS Y ARTEFACT"|5|78785.4|278677.1
19|83|"SAN LUIS"|84|"REACTORES NUCLEARES, CALDERAS, MAQUINAS, APARATOS Y ARTEFACT"|15|78772.96|362202.09
20|83|"SAN LUIS"|84|"REACTORES NUCLEARES, CALDERAS, MAQUINAS, APARATOS Y ARTEFACT"|8|6134.09|101679.4
21|83|"SAN LUIS"|84|"REACTORES NUCLEARES, CALDERAS, MAQUINAS, APARATOS Y ARTEFACT"|13|60223.97|395123.8
22|83|"SAN LUIS"|84|"REACTORES NUCLEARES, CALDERAS, MAQUINAS, APARATOS Y ARTEFACT"|7|42309.5|121010
23|83|"SAN LUIS"|84|"REACTORES NUCLEARES, CALDERAS, MAQUINAS, APARATOS Y ARTEFACT"|4|8084.4|58791.61
24|83|"SAN LUIS"|84|"REACTORES NUCLEARES, CALDERAS, MAQUINAS, APARATOS Y ARTEFACT"|11|104065.5|449881.67
25|83|"SAN LUIS"|84|"REACTORES NUCLEARES, CALDERAS, MAQUINAS, APARATOS Y ARTEFACT"|2|68301.88|199336.45
26|83|"SAN LUIS"|84|"REACTORES NUCLEARES, CALDERAS, MAQUINAS, APARATOS Y ARTEFACT"|12|48170.88|301970.96
27|83|"SAN LUIS"|84|"REACTORES NUCLEARES, CALDERAS, MAQUINAS, APARATOS Y ARTEFACT"|1|24580|38331.9
29|83|"SAN LUIS"|84|"REACTORES NUCLEARES, CALDERAS, MAQUINAS, APARATOS Y ARTEFACT"|9|37900.42|97954.02
30|83|"SAN LUIS"|84|"REACTORES NUCLEARES, CALDERAS, MAQUINAS, APARATOS Y ARTEFACT"|13|19260.75|121112.38
31|83|"SAN LUIS"|84|"REACTORES NUCLEARES, CALDERAS, MAQUINAS, APARATOS Y ARTEFACT"|8|15778.76|77393.2
32|83|"SAN LUIS"|84|"REACTORES NUCLEARES, CALDERAS, MAQUINAS, APARATOS Y ARTEFACT"|1|4680|77250
33|83|"SAN LUIS"|84|"REACTORES NUCLEARES, CALDERAS, MAQUINAS, APARATOS Y ARTEFACT"|6|13924.69|49613.73
34|83|"SAN LUIS"|84|"REACTORES NUCLEARES, CALDERAS, MAQUINAS, APARATOS Y ARTEFACT"|2|22195.2|91345.05
35|83|"SAN LUIS"|84|"REACTORES NUCLEARES, CALDERAS, MAQUINAS, APARATOS Y ARTEFACT"|14|68057.49|319225.85
36|83|"SAN LUIS"|84|"REACTORES NUCLEARES, CALDERAS, MAQUINAS, APARATOS Y ARTEFACT"|3|73211|621749.65
37|83|"SAN LUIS"|84|"REACTORES NUCLEARES, CALDERAS, MAQUINAS, APARATOS Y ARTEFACT"|9|48133.7|297543.15
38|83|"SAN LUIS"|84|"REACTORES NUCLEARES, CALDERAS, MAQUINAS, APARATOS Y ARTEFACT"|3|62399|260086.42
39|83|"SAN LUIS"|84|"REACTORES NUCLEARES, CALDERAS, MAQUINAS, APARATOS Y ARTEFACT"|8|75765.55|217081.72
40|83|"SAN LUIS"|84|"REACTORES NUCLEARES, CALDERAS, MAQUINAS, APARATOS Y ARTEFACT"|6|7090.03|32881.4
41|83|"SAN LUIS"|84|"REACTORES NUCLEARES, CALDERAS, MAQUINAS, APARATOS Y ARTEFACT"|2|22668|150981.85
42|83|"SAN LUIS"|84|"REACTORES NUCLEARES, CALDERAS, MAQUINAS, APARATOS Y ARTEFACT"|5|7268.8|38270.3
44|83|"SAN LUIS"|84|"REACTORES NUCLEARES, CALDERAS, MAQUINAS, APARATOS Y ARTEFACT"|8|57537.72|277835.22
45|83|"SAN LUIS"|84|"REACTORES NUCLEARES, CALDERAS, MAQUINAS, APARATOS Y ARTEFACT"|14|18526.52|87740.99
46|83|"SAN LUIS"|84|"REACTORES NUCLEARES, CALDERAS, MAQUINAS, APARATOS Y ARTEFACT"|1|22347|135905.5
47|83|"SAN LUIS"|84|"REACTORES NUCLEARES, CALDERAS, MAQUINAS, APARATOS Y ARTEFACT"|1|275|2130
48|83|"SAN LUIS"|84|"REACTORES NUCLEARES, CALDERAS, MAQUINAS, APARATOS Y ARTEFACT"|5|17592.46|64404.62
49|83|"SAN LUIS"|84|"REACTORES NUCLEARES, CALDERAS, MAQUINAS, APARATOS Y ARTEFACT"|4|27266.61|81928.8
50|83|"SAN LUIS"|84|"REACTORES NUCLEARES, CALDERAS, MAQUINAS, APARATOS Y ARTEFACT"|5|8577.93|65273.04
51|83|"SAN LUIS"|84|"REACTORES NUCLEARES, CALDERAS, MAQUINAS, APARATOS Y ARTEFACT"|23|38587.86|185264.62
52|83|"SAN LUIS"|84|"REACTORES NUCLEARES, CALDERAS, MAQUINAS, APARATOS Y ARTEFACT"|5|15027.3|67680
55|83|"SAN LUIS"|84|"REACTORES NUCLEARES, CALDERAS, MAQUINAS, APARATOS Y ARTEFACT"|2|48060|17000
57|83|"SAN LUIS"|84|"REACTORES NUCLEARES, CALDERAS, MAQUINAS, APARATOS Y ARTEFACT"|5|39109.12|184805.98
59|83|"SAN LUIS"|84|"REACTORES NUCLEARES, CALDERAS, MAQUINAS, APARATOS Y ARTEFACT"|2|6416|61693.37
60|83|"SAN LUIS"|84|"REACTORES NUCLEARES, CALDERAS, MAQUINAS, APARATOS Y ARTEFACT"|2|1249.8|7590
61|83|"SAN LUIS"|84|"REACTORES NUCLEARES, CALDERAS, MAQUINAS, APARATOS Y ARTEFACT"|3|9510.18|75478
62|83|"SAN LUIS"|84|"REACTORES NUCLEARES, CALDERAS, MAQUINAS, APARATOS Y ARTEFACT"|3|22267.2|157951.61
63|83|"SAN LUIS"|84|"REACTORES NUCLEARES, CALDERAS, MAQUINAS, APARATOS Y ARTEFACT"|9|34852.94|128485.14
64|83|"SAN LUIS"|84|"REACTORES NUCLEARES, CALDERAS, MAQUINAS, APARATOS Y ARTEFACT"|3|42.44|3916.14
65|83|"SAN LUIS"|84|"REACTORES NUCLEARES, CALDERAS, MAQUINAS, APARATOS Y ARTEFACT"|12|82586.63|384728.54
68|83|"SAN LUIS"|84|"REACTORES NUCLEARES, CALDERAS, MAQUINAS, APARATOS Y ARTEFACT"|7|40895.7|204846.96
69|83|"SAN LUIS"|84|"REACTORES NUCLEARES, CALDERAS, MAQUINAS, APARATOS Y ARTEFACT"|30|104945.53|538075.17
70|83|"SAN LUIS"|84|"REACTORES NUCLEARES, CALDERAS, MAQUINAS, APARATOS Y ARTEFACT"|4|57473|170020.62
72|83|"SAN LUIS"|84|"REACTORES NUCLEARES, CALDERAS, MAQUINAS, APARATOS Y ARTEFACT"|8|7637.07|50489.1
73|83|"SAN LUIS"|84|"REACTORES NUCLEARES, CALDERAS, MAQUINAS, APARATOS Y ARTEFACT"|18|20203.6|96684.18
74|83|"SAN LUIS"|84|"REACTORES NUCLEARES, CALDERAS, MAQUINAS, APARATOS Y ARTEFACT"|2|7932.5|35490
75|83|"SAN LUIS"|84|"REACTORES NUCLEARES, CALDERAS, MAQUINAS, APARATOS Y ARTEFACT"|2|15071.2|102425.6
76|83|"SAN LUIS"|84|"REACTORES NUCLEARES, CALDERAS, MAQUINAS, APARATOS Y ARTEFACT"|4|15132.19|103324.19
78|83|"SAN LUIS"|84|"REACTORES NUCLEARES, CALDERAS, MAQUINAS, APARATOS Y ARTEFACT"|14|27074.01|128953.9
79|83|"SAN LUIS"|84|"REACTORES NUCLEARES, CALDERAS, MAQUINAS, APARATOS Y ARTEFACT"|1|13287|33499
80|83|"SAN LUIS"|84|"REACTORES NUCLEARES, CALDERAS, MAQUINAS, APARATOS Y ARTEFACT"|3|6570.73|44569.18
81|83|"SAN LUIS"|84|"REACTORES NUCLEARES, CALDERAS, MAQUINAS, APARATOS Y ARTEFACT"|1|7290|26801.91
82|83|"SAN LUIS"|84|"REACTORES NUCLEARES, CALDERAS, MAQUINAS, APARATOS Y ARTEFACT"|4|6940|32150
83|83|"SAN LUIS"|84|"REACTORES NUCLEARES, CALDERAS, MAQUINAS, APARATOS Y ARTEFACT"|16|84485.72|280141.28
84|83|"SAN LUIS"|84|"REACTORES NUCLEARES, CALDERAS, MAQUINAS, APARATOS Y ARTEFACT"|3|12810.07|68801.08
86|83|"SAN LUIS"|84|"REACTORES NUCLEARES, CALDERAS, MAQUINAS, APARATOS Y ARTEFACT"|5|24424.65|120203.41
87|83|"SAN LUIS"|84|"REACTORES NUCLEARES, CALDERAS, MAQUINAS, APARATOS Y ARTEFACT"|17|17955.69|91027.35
88|83|"SAN LUIS"|84|"REACTORES NUCLEARES, CALDERAS, MAQUINAS, APARATOS Y ARTEFACT"|4|9.61|383.04
89|83|"SAN LUIS"|84|"REACTORES NUCLEARES, CALDERAS, MAQUINAS, APARATOS Y ARTEFACT"|3|35289|91383.32
91|83|"SAN LUIS"|84|"REACTORES NUCLEARES, CALDERAS, MAQUINAS, APARATOS Y ARTEFACT"|20|123202.74|381700.87
93|83|"SAN LUIS"|84|"REACTORES NUCLEARES, CALDERAS, MAQUINAS, APARATOS Y ARTEFACT"|1|19334|65276.23
94|83|"SAN LUIS"|84|"REACTORES NUCLEARES, CALDERAS, MAQUINAS, APARATOS Y ARTEFACT"|2|17544|69852.29
95|83|"SAN LUIS"|84|"REACTORES NUCLEARES, CALDERAS, MAQUINAS, APARATOS Y ARTEFACT"|15|48060.48|222461.8
96|83|"SAN LUIS"|84|"REACTORES NUCLEARES, CALDERAS, MAQUINAS, APARATOS Y ARTEFACT"|1|6439|43050.82
98|83|"SAN LUIS"|84|"REACTORES NUCLEARES, CALDERAS, MAQUINAS, APARATOS Y ARTEFACT"|1|46676|112512.8
99|83|"SAN LUIS"|84|"REACTORES NUCLEARES, CALDERAS, MAQUINAS, APARATOS Y ARTEFACT"|6|72901.44|208857.03
100|83|"SAN LUIS"|84|"REACTORES NUCLEARES, CALDERAS, MAQUINAS, APARATOS Y ARTEFACT"|9|25919.53|157756.25
101|83|"SAN LUIS"|84|"REACTORES NUCLEARES, CALDERAS, MAQUINAS, APARATOS Y ARTEFACT"|5|24807.4|78082.38
102|83|"SAN LUIS"|84|"REACTORES NUCLEARES, CALDERAS, MAQUINAS, APARATOS Y ARTEFACT"|3|23101.2|114402.8
103|83|"SAN LUIS"|84|"REACTORES NUCLEARES, CALDERAS, MAQUINAS, APARATOS Y ARTEFACT"|13|20976.08|96975.78
