"semana"|"aduana"|"aduana_desc"|"mercaderia"|"mercaderia_desc"|"cantidad"|"kilos"|"importe"
69|91|"BS.AS. NORTE"|24|"TABACO Y SUCEDANEOS DEL TABACO, ELABORADOS"|1|39600|156420
72|91|"BS.AS. NORTE"|24|"TABACO Y SUCEDANEOS DEL TABACO, ELABORADOS"|5|14802.85|423211.18
78|91|"BS.AS. NORTE"|24|"TABACO Y SUCEDANEOS DEL TABACO, ELABORADOS"|4|3057.05|309392.7
82|91|"BS.AS. NORTE"|24|"TABACO Y SUCEDANEOS DEL TABACO, ELABORADOS"|4|2181.3|223132.03
86|91|"BS.AS. NORTE"|24|"TABACO Y SUCEDANEOS DEL TABACO, ELABORADOS"|4|3526.6|385822.79
90|91|"BS.AS. NORTE"|24|"TABACO Y SUCEDANEOS DEL TABACO, ELABORADOS"|4|4218.55|446923.85
92|91|"BS.AS. NORTE"|24|"TABACO Y SUCEDANEOS DEL TABACO, ELABORADOS"|6|9717.66|785620.24
102|91|"BS.AS. NORTE"|24|"TABACO Y SUCEDANEOS DEL TABACO, ELABORADOS"|4|998.35|120596.35
