"semana"|"aduana"|"aduana_desc"|"mercaderia"|"mercaderia_desc"|"cantidad"|"kilos"|"importe"
67|92|"BS.AS. SUR"|20|"PREPARACIONES DE HORTALIZAS, FRUTAS U OTROS FRUTOS O DEMAS P"|5|8062|15758.2
68|92|"BS.AS. SUR"|20|"PREPARACIONES DE HORTALIZAS, FRUTAS U OTROS FRUTOS O DEMAS P"|10|212406.4|257769.48
69|92|"BS.AS. SUR"|20|"PREPARACIONES DE HORTALIZAS, FRUTAS U OTROS FRUTOS O DEMAS P"|76|1937989.54|2233980.95
70|92|"BS.AS. SUR"|20|"PREPARACIONES DE HORTALIZAS, FRUTAS U OTROS FRUTOS O DEMAS P"|63|1536944.51|2181637.14
71|92|"BS.AS. SUR"|20|"PREPARACIONES DE HORTALIZAS, FRUTAS U OTROS FRUTOS O DEMAS P"|88|2767068.16|3556332.46
72|92|"BS.AS. SUR"|20|"PREPARACIONES DE HORTALIZAS, FRUTAS U OTROS FRUTOS O DEMAS P"|96|3083744.7|3291852.56
73|92|"BS.AS. SUR"|20|"PREPARACIONES DE HORTALIZAS, FRUTAS U OTROS FRUTOS O DEMAS P"|86|2730172.24|3163386.58
74|92|"BS.AS. SUR"|20|"PREPARACIONES DE HORTALIZAS, FRUTAS U OTROS FRUTOS O DEMAS P"|135|4599312.43|5202260.57
75|92|"BS.AS. SUR"|20|"PREPARACIONES DE HORTALIZAS, FRUTAS U OTROS FRUTOS O DEMAS P"|96|2352073.22|2881643.85
76|92|"BS.AS. SUR"|20|"PREPARACIONES DE HORTALIZAS, FRUTAS U OTROS FRUTOS O DEMAS P"|102|3434428.58|4145979.56
77|92|"BS.AS. SUR"|20|"PREPARACIONES DE HORTALIZAS, FRUTAS U OTROS FRUTOS O DEMAS P"|101|2863248.2|3749096.31
78|92|"BS.AS. SUR"|20|"PREPARACIONES DE HORTALIZAS, FRUTAS U OTROS FRUTOS O DEMAS P"|112|3703739.73|4290077.58
79|92|"BS.AS. SUR"|20|"PREPARACIONES DE HORTALIZAS, FRUTAS U OTROS FRUTOS O DEMAS P"|102|3985656.75|5275410.7
80|92|"BS.AS. SUR"|20|"PREPARACIONES DE HORTALIZAS, FRUTAS U OTROS FRUTOS O DEMAS P"|101|3173946.89|3745093.9
81|92|"BS.AS. SUR"|20|"PREPARACIONES DE HORTALIZAS, FRUTAS U OTROS FRUTOS O DEMAS P"|110|2791630.54|3731793.26
82|92|"BS.AS. SUR"|20|"PREPARACIONES DE HORTALIZAS, FRUTAS U OTROS FRUTOS O DEMAS P"|112|4210692.95|5723817.7
83|92|"BS.AS. SUR"|20|"PREPARACIONES DE HORTALIZAS, FRUTAS U OTROS FRUTOS O DEMAS P"|84|2800133.6|3542775.98
84|92|"BS.AS. SUR"|20|"PREPARACIONES DE HORTALIZAS, FRUTAS U OTROS FRUTOS O DEMAS P"|97|3742367.91|4769468.3
85|92|"BS.AS. SUR"|20|"PREPARACIONES DE HORTALIZAS, FRUTAS U OTROS FRUTOS O DEMAS P"|85|3078849.1|3842452.55
86|92|"BS.AS. SUR"|20|"PREPARACIONES DE HORTALIZAS, FRUTAS U OTROS FRUTOS O DEMAS P"|125|4402784.66|5556272.06
87|92|"BS.AS. SUR"|20|"PREPARACIONES DE HORTALIZAS, FRUTAS U OTROS FRUTOS O DEMAS P"|98|3369453.04|4396778.5
88|92|"BS.AS. SUR"|20|"PREPARACIONES DE HORTALIZAS, FRUTAS U OTROS FRUTOS O DEMAS P"|95|3286522.61|5231316.18
89|92|"BS.AS. SUR"|20|"PREPARACIONES DE HORTALIZAS, FRUTAS U OTROS FRUTOS O DEMAS P"|91|3704893.2|4888370.13
90|92|"BS.AS. SUR"|20|"PREPARACIONES DE HORTALIZAS, FRUTAS U OTROS FRUTOS O DEMAS P"|88|4410273.6|5824798.65
91|92|"BS.AS. SUR"|20|"PREPARACIONES DE HORTALIZAS, FRUTAS U OTROS FRUTOS O DEMAS P"|80|4184137.28|5132188.84
92|92|"BS.AS. SUR"|20|"PREPARACIONES DE HORTALIZAS, FRUTAS U OTROS FRUTOS O DEMAS P"|79|3943631.63|5577742.36
93|92|"BS.AS. SUR"|20|"PREPARACIONES DE HORTALIZAS, FRUTAS U OTROS FRUTOS O DEMAS P"|96|3565289.36|4734227.94
94|92|"BS.AS. SUR"|20|"PREPARACIONES DE HORTALIZAS, FRUTAS U OTROS FRUTOS O DEMAS P"|113|4272451.47|5119838.77
95|92|"BS.AS. SUR"|20|"PREPARACIONES DE HORTALIZAS, FRUTAS U OTROS FRUTOS O DEMAS P"|115|3145880.72|4018478.68
96|92|"BS.AS. SUR"|20|"PREPARACIONES DE HORTALIZAS, FRUTAS U OTROS FRUTOS O DEMAS P"|92|4410363.28|5914980.54
97|92|"BS.AS. SUR"|20|"PREPARACIONES DE HORTALIZAS, FRUTAS U OTROS FRUTOS O DEMAS P"|91|3119667.68|4529034.57
98|92|"BS.AS. SUR"|20|"PREPARACIONES DE HORTALIZAS, FRUTAS U OTROS FRUTOS O DEMAS P"|125|2566780.32|4726036.05
99|92|"BS.AS. SUR"|20|"PREPARACIONES DE HORTALIZAS, FRUTAS U OTROS FRUTOS O DEMAS P"|123|3830080.2|4485693.93
100|92|"BS.AS. SUR"|20|"PREPARACIONES DE HORTALIZAS, FRUTAS U OTROS FRUTOS O DEMAS P"|98|2741246.84|4591584.64
101|92|"BS.AS. SUR"|20|"PREPARACIONES DE HORTALIZAS, FRUTAS U OTROS FRUTOS O DEMAS P"|35|1089651.51|1948111.02
102|92|"BS.AS. SUR"|20|"PREPARACIONES DE HORTALIZAS, FRUTAS U OTROS FRUTOS O DEMAS P"|108|2395141.06|3981577.64
103|92|"BS.AS. SUR"|20|"PREPARACIONES DE HORTALIZAS, FRUTAS U OTROS FRUTOS O DEMAS P"|164|3950202.66|5869136.28
104|92|"BS.AS. SUR"|20|"PREPARACIONES DE HORTALIZAS, FRUTAS U OTROS FRUTOS O DEMAS P"|49|1281742.36|1874458.49
