"semana"|"aduana"|"aduana_desc"|"mercaderia"|"mercaderia_desc"|"cantidad"|"kilos"|"importe"
3|88|"GENERAL DEHEZA"|30|"PRODUCTOS FARMACEUTICOS"|1|11000|6930
10|88|"GENERAL DEHEZA"|30|"PRODUCTOS FARMACEUTICOS"|1|9000|5670
13|88|"GENERAL DEHEZA"|30|"PRODUCTOS FARMACEUTICOS"|1|6000|3780
19|88|"GENERAL DEHEZA"|30|"PRODUCTOS FARMACEUTICOS"|1|12000|7560
23|88|"GENERAL DEHEZA"|30|"PRODUCTOS FARMACEUTICOS"|1|11000|6930
28|88|"GENERAL DEHEZA"|30|"PRODUCTOS FARMACEUTICOS"|1|11000|6930
31|88|"GENERAL DEHEZA"|30|"PRODUCTOS FARMACEUTICOS"|1|11000|6930
37|88|"GENERAL DEHEZA"|30|"PRODUCTOS FARMACEUTICOS"|1|10000|6300
43|88|"GENERAL DEHEZA"|30|"PRODUCTOS FARMACEUTICOS"|1|7000|4410
48|88|"GENERAL DEHEZA"|30|"PRODUCTOS FARMACEUTICOS"|2|15000|9450
54|88|"GENERAL DEHEZA"|30|"PRODUCTOS FARMACEUTICOS"|1|7000|4410
61|88|"GENERAL DEHEZA"|30|"PRODUCTOS FARMACEUTICOS"|1|16000|10080
68|88|"GENERAL DEHEZA"|30|"PRODUCTOS FARMACEUTICOS"|1|12000|7176
74|88|"GENERAL DEHEZA"|30|"PRODUCTOS FARMACEUTICOS"|1|11000|6930
79|88|"GENERAL DEHEZA"|30|"PRODUCTOS FARMACEUTICOS"|1|4000|2268
83|88|"GENERAL DEHEZA"|30|"PRODUCTOS FARMACEUTICOS"|1|5000|2835
86|88|"GENERAL DEHEZA"|30|"PRODUCTOS FARMACEUTICOS"|1|20000|11340
89|88|"GENERAL DEHEZA"|30|"PRODUCTOS FARMACEUTICOS"|1|6000|3780
92|88|"GENERAL DEHEZA"|30|"PRODUCTOS FARMACEUTICOS"|1|11000|6930
93|88|"GENERAL DEHEZA"|30|"PRODUCTOS FARMACEUTICOS"|1|10000|6300
96|88|"GENERAL DEHEZA"|30|"PRODUCTOS FARMACEUTICOS"|1|9000|5670
99|88|"GENERAL DEHEZA"|30|"PRODUCTOS FARMACEUTICOS"|1|10000|6300
100|88|"GENERAL DEHEZA"|30|"PRODUCTOS FARMACEUTICOS"|2|12000|7560
104|88|"GENERAL DEHEZA"|30|"PRODUCTOS FARMACEUTICOS"|1|14000|4410
