"semana"|"aduana"|"aduana_desc"|"mercaderia"|"mercaderia_desc"|"cantidad"|"kilos"|"importe"
68|92|"BS.AS. SUR"|9|"CAFE, TE, YERBA MATE Y ESPECIAS"|3|81926|58789.76
69|92|"BS.AS. SUR"|9|"CAFE, TE, YERBA MATE Y ESPECIAS"|7|171052.24|260871.21
70|92|"BS.AS. SUR"|9|"CAFE, TE, YERBA MATE Y ESPECIAS"|20|239547|614384.27
71|92|"BS.AS. SUR"|9|"CAFE, TE, YERBA MATE Y ESPECIAS"|11|132750|247151.38
72|92|"BS.AS. SUR"|9|"CAFE, TE, YERBA MATE Y ESPECIAS"|18|207796.58|315868.4
73|92|"BS.AS. SUR"|9|"CAFE, TE, YERBA MATE Y ESPECIAS"|9|87001.1|178602.02
74|92|"BS.AS. SUR"|9|"CAFE, TE, YERBA MATE Y ESPECIAS"|15|354693.59|463980.39
75|92|"BS.AS. SUR"|9|"CAFE, TE, YERBA MATE Y ESPECIAS"|11|275815|277324.9
76|92|"BS.AS. SUR"|9|"CAFE, TE, YERBA MATE Y ESPECIAS"|24|258597.12|367755.06
77|92|"BS.AS. SUR"|9|"CAFE, TE, YERBA MATE Y ESPECIAS"|22|226229|365933.18
78|92|"BS.AS. SUR"|9|"CAFE, TE, YERBA MATE Y ESPECIAS"|17|91161.39|169245.04
79|92|"BS.AS. SUR"|9|"CAFE, TE, YERBA MATE Y ESPECIAS"|16|426980.6|862491.79
80|92|"BS.AS. SUR"|9|"CAFE, TE, YERBA MATE Y ESPECIAS"|15|120823|258274.88
81|92|"BS.AS. SUR"|9|"CAFE, TE, YERBA MATE Y ESPECIAS"|22|122627.7|423906.81
82|92|"BS.AS. SUR"|9|"CAFE, TE, YERBA MATE Y ESPECIAS"|8|80413.9|226983.92
83|92|"BS.AS. SUR"|9|"CAFE, TE, YERBA MATE Y ESPECIAS"|13|275151.06|578251.52
84|92|"BS.AS. SUR"|9|"CAFE, TE, YERBA MATE Y ESPECIAS"|27|223784.67|481934.42
85|92|"BS.AS. SUR"|9|"CAFE, TE, YERBA MATE Y ESPECIAS"|14|85360.23|149737.81
86|92|"BS.AS. SUR"|9|"CAFE, TE, YERBA MATE Y ESPECIAS"|5|7173.94|65259.84
87|92|"BS.AS. SUR"|9|"CAFE, TE, YERBA MATE Y ESPECIAS"|19|147926.2|292179.05
88|92|"BS.AS. SUR"|9|"CAFE, TE, YERBA MATE Y ESPECIAS"|24|197506.2|444237.04
89|92|"BS.AS. SUR"|9|"CAFE, TE, YERBA MATE Y ESPECIAS"|14|503193.5|1048251.78
90|92|"BS.AS. SUR"|9|"CAFE, TE, YERBA MATE Y ESPECIAS"|5|88402|107121.91
91|92|"BS.AS. SUR"|9|"CAFE, TE, YERBA MATE Y ESPECIAS"|7|69641.84|188402.5
92|92|"BS.AS. SUR"|9|"CAFE, TE, YERBA MATE Y ESPECIAS"|10|109580.2|218050.54
93|92|"BS.AS. SUR"|9|"CAFE, TE, YERBA MATE Y ESPECIAS"|13|241620.84|528825.67
94|92|"BS.AS. SUR"|9|"CAFE, TE, YERBA MATE Y ESPECIAS"|19|149113.68|370089.84
95|92|"BS.AS. SUR"|9|"CAFE, TE, YERBA MATE Y ESPECIAS"|12|42187.1|224472.83
96|92|"BS.AS. SUR"|9|"CAFE, TE, YERBA MATE Y ESPECIAS"|3|30166.3|112025.07
97|92|"BS.AS. SUR"|9|"CAFE, TE, YERBA MATE Y ESPECIAS"|22|410716.92|684091.96
98|92|"BS.AS. SUR"|9|"CAFE, TE, YERBA MATE Y ESPECIAS"|14|198134.4|316614.55
99|92|"BS.AS. SUR"|9|"CAFE, TE, YERBA MATE Y ESPECIAS"|18|161239.32|239792.81
100|92|"BS.AS. SUR"|9|"CAFE, TE, YERBA MATE Y ESPECIAS"|11|191191.3|367727.43
101|92|"BS.AS. SUR"|9|"CAFE, TE, YERBA MATE Y ESPECIAS"|3|238060|305144.75
102|92|"BS.AS. SUR"|9|"CAFE, TE, YERBA MATE Y ESPECIAS"|15|144042.11|140069.39
103|92|"BS.AS. SUR"|9|"CAFE, TE, YERBA MATE Y ESPECIAS"|32|485770.32|529942.86
104|92|"BS.AS. SUR"|9|"CAFE, TE, YERBA MATE Y ESPECIAS"|16|475773.72|473818.92
