"semana"|"aduana"|"aduana_desc"|"mercaderia"|"mercaderia_desc"|"cantidad"|"kilos"|"importe"
71|91|"BS.AS. NORTE"|55|"FIBRAS SINTETICAS O ARTIFICIALES DISCONTINUAS"|1|663.5|5138.55
75|91|"BS.AS. NORTE"|55|"FIBRAS SINTETICAS O ARTIFICIALES DISCONTINUAS"|1|12270|6226.8
89|91|"BS.AS. NORTE"|55|"FIBRAS SINTETICAS O ARTIFICIALES DISCONTINUAS"|1|453.54|3705
93|91|"BS.AS. NORTE"|55|"FIBRAS SINTETICAS O ARTIFICIALES DISCONTINUAS"|1|9700|101751.6
99|91|"BS.AS. NORTE"|55|"FIBRAS SINTETICAS O ARTIFICIALES DISCONTINUAS"|2|774.54|6544.05
103|91|"BS.AS. NORTE"|55|"FIBRAS SINTETICAS O ARTIFICIALES DISCONTINUAS"|2|1273|12025
104|91|"BS.AS. NORTE"|55|"FIBRAS SINTETICAS O ARTIFICIALES DISCONTINUAS"|1|1044.09|8408.83
