"semana"|"aduana"|"aduana_desc"|"mercaderia"|"mercaderia_desc"|"cantidad"|"kilos"|"importe"
68|91|"BS.AS. NORTE"|18|"CACAO Y SUS PREPARACIONES"|1|11016|23959.8
69|91|"BS.AS. NORTE"|18|"CACAO Y SUS PREPARACIONES"|5|8683.2|83291.11
70|91|"BS.AS. NORTE"|18|"CACAO Y SUS PREPARACIONES"|9|37554.36|245337.98
71|91|"BS.AS. NORTE"|18|"CACAO Y SUS PREPARACIONES"|14|61081.63|353502.45
72|91|"BS.AS. NORTE"|18|"CACAO Y SUS PREPARACIONES"|5|4066.29|26333.19
73|91|"BS.AS. NORTE"|18|"CACAO Y SUS PREPARACIONES"|9|17227.74|77088.08
74|91|"BS.AS. NORTE"|18|"CACAO Y SUS PREPARACIONES"|4|27725.1|161130.85
75|91|"BS.AS. NORTE"|18|"CACAO Y SUS PREPARACIONES"|7|18409.1|143926.2
76|91|"BS.AS. NORTE"|18|"CACAO Y SUS PREPARACIONES"|5|12948|97687.65
77|91|"BS.AS. NORTE"|18|"CACAO Y SUS PREPARACIONES"|3|14034|46878.76
78|91|"BS.AS. NORTE"|18|"CACAO Y SUS PREPARACIONES"|1|500|12875.1
79|91|"BS.AS. NORTE"|18|"CACAO Y SUS PREPARACIONES"|4|17643.04|80390.81
80|91|"BS.AS. NORTE"|18|"CACAO Y SUS PREPARACIONES"|1|62.4|1968
81|91|"BS.AS. NORTE"|18|"CACAO Y SUS PREPARACIONES"|11|48921.76|325151.92
82|91|"BS.AS. NORTE"|18|"CACAO Y SUS PREPARACIONES"|3|15683|43109.67
83|91|"BS.AS. NORTE"|18|"CACAO Y SUS PREPARACIONES"|9|12757|96246.3
84|91|"BS.AS. NORTE"|18|"CACAO Y SUS PREPARACIONES"|6|4354.56|32651.71
85|91|"BS.AS. NORTE"|18|"CACAO Y SUS PREPARACIONES"|4|22170.29|113477.72
86|91|"BS.AS. NORTE"|18|"CACAO Y SUS PREPARACIONES"|10|9358.1|75979.85
87|91|"BS.AS. NORTE"|18|"CACAO Y SUS PREPARACIONES"|2|10346|34442.51
88|91|"BS.AS. NORTE"|18|"CACAO Y SUS PREPARACIONES"|6|26561.44|106059.63
89|91|"BS.AS. NORTE"|18|"CACAO Y SUS PREPARACIONES"|4|13207.2|63316.54
90|91|"BS.AS. NORTE"|18|"CACAO Y SUS PREPARACIONES"|9|23890.8|104867.04
91|91|"BS.AS. NORTE"|18|"CACAO Y SUS PREPARACIONES"|6|10187.76|68765.25
92|91|"BS.AS. NORTE"|18|"CACAO Y SUS PREPARACIONES"|6|6397.2|78473.49
93|91|"BS.AS. NORTE"|18|"CACAO Y SUS PREPARACIONES"|2|4859.52|23488.58
94|91|"BS.AS. NORTE"|18|"CACAO Y SUS PREPARACIONES"|17|51239.05|234252.15
96|91|"BS.AS. NORTE"|18|"CACAO Y SUS PREPARACIONES"|15|13902.53|98576.61
97|91|"BS.AS. NORTE"|18|"CACAO Y SUS PREPARACIONES"|5|4157.52|27924.44
98|91|"BS.AS. NORTE"|18|"CACAO Y SUS PREPARACIONES"|12|26170.13|137206.75
99|91|"BS.AS. NORTE"|18|"CACAO Y SUS PREPARACIONES"|4|3326.08|24130.06
100|91|"BS.AS. NORTE"|18|"CACAO Y SUS PREPARACIONES"|7|18447.68|85859.36
101|91|"BS.AS. NORTE"|18|"CACAO Y SUS PREPARACIONES"|9|8869.32|79498.15
102|91|"BS.AS. NORTE"|18|"CACAO Y SUS PREPARACIONES"|8|43380.56|179406.47
103|91|"BS.AS. NORTE"|18|"CACAO Y SUS PREPARACIONES"|9|30704.28|157291.53
104|91|"BS.AS. NORTE"|18|"CACAO Y SUS PREPARACIONES"|5|19253.2|98653.53
