"semana"|"aduana"|"aduana_desc"|"mercaderia"|"mercaderia_desc"|"cantidad"|"kilos"|"importe"
69|91|"BS.AS. NORTE"|12|"SEMILLAS Y FRUTOS OLEAGINOSOS; SEMILLAS Y FRUTOS DIVERSOS; P"|4|680000|432380
70|91|"BS.AS. NORTE"|12|"SEMILLAS Y FRUTOS OLEAGINOSOS; SEMILLAS Y FRUTOS DIVERSOS; P"|9|487300|351532
71|91|"BS.AS. NORTE"|12|"SEMILLAS Y FRUTOS OLEAGINOSOS; SEMILLAS Y FRUTOS DIVERSOS; P"|14|896840|749787.02
72|91|"BS.AS. NORTE"|12|"SEMILLAS Y FRUTOS OLEAGINOSOS; SEMILLAS Y FRUTOS DIVERSOS; P"|10|701720|513846.25
73|91|"BS.AS. NORTE"|12|"SEMILLAS Y FRUTOS OLEAGINOSOS; SEMILLAS Y FRUTOS DIVERSOS; P"|11|848920|591048.77
74|91|"BS.AS. NORTE"|12|"SEMILLAS Y FRUTOS OLEAGINOSOS; SEMILLAS Y FRUTOS DIVERSOS; P"|9|1054640|775382.4
75|91|"BS.AS. NORTE"|12|"SEMILLAS Y FRUTOS OLEAGINOSOS; SEMILLAS Y FRUTOS DIVERSOS; P"|12|794050|618952.04
76|91|"BS.AS. NORTE"|12|"SEMILLAS Y FRUTOS OLEAGINOSOS; SEMILLAS Y FRUTOS DIVERSOS; P"|12|1022490|703991.61
77|91|"BS.AS. NORTE"|12|"SEMILLAS Y FRUTOS OLEAGINOSOS; SEMILLAS Y FRUTOS DIVERSOS; P"|10|678970|573622.69
78|91|"BS.AS. NORTE"|12|"SEMILLAS Y FRUTOS OLEAGINOSOS; SEMILLAS Y FRUTOS DIVERSOS; P"|8|792295|618908.29
79|91|"BS.AS. NORTE"|12|"SEMILLAS Y FRUTOS OLEAGINOSOS; SEMILLAS Y FRUTOS DIVERSOS; P"|8|595310|559101.33
80|91|"BS.AS. NORTE"|12|"SEMILLAS Y FRUTOS OLEAGINOSOS; SEMILLAS Y FRUTOS DIVERSOS; P"|6|450680|363756
81|91|"BS.AS. NORTE"|12|"SEMILLAS Y FRUTOS OLEAGINOSOS; SEMILLAS Y FRUTOS DIVERSOS; P"|12|881105.6|693679.7
82|91|"BS.AS. NORTE"|12|"SEMILLAS Y FRUTOS OLEAGINOSOS; SEMILLAS Y FRUTOS DIVERSOS; P"|13|1476970|1068627.18
83|91|"BS.AS. NORTE"|12|"SEMILLAS Y FRUTOS OLEAGINOSOS; SEMILLAS Y FRUTOS DIVERSOS; P"|7|455180|404947.4
84|91|"BS.AS. NORTE"|12|"SEMILLAS Y FRUTOS OLEAGINOSOS; SEMILLAS Y FRUTOS DIVERSOS; P"|9|1012755.7|815317.73
85|91|"BS.AS. NORTE"|12|"SEMILLAS Y FRUTOS OLEAGINOSOS; SEMILLAS Y FRUTOS DIVERSOS; P"|6|343490|390163.03
86|91|"BS.AS. NORTE"|12|"SEMILLAS Y FRUTOS OLEAGINOSOS; SEMILLAS Y FRUTOS DIVERSOS; P"|17|787710|661825.07
87|91|"BS.AS. NORTE"|12|"SEMILLAS Y FRUTOS OLEAGINOSOS; SEMILLAS Y FRUTOS DIVERSOS; P"|11|597435|564982.66
88|91|"BS.AS. NORTE"|12|"SEMILLAS Y FRUTOS OLEAGINOSOS; SEMILLAS Y FRUTOS DIVERSOS; P"|6|1090030|489570.1
89|91|"BS.AS. NORTE"|12|"SEMILLAS Y FRUTOS OLEAGINOSOS; SEMILLAS Y FRUTOS DIVERSOS; P"|14|994151|964789.96
90|91|"BS.AS. NORTE"|12|"SEMILLAS Y FRUTOS OLEAGINOSOS; SEMILLAS Y FRUTOS DIVERSOS; P"|14|1134907|1028934.2
91|91|"BS.AS. NORTE"|12|"SEMILLAS Y FRUTOS OLEAGINOSOS; SEMILLAS Y FRUTOS DIVERSOS; P"|10|577906.63|608404.04
92|91|"BS.AS. NORTE"|12|"SEMILLAS Y FRUTOS OLEAGINOSOS; SEMILLAS Y FRUTOS DIVERSOS; P"|6|134060|119744
93|91|"BS.AS. NORTE"|12|"SEMILLAS Y FRUTOS OLEAGINOSOS; SEMILLAS Y FRUTOS DIVERSOS; P"|7|1385820|660421.35
94|91|"BS.AS. NORTE"|12|"SEMILLAS Y FRUTOS OLEAGINOSOS; SEMILLAS Y FRUTOS DIVERSOS; P"|8|134399.27|151384
95|91|"BS.AS. NORTE"|12|"SEMILLAS Y FRUTOS OLEAGINOSOS; SEMILLAS Y FRUTOS DIVERSOS; P"|7|769000|379770
96|91|"BS.AS. NORTE"|12|"SEMILLAS Y FRUTOS OLEAGINOSOS; SEMILLAS Y FRUTOS DIVERSOS; P"|4|191157.4|476400
97|91|"BS.AS. NORTE"|12|"SEMILLAS Y FRUTOS OLEAGINOSOS; SEMILLAS Y FRUTOS DIVERSOS; P"|10|243574|193148.61
98|91|"BS.AS. NORTE"|12|"SEMILLAS Y FRUTOS OLEAGINOSOS; SEMILLAS Y FRUTOS DIVERSOS; P"|8|799005|444638.15
99|91|"BS.AS. NORTE"|12|"SEMILLAS Y FRUTOS OLEAGINOSOS; SEMILLAS Y FRUTOS DIVERSOS; P"|8|175654.6|107217.5
100|91|"BS.AS. NORTE"|12|"SEMILLAS Y FRUTOS OLEAGINOSOS; SEMILLAS Y FRUTOS DIVERSOS; P"|4|164000|143910
101|91|"BS.AS. NORTE"|12|"SEMILLAS Y FRUTOS OLEAGINOSOS; SEMILLAS Y FRUTOS DIVERSOS; P"|6|218800|300170
102|91|"BS.AS. NORTE"|12|"SEMILLAS Y FRUTOS OLEAGINOSOS; SEMILLAS Y FRUTOS DIVERSOS; P"|11|654440|683101.08
103|91|"BS.AS. NORTE"|12|"SEMILLAS Y FRUTOS OLEAGINOSOS; SEMILLAS Y FRUTOS DIVERSOS; P"|12|632590|676634.15
104|91|"BS.AS. NORTE"|12|"SEMILLAS Y FRUTOS OLEAGINOSOS; SEMILLAS Y FRUTOS DIVERSOS; P"|1|7000|5145
