"semana"|"aduana"|"aduana_desc"|"mercaderia"|"mercaderia_desc"|"cantidad"|"kilos"|"importe"
1|83|"SAN LUIS"|2|"CARNE Y DESPOJOS COMESTIBLES"|68|172838.13|1290696.23
2|83|"SAN LUIS"|2|"CARNE Y DESPOJOS COMESTIBLES"|63|170366.54|1423973.22
3|83|"SAN LUIS"|2|"CARNE Y DESPOJOS COMESTIBLES"|66|257959.23|1231706.51
4|83|"SAN LUIS"|2|"CARNE Y DESPOJOS COMESTIBLES"|120|209799.1|1981059.08
5|83|"SAN LUIS"|2|"CARNE Y DESPOJOS COMESTIBLES"|46|170468.37|1121865
6|83|"SAN LUIS"|2|"CARNE Y DESPOJOS COMESTIBLES"|85|196088.9|1576060.93
7|83|"SAN LUIS"|2|"CARNE Y DESPOJOS COMESTIBLES"|82|202483|1251607.7
8|83|"SAN LUIS"|2|"CARNE Y DESPOJOS COMESTIBLES"|124|294399.14|2361660.6
9|83|"SAN LUIS"|2|"CARNE Y DESPOJOS COMESTIBLES"|43|48418.74|759306.42
10|83|"SAN LUIS"|2|"CARNE Y DESPOJOS COMESTIBLES"|167|301809.67|1990183.73
11|83|"SAN LUIS"|2|"CARNE Y DESPOJOS COMESTIBLES"|136|282838.61|2401346.1
12|83|"SAN LUIS"|2|"CARNE Y DESPOJOS COMESTIBLES"|135|257415.45|1911285.5
13|83|"SAN LUIS"|2|"CARNE Y DESPOJOS COMESTIBLES"|175|333929|2965617.22
14|83|"SAN LUIS"|2|"CARNE Y DESPOJOS COMESTIBLES"|95|203330.44|1873063.52
15|83|"SAN LUIS"|2|"CARNE Y DESPOJOS COMESTIBLES"|102|391427.26|2235733.39
16|83|"SAN LUIS"|2|"CARNE Y DESPOJOS COMESTIBLES"|109|182483.96|1553504.77
17|83|"SAN LUIS"|2|"CARNE Y DESPOJOS COMESTIBLES"|209|459045.56|3784245.25
18|83|"SAN LUIS"|2|"CARNE Y DESPOJOS COMESTIBLES"|76|122792.65|1200162.9
19|83|"SAN LUIS"|2|"CARNE Y DESPOJOS COMESTIBLES"|267|584888.61|5015547.8
20|83|"SAN LUIS"|2|"CARNE Y DESPOJOS COMESTIBLES"|138|246549.99|1919909.85
21|83|"SAN LUIS"|2|"CARNE Y DESPOJOS COMESTIBLES"|133|460500.41|3951103.26
22|83|"SAN LUIS"|2|"CARNE Y DESPOJOS COMESTIBLES"|99|332659.5|2518877.72
23|83|"SAN LUIS"|2|"CARNE Y DESPOJOS COMESTIBLES"|151|398307.29|3750798.94
24|83|"SAN LUIS"|2|"CARNE Y DESPOJOS COMESTIBLES"|105|379631.04|2506826.55
25|83|"SAN LUIS"|2|"CARNE Y DESPOJOS COMESTIBLES"|71|315099.93|2119420.51
26|83|"SAN LUIS"|2|"CARNE Y DESPOJOS COMESTIBLES"|109|412982.91|3128676.63
27|83|"SAN LUIS"|2|"CARNE Y DESPOJOS COMESTIBLES"|180|426199.55|3403727.7
28|83|"SAN LUIS"|2|"CARNE Y DESPOJOS COMESTIBLES"|81|299764.9|2034142.07
29|83|"SAN LUIS"|2|"CARNE Y DESPOJOS COMESTIBLES"|141|369193.07|2963370.53
30|83|"SAN LUIS"|2|"CARNE Y DESPOJOS COMESTIBLES"|232|499570.74|4020043.45
31|83|"SAN LUIS"|2|"CARNE Y DESPOJOS COMESTIBLES"|22|108151.62|1052062.86
32|83|"SAN LUIS"|2|"CARNE Y DESPOJOS COMESTIBLES"|217|588833.77|4258744.89
33|83|"SAN LUIS"|2|"CARNE Y DESPOJOS COMESTIBLES"|226|501374.98|3311554.16
34|83|"SAN LUIS"|2|"CARNE Y DESPOJOS COMESTIBLES"|92|309759.03|2071969.54
35|83|"SAN LUIS"|2|"CARNE Y DESPOJOS COMESTIBLES"|138|419815.95|3141496.97
36|83|"SAN LUIS"|2|"CARNE Y DESPOJOS COMESTIBLES"|101|204976.76|1714808.02
37|83|"SAN LUIS"|2|"CARNE Y DESPOJOS COMESTIBLES"|135|243197.77|2264992.49
38|83|"SAN LUIS"|2|"CARNE Y DESPOJOS COMESTIBLES"|99|355991.49|2330949.62
39|83|"SAN LUIS"|2|"CARNE Y DESPOJOS COMESTIBLES"|107|262158.74|2584151.2
40|83|"SAN LUIS"|2|"CARNE Y DESPOJOS COMESTIBLES"|90|257839.09|2659979.45
41|83|"SAN LUIS"|2|"CARNE Y DESPOJOS COMESTIBLES"|194|409627.57|3920293.3
42|83|"SAN LUIS"|2|"CARNE Y DESPOJOS COMESTIBLES"|137|391911.36|2750311.22
43|83|"SAN LUIS"|2|"CARNE Y DESPOJOS COMESTIBLES"|116|231479.48|2105730.79
44|83|"SAN LUIS"|2|"CARNE Y DESPOJOS COMESTIBLES"|108|340900.15|2549926.44
45|83|"SAN LUIS"|2|"CARNE Y DESPOJOS COMESTIBLES"|95|332135.34|2380293.71
46|83|"SAN LUIS"|2|"CARNE Y DESPOJOS COMESTIBLES"|67|251417.76|1882350.85
47|83|"SAN LUIS"|2|"CARNE Y DESPOJOS COMESTIBLES"|83|200830.85|1861478.47
48|83|"SAN LUIS"|2|"CARNE Y DESPOJOS COMESTIBLES"|89|279293.15|2343813.93
49|83|"SAN LUIS"|2|"CARNE Y DESPOJOS COMESTIBLES"|103|287037.79|2466253.15
50|83|"SAN LUIS"|2|"CARNE Y DESPOJOS COMESTIBLES"|77|326968.01|1871875.52
51|83|"SAN LUIS"|2|"CARNE Y DESPOJOS COMESTIBLES"|100|398505.3|2737323.77
52|83|"SAN LUIS"|2|"CARNE Y DESPOJOS COMESTIBLES"|25|204482.22|1457942.45
53|83|"SAN LUIS"|2|"CARNE Y DESPOJOS COMESTIBLES"|51|181290.12|1218942.78
54|83|"SAN LUIS"|2|"CARNE Y DESPOJOS COMESTIBLES"|153|528851.92|3947730.59
55|83|"SAN LUIS"|2|"CARNE Y DESPOJOS COMESTIBLES"|62|183954.83|1627646.95
56|83|"SAN LUIS"|2|"CARNE Y DESPOJOS COMESTIBLES"|66|249873.72|2025604.8
57|83|"SAN LUIS"|2|"CARNE Y DESPOJOS COMESTIBLES"|115|356183.14|2930696.61
58|83|"SAN LUIS"|2|"CARNE Y DESPOJOS COMESTIBLES"|108|457541.64|2911498.98
59|83|"SAN LUIS"|2|"CARNE Y DESPOJOS COMESTIBLES"|39|103867.19|877624.53
60|83|"SAN LUIS"|2|"CARNE Y DESPOJOS COMESTIBLES"|101|220505.41|2117615.73
61|83|"SAN LUIS"|2|"CARNE Y DESPOJOS COMESTIBLES"|37|173875.12|964815.57
62|83|"SAN LUIS"|2|"CARNE Y DESPOJOS COMESTIBLES"|142|453061.79|3084360.92
63|83|"SAN LUIS"|2|"CARNE Y DESPOJOS COMESTIBLES"|68|206662.97|1514106.86
64|83|"SAN LUIS"|2|"CARNE Y DESPOJOS COMESTIBLES"|69|190031.24|1449213.75
65|83|"SAN LUIS"|2|"CARNE Y DESPOJOS COMESTIBLES"|137|355921.61|2767964.55
66|83|"SAN LUIS"|2|"CARNE Y DESPOJOS COMESTIBLES"|48|189748.65|1258535.33
67|83|"SAN LUIS"|2|"CARNE Y DESPOJOS COMESTIBLES"|96|235908.03|2250454.96
68|83|"SAN LUIS"|2|"CARNE Y DESPOJOS COMESTIBLES"|134|431072.04|2842606.47
69|83|"SAN LUIS"|2|"CARNE Y DESPOJOS COMESTIBLES"|64|283898.77|1562208.6
70|83|"SAN LUIS"|2|"CARNE Y DESPOJOS COMESTIBLES"|110|334539.15|2066934.62
71|83|"SAN LUIS"|2|"CARNE Y DESPOJOS COMESTIBLES"|61|239364.45|1290719.62
72|83|"SAN LUIS"|2|"CARNE Y DESPOJOS COMESTIBLES"|44|232735.96|1348739.38
73|83|"SAN LUIS"|2|"CARNE Y DESPOJOS COMESTIBLES"|109|326374.16|2248036.63
74|83|"SAN LUIS"|2|"CARNE Y DESPOJOS COMESTIBLES"|63|111154.85|1217178.76
75|83|"SAN LUIS"|2|"CARNE Y DESPOJOS COMESTIBLES"|83|279629.28|1694791.13
76|83|"SAN LUIS"|2|"CARNE Y DESPOJOS COMESTIBLES"|63|241270.45|1151221.7
77|83|"SAN LUIS"|2|"CARNE Y DESPOJOS COMESTIBLES"|89|300477.83|2160375.85
78|83|"SAN LUIS"|2|"CARNE Y DESPOJOS COMESTIBLES"|69|225857.63|1295556.85
79|83|"SAN LUIS"|2|"CARNE Y DESPOJOS COMESTIBLES"|75|285516.36|1885982.91
80|83|"SAN LUIS"|2|"CARNE Y DESPOJOS COMESTIBLES"|20|156006.1|748589.63
81|83|"SAN LUIS"|2|"CARNE Y DESPOJOS COMESTIBLES"|66|170865.22|1435789.29
82|83|"SAN LUIS"|2|"CARNE Y DESPOJOS COMESTIBLES"|71|205664.41|1783596.81
83|83|"SAN LUIS"|2|"CARNE Y DESPOJOS COMESTIBLES"|78|231339.62|1675173.02
84|83|"SAN LUIS"|2|"CARNE Y DESPOJOS COMESTIBLES"|35|76000|856007
85|83|"SAN LUIS"|2|"CARNE Y DESPOJOS COMESTIBLES"|102|252699.67|2113366.73
86|83|"SAN LUIS"|2|"CARNE Y DESPOJOS COMESTIBLES"|116|535244.93|3726212.37
87|83|"SAN LUIS"|2|"CARNE Y DESPOJOS COMESTIBLES"|100|312586.72|2221869.27
88|83|"SAN LUIS"|2|"CARNE Y DESPOJOS COMESTIBLES"|62|224307.85|1423015.28
89|83|"SAN LUIS"|2|"CARNE Y DESPOJOS COMESTIBLES"|75|237396.58|1763535.36
90|83|"SAN LUIS"|2|"CARNE Y DESPOJOS COMESTIBLES"|106|237719.55|2003802.54
91|83|"SAN LUIS"|2|"CARNE Y DESPOJOS COMESTIBLES"|87|303522.47|2388772.27
92|83|"SAN LUIS"|2|"CARNE Y DESPOJOS COMESTIBLES"|63|146588.48|1244514.25
93|83|"SAN LUIS"|2|"CARNE Y DESPOJOS COMESTIBLES"|51|119623.12|957596.04
94|83|"SAN LUIS"|2|"CARNE Y DESPOJOS COMESTIBLES"|92|263887.31|1890405.27
95|83|"SAN LUIS"|2|"CARNE Y DESPOJOS COMESTIBLES"|106|457000.91|2892441.91
96|83|"SAN LUIS"|2|"CARNE Y DESPOJOS COMESTIBLES"|28|109961.61|915957
97|83|"SAN LUIS"|2|"CARNE Y DESPOJOS COMESTIBLES"|66|250539.69|2265053.04
98|83|"SAN LUIS"|2|"CARNE Y DESPOJOS COMESTIBLES"|98|439301.76|2809033.26
99|83|"SAN LUIS"|2|"CARNE Y DESPOJOS COMESTIBLES"|36|106753.35|687899.05
100|83|"SAN LUIS"|2|"CARNE Y DESPOJOS COMESTIBLES"|58|202560.1|1452684.36
102|83|"SAN LUIS"|2|"CARNE Y DESPOJOS COMESTIBLES"|40|159259.05|911593.56
103|83|"SAN LUIS"|2|"CARNE Y DESPOJOS COMESTIBLES"|146|514150|4150395.8
104|83|"SAN LUIS"|2|"CARNE Y DESPOJOS COMESTIBLES"|76|232195.41|1894876.66
