"semana"|"aduana"|"aduana_desc"|"mercaderia"|"mercaderia_desc"|"cantidad"|"kilos"|"importe"
2|84|"SANTO TOME"|76|"ALUMINIO Y SUS MANUFACTURAS"|1|251.72|2288.55
3|84|"SANTO TOME"|76|"ALUMINIO Y SUS MANUFACTURAS"|1|157.47|3580.5
9|84|"SANTO TOME"|76|"ALUMINIO Y SUS MANUFACTURAS"|1|33.24|861
15|84|"SANTO TOME"|76|"ALUMINIO Y SUS MANUFACTURAS"|1|42.43|954.8
16|84|"SANTO TOME"|76|"ALUMINIO Y SUS MANUFACTURAS"|1|21.76|688.8
19|84|"SANTO TOME"|76|"ALUMINIO Y SUS MANUFACTURAS"|1|45.25|1862.7
23|84|"SANTO TOME"|76|"ALUMINIO Y SUS MANUFACTURAS"|1|44.35|1193.5
38|84|"SANTO TOME"|76|"ALUMINIO Y SUS MANUFACTURAS"|1|27.04|156.78
41|84|"SANTO TOME"|76|"ALUMINIO Y SUS MANUFACTURAS"|1|90.23|1375.18
43|84|"SANTO TOME"|76|"ALUMINIO Y SUS MANUFACTURAS"|1|37.82|1173.1
