"semana"|"aduana"|"aduana_desc"|"mercaderia"|"mercaderia_desc"|"cantidad"|"kilos"|"importe"
68|92|"BS.AS. SUR"|81|"LOS DEMAS METALES COMUNES; CERMETS; MANUFACTURAS DE ESTAS MA"|1|85.49|824
70|92|"BS.AS. SUR"|81|"LOS DEMAS METALES COMUNES; CERMETS; MANUFACTURAS DE ESTAS MA"|1|5|54.1
74|92|"BS.AS. SUR"|81|"LOS DEMAS METALES COMUNES; CERMETS; MANUFACTURAS DE ESTAS MA"|1|481.84|11231.54
75|92|"BS.AS. SUR"|81|"LOS DEMAS METALES COMUNES; CERMETS; MANUFACTURAS DE ESTAS MA"|2|507.58|5020
80|92|"BS.AS. SUR"|81|"LOS DEMAS METALES COMUNES; CERMETS; MANUFACTURAS DE ESTAS MA"|1|352|3136
86|92|"BS.AS. SUR"|81|"LOS DEMAS METALES COMUNES; CERMETS; MANUFACTURAS DE ESTAS MA"|1|190.05|1280
91|92|"BS.AS. SUR"|81|"LOS DEMAS METALES COMUNES; CERMETS; MANUFACTURAS DE ESTAS MA"|1|1106.7|62257.79
96|92|"BS.AS. SUR"|81|"LOS DEMAS METALES COMUNES; CERMETS; MANUFACTURAS DE ESTAS MA"|1|318.99|18109.54
104|92|"BS.AS. SUR"|81|"LOS DEMAS METALES COMUNES; CERMETS; MANUFACTURAS DE ESTAS MA"|2|1529.87|82684.64
