"semana"|"aduana"|"aduana_desc"|"mercaderia"|"mercaderia_desc"|"cantidad"|"kilos"|"importe"
37|89|"SANTIAGO DEL ESTERO"|15|"GRASAS Y ACEITES ANIMALES O VEGETALES; PRODUCTOS DE SU DESDO"|1|26000|22600
40|89|"SANTIAGO DEL ESTERO"|15|"GRASAS Y ACEITES ANIMALES O VEGETALES; PRODUCTOS DE SU DESDO"|2|52000|44680
44|89|"SANTIAGO DEL ESTERO"|15|"GRASAS Y ACEITES ANIMALES O VEGETALES; PRODUCTOS DE SU DESDO"|1|26000|22080
49|89|"SANTIAGO DEL ESTERO"|15|"GRASAS Y ACEITES ANIMALES O VEGETALES; PRODUCTOS DE SU DESDO"|1|26000|16850
51|89|"SANTIAGO DEL ESTERO"|15|"GRASAS Y ACEITES ANIMALES O VEGETALES; PRODUCTOS DE SU DESDO"|1|26000|16850
76|89|"SANTIAGO DEL ESTERO"|15|"GRASAS Y ACEITES ANIMALES O VEGETALES; PRODUCTOS DE SU DESDO"|1|60000|13500
79|89|"SANTIAGO DEL ESTERO"|15|"GRASAS Y ACEITES ANIMALES O VEGETALES; PRODUCTOS DE SU DESDO"|1|55080|12393
