"semana"|"aduana"|"aduana_desc"|"mercaderia"|"mercaderia_desc"|"cantidad"|"kilos"|"importe"
1|84|"SANTO TOME"|39|"PLASTICO Y SUS MANUFACTURAS"|5|98000|321500
2|84|"SANTO TOME"|39|"PLASTICO Y SUS MANUFACTURAS"|10|174772.99|574010
3|84|"SANTO TOME"|39|"PLASTICO Y SUS MANUFACTURAS"|5|98000|311160
4|84|"SANTO TOME"|39|"PLASTICO Y SUS MANUFACTURAS"|8|125000|397410
5|84|"SANTO TOME"|39|"PLASTICO Y SUS MANUFACTURAS"|10|123000|412710
6|84|"SANTO TOME"|39|"PLASTICO Y SUS MANUFACTURAS"|9|124352|434294.56
7|84|"SANTO TOME"|39|"PLASTICO Y SUS MANUFACTURAS"|12|173984.43|553684.47
8|84|"SANTO TOME"|39|"PLASTICO Y SUS MANUFACTURAS"|15|199748|657752.19
9|84|"SANTO TOME"|39|"PLASTICO Y SUS MANUFACTURAS"|4|25484|88513.77
10|84|"SANTO TOME"|39|"PLASTICO Y SUS MANUFACTURAS"|15|175098.42|586400.54
11|84|"SANTO TOME"|39|"PLASTICO Y SUS MANUFACTURAS"|12|126408|417198.24
12|84|"SANTO TOME"|39|"PLASTICO Y SUS MANUFACTURAS"|14|150660|452846.05
13|84|"SANTO TOME"|39|"PLASTICO Y SUS MANUFACTURAS"|15|177024|545401.22
14|84|"SANTO TOME"|39|"PLASTICO Y SUS MANUFACTURAS"|12|176322|521877.41
15|84|"SANTO TOME"|39|"PLASTICO Y SUS MANUFACTURAS"|11|175440|552960.7
16|84|"SANTO TOME"|39|"PLASTICO Y SUS MANUFACTURAS"|3|50440|142810.7
17|84|"SANTO TOME"|39|"PLASTICO Y SUS MANUFACTURAS"|12|175748|504182.19
18|84|"SANTO TOME"|39|"PLASTICO Y SUS MANUFACTURAS"|7|125220|314655.35
19|84|"SANTO TOME"|39|"PLASTICO Y SUS MANUFACTURAS"|7|76109.46|228602.75
20|84|"SANTO TOME"|39|"PLASTICO Y SUS MANUFACTURAS"|8|124440|389850.7
21|84|"SANTO TOME"|39|"PLASTICO Y SUS MANUFACTURAS"|13|151452|461351.31
22|84|"SANTO TOME"|39|"PLASTICO Y SUS MANUFACTURAS"|9|126408|369438.24
23|84|"SANTO TOME"|39|"PLASTICO Y SUS MANUFACTURAS"|10|123396|358517.63
24|84|"SANTO TOME"|39|"PLASTICO Y SUS MANUFACTURAS"|4|73000|223870
25|84|"SANTO TOME"|39|"PLASTICO Y SUS MANUFACTURAS"|3|25000|80040
26|84|"SANTO TOME"|39|"PLASTICO Y SUS MANUFACTURAS"|3|50000|160960
27|84|"SANTO TOME"|39|"PLASTICO Y SUS MANUFACTURAS"|3|25528|85946.84
28|84|"SANTO TOME"|39|"PLASTICO Y SUS MANUFACTURAS"|10|169752|351376.63
29|84|"SANTO TOME"|39|"PLASTICO Y SUS MANUFACTURAS"|11|199496|598804.63
30|84|"SANTO TOME"|39|"PLASTICO Y SUS MANUFACTURAS"|6|100440|321430.7
31|84|"SANTO TOME"|39|"PLASTICO Y SUS MANUFACTURAS"|6|75002|255482
32|84|"SANTO TOME"|39|"PLASTICO Y SUS MANUFACTURAS"|12|275682|605753.69
33|84|"SANTO TOME"|39|"PLASTICO Y SUS MANUFACTURAS"|9|148000|464550
34|84|"SANTO TOME"|39|"PLASTICO Y SUS MANUFACTURAS"|5|90688|267061.87
35|84|"SANTO TOME"|39|"PLASTICO Y SUS MANUFACTURAS"|9|219781|570695.32
36|84|"SANTO TOME"|39|"PLASTICO Y SUS MANUFACTURAS"|24|523440|1349729.44
37|84|"SANTO TOME"|39|"PLASTICO Y SUS MANUFACTURAS"|26|628026|1436644.9
38|84|"SANTO TOME"|39|"PLASTICO Y SUS MANUFACTURAS"|16|350249.21|931392.72
39|84|"SANTO TOME"|39|"PLASTICO Y SUS MANUFACTURAS"|13|273144|712420.11
40|84|"SANTO TOME"|39|"PLASTICO Y SUS MANUFACTURAS"|8|99100|332416.75
41|84|"SANTO TOME"|39|"PLASTICO Y SUS MANUFACTURAS"|14|291210|735200.32
42|84|"SANTO TOME"|39|"PLASTICO Y SUS MANUFACTURAS"|9|152949|441278.44
43|84|"SANTO TOME"|39|"PLASTICO Y SUS MANUFACTURAS"|13|242284.3|631520.09
44|84|"SANTO TOME"|39|"PLASTICO Y SUS MANUFACTURAS"|8|145015.65|454182
45|84|"SANTO TOME"|39|"PLASTICO Y SUS MANUFACTURAS"|9|134498|383956.45
46|84|"SANTO TOME"|39|"PLASTICO Y SUS MANUFACTURAS"|15|322386|717421.22
47|84|"SANTO TOME"|39|"PLASTICO Y SUS MANUFACTURAS"|8|193165|533842.14
48|84|"SANTO TOME"|39|"PLASTICO Y SUS MANUFACTURAS"|10|216248|503322.77
49|84|"SANTO TOME"|39|"PLASTICO Y SUS MANUFACTURAS"|25|520559|1195809.26
50|84|"SANTO TOME"|39|"PLASTICO Y SUS MANUFACTURAS"|21|347106|1047132.7
51|84|"SANTO TOME"|39|"PLASTICO Y SUS MANUFACTURAS"|11|176220|388148.4
52|84|"SANTO TOME"|39|"PLASTICO Y SUS MANUFACTURAS"|6|176303|323620.55
53|84|"SANTO TOME"|39|"PLASTICO Y SUS MANUFACTURAS"|6|97650|332896.5
54|84|"SANTO TOME"|39|"PLASTICO Y SUS MANUFACTURAS"|19|593882|1228535.57
55|84|"SANTO TOME"|39|"PLASTICO Y SUS MANUFACTURAS"|11|303360|674520.07
56|84|"SANTO TOME"|39|"PLASTICO Y SUS MANUFACTURAS"|5|70000|227780
57|84|"SANTO TOME"|39|"PLASTICO Y SUS MANUFACTURAS"|8|121000|396090
58|84|"SANTO TOME"|39|"PLASTICO Y SUS MANUFACTURAS"|12|327442|649246.8
60|84|"SANTO TOME"|39|"PLASTICO Y SUS MANUFACTURAS"|12|233193|586342.7
61|84|"SANTO TOME"|39|"PLASTICO Y SUS MANUFACTURAS"|14|365304|890626.75
62|84|"SANTO TOME"|39|"PLASTICO Y SUS MANUFACTURAS"|7|144000|448400
63|84|"SANTO TOME"|39|"PLASTICO Y SUS MANUFACTURAS"|11|342387|722864.56
64|84|"SANTO TOME"|39|"PLASTICO Y SUS MANUFACTURAS"|8|262249|585833.01
65|84|"SANTO TOME"|39|"PLASTICO Y SUS MANUFACTURAS"|6|144000|460600
66|84|"SANTO TOME"|39|"PLASTICO Y SUS MANUFACTURAS"|9|142198.9|463984.37
67|84|"SANTO TOME"|39|"PLASTICO Y SUS MANUFACTURAS"|8|297387|553588.96
68|84|"SANTO TOME"|39|"PLASTICO Y SUS MANUFACTURAS"|6|120000|408020
69|84|"SANTO TOME"|39|"PLASTICO Y SUS MANUFACTURAS"|7|240332|427178.48
70|84|"SANTO TOME"|39|"PLASTICO Y SUS MANUFACTURAS"|8|208746|395716.68
71|84|"SANTO TOME"|39|"PLASTICO Y SUS MANUFACTURAS"|4|99000|302560
72|84|"SANTO TOME"|39|"PLASTICO Y SUS MANUFACTURAS"|20|620856|1141360.12
73|84|"SANTO TOME"|39|"PLASTICO Y SUS MANUFACTURAS"|9|210724.5|400546
74|84|"SANTO TOME"|39|"PLASTICO Y SUS MANUFACTURAS"|8|150440|489180.7
75|84|"SANTO TOME"|39|"PLASTICO Y SUS MANUFACTURAS"|14|249000|816080
76|84|"SANTO TOME"|39|"PLASTICO Y SUS MANUFACTURAS"|4|74000|220410
77|84|"SANTO TOME"|39|"PLASTICO Y SUS MANUFACTURAS"|11|354000|617132.65
78|84|"SANTO TOME"|39|"PLASTICO Y SUS MANUFACTURAS"|6|123083|277243.03
79|84|"SANTO TOME"|39|"PLASTICO Y SUS MANUFACTURAS"|6|146166|284814.98
80|84|"SANTO TOME"|39|"PLASTICO Y SUS MANUFACTURAS"|6|98183|226179.49
81|84|"SANTO TOME"|39|"PLASTICO Y SUS MANUFACTURAS"|6|174471|317678.26
82|84|"SANTO TOME"|39|"PLASTICO Y SUS MANUFACTURAS"|12|298304|627771.27
83|84|"SANTO TOME"|39|"PLASTICO Y SUS MANUFACTURAS"|10|256459|452807.82
84|84|"SANTO TOME"|39|"PLASTICO Y SUS MANUFACTURAS"|10|146000|437240
85|84|"SANTO TOME"|39|"PLASTICO Y SUS MANUFACTURAS"|4|153221|264499.68
86|84|"SANTO TOME"|39|"PLASTICO Y SUS MANUFACTURAS"|20|382193|985926.64
87|84|"SANTO TOME"|39|"PLASTICO Y SUS MANUFACTURAS"|9|191449|368033.48
88|84|"SANTO TOME"|39|"PLASTICO Y SUS MANUFACTURAS"|10|247304|456100.76
89|84|"SANTO TOME"|39|"PLASTICO Y SUS MANUFACTURAS"|12|312252|593729.46
90|84|"SANTO TOME"|39|"PLASTICO Y SUS MANUFACTURAS"|11|369433|636150.1
91|84|"SANTO TOME"|39|"PLASTICO Y SUS MANUFACTURAS"|10|237166|551583.9
92|84|"SANTO TOME"|39|"PLASTICO Y SUS MANUFACTURAS"|7|199221|369434.31
93|84|"SANTO TOME"|39|"PLASTICO Y SUS MANUFACTURAS"|4|48000|123820
94|84|"SANTO TOME"|39|"PLASTICO Y SUS MANUFACTURAS"|7|117000|281930
95|84|"SANTO TOME"|39|"PLASTICO Y SUS MANUFACTURAS"|11|121283.75|323430.15
96|84|"SANTO TOME"|39|"PLASTICO Y SUS MANUFACTURAS"|4|54032|154852
97|84|"SANTO TOME"|39|"PLASTICO Y SUS MANUFACTURAS"|6|97021|236576.32
98|84|"SANTO TOME"|39|"PLASTICO Y SUS MANUFACTURAS"|3|70000|162930
99|84|"SANTO TOME"|39|"PLASTICO Y SUS MANUFACTURAS"|10|143050|341882
100|84|"SANTO TOME"|39|"PLASTICO Y SUS MANUFACTURAS"|10|188000|458080
101|84|"SANTO TOME"|39|"PLASTICO Y SUS MANUFACTURAS"|8|119000|281820
102|84|"SANTO TOME"|39|"PLASTICO Y SUS MANUFACTURAS"|6|94000|219600
104|84|"SANTO TOME"|39|"PLASTICO Y SUS MANUFACTURAS"|3|16535|40960.97
