"semana"|"aduana"|"aduana_desc"|"mercaderia"|"mercaderia_desc"|"cantidad"|"kilos"|"importe"
69|91|"BS.AS. NORTE"|81|"LOS DEMAS METALES COMUNES; CERMETS; MANUFACTURAS DE ESTAS MA"|2|400|26889.76
72|91|"BS.AS. NORTE"|81|"LOS DEMAS METALES COMUNES; CERMETS; MANUFACTURAS DE ESTAS MA"|2|1400|37839.38
75|91|"BS.AS. NORTE"|81|"LOS DEMAS METALES COMUNES; CERMETS; MANUFACTURAS DE ESTAS MA"|1|31.39|461.4
76|91|"BS.AS. NORTE"|81|"LOS DEMAS METALES COMUNES; CERMETS; MANUFACTURAS DE ESTAS MA"|2|12.27|185.35
78|91|"BS.AS. NORTE"|81|"LOS DEMAS METALES COMUNES; CERMETS; MANUFACTURAS DE ESTAS MA"|1|79.04|937.5
82|91|"BS.AS. NORTE"|81|"LOS DEMAS METALES COMUNES; CERMETS; MANUFACTURAS DE ESTAS MA"|1|65.4|425.65
83|91|"BS.AS. NORTE"|81|"LOS DEMAS METALES COMUNES; CERMETS; MANUFACTURAS DE ESTAS MA"|2|2.6|2688
84|91|"BS.AS. NORTE"|81|"LOS DEMAS METALES COMUNES; CERMETS; MANUFACTURAS DE ESTAS MA"|1|545|7696.83
88|91|"BS.AS. NORTE"|81|"LOS DEMAS METALES COMUNES; CERMETS; MANUFACTURAS DE ESTAS MA"|2|161.26|1105.89
89|91|"BS.AS. NORTE"|81|"LOS DEMAS METALES COMUNES; CERMETS; MANUFACTURAS DE ESTAS MA"|1|348|19968
94|91|"BS.AS. NORTE"|81|"LOS DEMAS METALES COMUNES; CERMETS; MANUFACTURAS DE ESTAS MA"|1|127.33|1930.7
99|91|"BS.AS. NORTE"|81|"LOS DEMAS METALES COMUNES; CERMETS; MANUFACTURAS DE ESTAS MA"|1|45.94|482.8
100|91|"BS.AS. NORTE"|81|"LOS DEMAS METALES COMUNES; CERMETS; MANUFACTURAS DE ESTAS MA"|1|9.28|121.8
