"semana"|"aduana"|"aduana_desc"|"mercaderia"|"mercaderia_desc"|"cantidad"|"kilos"|"importe"
3|82|"BERNARDO DE YRIGOYEN"|12|"SEMILLAS Y FRUTOS OLEAGINOSOS; SEMILLAS Y FRUTOS DIVERSOS; P"|1|29000|22040
4|82|"BERNARDO DE YRIGOYEN"|12|"SEMILLAS Y FRUTOS OLEAGINOSOS; SEMILLAS Y FRUTOS DIVERSOS; P"|3|81000|58280
5|82|"BERNARDO DE YRIGOYEN"|12|"SEMILLAS Y FRUTOS OLEAGINOSOS; SEMILLAS Y FRUTOS DIVERSOS; P"|3|86000|57520
6|82|"BERNARDO DE YRIGOYEN"|12|"SEMILLAS Y FRUTOS OLEAGINOSOS; SEMILLAS Y FRUTOS DIVERSOS; P"|3|79000|55940
7|82|"BERNARDO DE YRIGOYEN"|12|"SEMILLAS Y FRUTOS OLEAGINOSOS; SEMILLAS Y FRUTOS DIVERSOS; P"|2|49900|33855
8|82|"BERNARDO DE YRIGOYEN"|12|"SEMILLAS Y FRUTOS OLEAGINOSOS; SEMILLAS Y FRUTOS DIVERSOS; P"|2|51000|36340
9|82|"BERNARDO DE YRIGOYEN"|12|"SEMILLAS Y FRUTOS OLEAGINOSOS; SEMILLAS Y FRUTOS DIVERSOS; P"|3|84300|60750
13|82|"BERNARDO DE YRIGOYEN"|12|"SEMILLAS Y FRUTOS OLEAGINOSOS; SEMILLAS Y FRUTOS DIVERSOS; P"|1|22500|14625
15|82|"BERNARDO DE YRIGOYEN"|12|"SEMILLAS Y FRUTOS OLEAGINOSOS; SEMILLAS Y FRUTOS DIVERSOS; P"|1|22000|14300
17|82|"BERNARDO DE YRIGOYEN"|12|"SEMILLAS Y FRUTOS OLEAGINOSOS; SEMILLAS Y FRUTOS DIVERSOS; P"|1|29000|22040
18|82|"BERNARDO DE YRIGOYEN"|12|"SEMILLAS Y FRUTOS OLEAGINOSOS; SEMILLAS Y FRUTOS DIVERSOS; P"|1|29000|22040
22|82|"BERNARDO DE YRIGOYEN"|12|"SEMILLAS Y FRUTOS OLEAGINOSOS; SEMILLAS Y FRUTOS DIVERSOS; P"|6|152000|121460
24|82|"BERNARDO DE YRIGOYEN"|12|"SEMILLAS Y FRUTOS OLEAGINOSOS; SEMILLAS Y FRUTOS DIVERSOS; P"|2|44000|41800
25|82|"BERNARDO DE YRIGOYEN"|12|"SEMILLAS Y FRUTOS OLEAGINOSOS; SEMILLAS Y FRUTOS DIVERSOS; P"|3|84000|54880
28|82|"BERNARDO DE YRIGOYEN"|12|"SEMILLAS Y FRUTOS OLEAGINOSOS; SEMILLAS Y FRUTOS DIVERSOS; P"|1|28500|21660
30|82|"BERNARDO DE YRIGOYEN"|12|"SEMILLAS Y FRUTOS OLEAGINOSOS; SEMILLAS Y FRUTOS DIVERSOS; P"|1|23000|14950
34|82|"BERNARDO DE YRIGOYEN"|12|"SEMILLAS Y FRUTOS OLEAGINOSOS; SEMILLAS Y FRUTOS DIVERSOS; P"|1|23000|14950
38|82|"BERNARDO DE YRIGOYEN"|12|"SEMILLAS Y FRUTOS OLEAGINOSOS; SEMILLAS Y FRUTOS DIVERSOS; P"|1|29000|22040
40|82|"BERNARDO DE YRIGOYEN"|12|"SEMILLAS Y FRUTOS OLEAGINOSOS; SEMILLAS Y FRUTOS DIVERSOS; P"|1|28500|21660
42|82|"BERNARDO DE YRIGOYEN"|12|"SEMILLAS Y FRUTOS OLEAGINOSOS; SEMILLAS Y FRUTOS DIVERSOS; P"|3|85500|64980
46|82|"BERNARDO DE YRIGOYEN"|12|"SEMILLAS Y FRUTOS OLEAGINOSOS; SEMILLAS Y FRUTOS DIVERSOS; P"|1|29000|22040
48|82|"BERNARDO DE YRIGOYEN"|12|"SEMILLAS Y FRUTOS OLEAGINOSOS; SEMILLAS Y FRUTOS DIVERSOS; P"|1|22000|14300
49|82|"BERNARDO DE YRIGOYEN"|12|"SEMILLAS Y FRUTOS OLEAGINOSOS; SEMILLAS Y FRUTOS DIVERSOS; P"|1|28000|21280
50|82|"BERNARDO DE YRIGOYEN"|12|"SEMILLAS Y FRUTOS OLEAGINOSOS; SEMILLAS Y FRUTOS DIVERSOS; P"|1|29000|22040
58|82|"BERNARDO DE YRIGOYEN"|12|"SEMILLAS Y FRUTOS OLEAGINOSOS; SEMILLAS Y FRUTOS DIVERSOS; P"|1|29000|17400
60|82|"BERNARDO DE YRIGOYEN"|12|"SEMILLAS Y FRUTOS OLEAGINOSOS; SEMILLAS Y FRUTOS DIVERSOS; P"|1|29000|17400
67|82|"BERNARDO DE YRIGOYEN"|12|"SEMILLAS Y FRUTOS OLEAGINOSOS; SEMILLAS Y FRUTOS DIVERSOS; P"|1|29000|15950
71|82|"BERNARDO DE YRIGOYEN"|12|"SEMILLAS Y FRUTOS OLEAGINOSOS; SEMILLAS Y FRUTOS DIVERSOS; P"|1|47990|24474.9
