"semana"|"aduana"|"aduana_desc"|"mercaderia"|"mercaderia_desc"|"cantidad"|"kilos"|"importe"
2|83|"SAN LUIS"|56|"GUATA, FIELTRO Y TELA SIN TEJER; HILADOS ESPECIALES; CORDELE"|1|4133.75|55988.82
7|83|"SAN LUIS"|56|"GUATA, FIELTRO Y TELA SIN TEJER; HILADOS ESPECIALES; CORDELE"|1|3515.6|13028.4
15|83|"SAN LUIS"|56|"GUATA, FIELTRO Y TELA SIN TEJER; HILADOS ESPECIALES; CORDELE"|1|2794.1|10865.96
18|83|"SAN LUIS"|56|"GUATA, FIELTRO Y TELA SIN TEJER; HILADOS ESPECIALES; CORDELE"|2|7167.9|23046
24|83|"SAN LUIS"|56|"GUATA, FIELTRO Y TELA SIN TEJER; HILADOS ESPECIALES; CORDELE"|1|6174|17698.8
26|83|"SAN LUIS"|56|"GUATA, FIELTRO Y TELA SIN TEJER; HILADOS ESPECIALES; CORDELE"|4|5400.8|16844.18
27|83|"SAN LUIS"|56|"GUATA, FIELTRO Y TELA SIN TEJER; HILADOS ESPECIALES; CORDELE"|1|1072|12264
29|83|"SAN LUIS"|56|"GUATA, FIELTRO Y TELA SIN TEJER; HILADOS ESPECIALES; CORDELE"|2|2355.8|16759.45
39|83|"SAN LUIS"|56|"GUATA, FIELTRO Y TELA SIN TEJER; HILADOS ESPECIALES; CORDELE"|1|2377.6|6426
42|83|"SAN LUIS"|56|"GUATA, FIELTRO Y TELA SIN TEJER; HILADOS ESPECIALES; CORDELE"|1|3518.5|22391.04
48|83|"SAN LUIS"|56|"GUATA, FIELTRO Y TELA SIN TEJER; HILADOS ESPECIALES; CORDELE"|1|1431|9208.08
60|83|"SAN LUIS"|56|"GUATA, FIELTRO Y TELA SIN TEJER; HILADOS ESPECIALES; CORDELE"|1|650|8624.6
90|83|"SAN LUIS"|56|"GUATA, FIELTRO Y TELA SIN TEJER; HILADOS ESPECIALES; CORDELE"|1|9240|41674.5
93|83|"SAN LUIS"|56|"GUATA, FIELTRO Y TELA SIN TEJER; HILADOS ESPECIALES; CORDELE"|2|6763.02|40700.76
103|83|"SAN LUIS"|56|"GUATA, FIELTRO Y TELA SIN TEJER; HILADOS ESPECIALES; CORDELE"|1|246|3056.9
