"semana"|"aduana"|"aduana_desc"|"mercaderia"|"mercaderia_desc"|"cantidad"|"kilos"|"importe"
69|92|"BS.AS. SUR"|51|"LANA Y PELO FINO U ORDINARIO; HILADOS Y TEJIDOS DE CRIN"|8|133536|734321.44
70|92|"BS.AS. SUR"|51|"LANA Y PELO FINO U ORDINARIO; HILADOS Y TEJIDOS DE CRIN"|18|208839.5|1080037.76
71|92|"BS.AS. SUR"|51|"LANA Y PELO FINO U ORDINARIO; HILADOS Y TEJIDOS DE CRIN"|15|154567|802740.35
72|92|"BS.AS. SUR"|51|"LANA Y PELO FINO U ORDINARIO; HILADOS Y TEJIDOS DE CRIN"|12|122641|678593.03
73|92|"BS.AS. SUR"|51|"LANA Y PELO FINO U ORDINARIO; HILADOS Y TEJIDOS DE CRIN"|2|50385|177082.23
74|92|"BS.AS. SUR"|51|"LANA Y PELO FINO U ORDINARIO; HILADOS Y TEJIDOS DE CRIN"|2|43025|183404.54
75|92|"BS.AS. SUR"|51|"LANA Y PELO FINO U ORDINARIO; HILADOS Y TEJIDOS DE CRIN"|17|160985|574348.66
76|92|"BS.AS. SUR"|51|"LANA Y PELO FINO U ORDINARIO; HILADOS Y TEJIDOS DE CRIN"|8|170828|515143.33
77|92|"BS.AS. SUR"|51|"LANA Y PELO FINO U ORDINARIO; HILADOS Y TEJIDOS DE CRIN"|19|314463|1745311.22
78|92|"BS.AS. SUR"|51|"LANA Y PELO FINO U ORDINARIO; HILADOS Y TEJIDOS DE CRIN"|5|68298|315202.15
79|92|"BS.AS. SUR"|51|"LANA Y PELO FINO U ORDINARIO; HILADOS Y TEJIDOS DE CRIN"|11|112159|660356.46
80|92|"BS.AS. SUR"|51|"LANA Y PELO FINO U ORDINARIO; HILADOS Y TEJIDOS DE CRIN"|5|114772.55|419120.44
81|92|"BS.AS. SUR"|51|"LANA Y PELO FINO U ORDINARIO; HILADOS Y TEJIDOS DE CRIN"|1|11176|27940
82|92|"BS.AS. SUR"|51|"LANA Y PELO FINO U ORDINARIO; HILADOS Y TEJIDOS DE CRIN"|3|66293|181432.49
83|92|"BS.AS. SUR"|51|"LANA Y PELO FINO U ORDINARIO; HILADOS Y TEJIDOS DE CRIN"|8|58572.85|338107.89
84|92|"BS.AS. SUR"|51|"LANA Y PELO FINO U ORDINARIO; HILADOS Y TEJIDOS DE CRIN"|14|107447|364651.81
85|92|"BS.AS. SUR"|51|"LANA Y PELO FINO U ORDINARIO; HILADOS Y TEJIDOS DE CRIN"|2|12950|78583.91
86|92|"BS.AS. SUR"|51|"LANA Y PELO FINO U ORDINARIO; HILADOS Y TEJIDOS DE CRIN"|2|47426|87609.58
87|92|"BS.AS. SUR"|51|"LANA Y PELO FINO U ORDINARIO; HILADOS Y TEJIDOS DE CRIN"|8|65397|249707.83
88|92|"BS.AS. SUR"|51|"LANA Y PELO FINO U ORDINARIO; HILADOS Y TEJIDOS DE CRIN"|11|99068|564664.34
89|92|"BS.AS. SUR"|51|"LANA Y PELO FINO U ORDINARIO; HILADOS Y TEJIDOS DE CRIN"|5|76138|203785.82
90|92|"BS.AS. SUR"|51|"LANA Y PELO FINO U ORDINARIO; HILADOS Y TEJIDOS DE CRIN"|10|137266|540216.74
91|92|"BS.AS. SUR"|51|"LANA Y PELO FINO U ORDINARIO; HILADOS Y TEJIDOS DE CRIN"|8|110504|520551.55
92|92|"BS.AS. SUR"|51|"LANA Y PELO FINO U ORDINARIO; HILADOS Y TEJIDOS DE CRIN"|12|112811|460568.18
93|92|"BS.AS. SUR"|51|"LANA Y PELO FINO U ORDINARIO; HILADOS Y TEJIDOS DE CRIN"|18|135560.45|586433.84
94|92|"BS.AS. SUR"|51|"LANA Y PELO FINO U ORDINARIO; HILADOS Y TEJIDOS DE CRIN"|5|79033|411296.46
95|92|"BS.AS. SUR"|51|"LANA Y PELO FINO U ORDINARIO; HILADOS Y TEJIDOS DE CRIN"|4|70005.85|185098.58
96|92|"BS.AS. SUR"|51|"LANA Y PELO FINO U ORDINARIO; HILADOS Y TEJIDOS DE CRIN"|7|88744|313141.97
97|92|"BS.AS. SUR"|51|"LANA Y PELO FINO U ORDINARIO; HILADOS Y TEJIDOS DE CRIN"|9|105965.7|310935.22
98|92|"BS.AS. SUR"|51|"LANA Y PELO FINO U ORDINARIO; HILADOS Y TEJIDOS DE CRIN"|7|67712|324929.8
99|92|"BS.AS. SUR"|51|"LANA Y PELO FINO U ORDINARIO; HILADOS Y TEJIDOS DE CRIN"|5|80589|172804.46
100|92|"BS.AS. SUR"|51|"LANA Y PELO FINO U ORDINARIO; HILADOS Y TEJIDOS DE CRIN"|7|55823.2|127751.86
101|92|"BS.AS. SUR"|51|"LANA Y PELO FINO U ORDINARIO; HILADOS Y TEJIDOS DE CRIN"|6|87474|260092.44
102|92|"BS.AS. SUR"|51|"LANA Y PELO FINO U ORDINARIO; HILADOS Y TEJIDOS DE CRIN"|10|75507|210163.53
103|92|"BS.AS. SUR"|51|"LANA Y PELO FINO U ORDINARIO; HILADOS Y TEJIDOS DE CRIN"|7|134598|324626.48
104|92|"BS.AS. SUR"|51|"LANA Y PELO FINO U ORDINARIO; HILADOS Y TEJIDOS DE CRIN"|1|23456|45973.76
