"semana"|"aduana"|"aduana_desc"|"mercaderia"|"mercaderia_desc"|"cantidad"|"kilos"|"importe"
1|83|"SAN LUIS"|39|"PLASTICO Y SUS MANUFACTURAS"|6|32997|78539.75
2|83|"SAN LUIS"|39|"PLASTICO Y SUS MANUFACTURAS"|14|90878.56|321001.31
3|83|"SAN LUIS"|39|"PLASTICO Y SUS MANUFACTURAS"|6|47090|171545.76
4|83|"SAN LUIS"|39|"PLASTICO Y SUS MANUFACTURAS"|16|304631.66|1191065.29
5|83|"SAN LUIS"|39|"PLASTICO Y SUS MANUFACTURAS"|18|125906.35|439899.04
6|83|"SAN LUIS"|39|"PLASTICO Y SUS MANUFACTURAS"|5|72962|249781.36
7|83|"SAN LUIS"|39|"PLASTICO Y SUS MANUFACTURAS"|6|51276.49|179295.73
8|83|"SAN LUIS"|39|"PLASTICO Y SUS MANUFACTURAS"|13|79693.49|348428.42
9|83|"SAN LUIS"|39|"PLASTICO Y SUS MANUFACTURAS"|18|113220.86|1018470.1
10|83|"SAN LUIS"|39|"PLASTICO Y SUS MANUFACTURAS"|16|170938.52|611801.19
11|83|"SAN LUIS"|39|"PLASTICO Y SUS MANUFACTURAS"|16|118186|398428.82
12|83|"SAN LUIS"|39|"PLASTICO Y SUS MANUFACTURAS"|5|27020.84|112323.69
13|83|"SAN LUIS"|39|"PLASTICO Y SUS MANUFACTURAS"|20|230181|968003.14
14|83|"SAN LUIS"|39|"PLASTICO Y SUS MANUFACTURAS"|7|82862.66|239520.31
15|83|"SAN LUIS"|39|"PLASTICO Y SUS MANUFACTURAS"|12|129027.72|346779.75
16|83|"SAN LUIS"|39|"PLASTICO Y SUS MANUFACTURAS"|21|127817.7|407207.94
17|83|"SAN LUIS"|39|"PLASTICO Y SUS MANUFACTURAS"|12|166095.99|658564.79
18|83|"SAN LUIS"|39|"PLASTICO Y SUS MANUFACTURAS"|6|56168|215619.35
19|83|"SAN LUIS"|39|"PLASTICO Y SUS MANUFACTURAS"|6|6097.6|26368.88
20|83|"SAN LUIS"|39|"PLASTICO Y SUS MANUFACTURAS"|12|72782.41|268468.23
21|83|"SAN LUIS"|39|"PLASTICO Y SUS MANUFACTURAS"|11|169252|630639.79
22|83|"SAN LUIS"|39|"PLASTICO Y SUS MANUFACTURAS"|10|31606.19|138852.61
23|83|"SAN LUIS"|39|"PLASTICO Y SUS MANUFACTURAS"|11|96524.4|345810.61
24|83|"SAN LUIS"|39|"PLASTICO Y SUS MANUFACTURAS"|14|80583.29|263671.82
25|83|"SAN LUIS"|39|"PLASTICO Y SUS MANUFACTURAS"|6|50514.79|185343.67
26|83|"SAN LUIS"|39|"PLASTICO Y SUS MANUFACTURAS"|12|104383.09|468905.37
27|83|"SAN LUIS"|39|"PLASTICO Y SUS MANUFACTURAS"|14|120067.99|373699.08
28|83|"SAN LUIS"|39|"PLASTICO Y SUS MANUFACTURAS"|9|60992.37|275153.59
29|83|"SAN LUIS"|39|"PLASTICO Y SUS MANUFACTURAS"|10|89453.8|287667.45
30|83|"SAN LUIS"|39|"PLASTICO Y SUS MANUFACTURAS"|13|111864.72|527971.71
31|83|"SAN LUIS"|39|"PLASTICO Y SUS MANUFACTURAS"|8|108727.2|533938.54
32|83|"SAN LUIS"|39|"PLASTICO Y SUS MANUFACTURAS"|11|91228.16|287000.07
33|83|"SAN LUIS"|39|"PLASTICO Y SUS MANUFACTURAS"|9|93715|336131.22
34|83|"SAN LUIS"|39|"PLASTICO Y SUS MANUFACTURAS"|13|94405.72|436494.62
35|83|"SAN LUIS"|39|"PLASTICO Y SUS MANUFACTURAS"|10|93719.83|447560.96
36|83|"SAN LUIS"|39|"PLASTICO Y SUS MANUFACTURAS"|13|90481.93|352940.55
37|83|"SAN LUIS"|39|"PLASTICO Y SUS MANUFACTURAS"|6|61841.32|175345.55
38|83|"SAN LUIS"|39|"PLASTICO Y SUS MANUFACTURAS"|10|114799.82|654487.34
39|83|"SAN LUIS"|39|"PLASTICO Y SUS MANUFACTURAS"|12|61794|180246.53
40|83|"SAN LUIS"|39|"PLASTICO Y SUS MANUFACTURAS"|8|62512.42|236426.55
41|83|"SAN LUIS"|39|"PLASTICO Y SUS MANUFACTURAS"|7|92313.6|310357.95
42|83|"SAN LUIS"|39|"PLASTICO Y SUS MANUFACTURAS"|9|79914.97|352877.4
43|83|"SAN LUIS"|39|"PLASTICO Y SUS MANUFACTURAS"|7|85088.18|483942.31
44|83|"SAN LUIS"|39|"PLASTICO Y SUS MANUFACTURAS"|17|87445.87|248028.57
45|83|"SAN LUIS"|39|"PLASTICO Y SUS MANUFACTURAS"|9|95214.88|261344.88
46|83|"SAN LUIS"|39|"PLASTICO Y SUS MANUFACTURAS"|17|148960.71|527885.08
47|83|"SAN LUIS"|39|"PLASTICO Y SUS MANUFACTURAS"|10|96053.6|310789.85
48|83|"SAN LUIS"|39|"PLASTICO Y SUS MANUFACTURAS"|12|116209.28|429380.25
49|83|"SAN LUIS"|39|"PLASTICO Y SUS MANUFACTURAS"|8|65702.29|195377.69
50|83|"SAN LUIS"|39|"PLASTICO Y SUS MANUFACTURAS"|9|65422.37|336930.32
51|83|"SAN LUIS"|39|"PLASTICO Y SUS MANUFACTURAS"|21|226506|776787.51
52|83|"SAN LUIS"|39|"PLASTICO Y SUS MANUFACTURAS"|11|67195.88|207616.19
53|83|"SAN LUIS"|39|"PLASTICO Y SUS MANUFACTURAS"|2|27709|66084.53
54|83|"SAN LUIS"|39|"PLASTICO Y SUS MANUFACTURAS"|7|121076.3|340902.52
55|83|"SAN LUIS"|39|"PLASTICO Y SUS MANUFACTURAS"|16|92065.68|318637.03
56|83|"SAN LUIS"|39|"PLASTICO Y SUS MANUFACTURAS"|8|95166.06|566667.77
57|83|"SAN LUIS"|39|"PLASTICO Y SUS MANUFACTURAS"|9|39514.09|108111.54
58|83|"SAN LUIS"|39|"PLASTICO Y SUS MANUFACTURAS"|14|116884.69|428068.98
59|83|"SAN LUIS"|39|"PLASTICO Y SUS MANUFACTURAS"|9|76176|230602.49
60|83|"SAN LUIS"|39|"PLASTICO Y SUS MANUFACTURAS"|12|108471.29|592700.05
61|83|"SAN LUIS"|39|"PLASTICO Y SUS MANUFACTURAS"|14|155059|481235.68
62|83|"SAN LUIS"|39|"PLASTICO Y SUS MANUFACTURAS"|7|108489.6|319758.6
63|83|"SAN LUIS"|39|"PLASTICO Y SUS MANUFACTURAS"|9|113983.9|284135.97
64|83|"SAN LUIS"|39|"PLASTICO Y SUS MANUFACTURAS"|8|80868|324083.41
65|83|"SAN LUIS"|39|"PLASTICO Y SUS MANUFACTURAS"|11|101713.54|414257.68
66|83|"SAN LUIS"|39|"PLASTICO Y SUS MANUFACTURAS"|10|124207.2|293306.26
67|83|"SAN LUIS"|39|"PLASTICO Y SUS MANUFACTURAS"|6|60296.29|137603.58
68|83|"SAN LUIS"|39|"PLASTICO Y SUS MANUFACTURAS"|7|81270.7|306498.61
69|83|"SAN LUIS"|39|"PLASTICO Y SUS MANUFACTURAS"|18|163911.09|640634.11
70|83|"SAN LUIS"|39|"PLASTICO Y SUS MANUFACTURAS"|8|89480|295373.86
71|83|"SAN LUIS"|39|"PLASTICO Y SUS MANUFACTURAS"|11|32170.14|109173.28
72|83|"SAN LUIS"|39|"PLASTICO Y SUS MANUFACTURAS"|12|103041.18|318258.86
73|83|"SAN LUIS"|39|"PLASTICO Y SUS MANUFACTURAS"|12|125443.87|574918.88
74|83|"SAN LUIS"|39|"PLASTICO Y SUS MANUFACTURAS"|7|46438.32|213867.02
75|83|"SAN LUIS"|39|"PLASTICO Y SUS MANUFACTURAS"|13|104291.4|277935.53
76|83|"SAN LUIS"|39|"PLASTICO Y SUS MANUFACTURAS"|5|51256.98|118418.62
77|83|"SAN LUIS"|39|"PLASTICO Y SUS MANUFACTURAS"|5|1842.98|9675.44
78|83|"SAN LUIS"|39|"PLASTICO Y SUS MANUFACTURAS"|19|330165.76|1014140.1
79|83|"SAN LUIS"|39|"PLASTICO Y SUS MANUFACTURAS"|7|143811.16|415208.73
80|83|"SAN LUIS"|39|"PLASTICO Y SUS MANUFACTURAS"|9|24787.08|91130.05
81|83|"SAN LUIS"|39|"PLASTICO Y SUS MANUFACTURAS"|21|91063.62|333023.34
82|83|"SAN LUIS"|39|"PLASTICO Y SUS MANUFACTURAS"|7|69729|365925.21
83|83|"SAN LUIS"|39|"PLASTICO Y SUS MANUFACTURAS"|13|181237.24|628966.07
84|83|"SAN LUIS"|39|"PLASTICO Y SUS MANUFACTURAS"|9|86471.56|257973.17
85|83|"SAN LUIS"|39|"PLASTICO Y SUS MANUFACTURAS"|3|20558.3|67687.07
86|83|"SAN LUIS"|39|"PLASTICO Y SUS MANUFACTURAS"|10|75927.2|250806.21
87|83|"SAN LUIS"|39|"PLASTICO Y SUS MANUFACTURAS"|17|136870.74|697556.81
88|83|"SAN LUIS"|39|"PLASTICO Y SUS MANUFACTURAS"|7|86966.5|190356.53
89|83|"SAN LUIS"|39|"PLASTICO Y SUS MANUFACTURAS"|7|30636|59230.57
90|83|"SAN LUIS"|39|"PLASTICO Y SUS MANUFACTURAS"|3|29641.31|205235.73
91|83|"SAN LUIS"|39|"PLASTICO Y SUS MANUFACTURAS"|11|173137.66|764965.37
92|83|"SAN LUIS"|39|"PLASTICO Y SUS MANUFACTURAS"|11|102290.77|310305.22
93|83|"SAN LUIS"|39|"PLASTICO Y SUS MANUFACTURAS"|10|73478|240127.52
94|83|"SAN LUIS"|39|"PLASTICO Y SUS MANUFACTURAS"|1|3180.96|30456
95|83|"SAN LUIS"|39|"PLASTICO Y SUS MANUFACTURAS"|9|129729.97|465308.24
96|83|"SAN LUIS"|39|"PLASTICO Y SUS MANUFACTURAS"|3|52656|109503.14
97|83|"SAN LUIS"|39|"PLASTICO Y SUS MANUFACTURAS"|16|69023.5|210801.13
98|83|"SAN LUIS"|39|"PLASTICO Y SUS MANUFACTURAS"|16|211181|532812.16
99|83|"SAN LUIS"|39|"PLASTICO Y SUS MANUFACTURAS"|8|143767.8|463768.9
100|83|"SAN LUIS"|39|"PLASTICO Y SUS MANUFACTURAS"|7|31807.8|228705.78
101|83|"SAN LUIS"|39|"PLASTICO Y SUS MANUFACTURAS"|2|43324.1|149222.52
102|83|"SAN LUIS"|39|"PLASTICO Y SUS MANUFACTURAS"|4|36189|53845.7
103|83|"SAN LUIS"|39|"PLASTICO Y SUS MANUFACTURAS"|7|82471.91|373832.42
104|83|"SAN LUIS"|39|"PLASTICO Y SUS MANUFACTURAS"|6|16976|66825.44
