"semana"|"aduana"|"aduana_desc"|"mercaderia"|"mercaderia_desc"|"cantidad"|"kilos"|"importe"
69|91|"BS.AS. NORTE"|68|"MANUFACTURAS DE PIEDRA, YESO FRAGUABLE, CEMENTO, AMIANTO (AS"|23|28522.63|138072.3
70|91|"BS.AS. NORTE"|68|"MANUFACTURAS DE PIEDRA, YESO FRAGUABLE, CEMENTO, AMIANTO (AS"|12|263929.28|138077.95
71|91|"BS.AS. NORTE"|68|"MANUFACTURAS DE PIEDRA, YESO FRAGUABLE, CEMENTO, AMIANTO (AS"|9|140994.53|124843.54
72|91|"BS.AS. NORTE"|68|"MANUFACTURAS DE PIEDRA, YESO FRAGUABLE, CEMENTO, AMIANTO (AS"|13|276915.36|241305.32
73|91|"BS.AS. NORTE"|68|"MANUFACTURAS DE PIEDRA, YESO FRAGUABLE, CEMENTO, AMIANTO (AS"|5|40022.7|111612.02
74|91|"BS.AS. NORTE"|68|"MANUFACTURAS DE PIEDRA, YESO FRAGUABLE, CEMENTO, AMIANTO (AS"|56|303368.99|322513.41
75|91|"BS.AS. NORTE"|68|"MANUFACTURAS DE PIEDRA, YESO FRAGUABLE, CEMENTO, AMIANTO (AS"|18|292078.05|239466.46
76|91|"BS.AS. NORTE"|68|"MANUFACTURAS DE PIEDRA, YESO FRAGUABLE, CEMENTO, AMIANTO (AS"|10|182517.83|119668.53
77|91|"BS.AS. NORTE"|68|"MANUFACTURAS DE PIEDRA, YESO FRAGUABLE, CEMENTO, AMIANTO (AS"|22|140940.15|161188.59
78|91|"BS.AS. NORTE"|68|"MANUFACTURAS DE PIEDRA, YESO FRAGUABLE, CEMENTO, AMIANTO (AS"|7|106948.21|142420.93
79|91|"BS.AS. NORTE"|68|"MANUFACTURAS DE PIEDRA, YESO FRAGUABLE, CEMENTO, AMIANTO (AS"|15|141223.97|416919.64
80|91|"BS.AS. NORTE"|68|"MANUFACTURAS DE PIEDRA, YESO FRAGUABLE, CEMENTO, AMIANTO (AS"|19|242260|312902.46
81|91|"BS.AS. NORTE"|68|"MANUFACTURAS DE PIEDRA, YESO FRAGUABLE, CEMENTO, AMIANTO (AS"|12|162784.04|193794.23
82|91|"BS.AS. NORTE"|68|"MANUFACTURAS DE PIEDRA, YESO FRAGUABLE, CEMENTO, AMIANTO (AS"|24|291166.41|347413.39
83|91|"BS.AS. NORTE"|68|"MANUFACTURAS DE PIEDRA, YESO FRAGUABLE, CEMENTO, AMIANTO (AS"|12|134842.87|151355.21
84|91|"BS.AS. NORTE"|68|"MANUFACTURAS DE PIEDRA, YESO FRAGUABLE, CEMENTO, AMIANTO (AS"|10|189932.39|219852.64
85|91|"BS.AS. NORTE"|68|"MANUFACTURAS DE PIEDRA, YESO FRAGUABLE, CEMENTO, AMIANTO (AS"|1|83640|14820.93
86|91|"BS.AS. NORTE"|68|"MANUFACTURAS DE PIEDRA, YESO FRAGUABLE, CEMENTO, AMIANTO (AS"|21|84623.62|345155.46
87|91|"BS.AS. NORTE"|68|"MANUFACTURAS DE PIEDRA, YESO FRAGUABLE, CEMENTO, AMIANTO (AS"|13|215897.54|102287.69
88|91|"BS.AS. NORTE"|68|"MANUFACTURAS DE PIEDRA, YESO FRAGUABLE, CEMENTO, AMIANTO (AS"|6|128452.1|177552.18
89|91|"BS.AS. NORTE"|68|"MANUFACTURAS DE PIEDRA, YESO FRAGUABLE, CEMENTO, AMIANTO (AS"|8|120774.74|200236.06
90|91|"BS.AS. NORTE"|68|"MANUFACTURAS DE PIEDRA, YESO FRAGUABLE, CEMENTO, AMIANTO (AS"|21|117588.96|88517.32
91|91|"BS.AS. NORTE"|68|"MANUFACTURAS DE PIEDRA, YESO FRAGUABLE, CEMENTO, AMIANTO (AS"|8|111722.57|283124.48
92|91|"BS.AS. NORTE"|68|"MANUFACTURAS DE PIEDRA, YESO FRAGUABLE, CEMENTO, AMIANTO (AS"|8|19945.54|142206.7
93|91|"BS.AS. NORTE"|68|"MANUFACTURAS DE PIEDRA, YESO FRAGUABLE, CEMENTO, AMIANTO (AS"|4|22219.19|88692.76
94|91|"BS.AS. NORTE"|68|"MANUFACTURAS DE PIEDRA, YESO FRAGUABLE, CEMENTO, AMIANTO (AS"|4|43742.95|174662.51
95|91|"BS.AS. NORTE"|68|"MANUFACTURAS DE PIEDRA, YESO FRAGUABLE, CEMENTO, AMIANTO (AS"|31|103708.31|347043.15
96|91|"BS.AS. NORTE"|68|"MANUFACTURAS DE PIEDRA, YESO FRAGUABLE, CEMENTO, AMIANTO (AS"|4|20462.6|42735.24
97|91|"BS.AS. NORTE"|68|"MANUFACTURAS DE PIEDRA, YESO FRAGUABLE, CEMENTO, AMIANTO (AS"|12|195966.22|182958.31
98|91|"BS.AS. NORTE"|68|"MANUFACTURAS DE PIEDRA, YESO FRAGUABLE, CEMENTO, AMIANTO (AS"|10|82687.1|65221.73
99|91|"BS.AS. NORTE"|68|"MANUFACTURAS DE PIEDRA, YESO FRAGUABLE, CEMENTO, AMIANTO (AS"|10|207896.28|425056.7
100|91|"BS.AS. NORTE"|68|"MANUFACTURAS DE PIEDRA, YESO FRAGUABLE, CEMENTO, AMIANTO (AS"|13|189512.3|328696.89
101|91|"BS.AS. NORTE"|68|"MANUFACTURAS DE PIEDRA, YESO FRAGUABLE, CEMENTO, AMIANTO (AS"|6|111693.05|19530.95
102|91|"BS.AS. NORTE"|68|"MANUFACTURAS DE PIEDRA, YESO FRAGUABLE, CEMENTO, AMIANTO (AS"|15|307499.56|201532.5
103|91|"BS.AS. NORTE"|68|"MANUFACTURAS DE PIEDRA, YESO FRAGUABLE, CEMENTO, AMIANTO (AS"|14|169171.48|71114.54
104|91|"BS.AS. NORTE"|68|"MANUFACTURAS DE PIEDRA, YESO FRAGUABLE, CEMENTO, AMIANTO (AS"|1|19315|5974.5
