"semana"|"aduana"|"aduana_desc"|"mercaderia"|"mercaderia_desc"|"cantidad"|"kilos"|"importe"
29|82|"BERNARDO DE YRIGOYEN"|20|"PREPARACIONES DE HORTALIZAS, FRUTAS U OTROS FRUTOS O DEMAS P"|1|17100|22230
35|82|"BERNARDO DE YRIGOYEN"|20|"PREPARACIONES DE HORTALIZAS, FRUTAS U OTROS FRUTOS O DEMAS P"|1|17100|22230
78|82|"BERNARDO DE YRIGOYEN"|20|"PREPARACIONES DE HORTALIZAS, FRUTAS U OTROS FRUTOS O DEMAS P"|2|16740|20087.75
88|82|"BERNARDO DE YRIGOYEN"|20|"PREPARACIONES DE HORTALIZAS, FRUTAS U OTROS FRUTOS O DEMAS P"|1|17100|21289.5
96|82|"BERNARDO DE YRIGOYEN"|20|"PREPARACIONES DE HORTALIZAS, FRUTAS U OTROS FRUTOS O DEMAS P"|1|17100|18810
102|82|"BERNARDO DE YRIGOYEN"|20|"PREPARACIONES DE HORTALIZAS, FRUTAS U OTROS FRUTOS O DEMAS P"|1|17100|18810
