"semana"|"aduana"|"aduana_desc"|"mercaderia"|"mercaderia_desc"|"cantidad"|"kilos"|"importe"
1|84|"SANTO TOME"|73|"MANUFACTURAS DE FUNDICION, HIERRO O ACERO"|1|5.85|240
2|84|"SANTO TOME"|73|"MANUFACTURAS DE FUNDICION, HIERRO O ACERO"|5|492.35|5942.3
3|84|"SANTO TOME"|73|"MANUFACTURAS DE FUNDICION, HIERRO O ACERO"|6|2108.68|18875.84
4|84|"SANTO TOME"|73|"MANUFACTURAS DE FUNDICION, HIERRO O ACERO"|13|1968.57|21262.37
5|84|"SANTO TOME"|73|"MANUFACTURAS DE FUNDICION, HIERRO O ACERO"|9|2252.17|20631.75
6|84|"SANTO TOME"|73|"MANUFACTURAS DE FUNDICION, HIERRO O ACERO"|5|1740.55|16338.81
7|84|"SANTO TOME"|73|"MANUFACTURAS DE FUNDICION, HIERRO O ACERO"|7|897.14|6615.81
8|84|"SANTO TOME"|73|"MANUFACTURAS DE FUNDICION, HIERRO O ACERO"|11|1453|13791.51
9|84|"SANTO TOME"|73|"MANUFACTURAS DE FUNDICION, HIERRO O ACERO"|11|1747.46|17635.4
10|84|"SANTO TOME"|73|"MANUFACTURAS DE FUNDICION, HIERRO O ACERO"|9|1023.41|10380.23
11|84|"SANTO TOME"|73|"MANUFACTURAS DE FUNDICION, HIERRO O ACERO"|12|2282.2|20715.88
12|84|"SANTO TOME"|73|"MANUFACTURAS DE FUNDICION, HIERRO O ACERO"|10|1760.2|17630
13|84|"SANTO TOME"|73|"MANUFACTURAS DE FUNDICION, HIERRO O ACERO"|11|2391.68|22002.42
14|84|"SANTO TOME"|73|"MANUFACTURAS DE FUNDICION, HIERRO O ACERO"|6|641.11|7012.82
15|84|"SANTO TOME"|73|"MANUFACTURAS DE FUNDICION, HIERRO O ACERO"|12|1382.25|13219.11
16|84|"SANTO TOME"|73|"MANUFACTURAS DE FUNDICION, HIERRO O ACERO"|8|1278.35|12087.03
17|84|"SANTO TOME"|73|"MANUFACTURAS DE FUNDICION, HIERRO O ACERO"|6|1173.86|11726.9
18|84|"SANTO TOME"|73|"MANUFACTURAS DE FUNDICION, HIERRO O ACERO"|6|1931.78|17714.82
19|84|"SANTO TOME"|73|"MANUFACTURAS DE FUNDICION, HIERRO O ACERO"|4|488.16|3643
20|84|"SANTO TOME"|73|"MANUFACTURAS DE FUNDICION, HIERRO O ACERO"|5|1871.44|18233.54
21|84|"SANTO TOME"|73|"MANUFACTURAS DE FUNDICION, HIERRO O ACERO"|12|1058.05|11600.83
22|84|"SANTO TOME"|73|"MANUFACTURAS DE FUNDICION, HIERRO O ACERO"|9|1888.2|15690.87
23|84|"SANTO TOME"|73|"MANUFACTURAS DE FUNDICION, HIERRO O ACERO"|6|1022.57|10139.56
24|84|"SANTO TOME"|73|"MANUFACTURAS DE FUNDICION, HIERRO O ACERO"|11|1469.61|13795.05
25|84|"SANTO TOME"|73|"MANUFACTURAS DE FUNDICION, HIERRO O ACERO"|5|1049.3|10901.46
26|84|"SANTO TOME"|73|"MANUFACTURAS DE FUNDICION, HIERRO O ACERO"|13|2264.06|23698.61
27|84|"SANTO TOME"|73|"MANUFACTURAS DE FUNDICION, HIERRO O ACERO"|15|3300.29|34911.44
28|84|"SANTO TOME"|73|"MANUFACTURAS DE FUNDICION, HIERRO O ACERO"|3|192.25|1967.56
29|84|"SANTO TOME"|73|"MANUFACTURAS DE FUNDICION, HIERRO O ACERO"|10|1748.56|17782.36
30|84|"SANTO TOME"|73|"MANUFACTURAS DE FUNDICION, HIERRO O ACERO"|11|3330.66|31170.02
31|84|"SANTO TOME"|73|"MANUFACTURAS DE FUNDICION, HIERRO O ACERO"|11|1682.19|17462.19
32|84|"SANTO TOME"|73|"MANUFACTURAS DE FUNDICION, HIERRO O ACERO"|13|1640.17|17018.24
33|84|"SANTO TOME"|73|"MANUFACTURAS DE FUNDICION, HIERRO O ACERO"|7|1701.37|17501.61
34|84|"SANTO TOME"|73|"MANUFACTURAS DE FUNDICION, HIERRO O ACERO"|8|1417.34|12806.27
35|84|"SANTO TOME"|73|"MANUFACTURAS DE FUNDICION, HIERRO O ACERO"|13|1386.42|13441.93
36|84|"SANTO TOME"|73|"MANUFACTURAS DE FUNDICION, HIERRO O ACERO"|12|2068.98|17199.35
37|84|"SANTO TOME"|73|"MANUFACTURAS DE FUNDICION, HIERRO O ACERO"|10|1655.94|14599.59
38|84|"SANTO TOME"|73|"MANUFACTURAS DE FUNDICION, HIERRO O ACERO"|13|2298.4|18461.86
39|84|"SANTO TOME"|73|"MANUFACTURAS DE FUNDICION, HIERRO O ACERO"|12|3364.36|28724.12
40|84|"SANTO TOME"|73|"MANUFACTURAS DE FUNDICION, HIERRO O ACERO"|11|2311.46|17469.5
41|84|"SANTO TOME"|73|"MANUFACTURAS DE FUNDICION, HIERRO O ACERO"|10|2057.98|15837.89
42|84|"SANTO TOME"|73|"MANUFACTURAS DE FUNDICION, HIERRO O ACERO"|10|1438.45|12665.71
43|84|"SANTO TOME"|73|"MANUFACTURAS DE FUNDICION, HIERRO O ACERO"|8|655.97|7528.16
44|84|"SANTO TOME"|73|"MANUFACTURAS DE FUNDICION, HIERRO O ACERO"|9|1487.73|11994.58
45|84|"SANTO TOME"|73|"MANUFACTURAS DE FUNDICION, HIERRO O ACERO"|10|1353.28|14156.5
46|84|"SANTO TOME"|73|"MANUFACTURAS DE FUNDICION, HIERRO O ACERO"|10|1390.86|12296.72
47|84|"SANTO TOME"|73|"MANUFACTURAS DE FUNDICION, HIERRO O ACERO"|9|1527.6|16618.81
48|84|"SANTO TOME"|73|"MANUFACTURAS DE FUNDICION, HIERRO O ACERO"|9|1317|13774.86
49|84|"SANTO TOME"|73|"MANUFACTURAS DE FUNDICION, HIERRO O ACERO"|11|2463.76|23411.3
50|84|"SANTO TOME"|73|"MANUFACTURAS DE FUNDICION, HIERRO O ACERO"|8|3218.19|39195.48
51|84|"SANTO TOME"|73|"MANUFACTURAS DE FUNDICION, HIERRO O ACERO"|3|1879.37|11638.16
55|84|"SANTO TOME"|73|"MANUFACTURAS DE FUNDICION, HIERRO O ACERO"|6|2354.83|24229.95
56|84|"SANTO TOME"|73|"MANUFACTURAS DE FUNDICION, HIERRO O ACERO"|4|1007.41|10092.18
57|84|"SANTO TOME"|73|"MANUFACTURAS DE FUNDICION, HIERRO O ACERO"|3|542.52|4220.59
58|84|"SANTO TOME"|73|"MANUFACTURAS DE FUNDICION, HIERRO O ACERO"|4|835.87|7780.52
59|84|"SANTO TOME"|73|"MANUFACTURAS DE FUNDICION, HIERRO O ACERO"|3|1855.16|17638.8
60|84|"SANTO TOME"|73|"MANUFACTURAS DE FUNDICION, HIERRO O ACERO"|9|1709.83|14286.81
61|84|"SANTO TOME"|73|"MANUFACTURAS DE FUNDICION, HIERRO O ACERO"|15|2412.84|24882.77
62|84|"SANTO TOME"|73|"MANUFACTURAS DE FUNDICION, HIERRO O ACERO"|13|1749.06|15899.79
63|84|"SANTO TOME"|73|"MANUFACTURAS DE FUNDICION, HIERRO O ACERO"|5|447.76|4378.25
64|84|"SANTO TOME"|73|"MANUFACTURAS DE FUNDICION, HIERRO O ACERO"|7|1408.69|13985.52
65|84|"SANTO TOME"|73|"MANUFACTURAS DE FUNDICION, HIERRO O ACERO"|7|1050.03|9781.02
66|84|"SANTO TOME"|73|"MANUFACTURAS DE FUNDICION, HIERRO O ACERO"|3|607.42|5958.68
67|84|"SANTO TOME"|73|"MANUFACTURAS DE FUNDICION, HIERRO O ACERO"|5|681.11|7053.38
68|84|"SANTO TOME"|73|"MANUFACTURAS DE FUNDICION, HIERRO O ACERO"|11|1845.22|17328.28
69|84|"SANTO TOME"|73|"MANUFACTURAS DE FUNDICION, HIERRO O ACERO"|5|572.77|4684.52
70|84|"SANTO TOME"|73|"MANUFACTURAS DE FUNDICION, HIERRO O ACERO"|6|1837.15|16245.84
71|84|"SANTO TOME"|73|"MANUFACTURAS DE FUNDICION, HIERRO O ACERO"|7|440.43|4940.81
72|84|"SANTO TOME"|73|"MANUFACTURAS DE FUNDICION, HIERRO O ACERO"|5|1094.81|7500.62
73|84|"SANTO TOME"|73|"MANUFACTURAS DE FUNDICION, HIERRO O ACERO"|6|2063.43|17717.08
74|84|"SANTO TOME"|73|"MANUFACTURAS DE FUNDICION, HIERRO O ACERO"|8|2299.17|25329.92
75|84|"SANTO TOME"|73|"MANUFACTURAS DE FUNDICION, HIERRO O ACERO"|3|659.26|7595.3
76|84|"SANTO TOME"|73|"MANUFACTURAS DE FUNDICION, HIERRO O ACERO"|10|1433.52|14628.32
77|84|"SANTO TOME"|73|"MANUFACTURAS DE FUNDICION, HIERRO O ACERO"|6|1664.87|16289.46
79|84|"SANTO TOME"|73|"MANUFACTURAS DE FUNDICION, HIERRO O ACERO"|1|10.75|184.5
80|84|"SANTO TOME"|73|"MANUFACTURAS DE FUNDICION, HIERRO O ACERO"|9|2017.77|20334.55
81|84|"SANTO TOME"|73|"MANUFACTURAS DE FUNDICION, HIERRO O ACERO"|6|804.37|9362.89
82|84|"SANTO TOME"|73|"MANUFACTURAS DE FUNDICION, HIERRO O ACERO"|9|1843.17|20336.2
83|84|"SANTO TOME"|73|"MANUFACTURAS DE FUNDICION, HIERRO O ACERO"|8|1507.45|14492.09
84|84|"SANTO TOME"|73|"MANUFACTURAS DE FUNDICION, HIERRO O ACERO"|7|1209.47|11565.4
85|84|"SANTO TOME"|73|"MANUFACTURAS DE FUNDICION, HIERRO O ACERO"|5|952.26|9041.4
86|84|"SANTO TOME"|73|"MANUFACTURAS DE FUNDICION, HIERRO O ACERO"|10|1677.96|15524.2
87|84|"SANTO TOME"|73|"MANUFACTURAS DE FUNDICION, HIERRO O ACERO"|4|939.16|7316.4
88|84|"SANTO TOME"|73|"MANUFACTURAS DE FUNDICION, HIERRO O ACERO"|11|1140.1|10847.1
89|84|"SANTO TOME"|73|"MANUFACTURAS DE FUNDICION, HIERRO O ACERO"|8|1248.97|14785.3
90|84|"SANTO TOME"|73|"MANUFACTURAS DE FUNDICION, HIERRO O ACERO"|3|475.24|4612.1
91|84|"SANTO TOME"|73|"MANUFACTURAS DE FUNDICION, HIERRO O ACERO"|3|712.64|6992.5
92|84|"SANTO TOME"|73|"MANUFACTURAS DE FUNDICION, HIERRO O ACERO"|11|1936.8|19709.3
94|84|"SANTO TOME"|73|"MANUFACTURAS DE FUNDICION, HIERRO O ACERO"|7|1681.8|18563
95|84|"SANTO TOME"|73|"MANUFACTURAS DE FUNDICION, HIERRO O ACERO"|3|621.1|5971.4
96|84|"SANTO TOME"|73|"MANUFACTURAS DE FUNDICION, HIERRO O ACERO"|6|1422.84|14052.6
97|84|"SANTO TOME"|73|"MANUFACTURAS DE FUNDICION, HIERRO O ACERO"|5|1247.2|11572
98|84|"SANTO TOME"|73|"MANUFACTURAS DE FUNDICION, HIERRO O ACERO"|4|1352.3|13331.4
99|84|"SANTO TOME"|73|"MANUFACTURAS DE FUNDICION, HIERRO O ACERO"|8|1934.7|17286.4
101|84|"SANTO TOME"|73|"MANUFACTURAS DE FUNDICION, HIERRO O ACERO"|6|854.83|7129
102|84|"SANTO TOME"|73|"MANUFACTURAS DE FUNDICION, HIERRO O ACERO"|4|2123.03|17314
103|84|"SANTO TOME"|73|"MANUFACTURAS DE FUNDICION, HIERRO O ACERO"|1|0.48|77.52
