"semana"|"aduana"|"aduana_desc"|"mercaderia"|"mercaderia_desc"|"cantidad"|"kilos"|"importe"
21|86|"OBERA"|44|"MADERA, CARBON VEGETAL Y MANUFACTURAS DE MADERA"|1|23400|19241.9
24|86|"OBERA"|44|"MADERA, CARBON VEGETAL Y MANUFACTURAS DE MADERA"|1|22500|24694.47
37|86|"OBERA"|44|"MADERA, CARBON VEGETAL Y MANUFACTURAS DE MADERA"|1|25300|30081.18
41|86|"OBERA"|44|"MADERA, CARBON VEGETAL Y MANUFACTURAS DE MADERA"|2|15700|36901.47
43|86|"OBERA"|44|"MADERA, CARBON VEGETAL Y MANUFACTURAS DE MADERA"|1|25000|15306.99
44|86|"OBERA"|44|"MADERA, CARBON VEGETAL Y MANUFACTURAS DE MADERA"|1|25300|29712.83
46|86|"OBERA"|44|"MADERA, CARBON VEGETAL Y MANUFACTURAS DE MADERA"|1|23400|19241.9
48|86|"OBERA"|44|"MADERA, CARBON VEGETAL Y MANUFACTURAS DE MADERA"|1|21000|18099.44
51|86|"OBERA"|44|"MADERA, CARBON VEGETAL Y MANUFACTURAS DE MADERA"|1|22400|17380.93
57|86|"OBERA"|44|"MADERA, CARBON VEGETAL Y MANUFACTURAS DE MADERA"|1|24000|14135.22
78|86|"OBERA"|44|"MADERA, CARBON VEGETAL Y MANUFACTURAS DE MADERA"|1|24000|12952.1
103|86|"OBERA"|44|"MADERA, CARBON VEGETAL Y MANUFACTURAS DE MADERA"|1|24500|15247.55
