"semana"|"aduana"|"aduana_desc"|"mercaderia"|"mercaderia_desc"|"cantidad"|"kilos"|"importe"
68|92|"BS.AS. SUR"|73|"MANUFACTURAS DE FUNDICION, HIERRO O ACERO"|15|34537.62|100600.08
69|92|"BS.AS. SUR"|73|"MANUFACTURAS DE FUNDICION, HIERRO O ACERO"|96|535246.95|1070752.5
70|92|"BS.AS. SUR"|73|"MANUFACTURAS DE FUNDICION, HIERRO O ACERO"|115|216082.22|957127.52
71|92|"BS.AS. SUR"|73|"MANUFACTURAS DE FUNDICION, HIERRO O ACERO"|113|772321.73|1335876.22
72|92|"BS.AS. SUR"|73|"MANUFACTURAS DE FUNDICION, HIERRO O ACERO"|89|398268.82|1275199.68
73|92|"BS.AS. SUR"|73|"MANUFACTURAS DE FUNDICION, HIERRO O ACERO"|87|262850.94|678545.14
74|92|"BS.AS. SUR"|73|"MANUFACTURAS DE FUNDICION, HIERRO O ACERO"|151|741371.08|1624867.55
75|92|"BS.AS. SUR"|73|"MANUFACTURAS DE FUNDICION, HIERRO O ACERO"|113|409441.94|966699.24
76|92|"BS.AS. SUR"|73|"MANUFACTURAS DE FUNDICION, HIERRO O ACERO"|110|259515.57|1226031.93
77|92|"BS.AS. SUR"|73|"MANUFACTURAS DE FUNDICION, HIERRO O ACERO"|109|370081.2|639985.28
78|92|"BS.AS. SUR"|73|"MANUFACTURAS DE FUNDICION, HIERRO O ACERO"|83|311873.26|842007.26
79|92|"BS.AS. SUR"|73|"MANUFACTURAS DE FUNDICION, HIERRO O ACERO"|102|550322.44|1040646.81
80|92|"BS.AS. SUR"|73|"MANUFACTURAS DE FUNDICION, HIERRO O ACERO"|120|312575.71|1695646.66
81|92|"BS.AS. SUR"|73|"MANUFACTURAS DE FUNDICION, HIERRO O ACERO"|81|262730.25|894494.15
82|92|"BS.AS. SUR"|73|"MANUFACTURAS DE FUNDICION, HIERRO O ACERO"|153|403087.86|1822219.66
83|92|"BS.AS. SUR"|73|"MANUFACTURAS DE FUNDICION, HIERRO O ACERO"|184|569921.76|1273929.3
84|92|"BS.AS. SUR"|73|"MANUFACTURAS DE FUNDICION, HIERRO O ACERO"|117|595822.81|1662861.71
85|92|"BS.AS. SUR"|73|"MANUFACTURAS DE FUNDICION, HIERRO O ACERO"|90|238955.11|769113.26
86|92|"BS.AS. SUR"|73|"MANUFACTURAS DE FUNDICION, HIERRO O ACERO"|205|394747.49|1071695.23
87|92|"BS.AS. SUR"|73|"MANUFACTURAS DE FUNDICION, HIERRO O ACERO"|117|400081.42|893591.82
88|92|"BS.AS. SUR"|73|"MANUFACTURAS DE FUNDICION, HIERRO O ACERO"|95|261935.95|820898.24
89|92|"BS.AS. SUR"|73|"MANUFACTURAS DE FUNDICION, HIERRO O ACERO"|140|469884.71|1110211.38
90|92|"BS.AS. SUR"|73|"MANUFACTURAS DE FUNDICION, HIERRO O ACERO"|92|428486.31|895736.38
91|92|"BS.AS. SUR"|73|"MANUFACTURAS DE FUNDICION, HIERRO O ACERO"|91|238481.83|729710.77
92|92|"BS.AS. SUR"|73|"MANUFACTURAS DE FUNDICION, HIERRO O ACERO"|139|621953.36|1473508.77
93|92|"BS.AS. SUR"|73|"MANUFACTURAS DE FUNDICION, HIERRO O ACERO"|63|115067.57|430866.34
94|92|"BS.AS. SUR"|73|"MANUFACTURAS DE FUNDICION, HIERRO O ACERO"|128|313864.5|916422.56
95|92|"BS.AS. SUR"|73|"MANUFACTURAS DE FUNDICION, HIERRO O ACERO"|155|407536.65|753744.53
96|92|"BS.AS. SUR"|73|"MANUFACTURAS DE FUNDICION, HIERRO O ACERO"|681|285278.75|976066.6
97|92|"BS.AS. SUR"|73|"MANUFACTURAS DE FUNDICION, HIERRO O ACERO"|74|488764.82|1272319.59
98|92|"BS.AS. SUR"|73|"MANUFACTURAS DE FUNDICION, HIERRO O ACERO"|169|533639.82|1225677.39
99|92|"BS.AS. SUR"|73|"MANUFACTURAS DE FUNDICION, HIERRO O ACERO"|124|311601.63|1313064.65
100|92|"BS.AS. SUR"|73|"MANUFACTURAS DE FUNDICION, HIERRO O ACERO"|102|294544.31|823285.66
101|92|"BS.AS. SUR"|73|"MANUFACTURAS DE FUNDICION, HIERRO O ACERO"|79|76677.72|325299.85
102|92|"BS.AS. SUR"|73|"MANUFACTURAS DE FUNDICION, HIERRO O ACERO"|122|467670.82|1666591.51
103|92|"BS.AS. SUR"|73|"MANUFACTURAS DE FUNDICION, HIERRO O ACERO"|96|330999.63|901696.9
104|92|"BS.AS. SUR"|73|"MANUFACTURAS DE FUNDICION, HIERRO O ACERO"|45|391829.8|1005526.86
