"semana"|"aduana"|"aduana_desc"|"mercaderia"|"mercaderia_desc"|"cantidad"|"kilos"|"importe"
4|83|"SAN LUIS"|73|"MANUFACTURAS DE FUNDICION, HIERRO O ACERO"|2|296198.1|79688.79
5|83|"SAN LUIS"|73|"MANUFACTURAS DE FUNDICION, HIERRO O ACERO"|5|72332|83480.86
6|83|"SAN LUIS"|73|"MANUFACTURAS DE FUNDICION, HIERRO O ACERO"|5|24725|34362.18
7|83|"SAN LUIS"|73|"MANUFACTURAS DE FUNDICION, HIERRO O ACERO"|2|167|4099.38
8|83|"SAN LUIS"|73|"MANUFACTURAS DE FUNDICION, HIERRO O ACERO"|4|6101.4|41450.44
9|83|"SAN LUIS"|73|"MANUFACTURAS DE FUNDICION, HIERRO O ACERO"|2|1647|4809.95
10|83|"SAN LUIS"|73|"MANUFACTURAS DE FUNDICION, HIERRO O ACERO"|1|1148|15735.05
11|83|"SAN LUIS"|73|"MANUFACTURAS DE FUNDICION, HIERRO O ACERO"|14|497788|349442.27
12|83|"SAN LUIS"|73|"MANUFACTURAS DE FUNDICION, HIERRO O ACERO"|2|34909|34959.54
13|83|"SAN LUIS"|73|"MANUFACTURAS DE FUNDICION, HIERRO O ACERO"|1|297|6189.94
14|83|"SAN LUIS"|73|"MANUFACTURAS DE FUNDICION, HIERRO O ACERO"|2|9456|13302.2
15|83|"SAN LUIS"|73|"MANUFACTURAS DE FUNDICION, HIERRO O ACERO"|3|2735.89|22424
16|83|"SAN LUIS"|73|"MANUFACTURAS DE FUNDICION, HIERRO O ACERO"|2|5565|7839.72
17|83|"SAN LUIS"|73|"MANUFACTURAS DE FUNDICION, HIERRO O ACERO"|3|121884.23|115387.34
18|83|"SAN LUIS"|73|"MANUFACTURAS DE FUNDICION, HIERRO O ACERO"|6|100355.41|102561.47
19|83|"SAN LUIS"|73|"MANUFACTURAS DE FUNDICION, HIERRO O ACERO"|5|25143|64864.89
20|83|"SAN LUIS"|73|"MANUFACTURAS DE FUNDICION, HIERRO O ACERO"|6|23646.96|51832.2
21|83|"SAN LUIS"|73|"MANUFACTURAS DE FUNDICION, HIERRO O ACERO"|6|19142.77|39901.32
22|83|"SAN LUIS"|73|"MANUFACTURAS DE FUNDICION, HIERRO O ACERO"|3|11429.54|72039.99
23|83|"SAN LUIS"|73|"MANUFACTURAS DE FUNDICION, HIERRO O ACERO"|10|21958.9|106158.02
24|83|"SAN LUIS"|73|"MANUFACTURAS DE FUNDICION, HIERRO O ACERO"|4|96789.8|100981.51
26|83|"SAN LUIS"|73|"MANUFACTURAS DE FUNDICION, HIERRO O ACERO"|2|3359|8585.79
27|83|"SAN LUIS"|73|"MANUFACTURAS DE FUNDICION, HIERRO O ACERO"|5|39474|44783.47
28|83|"SAN LUIS"|73|"MANUFACTURAS DE FUNDICION, HIERRO O ACERO"|2|98227.8|73717.46
29|83|"SAN LUIS"|73|"MANUFACTURAS DE FUNDICION, HIERRO O ACERO"|3|14377|20689.63
30|83|"SAN LUIS"|73|"MANUFACTURAS DE FUNDICION, HIERRO O ACERO"|4|91.19|410.44
31|83|"SAN LUIS"|73|"MANUFACTURAS DE FUNDICION, HIERRO O ACERO"|2|27149|22169.14
32|83|"SAN LUIS"|73|"MANUFACTURAS DE FUNDICION, HIERRO O ACERO"|5|3330.4|31869.83
33|83|"SAN LUIS"|73|"MANUFACTURAS DE FUNDICION, HIERRO O ACERO"|1|387|5576.23
34|83|"SAN LUIS"|73|"MANUFACTURAS DE FUNDICION, HIERRO O ACERO"|5|11571|99342.75
35|83|"SAN LUIS"|73|"MANUFACTURAS DE FUNDICION, HIERRO O ACERO"|4|5288|35992.02
36|83|"SAN LUIS"|73|"MANUFACTURAS DE FUNDICION, HIERRO O ACERO"|2|53789|49593.44
37|83|"SAN LUIS"|73|"MANUFACTURAS DE FUNDICION, HIERRO O ACERO"|3|1582|20980.11
38|83|"SAN LUIS"|73|"MANUFACTURAS DE FUNDICION, HIERRO O ACERO"|3|3470|54828.6
39|83|"SAN LUIS"|73|"MANUFACTURAS DE FUNDICION, HIERRO O ACERO"|3|3426|35245.89
41|83|"SAN LUIS"|73|"MANUFACTURAS DE FUNDICION, HIERRO O ACERO"|3|22307.6|32754.93
42|83|"SAN LUIS"|73|"MANUFACTURAS DE FUNDICION, HIERRO O ACERO"|5|214604.1|198897.16
43|83|"SAN LUIS"|73|"MANUFACTURAS DE FUNDICION, HIERRO O ACERO"|2|32749|31938.4
44|83|"SAN LUIS"|73|"MANUFACTURAS DE FUNDICION, HIERRO O ACERO"|7|27629.82|79668.59
45|83|"SAN LUIS"|73|"MANUFACTURAS DE FUNDICION, HIERRO O ACERO"|4|79808|84127.34
46|83|"SAN LUIS"|73|"MANUFACTURAS DE FUNDICION, HIERRO O ACERO"|5|157272.47|178282.36
47|83|"SAN LUIS"|73|"MANUFACTURAS DE FUNDICION, HIERRO O ACERO"|2|19116|19634.53
48|83|"SAN LUIS"|73|"MANUFACTURAS DE FUNDICION, HIERRO O ACERO"|10|62486.2|124893.69
49|83|"SAN LUIS"|73|"MANUFACTURAS DE FUNDICION, HIERRO O ACERO"|8|126736.72|173864.34
50|83|"SAN LUIS"|73|"MANUFACTURAS DE FUNDICION, HIERRO O ACERO"|2|15365|21685.32
51|83|"SAN LUIS"|73|"MANUFACTURAS DE FUNDICION, HIERRO O ACERO"|1|19030|18137.59
56|83|"SAN LUIS"|73|"MANUFACTURAS DE FUNDICION, HIERRO O ACERO"|2|178266.9|170450.7
57|83|"SAN LUIS"|73|"MANUFACTURAS DE FUNDICION, HIERRO O ACERO"|2|2050|16023.82
58|83|"SAN LUIS"|73|"MANUFACTURAS DE FUNDICION, HIERRO O ACERO"|2|234931.62|220943.08
59|83|"SAN LUIS"|73|"MANUFACTURAS DE FUNDICION, HIERRO O ACERO"|2|113717|107628.67
60|83|"SAN LUIS"|73|"MANUFACTURAS DE FUNDICION, HIERRO O ACERO"|2|313|6494.96
62|83|"SAN LUIS"|73|"MANUFACTURAS DE FUNDICION, HIERRO O ACERO"|1|84|2887.15
63|83|"SAN LUIS"|73|"MANUFACTURAS DE FUNDICION, HIERRO O ACERO"|3|4808.34|32235.35
64|83|"SAN LUIS"|73|"MANUFACTURAS DE FUNDICION, HIERRO O ACERO"|1|562|19094.51
65|83|"SAN LUIS"|73|"MANUFACTURAS DE FUNDICION, HIERRO O ACERO"|6|225325.62|211299.05
66|83|"SAN LUIS"|73|"MANUFACTURAS DE FUNDICION, HIERRO O ACERO"|1|25179|36232.58
67|83|"SAN LUIS"|73|"MANUFACTURAS DE FUNDICION, HIERRO O ACERO"|2|5169|35600
69|83|"SAN LUIS"|73|"MANUFACTURAS DE FUNDICION, HIERRO O ACERO"|4|179954.9|187468.78
70|83|"SAN LUIS"|73|"MANUFACTURAS DE FUNDICION, HIERRO O ACERO"|3|1143|12609.48
71|83|"SAN LUIS"|73|"MANUFACTURAS DE FUNDICION, HIERRO O ACERO"|2|54698|50652.05
72|83|"SAN LUIS"|73|"MANUFACTURAS DE FUNDICION, HIERRO O ACERO"|3|3740|25700
73|83|"SAN LUIS"|73|"MANUFACTURAS DE FUNDICION, HIERRO O ACERO"|3|0.25|9.65
74|83|"SAN LUIS"|73|"MANUFACTURAS DE FUNDICION, HIERRO O ACERO"|2|120229.15|111142.76
75|83|"SAN LUIS"|73|"MANUFACTURAS DE FUNDICION, HIERRO O ACERO"|1|35834.7|32367.59
76|83|"SAN LUIS"|73|"MANUFACTURAS DE FUNDICION, HIERRO O ACERO"|4|194834.72|177983.44
79|83|"SAN LUIS"|73|"MANUFACTURAS DE FUNDICION, HIERRO O ACERO"|2|21587|26863.04
80|83|"SAN LUIS"|73|"MANUFACTURAS DE FUNDICION, HIERRO O ACERO"|1|19800|18285.3
81|83|"SAN LUIS"|73|"MANUFACTURAS DE FUNDICION, HIERRO O ACERO"|1|1501|19925.03
82|83|"SAN LUIS"|73|"MANUFACTURAS DE FUNDICION, HIERRO O ACERO"|2|101998.8|93693.76
83|83|"SAN LUIS"|73|"MANUFACTURAS DE FUNDICION, HIERRO O ACERO"|1|115|3260.45
84|83|"SAN LUIS"|73|"MANUFACTURAS DE FUNDICION, HIERRO O ACERO"|4|102731.06|109098.63
85|83|"SAN LUIS"|73|"MANUFACTURAS DE FUNDICION, HIERRO O ACERO"|1|22159.72|28076.37
87|83|"SAN LUIS"|73|"MANUFACTURAS DE FUNDICION, HIERRO O ACERO"|1|13833|17845.07
88|83|"SAN LUIS"|73|"MANUFACTURAS DE FUNDICION, HIERRO O ACERO"|1|6270|11880
89|83|"SAN LUIS"|73|"MANUFACTURAS DE FUNDICION, HIERRO O ACERO"|3|302|10212.12
93|83|"SAN LUIS"|73|"MANUFACTURAS DE FUNDICION, HIERRO O ACERO"|3|18012|29484.54
94|83|"SAN LUIS"|73|"MANUFACTURAS DE FUNDICION, HIERRO O ACERO"|2|35995|31190.28
95|83|"SAN LUIS"|73|"MANUFACTURAS DE FUNDICION, HIERRO O ACERO"|2|14748|12930.33
96|83|"SAN LUIS"|73|"MANUFACTURAS DE FUNDICION, HIERRO O ACERO"|2|461|8997
98|83|"SAN LUIS"|73|"MANUFACTURAS DE FUNDICION, HIERRO O ACERO"|3|52913.5|56378.55
99|83|"SAN LUIS"|73|"MANUFACTURAS DE FUNDICION, HIERRO O ACERO"|5|29788.4|29198.98
100|83|"SAN LUIS"|73|"MANUFACTURAS DE FUNDICION, HIERRO O ACERO"|4|45210|55845.6
102|83|"SAN LUIS"|73|"MANUFACTURAS DE FUNDICION, HIERRO O ACERO"|1|174347.8|162624.84
104|83|"SAN LUIS"|73|"MANUFACTURAS DE FUNDICION, HIERRO O ACERO"|1|26455|22292
