"semana"|"aduana"|"aduana_desc"|"mercaderia"|"mercaderia_desc"|"cantidad"|"kilos"|"importe"
68|91|"BS.AS. NORTE"|41|"PIELES (EXCEPTO LA PELETERIA) Y CUEROS"|2|61113|82558.2
69|91|"BS.AS. NORTE"|41|"PIELES (EXCEPTO LA PELETERIA) Y CUEROS"|41|461838.8|2849739.56
70|91|"BS.AS. NORTE"|41|"PIELES (EXCEPTO LA PELETERIA) Y CUEROS"|28|404541.5|1639288.8
71|91|"BS.AS. NORTE"|41|"PIELES (EXCEPTO LA PELETERIA) Y CUEROS"|30|688367|2897929.54
72|91|"BS.AS. NORTE"|41|"PIELES (EXCEPTO LA PELETERIA) Y CUEROS"|38|841280|2709957.83
73|91|"BS.AS. NORTE"|41|"PIELES (EXCEPTO LA PELETERIA) Y CUEROS"|23|359739|1483671.69
74|91|"BS.AS. NORTE"|41|"PIELES (EXCEPTO LA PELETERIA) Y CUEROS"|32|600489.5|2789472.11
75|91|"BS.AS. NORTE"|41|"PIELES (EXCEPTO LA PELETERIA) Y CUEROS"|23|441494|1438177.62
76|91|"BS.AS. NORTE"|41|"PIELES (EXCEPTO LA PELETERIA) Y CUEROS"|16|312904|1092385.65
77|91|"BS.AS. NORTE"|41|"PIELES (EXCEPTO LA PELETERIA) Y CUEROS"|38|449532|2690717.72
78|91|"BS.AS. NORTE"|41|"PIELES (EXCEPTO LA PELETERIA) Y CUEROS"|27|480215|2615591.89
79|91|"BS.AS. NORTE"|41|"PIELES (EXCEPTO LA PELETERIA) Y CUEROS"|15|136859|801419.29
80|91|"BS.AS. NORTE"|41|"PIELES (EXCEPTO LA PELETERIA) Y CUEROS"|19|146514|1078450.17
81|91|"BS.AS. NORTE"|41|"PIELES (EXCEPTO LA PELETERIA) Y CUEROS"|23|404696.5|1723688.38
82|91|"BS.AS. NORTE"|41|"PIELES (EXCEPTO LA PELETERIA) Y CUEROS"|35|658437|2742906.4
83|91|"BS.AS. NORTE"|41|"PIELES (EXCEPTO LA PELETERIA) Y CUEROS"|28|599787|2525893.84
84|91|"BS.AS. NORTE"|41|"PIELES (EXCEPTO LA PELETERIA) Y CUEROS"|26|234282|1734675.39
85|91|"BS.AS. NORTE"|41|"PIELES (EXCEPTO LA PELETERIA) Y CUEROS"|15|337770|1227579.72
86|91|"BS.AS. NORTE"|41|"PIELES (EXCEPTO LA PELETERIA) Y CUEROS"|31|487697|2400038.01
87|91|"BS.AS. NORTE"|41|"PIELES (EXCEPTO LA PELETERIA) Y CUEROS"|18|367895|1453864.44
88|91|"BS.AS. NORTE"|41|"PIELES (EXCEPTO LA PELETERIA) Y CUEROS"|26|431900.85|2059707.41
89|91|"BS.AS. NORTE"|41|"PIELES (EXCEPTO LA PELETERIA) Y CUEROS"|48|613762|2488593.78
90|91|"BS.AS. NORTE"|41|"PIELES (EXCEPTO LA PELETERIA) Y CUEROS"|28|655863|2466936.42
91|91|"BS.AS. NORTE"|41|"PIELES (EXCEPTO LA PELETERIA) Y CUEROS"|33|466666|1939369.92
92|91|"BS.AS. NORTE"|41|"PIELES (EXCEPTO LA PELETERIA) Y CUEROS"|19|454230|1468787.07
93|91|"BS.AS. NORTE"|41|"PIELES (EXCEPTO LA PELETERIA) Y CUEROS"|22|424094|1275880.49
94|91|"BS.AS. NORTE"|41|"PIELES (EXCEPTO LA PELETERIA) Y CUEROS"|27|431619|2423347.87
95|91|"BS.AS. NORTE"|41|"PIELES (EXCEPTO LA PELETERIA) Y CUEROS"|29|348845|1836245.88
96|91|"BS.AS. NORTE"|41|"PIELES (EXCEPTO LA PELETERIA) Y CUEROS"|31|657488|2208140.34
97|91|"BS.AS. NORTE"|41|"PIELES (EXCEPTO LA PELETERIA) Y CUEROS"|21|453974|1104391.47
98|91|"BS.AS. NORTE"|41|"PIELES (EXCEPTO LA PELETERIA) Y CUEROS"|17|384609|1386024.95
99|91|"BS.AS. NORTE"|41|"PIELES (EXCEPTO LA PELETERIA) Y CUEROS"|32|474555|1776712.92
100|91|"BS.AS. NORTE"|41|"PIELES (EXCEPTO LA PELETERIA) Y CUEROS"|29|507873|2517298.96
101|91|"BS.AS. NORTE"|41|"PIELES (EXCEPTO LA PELETERIA) Y CUEROS"|17|360431|1280397.27
102|91|"BS.AS. NORTE"|41|"PIELES (EXCEPTO LA PELETERIA) Y CUEROS"|22|381678.8|1457062.83
103|91|"BS.AS. NORTE"|41|"PIELES (EXCEPTO LA PELETERIA) Y CUEROS"|27|329764|2116154.94
104|91|"BS.AS. NORTE"|41|"PIELES (EXCEPTO LA PELETERIA) Y CUEROS"|14|286720.49|769891.63
