"semana"|"aduana"|"aduana_desc"|"mercaderia"|"mercaderia_desc"|"cantidad"|"kilos"|"importe"
68|91|"BS.AS. NORTE"|90|"INSTRUMENTOS Y APARATOS DE OPTICA, FOTOGRAFIA O CINEMATOGRAF"|2|860.53|14619.19
69|91|"BS.AS. NORTE"|90|"INSTRUMENTOS Y APARATOS DE OPTICA, FOTOGRAFIA O CINEMATOGRAF"|29|6532.89|320945.77
70|91|"BS.AS. NORTE"|90|"INSTRUMENTOS Y APARATOS DE OPTICA, FOTOGRAFIA O CINEMATOGRAF"|26|8916.61|308530.77
71|91|"BS.AS. NORTE"|90|"INSTRUMENTOS Y APARATOS DE OPTICA, FOTOGRAFIA O CINEMATOGRAF"|35|6348.455|371263.07
72|91|"BS.AS. NORTE"|90|"INSTRUMENTOS Y APARATOS DE OPTICA, FOTOGRAFIA O CINEMATOGRAF"|18|4142.03|143373.82
73|91|"BS.AS. NORTE"|90|"INSTRUMENTOS Y APARATOS DE OPTICA, FOTOGRAFIA O CINEMATOGRAF"|19|6543.96|374767.82
74|91|"BS.AS. NORTE"|90|"INSTRUMENTOS Y APARATOS DE OPTICA, FOTOGRAFIA O CINEMATOGRAF"|31|12736.3|539870.53
75|91|"BS.AS. NORTE"|90|"INSTRUMENTOS Y APARATOS DE OPTICA, FOTOGRAFIA O CINEMATOGRAF"|25|11333.1|386023.78
76|91|"BS.AS. NORTE"|90|"INSTRUMENTOS Y APARATOS DE OPTICA, FOTOGRAFIA O CINEMATOGRAF"|55|14679.02|240709.57
77|91|"BS.AS. NORTE"|90|"INSTRUMENTOS Y APARATOS DE OPTICA, FOTOGRAFIA O CINEMATOGRAF"|18|5756.46|140225.14
78|91|"BS.AS. NORTE"|90|"INSTRUMENTOS Y APARATOS DE OPTICA, FOTOGRAFIA O CINEMATOGRAF"|30|3387.84|309162.45
79|91|"BS.AS. NORTE"|90|"INSTRUMENTOS Y APARATOS DE OPTICA, FOTOGRAFIA O CINEMATOGRAF"|17|1326.82|47373.14
80|91|"BS.AS. NORTE"|90|"INSTRUMENTOS Y APARATOS DE OPTICA, FOTOGRAFIA O CINEMATOGRAF"|24|6988.02|154858.58
81|91|"BS.AS. NORTE"|90|"INSTRUMENTOS Y APARATOS DE OPTICA, FOTOGRAFIA O CINEMATOGRAF"|34|11657.04|486736.06
82|91|"BS.AS. NORTE"|90|"INSTRUMENTOS Y APARATOS DE OPTICA, FOTOGRAFIA O CINEMATOGRAF"|21|4668.03|285151.54
83|91|"BS.AS. NORTE"|90|"INSTRUMENTOS Y APARATOS DE OPTICA, FOTOGRAFIA O CINEMATOGRAF"|29|6552.741|409855.74
84|91|"BS.AS. NORTE"|90|"INSTRUMENTOS Y APARATOS DE OPTICA, FOTOGRAFIA O CINEMATOGRAF"|15|6847.06|196277.58
85|91|"BS.AS. NORTE"|90|"INSTRUMENTOS Y APARATOS DE OPTICA, FOTOGRAFIA O CINEMATOGRAF"|13|7015.11|269698.62
86|91|"BS.AS. NORTE"|90|"INSTRUMENTOS Y APARATOS DE OPTICA, FOTOGRAFIA O CINEMATOGRAF"|25|9050.71|288280.12
87|91|"BS.AS. NORTE"|90|"INSTRUMENTOS Y APARATOS DE OPTICA, FOTOGRAFIA O CINEMATOGRAF"|20|4276.73|445223.84
88|91|"BS.AS. NORTE"|90|"INSTRUMENTOS Y APARATOS DE OPTICA, FOTOGRAFIA O CINEMATOGRAF"|20|4734.3|191713.31
89|91|"BS.AS. NORTE"|90|"INSTRUMENTOS Y APARATOS DE OPTICA, FOTOGRAFIA O CINEMATOGRAF"|7|348.78|32518.91
90|91|"BS.AS. NORTE"|90|"INSTRUMENTOS Y APARATOS DE OPTICA, FOTOGRAFIA O CINEMATOGRAF"|27|11760.95|494732.52
91|91|"BS.AS. NORTE"|90|"INSTRUMENTOS Y APARATOS DE OPTICA, FOTOGRAFIA O CINEMATOGRAF"|10|3770.45|87881.21
92|91|"BS.AS. NORTE"|90|"INSTRUMENTOS Y APARATOS DE OPTICA, FOTOGRAFIA O CINEMATOGRAF"|13|3617.17|93921.59
93|91|"BS.AS. NORTE"|90|"INSTRUMENTOS Y APARATOS DE OPTICA, FOTOGRAFIA O CINEMATOGRAF"|21|7484.58|234823.57
94|91|"BS.AS. NORTE"|90|"INSTRUMENTOS Y APARATOS DE OPTICA, FOTOGRAFIA O CINEMATOGRAF"|31|17575.55|324618.42
95|91|"BS.AS. NORTE"|90|"INSTRUMENTOS Y APARATOS DE OPTICA, FOTOGRAFIA O CINEMATOGRAF"|22|13712.69|433054.76
96|91|"BS.AS. NORTE"|90|"INSTRUMENTOS Y APARATOS DE OPTICA, FOTOGRAFIA O CINEMATOGRAF"|20|2547.07|92081.09
97|91|"BS.AS. NORTE"|90|"INSTRUMENTOS Y APARATOS DE OPTICA, FOTOGRAFIA O CINEMATOGRAF"|27|6842.72|162274.4
98|91|"BS.AS. NORTE"|90|"INSTRUMENTOS Y APARATOS DE OPTICA, FOTOGRAFIA O CINEMATOGRAF"|39|8133.49|420206.15
99|91|"BS.AS. NORTE"|90|"INSTRUMENTOS Y APARATOS DE OPTICA, FOTOGRAFIA O CINEMATOGRAF"|15|5457.7|58696.8
100|91|"BS.AS. NORTE"|90|"INSTRUMENTOS Y APARATOS DE OPTICA, FOTOGRAFIA O CINEMATOGRAF"|14|2867.79|166642.69
101|91|"BS.AS. NORTE"|90|"INSTRUMENTOS Y APARATOS DE OPTICA, FOTOGRAFIA O CINEMATOGRAF"|11|10955.354|288464.42
102|91|"BS.AS. NORTE"|90|"INSTRUMENTOS Y APARATOS DE OPTICA, FOTOGRAFIA O CINEMATOGRAF"|27|6023.14|249615.42
103|91|"BS.AS. NORTE"|90|"INSTRUMENTOS Y APARATOS DE OPTICA, FOTOGRAFIA O CINEMATOGRAF"|19|5817.96|355113.77
104|91|"BS.AS. NORTE"|90|"INSTRUMENTOS Y APARATOS DE OPTICA, FOTOGRAFIA O CINEMATOGRAF"|9|429.22|64943.54
