"semana"|"aduana"|"aduana_desc"|"mercaderia"|"mercaderia_desc"|"cantidad"|"kilos"|"importe"
5|84|"SANTO TOME"|83|"MANUFACTURAS DIVERSAS DE METAL COMUN"|1|37.86|223.02
6|84|"SANTO TOME"|83|"MANUFACTURAS DIVERSAS DE METAL COMUN"|2|3370.92|20004.44
8|84|"SANTO TOME"|83|"MANUFACTURAS DIVERSAS DE METAL COMUN"|1|858.16|5055.12
9|84|"SANTO TOME"|83|"MANUFACTURAS DIVERSAS DE METAL COMUN"|2|3191.44|18925.68
10|84|"SANTO TOME"|83|"MANUFACTURAS DIVERSAS DE METAL COMUN"|1|1943.48|11448.36
11|84|"SANTO TOME"|83|"MANUFACTURAS DIVERSAS DE METAL COMUN"|3|4599.28|27155.76
12|84|"SANTO TOME"|83|"MANUFACTURAS DIVERSAS DE METAL COMUN"|4|4257.12|25256.24
13|84|"SANTO TOME"|83|"MANUFACTURAS DIVERSAS DE METAL COMUN"|4|4257.12|25256.24
14|84|"SANTO TOME"|83|"MANUFACTURAS DIVERSAS DE METAL COMUN"|2|3180.24|18733.68
15|84|"SANTO TOME"|83|"MANUFACTURAS DIVERSAS DE METAL COMUN"|2|3003.56|17692.92
16|84|"SANTO TOME"|83|"MANUFACTURAS DIVERSAS DE METAL COMUN"|3|2667|15889.4
17|84|"SANTO TOME"|83|"MANUFACTURAS DIVERSAS DE METAL COMUN"|4|3889.76|22944.72
18|84|"SANTO TOME"|83|"MANUFACTURAS DIVERSAS DE METAL COMUN"|2|3185.84|18829.68
20|84|"SANTO TOME"|83|"MANUFACTURAS DIVERSAS DE METAL COMUN"|1|3710.28|21855.96
21|84|"SANTO TOME"|83|"MANUFACTURAS DIVERSAS DE METAL COMUN"|3|9896.88|58330.56
22|84|"SANTO TOME"|83|"MANUFACTURAS DIVERSAS DE METAL COMUN"|2|2487.52|14800.64
23|84|"SANTO TOME"|83|"MANUFACTURAS DIVERSAS DE METAL COMUN"|3|187.88|1232.76
24|84|"SANTO TOME"|83|"MANUFACTURAS DIVERSAS DE METAL COMUN"|1|706.72|4163.04
25|84|"SANTO TOME"|83|"MANUFACTURAS DIVERSAS DE METAL COMUN"|1|2.8|48
26|84|"SANTO TOME"|83|"MANUFACTURAS DIVERSAS DE METAL COMUN"|3|4080.44|24215.48
27|84|"SANTO TOME"|83|"MANUFACTURAS DIVERSAS DE METAL COMUN"|4|1433.04|8652.08
28|84|"SANTO TOME"|83|"MANUFACTURAS DIVERSAS DE METAL COMUN"|1|1413.44|8326.08
29|84|"SANTO TOME"|83|"MANUFACTURAS DIVERSAS DE METAL COMUN"|2|361.76|2225.52
30|84|"SANTO TOME"|83|"MANUFACTURAS DIVERSAS DE METAL COMUN"|3|1946.28|11496.36
31|84|"SANTO TOME"|83|"MANUFACTURAS DIVERSAS DE METAL COMUN"|4|4080.44|24215.48
32|84|"SANTO TOME"|83|"MANUFACTURAS DIVERSAS DE METAL COMUN"|3|3185.84|18829.68
33|84|"SANTO TOME"|83|"MANUFACTURAS DIVERSAS DE METAL COMUN"|4|1671.44|9908.88
34|84|"SANTO TOME"|83|"MANUFACTURAS DIVERSAS DE METAL COMUN"|3|3960.97|27107.76
35|84|"SANTO TOME"|83|"MANUFACTURAS DIVERSAS DE METAL COMUN"|4|2445.4|22992.72
36|84|"SANTO TOME"|83|"MANUFACTURAS DIVERSAS DE METAL COMUN"|4|1990.67|17970.92
37|84|"SANTO TOME"|83|"MANUFACTURAS DIVERSAS DE METAL COMUN"|3|3401.97|29189.28
38|84|"SANTO TOME"|83|"MANUFACTURAS DIVERSAS DE METAL COMUN"|4|1403.28|11544.36
39|84|"SANTO TOME"|83|"MANUFACTURAS DIVERSAS DE METAL COMUN"|4|2909.93|24263.48
40|84|"SANTO TOME"|83|"MANUFACTURAS DIVERSAS DE METAL COMUN"|3|2091.04|14618.64
41|84|"SANTO TOME"|83|"MANUFACTURAS DIVERSAS DE METAL COMUN"|3|2527.55|18781.68
42|84|"SANTO TOME"|83|"MANUFACTURAS DIVERSAS DE METAL COMUN"|3|2393.05|14618.64
43|84|"SANTO TOME"|83|"MANUFACTURAS DIVERSAS DE METAL COMUN"|3|1813.74|12767.12
44|84|"SANTO TOME"|83|"MANUFACTURAS DIVERSAS DE METAL COMUN"|3|3185.84|18829.68
45|84|"SANTO TOME"|83|"MANUFACTURAS DIVERSAS DE METAL COMUN"|1|2.8|48
46|84|"SANTO TOME"|83|"MANUFACTURAS DIVERSAS DE METAL COMUN"|2|1945.93|11496.36
47|84|"SANTO TOME"|83|"MANUFACTURAS DIVERSAS DE METAL COMUN"|2|1963.08|11774.36
48|84|"SANTO TOME"|83|"MANUFACTURAS DIVERSAS DE METAL COMUN"|4|2655.8|15707.4
49|84|"SANTO TOME"|83|"MANUFACTURAS DIVERSAS DE METAL COMUN"|2|2122.96|12537.12
50|84|"SANTO TOME"|83|"MANUFACTURAS DIVERSAS DE METAL COMUN"|3|4989.04|29841.28
51|84|"SANTO TOME"|83|"MANUFACTURAS DIVERSAS DE METAL COMUN"|1|2473.52|14570.64
55|84|"SANTO TOME"|83|"MANUFACTURAS DIVERSAS DE METAL COMUN"|1|1236.72|7285.32
56|84|"SANTO TOME"|83|"MANUFACTURAS DIVERSAS DE METAL COMUN"|2|3356.92|19774.44
57|84|"SANTO TOME"|83|"MANUFACTURAS DIVERSAS DE METAL COMUN"|1|883.4|5203.8
58|84|"SANTO TOME"|83|"MANUFACTURAS DIVERSAS DE METAL COMUN"|1|706.72|4163.04
59|84|"SANTO TOME"|83|"MANUFACTURAS DIVERSAS DE METAL COMUN"|1|1943.48|11448.36
60|84|"SANTO TOME"|83|"MANUFACTURAS DIVERSAS DE METAL COMUN"|1|883.4|5203.8
61|84|"SANTO TOME"|83|"MANUFACTURAS DIVERSAS DE METAL COMUN"|3|2120.16|12489.12
62|84|"SANTO TOME"|83|"MANUFACTURAS DIVERSAS DE METAL COMUN"|3|1783.6|10685.6
63|84|"SANTO TOME"|83|"MANUFACTURAS DIVERSAS DE METAL COMUN"|1|529.65|3122.28
64|84|"SANTO TOME"|83|"MANUFACTURAS DIVERSAS DE METAL COMUN"|2|1769.6|10455.6
65|84|"SANTO TOME"|83|"MANUFACTURAS DIVERSAS DE METAL COMUN"|3|370.16|2359.52
66|84|"SANTO TOME"|83|"MANUFACTURAS DIVERSAS DE METAL COMUN"|1|1413.44|8326.08
67|84|"SANTO TOME"|83|"MANUFACTURAS DIVERSAS DE METAL COMUN"|1|176.68|1040.76
68|84|"SANTO TOME"|83|"MANUFACTURAS DIVERSAS DE METAL COMUN"|2|2296.84|13529.88
69|84|"SANTO TOME"|83|"MANUFACTURAS DIVERSAS DE METAL COMUN"|1|353.36|2081.52
70|84|"SANTO TOME"|83|"MANUFACTURAS DIVERSAS DE METAL COMUN"|2|2296.84|13529.88
71|84|"SANTO TOME"|83|"MANUFACTURAS DIVERSAS DE METAL COMUN"|2|544.04|3352.28
72|84|"SANTO TOME"|83|"MANUFACTURAS DIVERSAS DE METAL COMUN"|1|5.6|96
73|84|"SANTO TOME"|83|"MANUFACTURAS DIVERSAS DE METAL COMUN"|1|1590.12|9366.84
74|84|"SANTO TOME"|83|"MANUFACTURAS DIVERSAS DE METAL COMUN"|2|356.16|2129.52
75|84|"SANTO TOME"|83|"MANUFACTURAS DIVERSAS DE METAL COMUN"|1|16.8|278
76|84|"SANTO TOME"|83|"MANUFACTURAS DIVERSAS DE METAL COMUN"|2|532.84|3170.28
77|84|"SANTO TOME"|83|"MANUFACTURAS DIVERSAS DE METAL COMUN"|2|709.52|4211.04
78|84|"SANTO TOME"|83|"MANUFACTURAS DIVERSAS DE METAL COMUN"|1|353.36|2081.52
80|84|"SANTO TOME"|83|"MANUFACTURAS DIVERSAS DE METAL COMUN"|1|706.72|4163.04
81|84|"SANTO TOME"|83|"MANUFACTURAS DIVERSAS DE METAL COMUN"|2|544.04|3352.28
82|84|"SANTO TOME"|83|"MANUFACTURAS DIVERSAS DE METAL COMUN"|3|1236.76|7285.32
83|84|"SANTO TOME"|83|"MANUFACTURAS DIVERSAS DE METAL COMUN"|2|532.84|2631
84|84|"SANTO TOME"|83|"MANUFACTURAS DIVERSAS DE METAL COMUN"|2|529.7|2583
85|84|"SANTO TOME"|83|"MANUFACTURAS DIVERSAS DE METAL COMUN"|2|729.12|3924
86|84|"SANTO TOME"|83|"MANUFACTURAS DIVERSAS DE METAL COMUN"|3|2120.16|10332
87|84|"SANTO TOME"|83|"MANUFACTURAS DIVERSAS DE METAL COMUN"|1|530.02|2583
88|84|"SANTO TOME"|83|"MANUFACTURAS DIVERSAS DE METAL COMUN"|3|903|4725
89|84|"SANTO TOME"|83|"MANUFACTURAS DIVERSAS DE METAL COMUN"|3|883.4|4305
90|84|"SANTO TOME"|83|"MANUFACTURAS DIVERSAS DE METAL COMUN"|2|356.16|1782
91|84|"SANTO TOME"|83|"MANUFACTURAS DIVERSAS DE METAL COMUN"|1|530.04|2583
92|84|"SANTO TOME"|83|"MANUFACTURAS DIVERSAS DE METAL COMUN"|5|1079.68|5586
94|84|"SANTO TOME"|83|"MANUFACTURAS DIVERSAS DE METAL COMUN"|2|356.16|1782
95|84|"SANTO TOME"|83|"MANUFACTURAS DIVERSAS DE METAL COMUN"|1|530.04|2583
96|84|"SANTO TOME"|83|"MANUFACTURAS DIVERSAS DE METAL COMUN"|2|544.04|2883
97|84|"SANTO TOME"|83|"MANUFACTURAS DIVERSAS DE METAL COMUN"|1|530.04|2583
98|84|"SANTO TOME"|83|"MANUFACTURAS DIVERSAS DE METAL COMUN"|1|706.72|3444
99|84|"SANTO TOME"|83|"MANUFACTURAS DIVERSAS DE METAL COMUN"|2|883.4|4305
101|84|"SANTO TOME"|83|"MANUFACTURAS DIVERSAS DE METAL COMUN"|1|706.72|3444
102|84|"SANTO TOME"|83|"MANUFACTURAS DIVERSAS DE METAL COMUN"|1|1413.44|6888
