"semana"|"aduana"|"aduana_desc"|"mercaderia"|"mercaderia_desc"|"cantidad"|"kilos"|"importe"
70|91|"BS.AS. NORTE"|71|"PERLAS NATURALES (FINAS)* O CULTIVADAS, PIEDRAS PRECIOSAS O "|1|71.73|508.74
71|91|"BS.AS. NORTE"|71|"PERLAS NATURALES (FINAS)* O CULTIVADAS, PIEDRAS PRECIOSAS O "|1|71.79|546.23
72|91|"BS.AS. NORTE"|71|"PERLAS NATURALES (FINAS)* O CULTIVADAS, PIEDRAS PRECIOSAS O "|1|1086.54|10034.6
74|91|"BS.AS. NORTE"|71|"PERLAS NATURALES (FINAS)* O CULTIVADAS, PIEDRAS PRECIOSAS O "|3|300.8|2807.69
75|91|"BS.AS. NORTE"|71|"PERLAS NATURALES (FINAS)* O CULTIVADAS, PIEDRAS PRECIOSAS O "|3|148.66|1618
76|91|"BS.AS. NORTE"|71|"PERLAS NATURALES (FINAS)* O CULTIVADAS, PIEDRAS PRECIOSAS O "|1|1.1|1206
77|91|"BS.AS. NORTE"|71|"PERLAS NATURALES (FINAS)* O CULTIVADAS, PIEDRAS PRECIOSAS O "|4|277.76|2229.66
78|91|"BS.AS. NORTE"|71|"PERLAS NATURALES (FINAS)* O CULTIVADAS, PIEDRAS PRECIOSAS O "|3|961.78|138999.6
80|91|"BS.AS. NORTE"|71|"PERLAS NATURALES (FINAS)* O CULTIVADAS, PIEDRAS PRECIOSAS O "|2|164.59|1864.83
81|91|"BS.AS. NORTE"|71|"PERLAS NATURALES (FINAS)* O CULTIVADAS, PIEDRAS PRECIOSAS O "|1|290.3|2245.6
83|91|"BS.AS. NORTE"|71|"PERLAS NATURALES (FINAS)* O CULTIVADAS, PIEDRAS PRECIOSAS O "|2|64.63|819.5
84|91|"BS.AS. NORTE"|71|"PERLAS NATURALES (FINAS)* O CULTIVADAS, PIEDRAS PRECIOSAS O "|3|1121.9|13348.27
86|91|"BS.AS. NORTE"|71|"PERLAS NATURALES (FINAS)* O CULTIVADAS, PIEDRAS PRECIOSAS O "|1|73.64|643.5
88|91|"BS.AS. NORTE"|71|"PERLAS NATURALES (FINAS)* O CULTIVADAS, PIEDRAS PRECIOSAS O "|1|1.67|40.2
89|91|"BS.AS. NORTE"|71|"PERLAS NATURALES (FINAS)* O CULTIVADAS, PIEDRAS PRECIOSAS O "|1|471.32|5648.16
90|91|"BS.AS. NORTE"|71|"PERLAS NATURALES (FINAS)* O CULTIVADAS, PIEDRAS PRECIOSAS O "|1|25.34|277.5
92|91|"BS.AS. NORTE"|71|"PERLAS NATURALES (FINAS)* O CULTIVADAS, PIEDRAS PRECIOSAS O "|1|1.53|40.2
93|91|"BS.AS. NORTE"|71|"PERLAS NATURALES (FINAS)* O CULTIVADAS, PIEDRAS PRECIOSAS O "|2|14.01|278.71
94|91|"BS.AS. NORTE"|71|"PERLAS NATURALES (FINAS)* O CULTIVADAS, PIEDRAS PRECIOSAS O "|2|297.11|3185.62
95|91|"BS.AS. NORTE"|71|"PERLAS NATURALES (FINAS)* O CULTIVADAS, PIEDRAS PRECIOSAS O "|5|2238.37|15189.84
96|91|"BS.AS. NORTE"|71|"PERLAS NATURALES (FINAS)* O CULTIVADAS, PIEDRAS PRECIOSAS O "|1|83.25|1293.6
98|91|"BS.AS. NORTE"|71|"PERLAS NATURALES (FINAS)* O CULTIVADAS, PIEDRAS PRECIOSAS O "|2|15.8|167.77
99|91|"BS.AS. NORTE"|71|"PERLAS NATURALES (FINAS)* O CULTIVADAS, PIEDRAS PRECIOSAS O "|1|846.49|518341.3
100|91|"BS.AS. NORTE"|71|"PERLAS NATURALES (FINAS)* O CULTIVADAS, PIEDRAS PRECIOSAS O "|2|36.34|374.26
101|91|"BS.AS. NORTE"|71|"PERLAS NATURALES (FINAS)* O CULTIVADAS, PIEDRAS PRECIOSAS O "|2|138.93|1137.69
102|91|"BS.AS. NORTE"|71|"PERLAS NATURALES (FINAS)* O CULTIVADAS, PIEDRAS PRECIOSAS O "|3|7583.79|511354.86
104|91|"BS.AS. NORTE"|71|"PERLAS NATURALES (FINAS)* O CULTIVADAS, PIEDRAS PRECIOSAS O "|1|1.42|40.2
