"semana"|"aduana"|"aduana_desc"|"mercaderia"|"mercaderia_desc"|"cantidad"|"kilos"|"importe"
68|91|"BS.AS. NORTE"|69|"PRODUCTOS CERAMICOS"|8|14622.7|47281.49
69|91|"BS.AS. NORTE"|69|"PRODUCTOS CERAMICOS"|40|576533.28|529700.86
70|91|"BS.AS. NORTE"|69|"PRODUCTOS CERAMICOS"|49|656162.48|410891.43
71|91|"BS.AS. NORTE"|69|"PRODUCTOS CERAMICOS"|44|520244.73|501605.13
72|91|"BS.AS. NORTE"|69|"PRODUCTOS CERAMICOS"|34|162805.5|178048.51
73|91|"BS.AS. NORTE"|69|"PRODUCTOS CERAMICOS"|33|466224.67|417927.59
74|91|"BS.AS. NORTE"|69|"PRODUCTOS CERAMICOS"|15|198806.98|155988.38
75|91|"BS.AS. NORTE"|69|"PRODUCTOS CERAMICOS"|52|544306.81|362401.63
76|91|"BS.AS. NORTE"|69|"PRODUCTOS CERAMICOS"|38|349758.18|357680.24
77|91|"BS.AS. NORTE"|69|"PRODUCTOS CERAMICOS"|27|153882.71|160508.72
78|91|"BS.AS. NORTE"|69|"PRODUCTOS CERAMICOS"|37|243288.89|263494.43
79|91|"BS.AS. NORTE"|69|"PRODUCTOS CERAMICOS"|33|337477.543|180891.55
80|91|"BS.AS. NORTE"|69|"PRODUCTOS CERAMICOS"|15|231498.21|150548.64
81|91|"BS.AS. NORTE"|69|"PRODUCTOS CERAMICOS"|36|471345.02|361833.01
82|91|"BS.AS. NORTE"|69|"PRODUCTOS CERAMICOS"|45|205588.81|246987
83|91|"BS.AS. NORTE"|69|"PRODUCTOS CERAMICOS"|37|514395.45|505551.55
84|91|"BS.AS. NORTE"|69|"PRODUCTOS CERAMICOS"|31|235516.85|259926.56
85|91|"BS.AS. NORTE"|69|"PRODUCTOS CERAMICOS"|6|69201.08|53494.9
86|91|"BS.AS. NORTE"|69|"PRODUCTOS CERAMICOS"|67|519540.21|1028407.93
87|91|"BS.AS. NORTE"|69|"PRODUCTOS CERAMICOS"|12|96040.9|114961.92
88|91|"BS.AS. NORTE"|69|"PRODUCTOS CERAMICOS"|14|268750.98|199722.44
89|91|"BS.AS. NORTE"|69|"PRODUCTOS CERAMICOS"|19|61058.7|82084.63
90|91|"BS.AS. NORTE"|69|"PRODUCTOS CERAMICOS"|30|212565.77|194419.5
91|91|"BS.AS. NORTE"|69|"PRODUCTOS CERAMICOS"|18|222121.62|204886.83
92|91|"BS.AS. NORTE"|69|"PRODUCTOS CERAMICOS"|35|109308.73|173119.28
93|91|"BS.AS. NORTE"|69|"PRODUCTOS CERAMICOS"|12|72100.37|124803.76
94|91|"BS.AS. NORTE"|69|"PRODUCTOS CERAMICOS"|29|254640.24|225028.32
95|91|"BS.AS. NORTE"|69|"PRODUCTOS CERAMICOS"|36|310183.77|272819.82
96|91|"BS.AS. NORTE"|69|"PRODUCTOS CERAMICOS"|13|88267.2|96992.37
97|91|"BS.AS. NORTE"|69|"PRODUCTOS CERAMICOS"|15|113254.7|111114.64
98|91|"BS.AS. NORTE"|69|"PRODUCTOS CERAMICOS"|32|202043.96|216674.66
99|91|"BS.AS. NORTE"|69|"PRODUCTOS CERAMICOS"|65|600866.15|603722.93
100|91|"BS.AS. NORTE"|69|"PRODUCTOS CERAMICOS"|48|490965.93|402859.68
101|91|"BS.AS. NORTE"|69|"PRODUCTOS CERAMICOS"|13|116189.34|80894.25
102|91|"BS.AS. NORTE"|69|"PRODUCTOS CERAMICOS"|69|322047.62|419586.64
103|91|"BS.AS. NORTE"|69|"PRODUCTOS CERAMICOS"|31|155763.89|197228.03
104|91|"BS.AS. NORTE"|69|"PRODUCTOS CERAMICOS"|8|125392.3|110258.22
