"semana"|"aduana"|"aduana_desc"|"mercaderia"|"mercaderia_desc"|"cantidad"|"kilos"|"importe"
11|88|"GENERAL DEHEZA"|63|"LOS DEMAS ARTICULOS TEXTILES CONFECCIONADOS; JUEGOS; PRENDER"|1|2.8|25.24
32|88|"GENERAL DEHEZA"|63|"LOS DEMAS ARTICULOS TEXTILES CONFECCIONADOS; JUEGOS; PRENDER"|1|14.35|448.08
61|88|"GENERAL DEHEZA"|63|"LOS DEMAS ARTICULOS TEXTILES CONFECCIONADOS; JUEGOS; PRENDER"|1|77.84|2079.4
85|88|"GENERAL DEHEZA"|63|"LOS DEMAS ARTICULOS TEXTILES CONFECCIONADOS; JUEGOS; PRENDER"|1|45.8|1414.4
