"semana"|"aduana"|"aduana_desc"|"mercaderia"|"mercaderia_desc"|"cantidad"|"kilos"|"importe"
4|88|"GENERAL DEHEZA"|11|"PRODUCTOS DE LA MOLINERIA; MALTA; ALMIDON Y FECULA; INULINA;"|2|285000|35340
16|88|"GENERAL DEHEZA"|11|"PRODUCTOS DE LA MOLINERIA; MALTA; ALMIDON Y FECULA; INULINA;"|1|25000|11250
17|88|"GENERAL DEHEZA"|11|"PRODUCTOS DE LA MOLINERIA; MALTA; ALMIDON Y FECULA; INULINA;"|1|25000|11250
18|88|"GENERAL DEHEZA"|11|"PRODUCTOS DE LA MOLINERIA; MALTA; ALMIDON Y FECULA; INULINA;"|1|25000|11250
19|88|"GENERAL DEHEZA"|11|"PRODUCTOS DE LA MOLINERIA; MALTA; ALMIDON Y FECULA; INULINA;"|2|25000|11250
20|88|"GENERAL DEHEZA"|11|"PRODUCTOS DE LA MOLINERIA; MALTA; ALMIDON Y FECULA; INULINA;"|1|25000|11250
21|88|"GENERAL DEHEZA"|11|"PRODUCTOS DE LA MOLINERIA; MALTA; ALMIDON Y FECULA; INULINA;"|2|55000|21010
23|88|"GENERAL DEHEZA"|11|"PRODUCTOS DE LA MOLINERIA; MALTA; ALMIDON Y FECULA; INULINA;"|1|114000|18240
25|88|"GENERAL DEHEZA"|11|"PRODUCTOS DE LA MOLINERIA; MALTA; ALMIDON Y FECULA; INULINA;"|7|997500|159600
27|88|"GENERAL DEHEZA"|11|"PRODUCTOS DE LA MOLINERIA; MALTA; ALMIDON Y FECULA; INULINA;"|8|1140000|182400
28|88|"GENERAL DEHEZA"|11|"PRODUCTOS DE LA MOLINERIA; MALTA; ALMIDON Y FECULA; INULINA;"|6|855000|136800
29|88|"GENERAL DEHEZA"|11|"PRODUCTOS DE LA MOLINERIA; MALTA; ALMIDON Y FECULA; INULINA;"|8|1083000|173280
32|88|"GENERAL DEHEZA"|11|"PRODUCTOS DE LA MOLINERIA; MALTA; ALMIDON Y FECULA; INULINA;"|2|52500|21755
34|88|"GENERAL DEHEZA"|11|"PRODUCTOS DE LA MOLINERIA; MALTA; ALMIDON Y FECULA; INULINA;"|2|285000|42963.75
35|88|"GENERAL DEHEZA"|11|"PRODUCTOS DE LA MOLINERIA; MALTA; ALMIDON Y FECULA; INULINA;"|3|427500|63270
40|88|"GENERAL DEHEZA"|11|"PRODUCTOS DE LA MOLINERIA; MALTA; ALMIDON Y FECULA; INULINA;"|4|422000|61297
42|88|"GENERAL DEHEZA"|11|"PRODUCTOS DE LA MOLINERIA; MALTA; ALMIDON Y FECULA; INULINA;"|6|739500|94749
44|88|"GENERAL DEHEZA"|11|"PRODUCTOS DE LA MOLINERIA; MALTA; ALMIDON Y FECULA; INULINA;"|2|109000|20784
45|88|"GENERAL DEHEZA"|11|"PRODUCTOS DE LA MOLINERIA; MALTA; ALMIDON Y FECULA; INULINA;"|2|325000|50250
46|88|"GENERAL DEHEZA"|11|"PRODUCTOS DE LA MOLINERIA; MALTA; ALMIDON Y FECULA; INULINA;"|3|196000|23030
48|88|"GENERAL DEHEZA"|11|"PRODUCTOS DE LA MOLINERIA; MALTA; ALMIDON Y FECULA; INULINA;"|8|930000|110964
49|88|"GENERAL DEHEZA"|11|"PRODUCTOS DE LA MOLINERIA; MALTA; ALMIDON Y FECULA; INULINA;"|17|1606000|207016
50|88|"GENERAL DEHEZA"|11|"PRODUCTOS DE LA MOLINERIA; MALTA; ALMIDON Y FECULA; INULINA;"|8|1388000|164098
51|88|"GENERAL DEHEZA"|11|"PRODUCTOS DE LA MOLINERIA; MALTA; ALMIDON Y FECULA; INULINA;"|6|1103000|132452
52|88|"GENERAL DEHEZA"|11|"PRODUCTOS DE LA MOLINERIA; MALTA; ALMIDON Y FECULA; INULINA;"|5|896000|105980
53|88|"GENERAL DEHEZA"|11|"PRODUCTOS DE LA MOLINERIA; MALTA; ALMIDON Y FECULA; INULINA;"|4|990000|120200
54|88|"GENERAL DEHEZA"|11|"PRODUCTOS DE LA MOLINERIA; MALTA; ALMIDON Y FECULA; INULINA;"|5|811000|93856
55|88|"GENERAL DEHEZA"|11|"PRODUCTOS DE LA MOLINERIA; MALTA; ALMIDON Y FECULA; INULINA;"|9|1519000|186568
56|88|"GENERAL DEHEZA"|11|"PRODUCTOS DE LA MOLINERIA; MALTA; ALMIDON Y FECULA; INULINA;"|5|1316000|158508
57|88|"GENERAL DEHEZA"|11|"PRODUCTOS DE LA MOLINERIA; MALTA; ALMIDON Y FECULA; INULINA;"|15|3497000|397727
58|88|"GENERAL DEHEZA"|11|"PRODUCTOS DE LA MOLINERIA; MALTA; ALMIDON Y FECULA; INULINA;"|5|1526000|177610
59|88|"GENERAL DEHEZA"|11|"PRODUCTOS DE LA MOLINERIA; MALTA; ALMIDON Y FECULA; INULINA;"|8|2218600|264987.8
60|88|"GENERAL DEHEZA"|11|"PRODUCTOS DE LA MOLINERIA; MALTA; ALMIDON Y FECULA; INULINA;"|7|1765100|203977.3
61|88|"GENERAL DEHEZA"|11|"PRODUCTOS DE LA MOLINERIA; MALTA; ALMIDON Y FECULA; INULINA;"|21|6453940|743316.6
62|88|"GENERAL DEHEZA"|11|"PRODUCTOS DE LA MOLINERIA; MALTA; ALMIDON Y FECULA; INULINA;"|12|1956500|247832.5
63|88|"GENERAL DEHEZA"|11|"PRODUCTOS DE LA MOLINERIA; MALTA; ALMIDON Y FECULA; INULINA;"|7|2146800|230468.4
64|88|"GENERAL DEHEZA"|11|"PRODUCTOS DE LA MOLINERIA; MALTA; ALMIDON Y FECULA; INULINA;"|5|1644000|192030
65|88|"GENERAL DEHEZA"|11|"PRODUCTOS DE LA MOLINERIA; MALTA; ALMIDON Y FECULA; INULINA;"|12|2715500|303811.5
66|88|"GENERAL DEHEZA"|11|"PRODUCTOS DE LA MOLINERIA; MALTA; ALMIDON Y FECULA; INULINA;"|5|1248500|150187.5
67|88|"GENERAL DEHEZA"|11|"PRODUCTOS DE LA MOLINERIA; MALTA; ALMIDON Y FECULA; INULINA;"|6|1723200|181803
68|88|"GENERAL DEHEZA"|11|"PRODUCTOS DE LA MOLINERIA; MALTA; ALMIDON Y FECULA; INULINA;"|10|2433000|250624
69|88|"GENERAL DEHEZA"|11|"PRODUCTOS DE LA MOLINERIA; MALTA; ALMIDON Y FECULA; INULINA;"|4|949500|101445
70|88|"GENERAL DEHEZA"|11|"PRODUCTOS DE LA MOLINERIA; MALTA; ALMIDON Y FECULA; INULINA;"|8|1581000|159810
71|88|"GENERAL DEHEZA"|11|"PRODUCTOS DE LA MOLINERIA; MALTA; ALMIDON Y FECULA; INULINA;"|8|1856500|192759
72|88|"GENERAL DEHEZA"|11|"PRODUCTOS DE LA MOLINERIA; MALTA; ALMIDON Y FECULA; INULINA;"|6|2744600|266992.8
73|88|"GENERAL DEHEZA"|11|"PRODUCTOS DE LA MOLINERIA; MALTA; ALMIDON Y FECULA; INULINA;"|6|1221500|129229
74|88|"GENERAL DEHEZA"|11|"PRODUCTOS DE LA MOLINERIA; MALTA; ALMIDON Y FECULA; INULINA;"|4|921500|95532
75|88|"GENERAL DEHEZA"|11|"PRODUCTOS DE LA MOLINERIA; MALTA; ALMIDON Y FECULA; INULINA;"|16|3426400|333109
76|88|"GENERAL DEHEZA"|11|"PRODUCTOS DE LA MOLINERIA; MALTA; ALMIDON Y FECULA; INULINA;"|4|1152500|111625
77|88|"GENERAL DEHEZA"|11|"PRODUCTOS DE LA MOLINERIA; MALTA; ALMIDON Y FECULA; INULINA;"|5|847000|85432
78|88|"GENERAL DEHEZA"|11|"PRODUCTOS DE LA MOLINERIA; MALTA; ALMIDON Y FECULA; INULINA;"|6|1648000|151740
79|88|"GENERAL DEHEZA"|11|"PRODUCTOS DE LA MOLINERIA; MALTA; ALMIDON Y FECULA; INULINA;"|11|2792000|266152.5
80|88|"GENERAL DEHEZA"|11|"PRODUCTOS DE LA MOLINERIA; MALTA; ALMIDON Y FECULA; INULINA;"|1|319000|31900
81|88|"GENERAL DEHEZA"|11|"PRODUCTOS DE LA MOLINERIA; MALTA; ALMIDON Y FECULA; INULINA;"|7|3134500|282575
82|88|"GENERAL DEHEZA"|11|"PRODUCTOS DE LA MOLINERIA; MALTA; ALMIDON Y FECULA; INULINA;"|10|2556500|250939
83|88|"GENERAL DEHEZA"|11|"PRODUCTOS DE LA MOLINERIA; MALTA; ALMIDON Y FECULA; INULINA;"|3|1199340|120633.72
84|88|"GENERAL DEHEZA"|11|"PRODUCTOS DE LA MOLINERIA; MALTA; ALMIDON Y FECULA; INULINA;"|9|5120600|455195
85|88|"GENERAL DEHEZA"|11|"PRODUCTOS DE LA MOLINERIA; MALTA; ALMIDON Y FECULA; INULINA;"|3|678000|61860
86|88|"GENERAL DEHEZA"|11|"PRODUCTOS DE LA MOLINERIA; MALTA; ALMIDON Y FECULA; INULINA;"|5|1380000|136408.5
87|88|"GENERAL DEHEZA"|11|"PRODUCTOS DE LA MOLINERIA; MALTA; ALMIDON Y FECULA; INULINA;"|12|2800500|257887.5
88|88|"GENERAL DEHEZA"|11|"PRODUCTOS DE LA MOLINERIA; MALTA; ALMIDON Y FECULA; INULINA;"|14|3639000|325812.5
89|88|"GENERAL DEHEZA"|11|"PRODUCTOS DE LA MOLINERIA; MALTA; ALMIDON Y FECULA; INULINA;"|2|655500|65977.5
90|88|"GENERAL DEHEZA"|11|"PRODUCTOS DE LA MOLINERIA; MALTA; ALMIDON Y FECULA; INULINA;"|11|5458000|491925
91|88|"GENERAL DEHEZA"|11|"PRODUCTOS DE LA MOLINERIA; MALTA; ALMIDON Y FECULA; INULINA;"|14|5829800|540614
92|88|"GENERAL DEHEZA"|11|"PRODUCTOS DE LA MOLINERIA; MALTA; ALMIDON Y FECULA; INULINA;"|10|3300500|303859
93|88|"GENERAL DEHEZA"|11|"PRODUCTOS DE LA MOLINERIA; MALTA; ALMIDON Y FECULA; INULINA;"|9|5673500|521815.5
94|88|"GENERAL DEHEZA"|11|"PRODUCTOS DE LA MOLINERIA; MALTA; ALMIDON Y FECULA; INULINA;"|13|9906000|886261.8
95|88|"GENERAL DEHEZA"|11|"PRODUCTOS DE LA MOLINERIA; MALTA; ALMIDON Y FECULA; INULINA;"|6|2119500|200372.4
96|88|"GENERAL DEHEZA"|11|"PRODUCTOS DE LA MOLINERIA; MALTA; ALMIDON Y FECULA; INULINA;"|4|4836000|435240
97|88|"GENERAL DEHEZA"|11|"PRODUCTOS DE LA MOLINERIA; MALTA; ALMIDON Y FECULA; INULINA;"|10|2583920|260960.72
98|88|"GENERAL DEHEZA"|11|"PRODUCTOS DE LA MOLINERIA; MALTA; ALMIDON Y FECULA; INULINA;"|6|1455500|153707.5
99|88|"GENERAL DEHEZA"|11|"PRODUCTOS DE LA MOLINERIA; MALTA; ALMIDON Y FECULA; INULINA;"|1|57000|6840
100|88|"GENERAL DEHEZA"|11|"PRODUCTOS DE LA MOLINERIA; MALTA; ALMIDON Y FECULA; INULINA;"|1|27500|8525
101|88|"GENERAL DEHEZA"|11|"PRODUCTOS DE LA MOLINERIA; MALTA; ALMIDON Y FECULA; INULINA;"|4|1256000|139595
102|88|"GENERAL DEHEZA"|11|"PRODUCTOS DE LA MOLINERIA; MALTA; ALMIDON Y FECULA; INULINA;"|3|1557790.5|223918.5
103|88|"GENERAL DEHEZA"|11|"PRODUCTOS DE LA MOLINERIA; MALTA; ALMIDON Y FECULA; INULINA;"|2|1500000|165000
104|88|"GENERAL DEHEZA"|11|"PRODUCTOS DE LA MOLINERIA; MALTA; ALMIDON Y FECULA; INULINA;"|2|114000|16416
