"semana"|"aduana"|"aduana_desc"|"mercaderia"|"mercaderia_desc"|"cantidad"|"kilos"|"importe"
2|84|"SANTO TOME"|10|"CEREALES"|1|52000|49400
3|84|"SANTO TOME"|10|"CEREALES"|4|92000|874000
4|84|"SANTO TOME"|10|"CEREALES"|2|77000|286900
5|84|"SANTO TOME"|10|"CEREALES"|1|8000|84000
11|84|"SANTO TOME"|10|"CEREALES"|1|52000|49400
15|84|"SANTO TOME"|10|"CEREALES"|1|52000|51220
18|84|"SANTO TOME"|10|"CEREALES"|1|52000|51220
20|84|"SANTO TOME"|10|"CEREALES"|1|52000|65000
22|84|"SANTO TOME"|10|"CEREALES"|1|52000|65000
27|84|"SANTO TOME"|10|"CEREALES"|1|52000|65000
28|84|"SANTO TOME"|10|"CEREALES"|1|52000|65000
34|84|"SANTO TOME"|10|"CEREALES"|2|104000|163280
35|84|"SANTO TOME"|10|"CEREALES"|1|52000|81640
37|84|"SANTO TOME"|10|"CEREALES"|1|52000|81640
38|84|"SANTO TOME"|10|"CEREALES"|4|304000|236000
42|84|"SANTO TOME"|10|"CEREALES"|1|28120|16872
47|84|"SANTO TOME"|10|"CEREALES"|1|52000|41600
50|84|"SANTO TOME"|10|"CEREALES"|1|52000|41600
54|84|"SANTO TOME"|10|"CEREALES"|1|52000|41600
55|84|"SANTO TOME"|10|"CEREALES"|1|52000|41600
58|84|"SANTO TOME"|10|"CEREALES"|4|304000|226000
60|84|"SANTO TOME"|10|"CEREALES"|2|104000|83200
61|84|"SANTO TOME"|10|"CEREALES"|1|52000|41600
62|84|"SANTO TOME"|10|"CEREALES"|1|52000|41600
63|84|"SANTO TOME"|10|"CEREALES"|1|52000|78000
65|84|"SANTO TOME"|10|"CEREALES"|1|52000|70200
66|84|"SANTO TOME"|10|"CEREALES"|1|52000|65000
68|84|"SANTO TOME"|10|"CEREALES"|2|80500|78965
71|84|"SANTO TOME"|10|"CEREALES"|3|132500|124105
72|84|"SANTO TOME"|10|"CEREALES"|1|1e+05|35000
73|84|"SANTO TOME"|10|"CEREALES"|1|1e+05|35000
74|84|"SANTO TOME"|10|"CEREALES"|2|156000|166920
75|84|"SANTO TOME"|10|"CEREALES"|1|28000|12600
79|84|"SANTO TOME"|10|"CEREALES"|1|28000|13020
84|84|"SANTO TOME"|10|"CEREALES"|4|184000|180920
86|84|"SANTO TOME"|10|"CEREALES"|1|28000|14000
95|84|"SANTO TOME"|10|"CEREALES"|1|52000|49920
97|84|"SANTO TOME"|10|"CEREALES"|1|52000|49920
101|84|"SANTO TOME"|10|"CEREALES"|1|52000|48360
