"semana"|"aduana"|"aduana_desc"|"mercaderia"|"mercaderia_desc"|"cantidad"|"kilos"|"importe"
68|92|"BS.AS. SUR"|79|"CINC Y SUS MANUFACTURAS"|1|0.74|264.3
69|92|"BS.AS. SUR"|79|"CINC Y SUS MANUFACTURAS"|1|92250|46337.5
70|92|"BS.AS. SUR"|79|"CINC Y SUS MANUFACTURAS"|1|1000|8360
71|92|"BS.AS. SUR"|79|"CINC Y SUS MANUFACTURAS"|4|95127.76|61167.91
74|92|"BS.AS. SUR"|79|"CINC Y SUS MANUFACTURAS"|1|356|633
75|92|"BS.AS. SUR"|79|"CINC Y SUS MANUFACTURAS"|1|165.62|1638
76|92|"BS.AS. SUR"|79|"CINC Y SUS MANUFACTURAS"|1|695|10894
78|92|"BS.AS. SUR"|79|"CINC Y SUS MANUFACTURAS"|1|3652.56|14527.03
80|92|"BS.AS. SUR"|79|"CINC Y SUS MANUFACTURAS"|1|41953|20874.13
81|92|"BS.AS. SUR"|79|"CINC Y SUS MANUFACTURAS"|1|1068|1899
82|92|"BS.AS. SUR"|79|"CINC Y SUS MANUFACTURAS"|1|43250|21519.47
87|92|"BS.AS. SUR"|79|"CINC Y SUS MANUFACTURAS"|1|294.91|4015.6
88|92|"BS.AS. SUR"|79|"CINC Y SUS MANUFACTURAS"|2|448.19|13044
89|92|"BS.AS. SUR"|79|"CINC Y SUS MANUFACTURAS"|2|60704.61|43013.28
91|92|"BS.AS. SUR"|79|"CINC Y SUS MANUFACTURAS"|2|59780.88|27775.31
95|92|"BS.AS. SUR"|79|"CINC Y SUS MANUFACTURAS"|1|69040|27768
97|92|"BS.AS. SUR"|79|"CINC Y SUS MANUFACTURAS"|3|69885.44|34693.14
98|92|"BS.AS. SUR"|79|"CINC Y SUS MANUFACTURAS"|3|181.77|1089.62
99|92|"BS.AS. SUR"|79|"CINC Y SUS MANUFACTURAS"|2|1426.02|2830
102|92|"BS.AS. SUR"|79|"CINC Y SUS MANUFACTURAS"|2|72502.51|32890.9
103|92|"BS.AS. SUR"|79|"CINC Y SUS MANUFACTURAS"|1|11.5|548.3
104|92|"BS.AS. SUR"|79|"CINC Y SUS MANUFACTURAS"|1|71590|32450.32
