"semana"|"aduana"|"aduana_desc"|"mercaderia"|"mercaderia_desc"|"cantidad"|"kilos"|"importe"
2|76|"ORAN"|69|"PRODUCTOS CERAMICOS"|1|27217|10473.75
9|76|"ORAN"|69|"PRODUCTOS CERAMICOS"|1|28183.68|6743.94
10|76|"ORAN"|69|"PRODUCTOS CERAMICOS"|4|56704|15711.36
12|76|"ORAN"|69|"PRODUCTOS CERAMICOS"|3|27745.74|6788.8
15|76|"ORAN"|69|"PRODUCTOS CERAMICOS"|2|140365.3|29267.17
22|76|"ORAN"|69|"PRODUCTOS CERAMICOS"|1|56367.36|11676.09
23|76|"ORAN"|69|"PRODUCTOS CERAMICOS"|2|28032|6302.72
24|76|"ORAN"|69|"PRODUCTOS CERAMICOS"|2|82611|17233.76
26|76|"ORAN"|69|"PRODUCTOS CERAMICOS"|1|84551.04|17031
27|76|"ORAN"|69|"PRODUCTOS CERAMICOS"|2|82701|16992.4
29|76|"ORAN"|69|"PRODUCTOS CERAMICOS"|2|56019.84|11220.74
30|76|"ORAN"|69|"PRODUCTOS CERAMICOS"|2|54903|11592.96
36|76|"ORAN"|69|"PRODUCTOS CERAMICOS"|2|56019.84|11220.74
40|76|"ORAN"|69|"PRODUCTOS CERAMICOS"|1|84551.04|17198.75
41|76|"ORAN"|69|"PRODUCTOS CERAMICOS"|3|82017|19499.8
44|76|"ORAN"|69|"PRODUCTOS CERAMICOS"|2|28333.02|6603.2
45|76|"ORAN"|69|"PRODUCTOS CERAMICOS"|3|28920.18|6733.21
48|76|"ORAN"|69|"PRODUCTOS CERAMICOS"|2|54157.08|19175.59
49|76|"ORAN"|69|"PRODUCTOS CERAMICOS"|3|27801|6488.22
51|76|"ORAN"|69|"PRODUCTOS CERAMICOS"|3|84685.59|16661.07
57|76|"ORAN"|69|"PRODUCTOS CERAMICOS"|4|140323.68|29823.09
58|76|"ORAN"|69|"PRODUCTOS CERAMICOS"|2|28009.92|6521.66
60|76|"ORAN"|69|"PRODUCTOS CERAMICOS"|2|28286.76|5646.94
63|76|"ORAN"|69|"PRODUCTOS CERAMICOS"|2|27723.6|6160.99
65|76|"ORAN"|69|"PRODUCTOS CERAMICOS"|1|56367.36|11474.77
69|76|"ORAN"|69|"PRODUCTOS CERAMICOS"|2|84024.84|21131.23
72|76|"ORAN"|69|"PRODUCTOS CERAMICOS"|3|28063.74|5628.14
74|76|"ORAN"|69|"PRODUCTOS CERAMICOS"|4|82298.88|15673.83
77|76|"ORAN"|69|"PRODUCTOS CERAMICOS"|2|55225.2|11338.62
79|76|"ORAN"|69|"PRODUCTOS CERAMICOS"|4|139460.88|29460.83
81|76|"ORAN"|69|"PRODUCTOS CERAMICOS"|8|110458|27487.92
82|76|"ORAN"|69|"PRODUCTOS CERAMICOS"|3|139262.94|27738.4
85|76|"ORAN"|69|"PRODUCTOS CERAMICOS"|1|28183.68|5556.22
90|76|"ORAN"|69|"PRODUCTOS CERAMICOS"|2|56508.46|11732.6
92|76|"ORAN"|69|"PRODUCTOS CERAMICOS"|2|54164|12391.28
98|76|"ORAN"|69|"PRODUCTOS CERAMICOS"|2|56161.44|11542.65
102|76|"ORAN"|69|"PRODUCTOS CERAMICOS"|2|27501.6|5396.67
