"semana"|"aduana"|"aduana_desc"|"mercaderia"|"mercaderia_desc"|"cantidad"|"kilos"|"importe"
70|91|"BS.AS. NORTE"|64|"CALZADO, POLAINAS Y ARTICULOS ANALOGOS; PARTES DE ESTOS ARTI"|11|812.87|20442.91
74|91|"BS.AS. NORTE"|64|"CALZADO, POLAINAS Y ARTICULOS ANALOGOS; PARTES DE ESTOS ARTI"|10|362.18|16398.07
76|91|"BS.AS. NORTE"|64|"CALZADO, POLAINAS Y ARTICULOS ANALOGOS; PARTES DE ESTOS ARTI"|3|107|15438
78|91|"BS.AS. NORTE"|64|"CALZADO, POLAINAS Y ARTICULOS ANALOGOS; PARTES DE ESTOS ARTI"|8|94.73|4354.65
79|91|"BS.AS. NORTE"|64|"CALZADO, POLAINAS Y ARTICULOS ANALOGOS; PARTES DE ESTOS ARTI"|1|948.46|52374.35
82|91|"BS.AS. NORTE"|64|"CALZADO, POLAINAS Y ARTICULOS ANALOGOS; PARTES DE ESTOS ARTI"|3|4028.29|29995.68
83|91|"BS.AS. NORTE"|64|"CALZADO, POLAINAS Y ARTICULOS ANALOGOS; PARTES DE ESTOS ARTI"|7|150.85|7935.29
85|91|"BS.AS. NORTE"|64|"CALZADO, POLAINAS Y ARTICULOS ANALOGOS; PARTES DE ESTOS ARTI"|2|12.35|2411.41
87|91|"BS.AS. NORTE"|64|"CALZADO, POLAINAS Y ARTICULOS ANALOGOS; PARTES DE ESTOS ARTI"|10|322.17|30363.24
88|91|"BS.AS. NORTE"|64|"CALZADO, POLAINAS Y ARTICULOS ANALOGOS; PARTES DE ESTOS ARTI"|6|113.3|3829
90|91|"BS.AS. NORTE"|64|"CALZADO, POLAINAS Y ARTICULOS ANALOGOS; PARTES DE ESTOS ARTI"|12|235.25|15062.09
94|91|"BS.AS. NORTE"|64|"CALZADO, POLAINAS Y ARTICULOS ANALOGOS; PARTES DE ESTOS ARTI"|12|332.36|15480.22
95|91|"BS.AS. NORTE"|64|"CALZADO, POLAINAS Y ARTICULOS ANALOGOS; PARTES DE ESTOS ARTI"|3|4803.68|35305.92
98|91|"BS.AS. NORTE"|64|"CALZADO, POLAINAS Y ARTICULOS ANALOGOS; PARTES DE ESTOS ARTI"|7|111.6|5946.71
99|91|"BS.AS. NORTE"|64|"CALZADO, POLAINAS Y ARTICULOS ANALOGOS; PARTES DE ESTOS ARTI"|1|7.73|100
101|91|"BS.AS. NORTE"|64|"CALZADO, POLAINAS Y ARTICULOS ANALOGOS; PARTES DE ESTOS ARTI"|6|26.9|1477.12
102|91|"BS.AS. NORTE"|64|"CALZADO, POLAINAS Y ARTICULOS ANALOGOS; PARTES DE ESTOS ARTI"|1|7.15|480
104|91|"BS.AS. NORTE"|64|"CALZADO, POLAINAS Y ARTICULOS ANALOGOS; PARTES DE ESTOS ARTI"|9|257.62|8338.2
