"semana"|"aduana"|"aduana_desc"|"mercaderia"|"mercaderia_desc"|"cantidad"|"kilos"|"importe"
68|92|"BS.AS. SUR"|90|"INSTRUMENTOS Y APARATOS DE OPTICA, FOTOGRAFIA O CINEMATOGRAF"|2|22.71|3764.91
69|92|"BS.AS. SUR"|90|"INSTRUMENTOS Y APARATOS DE OPTICA, FOTOGRAFIA O CINEMATOGRAF"|50|15151.32|442757.74
70|92|"BS.AS. SUR"|90|"INSTRUMENTOS Y APARATOS DE OPTICA, FOTOGRAFIA O CINEMATOGRAF"|32|6589.51|159465.7
71|92|"BS.AS. SUR"|90|"INSTRUMENTOS Y APARATOS DE OPTICA, FOTOGRAFIA O CINEMATOGRAF"|47|36216.04|787400.19
72|92|"BS.AS. SUR"|90|"INSTRUMENTOS Y APARATOS DE OPTICA, FOTOGRAFIA O CINEMATOGRAF"|25|7865.66|129460.69
73|92|"BS.AS. SUR"|90|"INSTRUMENTOS Y APARATOS DE OPTICA, FOTOGRAFIA O CINEMATOGRAF"|26|5083.92|206775.82
74|92|"BS.AS. SUR"|90|"INSTRUMENTOS Y APARATOS DE OPTICA, FOTOGRAFIA O CINEMATOGRAF"|50|16442.16|267930.13
75|92|"BS.AS. SUR"|90|"INSTRUMENTOS Y APARATOS DE OPTICA, FOTOGRAFIA O CINEMATOGRAF"|30|5307.86|199556.04
76|92|"BS.AS. SUR"|90|"INSTRUMENTOS Y APARATOS DE OPTICA, FOTOGRAFIA O CINEMATOGRAF"|34|8895.58|331069.48
77|92|"BS.AS. SUR"|90|"INSTRUMENTOS Y APARATOS DE OPTICA, FOTOGRAFIA O CINEMATOGRAF"|36|7439.01|426845.62
78|92|"BS.AS. SUR"|90|"INSTRUMENTOS Y APARATOS DE OPTICA, FOTOGRAFIA O CINEMATOGRAF"|26|18299.02|404528.8
79|92|"BS.AS. SUR"|90|"INSTRUMENTOS Y APARATOS DE OPTICA, FOTOGRAFIA O CINEMATOGRAF"|26|22393.15|656961.13
80|92|"BS.AS. SUR"|90|"INSTRUMENTOS Y APARATOS DE OPTICA, FOTOGRAFIA O CINEMATOGRAF"|13|1562.76|49776.74
81|92|"BS.AS. SUR"|90|"INSTRUMENTOS Y APARATOS DE OPTICA, FOTOGRAFIA O CINEMATOGRAF"|52|8715.21|234166.26
82|92|"BS.AS. SUR"|90|"INSTRUMENTOS Y APARATOS DE OPTICA, FOTOGRAFIA O CINEMATOGRAF"|40|31280.97|1262570.82
83|92|"BS.AS. SUR"|90|"INSTRUMENTOS Y APARATOS DE OPTICA, FOTOGRAFIA O CINEMATOGRAF"|59|10603.382|257449.86
84|92|"BS.AS. SUR"|90|"INSTRUMENTOS Y APARATOS DE OPTICA, FOTOGRAFIA O CINEMATOGRAF"|18|10185.77|287155.28
85|92|"BS.AS. SUR"|90|"INSTRUMENTOS Y APARATOS DE OPTICA, FOTOGRAFIA O CINEMATOGRAF"|16|10046.79|193337.04
86|92|"BS.AS. SUR"|90|"INSTRUMENTOS Y APARATOS DE OPTICA, FOTOGRAFIA O CINEMATOGRAF"|52|18037.697|938415.23
87|92|"BS.AS. SUR"|90|"INSTRUMENTOS Y APARATOS DE OPTICA, FOTOGRAFIA O CINEMATOGRAF"|38|3387.96|108690.95
88|92|"BS.AS. SUR"|90|"INSTRUMENTOS Y APARATOS DE OPTICA, FOTOGRAFIA O CINEMATOGRAF"|49|21525.63|448153.09
89|92|"BS.AS. SUR"|90|"INSTRUMENTOS Y APARATOS DE OPTICA, FOTOGRAFIA O CINEMATOGRAF"|45|20517.94|682767.11
90|92|"BS.AS. SUR"|90|"INSTRUMENTOS Y APARATOS DE OPTICA, FOTOGRAFIA O CINEMATOGRAF"|24|14037.41|483613.37
91|92|"BS.AS. SUR"|90|"INSTRUMENTOS Y APARATOS DE OPTICA, FOTOGRAFIA O CINEMATOGRAF"|44|10346.325|572042.15
92|92|"BS.AS. SUR"|90|"INSTRUMENTOS Y APARATOS DE OPTICA, FOTOGRAFIA O CINEMATOGRAF"|21|2722.35|283811.29
93|92|"BS.AS. SUR"|90|"INSTRUMENTOS Y APARATOS DE OPTICA, FOTOGRAFIA O CINEMATOGRAF"|31|20680.64|759095.72
94|92|"BS.AS. SUR"|90|"INSTRUMENTOS Y APARATOS DE OPTICA, FOTOGRAFIA O CINEMATOGRAF"|44|7054.65|148367.26
95|92|"BS.AS. SUR"|90|"INSTRUMENTOS Y APARATOS DE OPTICA, FOTOGRAFIA O CINEMATOGRAF"|44|13157.97|405879.08
96|92|"BS.AS. SUR"|90|"INSTRUMENTOS Y APARATOS DE OPTICA, FOTOGRAFIA O CINEMATOGRAF"|41|1766.4|66915.62
97|92|"BS.AS. SUR"|90|"INSTRUMENTOS Y APARATOS DE OPTICA, FOTOGRAFIA O CINEMATOGRAF"|22|19748.93|427406.08
98|92|"BS.AS. SUR"|90|"INSTRUMENTOS Y APARATOS DE OPTICA, FOTOGRAFIA O CINEMATOGRAF"|35|9316.1|201248.1
99|92|"BS.AS. SUR"|90|"INSTRUMENTOS Y APARATOS DE OPTICA, FOTOGRAFIA O CINEMATOGRAF"|42|39862.63|850022.64
100|92|"BS.AS. SUR"|90|"INSTRUMENTOS Y APARATOS DE OPTICA, FOTOGRAFIA O CINEMATOGRAF"|30|5530.92|110123.08
101|92|"BS.AS. SUR"|90|"INSTRUMENTOS Y APARATOS DE OPTICA, FOTOGRAFIA O CINEMATOGRAF"|18|3365.2|127695.34
102|92|"BS.AS. SUR"|90|"INSTRUMENTOS Y APARATOS DE OPTICA, FOTOGRAFIA O CINEMATOGRAF"|55|24796.553|745997.32
103|92|"BS.AS. SUR"|90|"INSTRUMENTOS Y APARATOS DE OPTICA, FOTOGRAFIA O CINEMATOGRAF"|75|8768.87|548844.86
104|92|"BS.AS. SUR"|90|"INSTRUMENTOS Y APARATOS DE OPTICA, FOTOGRAFIA O CINEMATOGRAF"|11|6118.17|145423.92
