"semana"|"aduana"|"aduana_desc"|"mercaderia"|"mercaderia_desc"|"cantidad"|"kilos"|"importe"
33|66|"TINOGASTA"|20|"PREPARACIONES DE HORTALIZAS, FRUTAS U OTROS FRUTOS O DEMAS P"|3|11600|21770
39|66|"TINOGASTA"|20|"PREPARACIONES DE HORTALIZAS, FRUTAS U OTROS FRUTOS O DEMAS P"|4|21760|50440
43|66|"TINOGASTA"|20|"PREPARACIONES DE HORTALIZAS, FRUTAS U OTROS FRUTOS O DEMAS P"|5|22480|46990
44|66|"TINOGASTA"|20|"PREPARACIONES DE HORTALIZAS, FRUTAS U OTROS FRUTOS O DEMAS P"|2|10960|25976
49|66|"TINOGASTA"|20|"PREPARACIONES DE HORTALIZAS, FRUTAS U OTROS FRUTOS O DEMAS P"|2|21840|51844.8
50|66|"TINOGASTA"|20|"PREPARACIONES DE HORTALIZAS, FRUTAS U OTROS FRUTOS O DEMAS P"|3|21280|47920
61|66|"TINOGASTA"|20|"PREPARACIONES DE HORTALIZAS, FRUTAS U OTROS FRUTOS O DEMAS P"|2|10800|22004.08
68|66|"TINOGASTA"|20|"PREPARACIONES DE HORTALIZAS, FRUTAS U OTROS FRUTOS O DEMAS P"|2|12800|28206
71|66|"TINOGASTA"|20|"PREPARACIONES DE HORTALIZAS, FRUTAS U OTROS FRUTOS O DEMAS P"|3|22080|53106
72|66|"TINOGASTA"|20|"PREPARACIONES DE HORTALIZAS, FRUTAS U OTROS FRUTOS O DEMAS P"|1|11200|26440
74|66|"TINOGASTA"|20|"PREPARACIONES DE HORTALIZAS, FRUTAS U OTROS FRUTOS O DEMAS P"|5|34880|81712
78|66|"TINOGASTA"|20|"PREPARACIONES DE HORTALIZAS, FRUTAS U OTROS FRUTOS O DEMAS P"|3|11760|21234
79|66|"TINOGASTA"|20|"PREPARACIONES DE HORTALIZAS, FRUTAS U OTROS FRUTOS O DEMAS P"|3|11760|21234
81|66|"TINOGASTA"|20|"PREPARACIONES DE HORTALIZAS, FRUTAS U OTROS FRUTOS O DEMAS P"|4|20520|40927.6
84|66|"TINOGASTA"|20|"PREPARACIONES DE HORTALIZAS, FRUTAS U OTROS FRUTOS O DEMAS P"|4|11400|23488
86|66|"TINOGASTA"|20|"PREPARACIONES DE HORTALIZAS, FRUTAS U OTROS FRUTOS O DEMAS P"|5|22640|47228
90|66|"TINOGASTA"|20|"PREPARACIONES DE HORTALIZAS, FRUTAS U OTROS FRUTOS O DEMAS P"|3|11360|21884
91|66|"TINOGASTA"|20|"PREPARACIONES DE HORTALIZAS, FRUTAS U OTROS FRUTOS O DEMAS P"|5|12080|26533.6
92|66|"TINOGASTA"|20|"PREPARACIONES DE HORTALIZAS, FRUTAS U OTROS FRUTOS O DEMAS P"|3|11360|21884
93|66|"TINOGASTA"|20|"PREPARACIONES DE HORTALIZAS, FRUTAS U OTROS FRUTOS O DEMAS P"|3|11360|21884
96|66|"TINOGASTA"|20|"PREPARACIONES DE HORTALIZAS, FRUTAS U OTROS FRUTOS O DEMAS P"|3|12700|32578
97|66|"TINOGASTA"|20|"PREPARACIONES DE HORTALIZAS, FRUTAS U OTROS FRUTOS O DEMAS P"|3|11120|22418
