"semana"|"aduana"|"aduana_desc"|"mercaderia"|"mercaderia_desc"|"cantidad"|"kilos"|"importe"
5|88|"GENERAL DEHEZA"|21|"PREPARACIONES ALIMENTICIAS DIVERSAS"|3|23096|23911.2
6|88|"GENERAL DEHEZA"|21|"PREPARACIONES ALIMENTICIAS DIVERSAS"|2|12744|20114.55
8|88|"GENERAL DEHEZA"|21|"PREPARACIONES ALIMENTICIAS DIVERSAS"|4|15614.75|23912.15
16|88|"GENERAL DEHEZA"|21|"PREPARACIONES ALIMENTICIAS DIVERSAS"|1|8010|8010
19|88|"GENERAL DEHEZA"|21|"PREPARACIONES ALIMENTICIAS DIVERSAS"|2|21420|21420
21|88|"GENERAL DEHEZA"|21|"PREPARACIONES ALIMENTICIAS DIVERSAS"|1|23490|20914.97
27|88|"GENERAL DEHEZA"|21|"PREPARACIONES ALIMENTICIAS DIVERSAS"|1|21420|21420
29|88|"GENERAL DEHEZA"|21|"PREPARACIONES ALIMENTICIAS DIVERSAS"|1|21970|19004.05
32|88|"GENERAL DEHEZA"|21|"PREPARACIONES ALIMENTICIAS DIVERSAS"|2|65960|56835.45
33|88|"GENERAL DEHEZA"|21|"PREPARACIONES ALIMENTICIAS DIVERSAS"|1|22000|17864
35|88|"GENERAL DEHEZA"|21|"PREPARACIONES ALIMENTICIAS DIVERSAS"|1|88000|75680
36|88|"GENERAL DEHEZA"|21|"PREPARACIONES ALIMENTICIAS DIVERSAS"|2|44690|37176.61
37|88|"GENERAL DEHEZA"|21|"PREPARACIONES ALIMENTICIAS DIVERSAS"|2|41420|38580
38|88|"GENERAL DEHEZA"|21|"PREPARACIONES ALIMENTICIAS DIVERSAS"|2|60000|51480
39|88|"GENERAL DEHEZA"|21|"PREPARACIONES ALIMENTICIAS DIVERSAS"|1|21970|19004.05
41|88|"GENERAL DEHEZA"|21|"PREPARACIONES ALIMENTICIAS DIVERSAS"|2|8450|12082.8
44|88|"GENERAL DEHEZA"|21|"PREPARACIONES ALIMENTICIAS DIVERSAS"|2|42000|36190
45|88|"GENERAL DEHEZA"|21|"PREPARACIONES ALIMENTICIAS DIVERSAS"|1|21420|21420
46|88|"GENERAL DEHEZA"|21|"PREPARACIONES ALIMENTICIAS DIVERSAS"|3|106000|91410
47|88|"GENERAL DEHEZA"|21|"PREPARACIONES ALIMENTICIAS DIVERSAS"|1|63360|55104
48|88|"GENERAL DEHEZA"|21|"PREPARACIONES ALIMENTICIAS DIVERSAS"|1|21420|21420
49|88|"GENERAL DEHEZA"|21|"PREPARACIONES ALIMENTICIAS DIVERSAS"|3|130040|113087.48
50|88|"GENERAL DEHEZA"|21|"PREPARACIONES ALIMENTICIAS DIVERSAS"|2|80000|70480
53|88|"GENERAL DEHEZA"|21|"PREPARACIONES ALIMENTICIAS DIVERSAS"|2|65420|59876
56|88|"GENERAL DEHEZA"|21|"PREPARACIONES ALIMENTICIAS DIVERSAS"|1|44000|38456
63|88|"GENERAL DEHEZA"|21|"PREPARACIONES ALIMENTICIAS DIVERSAS"|1|21400|21400
65|88|"GENERAL DEHEZA"|21|"PREPARACIONES ALIMENTICIAS DIVERSAS"|2|44000|38720
66|88|"GENERAL DEHEZA"|21|"PREPARACIONES ALIMENTICIAS DIVERSAS"|1|44000|37708
68|88|"GENERAL DEHEZA"|21|"PREPARACIONES ALIMENTICIAS DIVERSAS"|3|72959.9|66344
71|88|"GENERAL DEHEZA"|21|"PREPARACIONES ALIMENTICIAS DIVERSAS"|1|9300|8323.5
73|88|"GENERAL DEHEZA"|21|"PREPARACIONES ALIMENTICIAS DIVERSAS"|2|40800|35879.92
76|88|"GENERAL DEHEZA"|21|"PREPARACIONES ALIMENTICIAS DIVERSAS"|2|81400|63220
78|88|"GENERAL DEHEZA"|21|"PREPARACIONES ALIMENTICIAS DIVERSAS"|2|118860|82301.76
80|88|"GENERAL DEHEZA"|21|"PREPARACIONES ALIMENTICIAS DIVERSAS"|1|20810|18271.18
81|88|"GENERAL DEHEZA"|21|"PREPARACIONES ALIMENTICIAS DIVERSAS"|1|39600|33000
82|88|"GENERAL DEHEZA"|21|"PREPARACIONES ALIMENTICIAS DIVERSAS"|1|58140|41169.73
83|88|"GENERAL DEHEZA"|21|"PREPARACIONES ALIMENTICIAS DIVERSAS"|1|19190|16848.82
84|88|"GENERAL DEHEZA"|21|"PREPARACIONES ALIMENTICIAS DIVERSAS"|2|96921.25|73483.74
85|88|"GENERAL DEHEZA"|21|"PREPARACIONES ALIMENTICIAS DIVERSAS"|2|96900|80653.12
87|88|"GENERAL DEHEZA"|21|"PREPARACIONES ALIMENTICIAS DIVERSAS"|2|97700|80669.6
88|88|"GENERAL DEHEZA"|21|"PREPARACIONES ALIMENTICIAS DIVERSAS"|1|21400|21400
89|88|"GENERAL DEHEZA"|21|"PREPARACIONES ALIMENTICIAS DIVERSAS"|2|78600|66480.82
91|88|"GENERAL DEHEZA"|21|"PREPARACIONES ALIMENTICIAS DIVERSAS"|1|21500|21500
95|88|"GENERAL DEHEZA"|21|"PREPARACIONES ALIMENTICIAS DIVERSAS"|2|9203.28|24299.58
97|88|"GENERAL DEHEZA"|21|"PREPARACIONES ALIMENTICIAS DIVERSAS"|2|42400|35830
98|88|"GENERAL DEHEZA"|21|"PREPARACIONES ALIMENTICIAS DIVERSAS"|5|197320|161284.08
99|88|"GENERAL DEHEZA"|21|"PREPARACIONES ALIMENTICIAS DIVERSAS"|1|42000|28860
100|88|"GENERAL DEHEZA"|21|"PREPARACIONES ALIMENTICIAS DIVERSAS"|1|42000|28860
101|88|"GENERAL DEHEZA"|21|"PREPARACIONES ALIMENTICIAS DIVERSAS"|2|77460|53347.14
102|88|"GENERAL DEHEZA"|21|"PREPARACIONES ALIMENTICIAS DIVERSAS"|2|139880|106087.32
103|88|"GENERAL DEHEZA"|21|"PREPARACIONES ALIMENTICIAS DIVERSAS"|2|95190|68230.71
104|88|"GENERAL DEHEZA"|21|"PREPARACIONES ALIMENTICIAS DIVERSAS"|2|139900|102443.1
