"semana"|"aduana"|"aduana_desc"|"mercaderia"|"mercaderia_desc"|"cantidad"|"kilos"|"importe"
1|87|"CALETA OLIVIA"|25|"SAL; AZUFRE; TIERRAS Y PIEDRAS; YESOS, CALES Y CEMENTOS"|20|1722644|127257.5
2|87|"CALETA OLIVIA"|25|"SAL; AZUFRE; TIERRAS Y PIEDRAS; YESOS, CALES Y CEMENTOS"|42|2936944|218706.22
3|87|"CALETA OLIVIA"|25|"SAL; AZUFRE; TIERRAS Y PIEDRAS; YESOS, CALES Y CEMENTOS"|43|3029680|224495.1
4|87|"CALETA OLIVIA"|25|"SAL; AZUFRE; TIERRAS Y PIEDRAS; YESOS, CALES Y CEMENTOS"|51|4773388|393717.27
5|87|"CALETA OLIVIA"|25|"SAL; AZUFRE; TIERRAS Y PIEDRAS; YESOS, CALES Y CEMENTOS"|40|2499552|185677.98
6|87|"CALETA OLIVIA"|25|"SAL; AZUFRE; TIERRAS Y PIEDRAS; YESOS, CALES Y CEMENTOS"|47|5106132|407523.43
7|87|"CALETA OLIVIA"|25|"SAL; AZUFRE; TIERRAS Y PIEDRAS; YESOS, CALES Y CEMENTOS"|35|2684008|197849
8|87|"CALETA OLIVIA"|25|"SAL; AZUFRE; TIERRAS Y PIEDRAS; YESOS, CALES Y CEMENTOS"|90|6460112|476684.6
9|87|"CALETA OLIVIA"|25|"SAL; AZUFRE; TIERRAS Y PIEDRAS; YESOS, CALES Y CEMENTOS"|12|1125502|82508.75
10|87|"CALETA OLIVIA"|25|"SAL; AZUFRE; TIERRAS Y PIEDRAS; YESOS, CALES Y CEMENTOS"|65|6291738|463698.83
11|87|"CALETA OLIVIA"|25|"SAL; AZUFRE; TIERRAS Y PIEDRAS; YESOS, CALES Y CEMENTOS"|43|4070640|299819.94
12|87|"CALETA OLIVIA"|25|"SAL; AZUFRE; TIERRAS Y PIEDRAS; YESOS, CALES Y CEMENTOS"|55|5081866|399061.77
13|87|"CALETA OLIVIA"|25|"SAL; AZUFRE; TIERRAS Y PIEDRAS; YESOS, CALES Y CEMENTOS"|37|3783016|297766.07
14|87|"CALETA OLIVIA"|25|"SAL; AZUFRE; TIERRAS Y PIEDRAS; YESOS, CALES Y CEMENTOS"|31|2599632|188398
15|87|"CALETA OLIVIA"|25|"SAL; AZUFRE; TIERRAS Y PIEDRAS; YESOS, CALES Y CEMENTOS"|32|3272154|260284.75
16|87|"CALETA OLIVIA"|25|"SAL; AZUFRE; TIERRAS Y PIEDRAS; YESOS, CALES Y CEMENTOS"|27|2394964|175178.9
17|87|"CALETA OLIVIA"|25|"SAL; AZUFRE; TIERRAS Y PIEDRAS; YESOS, CALES Y CEMENTOS"|48|3266144|240553.2
18|87|"CALETA OLIVIA"|25|"SAL; AZUFRE; TIERRAS Y PIEDRAS; YESOS, CALES Y CEMENTOS"|27|2195596|160703.74
19|87|"CALETA OLIVIA"|25|"SAL; AZUFRE; TIERRAS Y PIEDRAS; YESOS, CALES Y CEMENTOS"|45|3540716|269926.72
20|87|"CALETA OLIVIA"|25|"SAL; AZUFRE; TIERRAS Y PIEDRAS; YESOS, CALES Y CEMENTOS"|40|3479872|271819.75
21|87|"CALETA OLIVIA"|25|"SAL; AZUFRE; TIERRAS Y PIEDRAS; YESOS, CALES Y CEMENTOS"|45|4918952|402683.59
22|87|"CALETA OLIVIA"|25|"SAL; AZUFRE; TIERRAS Y PIEDRAS; YESOS, CALES Y CEMENTOS"|32|3598428|289164.68
23|87|"CALETA OLIVIA"|25|"SAL; AZUFRE; TIERRAS Y PIEDRAS; YESOS, CALES Y CEMENTOS"|25|1778048|129984.12
24|87|"CALETA OLIVIA"|25|"SAL; AZUFRE; TIERRAS Y PIEDRAS; YESOS, CALES Y CEMENTOS"|37|4439960|382711.51
25|87|"CALETA OLIVIA"|25|"SAL; AZUFRE; TIERRAS Y PIEDRAS; YESOS, CALES Y CEMENTOS"|23|2027904|154161.16
26|87|"CALETA OLIVIA"|25|"SAL; AZUFRE; TIERRAS Y PIEDRAS; YESOS, CALES Y CEMENTOS"|27|2536332|209615.38
27|87|"CALETA OLIVIA"|25|"SAL; AZUFRE; TIERRAS Y PIEDRAS; YESOS, CALES Y CEMENTOS"|20|1655700|112829.4
28|87|"CALETA OLIVIA"|25|"SAL; AZUFRE; TIERRAS Y PIEDRAS; YESOS, CALES Y CEMENTOS"|29|2839936|244789.11
29|87|"CALETA OLIVIA"|25|"SAL; AZUFRE; TIERRAS Y PIEDRAS; YESOS, CALES Y CEMENTOS"|26|2026596|153567.35
30|87|"CALETA OLIVIA"|25|"SAL; AZUFRE; TIERRAS Y PIEDRAS; YESOS, CALES Y CEMENTOS"|21|1725136|133464.36
31|87|"CALETA OLIVIA"|25|"SAL; AZUFRE; TIERRAS Y PIEDRAS; YESOS, CALES Y CEMENTOS"|18|2375520|232750.68
32|87|"CALETA OLIVIA"|25|"SAL; AZUFRE; TIERRAS Y PIEDRAS; YESOS, CALES Y CEMENTOS"|15|1278876|103347.89
33|87|"CALETA OLIVIA"|25|"SAL; AZUFRE; TIERRAS Y PIEDRAS; YESOS, CALES Y CEMENTOS"|25|1923348|148530.24
34|87|"CALETA OLIVIA"|25|"SAL; AZUFRE; TIERRAS Y PIEDRAS; YESOS, CALES Y CEMENTOS"|19|1994248|189146.43
35|87|"CALETA OLIVIA"|25|"SAL; AZUFRE; TIERRAS Y PIEDRAS; YESOS, CALES Y CEMENTOS"|32|2625324|225480.63
36|87|"CALETA OLIVIA"|25|"SAL; AZUFRE; TIERRAS Y PIEDRAS; YESOS, CALES Y CEMENTOS"|27|2315204|200288.09
37|87|"CALETA OLIVIA"|25|"SAL; AZUFRE; TIERRAS Y PIEDRAS; YESOS, CALES Y CEMENTOS"|36|3097380|248420.59
38|87|"CALETA OLIVIA"|25|"SAL; AZUFRE; TIERRAS Y PIEDRAS; YESOS, CALES Y CEMENTOS"|10|1164604|96724.28
39|87|"CALETA OLIVIA"|25|"SAL; AZUFRE; TIERRAS Y PIEDRAS; YESOS, CALES Y CEMENTOS"|25|2147368|159017.08
40|87|"CALETA OLIVIA"|25|"SAL; AZUFRE; TIERRAS Y PIEDRAS; YESOS, CALES Y CEMENTOS"|35|3657114|309162.51
41|87|"CALETA OLIVIA"|25|"SAL; AZUFRE; TIERRAS Y PIEDRAS; YESOS, CALES Y CEMENTOS"|47|3673578|282695.28
42|87|"CALETA OLIVIA"|25|"SAL; AZUFRE; TIERRAS Y PIEDRAS; YESOS, CALES Y CEMENTOS"|57|6436410|557786.11
43|87|"CALETA OLIVIA"|25|"SAL; AZUFRE; TIERRAS Y PIEDRAS; YESOS, CALES Y CEMENTOS"|35|3655990|281141.85
44|87|"CALETA OLIVIA"|25|"SAL; AZUFRE; TIERRAS Y PIEDRAS; YESOS, CALES Y CEMENTOS"|23|3649652|285885.53
45|87|"CALETA OLIVIA"|25|"SAL; AZUFRE; TIERRAS Y PIEDRAS; YESOS, CALES Y CEMENTOS"|42|4738314|361445.32
46|87|"CALETA OLIVIA"|25|"SAL; AZUFRE; TIERRAS Y PIEDRAS; YESOS, CALES Y CEMENTOS"|52|5589172|471907.32
47|87|"CALETA OLIVIA"|25|"SAL; AZUFRE; TIERRAS Y PIEDRAS; YESOS, CALES Y CEMENTOS"|40|3799438|324932
48|87|"CALETA OLIVIA"|25|"SAL; AZUFRE; TIERRAS Y PIEDRAS; YESOS, CALES Y CEMENTOS"|65|7247124|671427.8
49|87|"CALETA OLIVIA"|25|"SAL; AZUFRE; TIERRAS Y PIEDRAS; YESOS, CALES Y CEMENTOS"|51|4366308|337045.15
50|87|"CALETA OLIVIA"|25|"SAL; AZUFRE; TIERRAS Y PIEDRAS; YESOS, CALES Y CEMENTOS"|44|3406488|267102.66
51|87|"CALETA OLIVIA"|25|"SAL; AZUFRE; TIERRAS Y PIEDRAS; YESOS, CALES Y CEMENTOS"|44|3851998|281823.73
52|87|"CALETA OLIVIA"|25|"SAL; AZUFRE; TIERRAS Y PIEDRAS; YESOS, CALES Y CEMENTOS"|25|2079940|154436.52
53|87|"CALETA OLIVIA"|25|"SAL; AZUFRE; TIERRAS Y PIEDRAS; YESOS, CALES Y CEMENTOS"|19|1979814|180837.05
54|87|"CALETA OLIVIA"|25|"SAL; AZUFRE; TIERRAS Y PIEDRAS; YESOS, CALES Y CEMENTOS"|61|6231436|521140.18
55|87|"CALETA OLIVIA"|25|"SAL; AZUFRE; TIERRAS Y PIEDRAS; YESOS, CALES Y CEMENTOS"|82|8331962|780883.22
56|87|"CALETA OLIVIA"|25|"SAL; AZUFRE; TIERRAS Y PIEDRAS; YESOS, CALES Y CEMENTOS"|67|5176006|418659.42
57|87|"CALETA OLIVIA"|25|"SAL; AZUFRE; TIERRAS Y PIEDRAS; YESOS, CALES Y CEMENTOS"|49|3540042|262497.25
58|87|"CALETA OLIVIA"|25|"SAL; AZUFRE; TIERRAS Y PIEDRAS; YESOS, CALES Y CEMENTOS"|71|4502008|333327.6
59|87|"CALETA OLIVIA"|25|"SAL; AZUFRE; TIERRAS Y PIEDRAS; YESOS, CALES Y CEMENTOS"|40|2482776|183293.02
60|87|"CALETA OLIVIA"|25|"SAL; AZUFRE; TIERRAS Y PIEDRAS; YESOS, CALES Y CEMENTOS"|43|5311448|478083.21
61|87|"CALETA OLIVIA"|25|"SAL; AZUFRE; TIERRAS Y PIEDRAS; YESOS, CALES Y CEMENTOS"|43|3121564|230859.2
62|87|"CALETA OLIVIA"|25|"SAL; AZUFRE; TIERRAS Y PIEDRAS; YESOS, CALES Y CEMENTOS"|55|5477036|506022.83
63|87|"CALETA OLIVIA"|25|"SAL; AZUFRE; TIERRAS Y PIEDRAS; YESOS, CALES Y CEMENTOS"|35|2654036|194700.4
64|87|"CALETA OLIVIA"|25|"SAL; AZUFRE; TIERRAS Y PIEDRAS; YESOS, CALES Y CEMENTOS"|34|4648144|499706.95
65|87|"CALETA OLIVIA"|25|"SAL; AZUFRE; TIERRAS Y PIEDRAS; YESOS, CALES Y CEMENTOS"|58|5749120|518471.91
66|87|"CALETA OLIVIA"|25|"SAL; AZUFRE; TIERRAS Y PIEDRAS; YESOS, CALES Y CEMENTOS"|15|967700|71070.26
67|87|"CALETA OLIVIA"|25|"SAL; AZUFRE; TIERRAS Y PIEDRAS; YESOS, CALES Y CEMENTOS"|50|3442784|252886.32
68|87|"CALETA OLIVIA"|25|"SAL; AZUFRE; TIERRAS Y PIEDRAS; YESOS, CALES Y CEMENTOS"|48|3617596|296671.51
69|87|"CALETA OLIVIA"|25|"SAL; AZUFRE; TIERRAS Y PIEDRAS; YESOS, CALES Y CEMENTOS"|47|3632904|294805.18
70|87|"CALETA OLIVIA"|25|"SAL; AZUFRE; TIERRAS Y PIEDRAS; YESOS, CALES Y CEMENTOS"|48|5775928|556483.64
71|87|"CALETA OLIVIA"|25|"SAL; AZUFRE; TIERRAS Y PIEDRAS; YESOS, CALES Y CEMENTOS"|60|4764500|368034.46
72|87|"CALETA OLIVIA"|25|"SAL; AZUFRE; TIERRAS Y PIEDRAS; YESOS, CALES Y CEMENTOS"|43|5256936|577701.72
73|87|"CALETA OLIVIA"|25|"SAL; AZUFRE; TIERRAS Y PIEDRAS; YESOS, CALES Y CEMENTOS"|19|909776|70036.72
74|87|"CALETA OLIVIA"|25|"SAL; AZUFRE; TIERRAS Y PIEDRAS; YESOS, CALES Y CEMENTOS"|33|3212804|324564.71
75|87|"CALETA OLIVIA"|25|"SAL; AZUFRE; TIERRAS Y PIEDRAS; YESOS, CALES Y CEMENTOS"|33|2121820|153088.54
76|87|"CALETA OLIVIA"|25|"SAL; AZUFRE; TIERRAS Y PIEDRAS; YESOS, CALES Y CEMENTOS"|23|1583716|116697.5
77|87|"CALETA OLIVIA"|25|"SAL; AZUFRE; TIERRAS Y PIEDRAS; YESOS, CALES Y CEMENTOS"|31|1756228|132433.05
78|87|"CALETA OLIVIA"|25|"SAL; AZUFRE; TIERRAS Y PIEDRAS; YESOS, CALES Y CEMENTOS"|30|1896644|134046.11
79|87|"CALETA OLIVIA"|25|"SAL; AZUFRE; TIERRAS Y PIEDRAS; YESOS, CALES Y CEMENTOS"|22|2180548|186883.61
80|87|"CALETA OLIVIA"|25|"SAL; AZUFRE; TIERRAS Y PIEDRAS; YESOS, CALES Y CEMENTOS"|12|1027236|72969.04
81|87|"CALETA OLIVIA"|25|"SAL; AZUFRE; TIERRAS Y PIEDRAS; YESOS, CALES Y CEMENTOS"|32|2951940|271466.6
82|87|"CALETA OLIVIA"|25|"SAL; AZUFRE; TIERRAS Y PIEDRAS; YESOS, CALES Y CEMENTOS"|29|3710760|369884.45
83|87|"CALETA OLIVIA"|25|"SAL; AZUFRE; TIERRAS Y PIEDRAS; YESOS, CALES Y CEMENTOS"|21|1505140|108571.8
84|87|"CALETA OLIVIA"|25|"SAL; AZUFRE; TIERRAS Y PIEDRAS; YESOS, CALES Y CEMENTOS"|19|1536860|110946.7
85|87|"CALETA OLIVIA"|25|"SAL; AZUFRE; TIERRAS Y PIEDRAS; YESOS, CALES Y CEMENTOS"|12|868620|63101.2
86|87|"CALETA OLIVIA"|25|"SAL; AZUFRE; TIERRAS Y PIEDRAS; YESOS, CALES Y CEMENTOS"|23|1405640|102489.5
87|87|"CALETA OLIVIA"|25|"SAL; AZUFRE; TIERRAS Y PIEDRAS; YESOS, CALES Y CEMENTOS"|30|3015852|303652.73
88|87|"CALETA OLIVIA"|25|"SAL; AZUFRE; TIERRAS Y PIEDRAS; YESOS, CALES Y CEMENTOS"|28|2305816|167389.8
89|87|"CALETA OLIVIA"|25|"SAL; AZUFRE; TIERRAS Y PIEDRAS; YESOS, CALES Y CEMENTOS"|30|2820200|285074.26
90|87|"CALETA OLIVIA"|25|"SAL; AZUFRE; TIERRAS Y PIEDRAS; YESOS, CALES Y CEMENTOS"|33|3266356|291503.12
91|87|"CALETA OLIVIA"|25|"SAL; AZUFRE; TIERRAS Y PIEDRAS; YESOS, CALES Y CEMENTOS"|22|1463224|143355.67
92|87|"CALETA OLIVIA"|25|"SAL; AZUFRE; TIERRAS Y PIEDRAS; YESOS, CALES Y CEMENTOS"|32|3402492|319464.98
93|87|"CALETA OLIVIA"|25|"SAL; AZUFRE; TIERRAS Y PIEDRAS; YESOS, CALES Y CEMENTOS"|32|2218644|164888.4
94|87|"CALETA OLIVIA"|25|"SAL; AZUFRE; TIERRAS Y PIEDRAS; YESOS, CALES Y CEMENTOS"|42|2859892|208991.3
95|87|"CALETA OLIVIA"|25|"SAL; AZUFRE; TIERRAS Y PIEDRAS; YESOS, CALES Y CEMENTOS"|40|2944756|214759.23
96|87|"CALETA OLIVIA"|25|"SAL; AZUFRE; TIERRAS Y PIEDRAS; YESOS, CALES Y CEMENTOS"|16|1643808|156696.87
97|87|"CALETA OLIVIA"|25|"SAL; AZUFRE; TIERRAS Y PIEDRAS; YESOS, CALES Y CEMENTOS"|41|3141036|262353.25
98|87|"CALETA OLIVIA"|25|"SAL; AZUFRE; TIERRAS Y PIEDRAS; YESOS, CALES Y CEMENTOS"|29|2387492|242569.61
99|87|"CALETA OLIVIA"|25|"SAL; AZUFRE; TIERRAS Y PIEDRAS; YESOS, CALES Y CEMENTOS"|26|1567436|116724
100|87|"CALETA OLIVIA"|25|"SAL; AZUFRE; TIERRAS Y PIEDRAS; YESOS, CALES Y CEMENTOS"|34|4097164|406689.9
101|87|"CALETA OLIVIA"|25|"SAL; AZUFRE; TIERRAS Y PIEDRAS; YESOS, CALES Y CEMENTOS"|34|2588652|193735
102|87|"CALETA OLIVIA"|25|"SAL; AZUFRE; TIERRAS Y PIEDRAS; YESOS, CALES Y CEMENTOS"|47|3849084|330491.5
103|87|"CALETA OLIVIA"|25|"SAL; AZUFRE; TIERRAS Y PIEDRAS; YESOS, CALES Y CEMENTOS"|20|2150412|175230.83
104|87|"CALETA OLIVIA"|25|"SAL; AZUFRE; TIERRAS Y PIEDRAS; YESOS, CALES Y CEMENTOS"|15|2369228|191369.03
