"semana"|"aduana"|"aduana_desc"|"mercaderia"|"mercaderia_desc"|"cantidad"|"kilos"|"importe"
16|83|"SAN LUIS"|69|"PRODUCTOS CERAMICOS"|1|700|1391.61
43|83|"SAN LUIS"|69|"PRODUCTOS CERAMICOS"|1|1.6|54
48|83|"SAN LUIS"|69|"PRODUCTOS CERAMICOS"|2|778|3753.94
50|83|"SAN LUIS"|69|"PRODUCTOS CERAMICOS"|1|57.5|270
59|83|"SAN LUIS"|69|"PRODUCTOS CERAMICOS"|2|1420|6508.95
63|83|"SAN LUIS"|69|"PRODUCTOS CERAMICOS"|1|658|2507
69|83|"SAN LUIS"|69|"PRODUCTOS CERAMICOS"|1|306|1256
77|83|"SAN LUIS"|69|"PRODUCTOS CERAMICOS"|1|5272|20159.47
96|83|"SAN LUIS"|69|"PRODUCTOS CERAMICOS"|1|18900|37997.8
