"semana"|"aduana"|"aduana_desc"|"mercaderia"|"mercaderia_desc"|"cantidad"|"kilos"|"importe"
2|85|"VILLA REGINA"|22|"BEBIDAS, LIQUIDOS ALCOHOLICOS Y VINAGRE"|1|36360|213428.8
8|85|"VILLA REGINA"|22|"BEBIDAS, LIQUIDOS ALCOHOLICOS Y VINAGRE"|1|40500|233222.62
12|85|"VILLA REGINA"|22|"BEBIDAS, LIQUIDOS ALCOHOLICOS Y VINAGRE"|2|810|3150
13|85|"VILLA REGINA"|22|"BEBIDAS, LIQUIDOS ALCOHOLICOS Y VINAGRE"|1|41701|239347.5
16|85|"VILLA REGINA"|22|"BEBIDAS, LIQUIDOS ALCOHOLICOS Y VINAGRE"|1|41701|239347.5
18|85|"VILLA REGINA"|22|"BEBIDAS, LIQUIDOS ALCOHOLICOS Y VINAGRE"|1|41751|237168
19|85|"VILLA REGINA"|22|"BEBIDAS, LIQUIDOS ALCOHOLICOS Y VINAGRE"|1|41751|239638.5
21|85|"VILLA REGINA"|22|"BEBIDAS, LIQUIDOS ALCOHOLICOS Y VINAGRE"|1|41751|237168
22|85|"VILLA REGINA"|22|"BEBIDAS, LIQUIDOS ALCOHOLICOS Y VINAGRE"|1|41751|239638.5
25|85|"VILLA REGINA"|22|"BEBIDAS, LIQUIDOS ALCOHOLICOS Y VINAGRE"|1|41751|243591.3
27|85|"VILLA REGINA"|22|"BEBIDAS, LIQUIDOS ALCOHOLICOS Y VINAGRE"|1|41751|243591.3
30|85|"VILLA REGINA"|22|"BEBIDAS, LIQUIDOS ALCOHOLICOS Y VINAGRE"|1|41532|242309.5
31|85|"VILLA REGINA"|22|"BEBIDAS, LIQUIDOS ALCOHOLICOS Y VINAGRE"|3|9000|48000
32|85|"VILLA REGINA"|22|"BEBIDAS, LIQUIDOS ALCOHOLICOS Y VINAGRE"|1|41532|242309.5
34|85|"VILLA REGINA"|22|"BEBIDAS, LIQUIDOS ALCOHOLICOS Y VINAGRE"|9|13234.5|70584
37|85|"VILLA REGINA"|22|"BEBIDAS, LIQUIDOS ALCOHOLICOS Y VINAGRE"|2|74326|474351.89
39|85|"VILLA REGINA"|22|"BEBIDAS, LIQUIDOS ALCOHOLICOS Y VINAGRE"|1|40180|229791.99
40|85|"VILLA REGINA"|22|"BEBIDAS, LIQUIDOS ALCOHOLICOS Y VINAGRE"|3|12096|64512
41|85|"VILLA REGINA"|22|"BEBIDAS, LIQUIDOS ALCOHOLICOS Y VINAGRE"|1|41760|234254.58
42|85|"VILLA REGINA"|22|"BEBIDAS, LIQUIDOS ALCOHOLICOS Y VINAGRE"|1|41760|234254.58
45|85|"VILLA REGINA"|22|"BEBIDAS, LIQUIDOS ALCOHOLICOS Y VINAGRE"|1|39968.5|224221.95
48|85|"VILLA REGINA"|22|"BEBIDAS, LIQUIDOS ALCOHOLICOS Y VINAGRE"|3|41691|237042.7
49|85|"VILLA REGINA"|22|"BEBIDAS, LIQUIDOS ALCOHOLICOS Y VINAGRE"|2|81719.5|463521.23
50|85|"VILLA REGINA"|22|"BEBIDAS, LIQUIDOS ALCOHOLICOS Y VINAGRE"|1|17322|98373.64
51|85|"VILLA REGINA"|22|"BEBIDAS, LIQUIDOS ALCOHOLICOS Y VINAGRE"|1|41751|239299.28
53|85|"VILLA REGINA"|22|"BEBIDAS, LIQUIDOS ALCOHOLICOS Y VINAGRE"|1|40881|234072.7
54|85|"VILLA REGINA"|22|"BEBIDAS, LIQUIDOS ALCOHOLICOS Y VINAGRE"|1|17322|98373.64
65|85|"VILLA REGINA"|22|"BEBIDAS, LIQUIDOS ALCOHOLICOS Y VINAGRE"|1|41751|263693.76
67|85|"VILLA REGINA"|22|"BEBIDAS, LIQUIDOS ALCOHOLICOS Y VINAGRE"|1|41751|263693.76
68|85|"VILLA REGINA"|22|"BEBIDAS, LIQUIDOS ALCOHOLICOS Y VINAGRE"|1|41760|263405.17
69|85|"VILLA REGINA"|22|"BEBIDAS, LIQUIDOS ALCOHOLICOS Y VINAGRE"|2|690000|345690
70|85|"VILLA REGINA"|22|"BEBIDAS, LIQUIDOS ALCOHOLICOS Y VINAGRE"|5|428511|716884.53
71|85|"VILLA REGINA"|22|"BEBIDAS, LIQUIDOS ALCOHOLICOS Y VINAGRE"|4|803030|466006.7
72|85|"VILLA REGINA"|22|"BEBIDAS, LIQUIDOS ALCOHOLICOS Y VINAGRE"|6|637091|642273.53
73|85|"VILLA REGINA"|22|"BEBIDAS, LIQUIDOS ALCOHOLICOS Y VINAGRE"|7|734700|428085.56
74|85|"VILLA REGINA"|22|"BEBIDAS, LIQUIDOS ALCOHOLICOS Y VINAGRE"|10|1339573|788098.82
75|85|"VILLA REGINA"|22|"BEBIDAS, LIQUIDOS ALCOHOLICOS Y VINAGRE"|5|572450|315477.25
76|85|"VILLA REGINA"|22|"BEBIDAS, LIQUIDOS ALCOHOLICOS Y VINAGRE"|7|725831|646765.87
77|85|"VILLA REGINA"|22|"BEBIDAS, LIQUIDOS ALCOHOLICOS Y VINAGRE"|10|1256780|696070.9
78|85|"VILLA REGINA"|22|"BEBIDAS, LIQUIDOS ALCOHOLICOS Y VINAGRE"|9|864431|719722.32
79|85|"VILLA REGINA"|22|"BEBIDAS, LIQUIDOS ALCOHOLICOS Y VINAGRE"|10|1158218|884496.73
80|85|"VILLA REGINA"|22|"BEBIDAS, LIQUIDOS ALCOHOLICOS Y VINAGRE"|8|917060|505392.51
81|85|"VILLA REGINA"|22|"BEBIDAS, LIQUIDOS ALCOHOLICOS Y VINAGRE"|8|915040|504279.32
82|85|"VILLA REGINA"|22|"BEBIDAS, LIQUIDOS ALCOHOLICOS Y VINAGRE"|9|978122|772166.11
83|85|"VILLA REGINA"|22|"BEBIDAS, LIQUIDOS ALCOHOLICOS Y VINAGRE"|11|1205888|908084.95
84|85|"VILLA REGINA"|22|"BEBIDAS, LIQUIDOS ALCOHOLICOS Y VINAGRE"|13|1433942|1016380.03
85|85|"VILLA REGINA"|22|"BEBIDAS, LIQUIDOS ALCOHOLICOS Y VINAGRE"|9|1040380|573353.91
86|85|"VILLA REGINA"|22|"BEBIDAS, LIQUIDOS ALCOHOLICOS Y VINAGRE"|3|342280|192005.91
87|85|"VILLA REGINA"|22|"BEBIDAS, LIQUIDOS ALCOHOLICOS Y VINAGRE"|9|764660|894051.48
88|85|"VILLA REGINA"|22|"BEBIDAS, LIQUIDOS ALCOHOLICOS Y VINAGRE"|1|41574|260742.78
89|85|"VILLA REGINA"|22|"BEBIDAS, LIQUIDOS ALCOHOLICOS Y VINAGRE"|3|293220|161594.33
90|85|"VILLA REGINA"|22|"BEBIDAS, LIQUIDOS ALCOHOLICOS Y VINAGRE"|3|222459|366726.82
92|85|"VILLA REGINA"|22|"BEBIDAS, LIQUIDOS ALCOHOLICOS Y VINAGRE"|3|340574|395561.88
94|85|"VILLA REGINA"|22|"BEBIDAS, LIQUIDOS ALCOHOLICOS Y VINAGRE"|2|292600|131933.7
98|85|"VILLA REGINA"|22|"BEBIDAS, LIQUIDOS ALCOHOLICOS Y VINAGRE"|1|41751|262249.72
99|85|"VILLA REGINA"|22|"BEBIDAS, LIQUIDOS ALCOHOLICOS Y VINAGRE"|2|83376|527242.33
