"semana"|"aduana"|"aduana_desc"|"mercaderia"|"mercaderia_desc"|"cantidad"|"kilos"|"importe"
68|91|"BS.AS. NORTE"|58|"TEJIDOS ESPECIALES; SUPERFICIES TEXTILES CON MECHON INSERTAD"|1|5|161.2
69|91|"BS.AS. NORTE"|58|"TEJIDOS ESPECIALES; SUPERFICIES TEXTILES CON MECHON INSERTAD"|2|328.28|8438.6
72|91|"BS.AS. NORTE"|58|"TEJIDOS ESPECIALES; SUPERFICIES TEXTILES CON MECHON INSERTAD"|3|2918.21|43100.85
74|91|"BS.AS. NORTE"|58|"TEJIDOS ESPECIALES; SUPERFICIES TEXTILES CON MECHON INSERTAD"|1|269.6|9218.76
76|91|"BS.AS. NORTE"|58|"TEJIDOS ESPECIALES; SUPERFICIES TEXTILES CON MECHON INSERTAD"|1|5|159.28
79|91|"BS.AS. NORTE"|58|"TEJIDOS ESPECIALES; SUPERFICIES TEXTILES CON MECHON INSERTAD"|1|222.1|6984
80|91|"BS.AS. NORTE"|58|"TEJIDOS ESPECIALES; SUPERFICIES TEXTILES CON MECHON INSERTAD"|1|48|2072
81|91|"BS.AS. NORTE"|58|"TEJIDOS ESPECIALES; SUPERFICIES TEXTILES CON MECHON INSERTAD"|1|28|615
83|91|"BS.AS. NORTE"|58|"TEJIDOS ESPECIALES; SUPERFICIES TEXTILES CON MECHON INSERTAD"|1|18|947.9
84|91|"BS.AS. NORTE"|58|"TEJIDOS ESPECIALES; SUPERFICIES TEXTILES CON MECHON INSERTAD"|3|293.15|6862.56
85|91|"BS.AS. NORTE"|58|"TEJIDOS ESPECIALES; SUPERFICIES TEXTILES CON MECHON INSERTAD"|1|20|174.18
88|91|"BS.AS. NORTE"|58|"TEJIDOS ESPECIALES; SUPERFICIES TEXTILES CON MECHON INSERTAD"|2|227.1|6766.77
90|91|"BS.AS. NORTE"|58|"TEJIDOS ESPECIALES; SUPERFICIES TEXTILES CON MECHON INSERTAD"|1|132|1046.54
91|91|"BS.AS. NORTE"|58|"TEJIDOS ESPECIALES; SUPERFICIES TEXTILES CON MECHON INSERTAD"|1|10.88|46.79
92|91|"BS.AS. NORTE"|58|"TEJIDOS ESPECIALES; SUPERFICIES TEXTILES CON MECHON INSERTAD"|1|92|580.51
93|91|"BS.AS. NORTE"|58|"TEJIDOS ESPECIALES; SUPERFICIES TEXTILES CON MECHON INSERTAD"|1|357.3|11232
94|91|"BS.AS. NORTE"|58|"TEJIDOS ESPECIALES; SUPERFICIES TEXTILES CON MECHON INSERTAD"|1|164|977.21
95|91|"BS.AS. NORTE"|58|"TEJIDOS ESPECIALES; SUPERFICIES TEXTILES CON MECHON INSERTAD"|2|184.99|1058.26
99|91|"BS.AS. NORTE"|58|"TEJIDOS ESPECIALES; SUPERFICIES TEXTILES CON MECHON INSERTAD"|2|12851.84|53855.39
100|91|"BS.AS. NORTE"|58|"TEJIDOS ESPECIALES; SUPERFICIES TEXTILES CON MECHON INSERTAD"|1|164|958.08
102|91|"BS.AS. NORTE"|58|"TEJIDOS ESPECIALES; SUPERFICIES TEXTILES CON MECHON INSERTAD"|2|212.59|6160.21
