"semana"|"aduana"|"aduana_desc"|"mercaderia"|"mercaderia_desc"|"cantidad"|"kilos"|"importe"
2|82|"BERNARDO DE YRIGOYEN"|47|"PASTA DE MADERA O DE LAS DEMAS MATERIAS FIBROSAS CELULOSICAS"|6|532167|406926.54
3|82|"BERNARDO DE YRIGOYEN"|47|"PASTA DE MADERA O DE LAS DEMAS MATERIAS FIBROSAS CELULOSICAS"|7|536130|404536.83
4|82|"BERNARDO DE YRIGOYEN"|47|"PASTA DE MADERA O DE LAS DEMAS MATERIAS FIBROSAS CELULOSICAS"|2|252385|192812.38
6|82|"BERNARDO DE YRIGOYEN"|47|"PASTA DE MADERA O DE LAS DEMAS MATERIAS FIBROSAS CELULOSICAS"|5|310964|235721.02
7|82|"BERNARDO DE YRIGOYEN"|47|"PASTA DE MADERA O DE LAS DEMAS MATERIAS FIBROSAS CELULOSICAS"|1|85124|64368.97
8|82|"BERNARDO DE YRIGOYEN"|47|"PASTA DE MADERA O DE LAS DEMAS MATERIAS FIBROSAS CELULOSICAS"|3|198622|150193.73
10|82|"BERNARDO DE YRIGOYEN"|47|"PASTA DE MADERA O DE LAS DEMAS MATERIAS FIBROSAS CELULOSICAS"|7|566176|413651.48
11|82|"BERNARDO DE YRIGOYEN"|47|"PASTA DE MADERA O DE LAS DEMAS MATERIAS FIBROSAS CELULOSICAS"|18|1276858|930636.08
12|82|"BERNARDO DE YRIGOYEN"|47|"PASTA DE MADERA O DE LAS DEMAS MATERIAS FIBROSAS CELULOSICAS"|22|1445079|1052619.87
13|82|"BERNARDO DE YRIGOYEN"|47|"PASTA DE MADERA O DE LAS DEMAS MATERIAS FIBROSAS CELULOSICAS"|7|482367|359840.27
14|82|"BERNARDO DE YRIGOYEN"|47|"PASTA DE MADERA O DE LAS DEMAS MATERIAS FIBROSAS CELULOSICAS"|6|340494|242203.5
15|82|"BERNARDO DE YRIGOYEN"|47|"PASTA DE MADERA O DE LAS DEMAS MATERIAS FIBROSAS CELULOSICAS"|4|226996|161469
16|82|"BERNARDO DE YRIGOYEN"|47|"PASTA DE MADERA O DE LAS DEMAS MATERIAS FIBROSAS CELULOSICAS"|13|737737|524416.29
17|82|"BERNARDO DE YRIGOYEN"|47|"PASTA DE MADERA O DE LAS DEMAS MATERIAS FIBROSAS CELULOSICAS"|16|993108|723927.92
18|82|"BERNARDO DE YRIGOYEN"|47|"PASTA DE MADERA O DE LAS DEMAS MATERIAS FIBROSAS CELULOSICAS"|6|312120|221528.07
19|82|"BERNARDO DE YRIGOYEN"|47|"PASTA DE MADERA O DE LAS DEMAS MATERIAS FIBROSAS CELULOSICAS"|10|624240|464263.87
20|82|"BERNARDO DE YRIGOYEN"|47|"PASTA DE MADERA O DE LAS DEMAS MATERIAS FIBROSAS CELULOSICAS"|13|737737|525696.02
21|82|"BERNARDO DE YRIGOYEN"|47|"PASTA DE MADERA O DE LAS DEMAS MATERIAS FIBROSAS CELULOSICAS"|20|1134980|803035.8
22|82|"BERNARDO DE YRIGOYEN"|47|"PASTA DE MADERA O DE LAS DEMAS MATERIAS FIBROSAS CELULOSICAS"|7|510741|378084.94
23|82|"BERNARDO DE YRIGOYEN"|47|"PASTA DE MADERA O DE LAS DEMAS MATERIAS FIBROSAS CELULOSICAS"|2|113498|80259.12
24|82|"BERNARDO DE YRIGOYEN"|47|"PASTA DE MADERA O DE LAS DEMAS MATERIAS FIBROSAS CELULOSICAS"|6|588710|421010.46
25|82|"BERNARDO DE YRIGOYEN"|47|"PASTA DE MADERA O DE LAS DEMAS MATERIAS FIBROSAS CELULOSICAS"|7|735748|540016.46
26|82|"BERNARDO DE YRIGOYEN"|47|"PASTA DE MADERA O DE LAS DEMAS MATERIAS FIBROSAS CELULOSICAS"|6|651566|480584.72
27|82|"BERNARDO DE YRIGOYEN"|47|"PASTA DE MADERA O DE LAS DEMAS MATERIAS FIBROSAS CELULOSICAS"|6|624240|446619.31
28|82|"BERNARDO DE YRIGOYEN"|47|"PASTA DE MADERA O DE LAS DEMAS MATERIAS FIBROSAS CELULOSICAS"|3|340494|243720.57
29|82|"BERNARDO DE YRIGOYEN"|47|"PASTA DE MADERA O DE LAS DEMAS MATERIAS FIBROSAS CELULOSICAS"|7|595865|436180.3
30|82|"BERNARDO DE YRIGOYEN"|47|"PASTA DE MADERA O DE LAS DEMAS MATERIAS FIBROSAS CELULOSICAS"|8|709363|524034.75
31|82|"BERNARDO DE YRIGOYEN"|47|"PASTA DE MADERA O DE LAS DEMAS MATERIAS FIBROSAS CELULOSICAS"|8|822862|607549.18
32|82|"BERNARDO DE YRIGOYEN"|47|"PASTA DE MADERA O DE LAS DEMAS MATERIAS FIBROSAS CELULOSICAS"|4|397243|293103.57
33|82|"BERNARDO DE YRIGOYEN"|47|"PASTA DE MADERA O DE LAS DEMAS MATERIAS FIBROSAS CELULOSICAS"|5|539117|403435.04
34|82|"BERNARDO DE YRIGOYEN"|47|"PASTA DE MADERA O DE LAS DEMAS MATERIAS FIBROSAS CELULOSICAS"|9|964734|707248.67
35|82|"BERNARDO DE YRIGOYEN"|47|"PASTA DE MADERA O DE LAS DEMAS MATERIAS FIBROSAS CELULOSICAS"|3|283746|216402.59
36|82|"BERNARDO DE YRIGOYEN"|47|"PASTA DE MADERA O DE LAS DEMAS MATERIAS FIBROSAS CELULOSICAS"|3|283746|210114.7
37|82|"BERNARDO DE YRIGOYEN"|47|"PASTA DE MADERA O DE LAS DEMAS MATERIAS FIBROSAS CELULOSICAS"|2|170248|128307.02
40|82|"BERNARDO DE YRIGOYEN"|47|"PASTA DE MADERA O DE LAS DEMAS MATERIAS FIBROSAS CELULOSICAS"|2|226996|173344.92
41|82|"BERNARDO DE YRIGOYEN"|47|"PASTA DE MADERA O DE LAS DEMAS MATERIAS FIBROSAS CELULOSICAS"|4|312120|238349.67
42|82|"BERNARDO DE YRIGOYEN"|47|"PASTA DE MADERA O DE LAS DEMAS MATERIAS FIBROSAS CELULOSICAS"|2|226997|177501.66
44|82|"BERNARDO DE YRIGOYEN"|47|"PASTA DE MADERA O DE LAS DEMAS MATERIAS FIBROSAS CELULOSICAS"|1|141873|112496.91
45|82|"BERNARDO DE YRIGOYEN"|47|"PASTA DE MADERA O DE LAS DEMAS MATERIAS FIBROSAS CELULOSICAS"|4|312121|239118.54
46|82|"BERNARDO DE YRIGOYEN"|47|"PASTA DE MADERA O DE LAS DEMAS MATERIAS FIBROSAS CELULOSICAS"|4|312121|239118.54
48|82|"BERNARDO DE YRIGOYEN"|47|"PASTA DE MADERA O DE LAS DEMAS MATERIAS FIBROSAS CELULOSICAS"|6|510744|391285.32
49|82|"BERNARDO DE YRIGOYEN"|47|"PASTA DE MADERA O DE LAS DEMAS MATERIAS FIBROSAS CELULOSICAS"|2|170248|130428.44
50|82|"BERNARDO DE YRIGOYEN"|47|"PASTA DE MADERA O DE LAS DEMAS MATERIAS FIBROSAS CELULOSICAS"|3|255372|195642.66
51|82|"BERNARDO DE YRIGOYEN"|47|"PASTA DE MADERA O DE LAS DEMAS MATERIAS FIBROSAS CELULOSICAS"|1|85124|65214.22
53|82|"BERNARDO DE YRIGOYEN"|47|"PASTA DE MADERA O DE LAS DEMAS MATERIAS FIBROSAS CELULOSICAS"|3|255372|197619.78
54|82|"BERNARDO DE YRIGOYEN"|47|"PASTA DE MADERA O DE LAS DEMAS MATERIAS FIBROSAS CELULOSICAS"|8|709366|551405.27
56|82|"BERNARDO DE YRIGOYEN"|47|"PASTA DE MADERA O DE LAS DEMAS MATERIAS FIBROSAS CELULOSICAS"|1|113498|90292.45
57|82|"BERNARDO DE YRIGOYEN"|47|"PASTA DE MADERA O DE LAS DEMAS MATERIAS FIBROSAS CELULOSICAS"|2|170248|132261.22
58|82|"BERNARDO DE YRIGOYEN"|47|"PASTA DE MADERA O DE LAS DEMAS MATERIAS FIBROSAS CELULOSICAS"|8|680992|529044.88
59|82|"BERNARDO DE YRIGOYEN"|47|"PASTA DE MADERA O DE LAS DEMAS MATERIAS FIBROSAS CELULOSICAS"|5|453994|352696.05
60|82|"BERNARDO DE YRIGOYEN"|47|"PASTA DE MADERA O DE LAS DEMAS MATERIAS FIBROSAS CELULOSICAS"|1|113498|88173.61
62|82|"BERNARDO DE YRIGOYEN"|47|"PASTA DE MADERA O DE LAS DEMAS MATERIAS FIBROSAS CELULOSICAS"|1|85124|66130.61
63|82|"BERNARDO DE YRIGOYEN"|47|"PASTA DE MADERA O DE LAS DEMAS MATERIAS FIBROSAS CELULOSICAS"|7|565502|439225.9
64|82|"BERNARDO DE YRIGOYEN"|47|"PASTA DE MADERA O DE LAS DEMAS MATERIAS FIBROSAS CELULOSICAS"|2|139882|108572.85
65|82|"BERNARDO DE YRIGOYEN"|47|"PASTA DE MADERA O DE LAS DEMAS MATERIAS FIBROSAS CELULOSICAS"|4|226996|176347.2
72|82|"BERNARDO DE YRIGOYEN"|47|"PASTA DE MADERA O DE LAS DEMAS MATERIAS FIBROSAS CELULOSICAS"|1|85124|65279.37
73|82|"BERNARDO DE YRIGOYEN"|47|"PASTA DE MADERA O DE LAS DEMAS MATERIAS FIBROSAS CELULOSICAS"|1|85124|65279.37
74|82|"BERNARDO DE YRIGOYEN"|47|"PASTA DE MADERA O DE LAS DEMAS MATERIAS FIBROSAS CELULOSICAS"|2|170248|131394.94
75|82|"BERNARDO DE YRIGOYEN"|47|"PASTA DE MADERA O DE LAS DEMAS MATERIAS FIBROSAS CELULOSICAS"|2|168754|130241.87
76|82|"BERNARDO DE YRIGOYEN"|47|"PASTA DE MADERA O DE LAS DEMAS MATERIAS FIBROSAS CELULOSICAS"|2|168754|130241.87
77|82|"BERNARDO DE YRIGOYEN"|47|"PASTA DE MADERA O DE LAS DEMAS MATERIAS FIBROSAS CELULOSICAS"|3|226997|175192.98
79|82|"BERNARDO DE YRIGOYEN"|47|"PASTA DE MADERA O DE LAS DEMAS MATERIAS FIBROSAS CELULOSICAS"|5|312121|240890.45
80|82|"BERNARDO DE YRIGOYEN"|47|"PASTA DE MADERA O DE LAS DEMAS MATERIAS FIBROSAS CELULOSICAS"|3|170248|131394.94
81|82|"BERNARDO DE YRIGOYEN"|47|"PASTA DE MADERA O DE LAS DEMAS MATERIAS FIBROSAS CELULOSICAS"|1|85124|65697.47
85|82|"BERNARDO DE YRIGOYEN"|47|"PASTA DE MADERA O DE LAS DEMAS MATERIAS FIBROSAS CELULOSICAS"|1|111507|87870.11
86|82|"BERNARDO DE YRIGOYEN"|47|"PASTA DE MADERA O DE LAS DEMAS MATERIAS FIBROSAS CELULOSICAS"|1|111507|87870.11
92|82|"BERNARDO DE YRIGOYEN"|47|"PASTA DE MADERA O DE LAS DEMAS MATERIAS FIBROSAS CELULOSICAS"|1|83630|66530.69
93|82|"BERNARDO DE YRIGOYEN"|47|"PASTA DE MADERA O DE LAS DEMAS MATERIAS FIBROSAS CELULOSICAS"|1|83630|66530.69
96|82|"BERNARDO DE YRIGOYEN"|47|"PASTA DE MADERA O DE LAS DEMAS MATERIAS FIBROSAS CELULOSICAS"|1|55754|44405.42
97|82|"BERNARDO DE YRIGOYEN"|47|"PASTA DE MADERA O DE LAS DEMAS MATERIAS FIBROSAS CELULOSICAS"|1|55754|44405.42
98|82|"BERNARDO DE YRIGOYEN"|47|"PASTA DE MADERA O DE LAS DEMAS MATERIAS FIBROSAS CELULOSICAS"|1|83630|67025.45
99|82|"BERNARDO DE YRIGOYEN"|47|"PASTA DE MADERA O DE LAS DEMAS MATERIAS FIBROSAS CELULOSICAS"|1|83630|67025.45
102|82|"BERNARDO DE YRIGOYEN"|47|"PASTA DE MADERA O DE LAS DEMAS MATERIAS FIBROSAS CELULOSICAS"|1|111507|87137.41
103|82|"BERNARDO DE YRIGOYEN"|47|"PASTA DE MADERA O DE LAS DEMAS MATERIAS FIBROSAS CELULOSICAS"|1|111507|87137.41
