"semana"|"aduana"|"aduana_desc"|"mercaderia"|"mercaderia_desc"|"cantidad"|"kilos"|"importe"
69|91|"BS.AS. NORTE"|74|"COBRE Y SUS MANUFACTURAS"|11|41609.17|260129.07
70|91|"BS.AS. NORTE"|74|"COBRE Y SUS MANUFACTURAS"|8|26153.14|163401.7
71|91|"BS.AS. NORTE"|74|"COBRE Y SUS MANUFACTURAS"|3|4838.29|59641.6
72|91|"BS.AS. NORTE"|74|"COBRE Y SUS MANUFACTURAS"|10|1784.88|43202.5
73|91|"BS.AS. NORTE"|74|"COBRE Y SUS MANUFACTURAS"|5|1355.96|25628.75
74|91|"BS.AS. NORTE"|74|"COBRE Y SUS MANUFACTURAS"|14|4197.73|64485.15
75|91|"BS.AS. NORTE"|74|"COBRE Y SUS MANUFACTURAS"|14|27293.47|166731.92
76|91|"BS.AS. NORTE"|74|"COBRE Y SUS MANUFACTURAS"|3|924.7|12782.85
77|91|"BS.AS. NORTE"|74|"COBRE Y SUS MANUFACTURAS"|9|27431.02|187867.11
78|91|"BS.AS. NORTE"|74|"COBRE Y SUS MANUFACTURAS"|11|50067.83|302505.14
80|91|"BS.AS. NORTE"|74|"COBRE Y SUS MANUFACTURAS"|10|27497.51|181949.9
81|91|"BS.AS. NORTE"|74|"COBRE Y SUS MANUFACTURAS"|7|26462.38|178706.92
82|91|"BS.AS. NORTE"|74|"COBRE Y SUS MANUFACTURAS"|6|27633.2|178832.21
83|91|"BS.AS. NORTE"|74|"COBRE Y SUS MANUFACTURAS"|10|25862.93|173639.75
84|91|"BS.AS. NORTE"|74|"COBRE Y SUS MANUFACTURAS"|3|899.94|9066.52
85|91|"BS.AS. NORTE"|74|"COBRE Y SUS MANUFACTURAS"|2|11040.45|176647.2
86|91|"BS.AS. NORTE"|74|"COBRE Y SUS MANUFACTURAS"|4|720.95|13821.78
87|91|"BS.AS. NORTE"|74|"COBRE Y SUS MANUFACTURAS"|14|51488.23|348546.17
88|91|"BS.AS. NORTE"|74|"COBRE Y SUS MANUFACTURAS"|4|85.28|1039.72
89|91|"BS.AS. NORTE"|74|"COBRE Y SUS MANUFACTURAS"|11|22674.5|170058.34
90|91|"BS.AS. NORTE"|74|"COBRE Y SUS MANUFACTURAS"|5|1160.04|19487.2
91|91|"BS.AS. NORTE"|74|"COBRE Y SUS MANUFACTURAS"|2|199.66|4933.89
92|91|"BS.AS. NORTE"|74|"COBRE Y SUS MANUFACTURAS"|11|1179.66|54613.96
93|91|"BS.AS. NORTE"|74|"COBRE Y SUS MANUFACTURAS"|2|594.72|7486.13
94|91|"BS.AS. NORTE"|74|"COBRE Y SUS MANUFACTURAS"|15|22409.84|130293.57
95|91|"BS.AS. NORTE"|74|"COBRE Y SUS MANUFACTURAS"|9|25551.33|143600.91
96|91|"BS.AS. NORTE"|74|"COBRE Y SUS MANUFACTURAS"|10|52433.72|352484.82
97|91|"BS.AS. NORTE"|74|"COBRE Y SUS MANUFACTURAS"|15|14058.91|81815.63
98|91|"BS.AS. NORTE"|74|"COBRE Y SUS MANUFACTURAS"|9|26474.01|164424.63
99|91|"BS.AS. NORTE"|74|"COBRE Y SUS MANUFACTURAS"|9|38548.57|230824.98
100|91|"BS.AS. NORTE"|74|"COBRE Y SUS MANUFACTURAS"|13|34348.44|319121.46
101|91|"BS.AS. NORTE"|74|"COBRE Y SUS MANUFACTURAS"|3|726.64|8748.93
102|91|"BS.AS. NORTE"|74|"COBRE Y SUS MANUFACTURAS"|5|4301.28|46592.93
103|91|"BS.AS. NORTE"|74|"COBRE Y SUS MANUFACTURAS"|5|25393.69|149349.7
104|91|"BS.AS. NORTE"|74|"COBRE Y SUS MANUFACTURAS"|4|513.88|4215.12
