"semana"|"aduana"|"aduana_desc"|"mercaderia"|"mercaderia_desc"|"cantidad"|"kilos"|"importe"
76|92|"BS.AS. SUR"|31|"ABONOS"|4|5029.5|19552.05
78|92|"BS.AS. SUR"|31|"ABONOS"|1|5000|3413.43
84|92|"BS.AS. SUR"|31|"ABONOS"|1|58000|17690
90|92|"BS.AS. SUR"|31|"ABONOS"|2|2159.19|3020.4
93|92|"BS.AS. SUR"|31|"ABONOS"|1|91296|192153.6
94|92|"BS.AS. SUR"|31|"ABONOS"|2|137944|291305.27
95|92|"BS.AS. SUR"|31|"ABONOS"|1|159768|336268.8
96|92|"BS.AS. SUR"|31|"ABONOS"|1|159768|336268.8
97|92|"BS.AS. SUR"|31|"ABONOS"|1|136944|288230.4
98|92|"BS.AS. SUR"|31|"ABONOS"|3|159772|336340.4
99|92|"BS.AS. SUR"|31|"ABONOS"|1|136944|288230.4
100|92|"BS.AS. SUR"|31|"ABONOS"|2|296712|624499.2
101|92|"BS.AS. SUR"|31|"ABONOS"|1|91296|192153.6
