"semana"|"aduana"|"aduana_desc"|"mercaderia"|"mercaderia_desc"|"cantidad"|"kilos"|"importe"
68|91|"BS.AS. NORTE"|87|"VEHICULOS AUTOMOVILES, TRACTORES, VELOCIPEDOS Y DEMAS VEHICU"|1|15950|47850
69|91|"BS.AS. NORTE"|87|"VEHICULOS AUTOMOVILES, TRACTORES, VELOCIPEDOS Y DEMAS VEHICU"|81|58318.79|611215.98
70|91|"BS.AS. NORTE"|87|"VEHICULOS AUTOMOVILES, TRACTORES, VELOCIPEDOS Y DEMAS VEHICU"|73|23517.92|296660.7
71|91|"BS.AS. NORTE"|87|"VEHICULOS AUTOMOVILES, TRACTORES, VELOCIPEDOS Y DEMAS VEHICU"|63|50582.6|392741
72|91|"BS.AS. NORTE"|87|"VEHICULOS AUTOMOVILES, TRACTORES, VELOCIPEDOS Y DEMAS VEHICU"|74|38034.73|424414.36
73|91|"BS.AS. NORTE"|87|"VEHICULOS AUTOMOVILES, TRACTORES, VELOCIPEDOS Y DEMAS VEHICU"|21|40547.29|305918.37
74|91|"BS.AS. NORTE"|87|"VEHICULOS AUTOMOVILES, TRACTORES, VELOCIPEDOS Y DEMAS VEHICU"|45|31164.51|308168.36
75|91|"BS.AS. NORTE"|87|"VEHICULOS AUTOMOVILES, TRACTORES, VELOCIPEDOS Y DEMAS VEHICU"|33|28461.15|162846.23
76|91|"BS.AS. NORTE"|87|"VEHICULOS AUTOMOVILES, TRACTORES, VELOCIPEDOS Y DEMAS VEHICU"|69|202836.94|1056519.36
77|91|"BS.AS. NORTE"|87|"VEHICULOS AUTOMOVILES, TRACTORES, VELOCIPEDOS Y DEMAS VEHICU"|60|35930.73|336056.07
78|91|"BS.AS. NORTE"|87|"VEHICULOS AUTOMOVILES, TRACTORES, VELOCIPEDOS Y DEMAS VEHICU"|92|48423.15|408790.86
79|91|"BS.AS. NORTE"|87|"VEHICULOS AUTOMOVILES, TRACTORES, VELOCIPEDOS Y DEMAS VEHICU"|80|22633.51|235622.03
80|91|"BS.AS. NORTE"|87|"VEHICULOS AUTOMOVILES, TRACTORES, VELOCIPEDOS Y DEMAS VEHICU"|55|26421.28|355557.19
81|91|"BS.AS. NORTE"|87|"VEHICULOS AUTOMOVILES, TRACTORES, VELOCIPEDOS Y DEMAS VEHICU"|95|65665.01|461109.86
82|91|"BS.AS. NORTE"|87|"VEHICULOS AUTOMOVILES, TRACTORES, VELOCIPEDOS Y DEMAS VEHICU"|69|38046.1|377815.32
83|91|"BS.AS. NORTE"|87|"VEHICULOS AUTOMOVILES, TRACTORES, VELOCIPEDOS Y DEMAS VEHICU"|77|98548.84|797331.84
84|91|"BS.AS. NORTE"|87|"VEHICULOS AUTOMOVILES, TRACTORES, VELOCIPEDOS Y DEMAS VEHICU"|66|41485.35|349618.73
85|91|"BS.AS. NORTE"|87|"VEHICULOS AUTOMOVILES, TRACTORES, VELOCIPEDOS Y DEMAS VEHICU"|37|27055.45|292435.06
86|91|"BS.AS. NORTE"|87|"VEHICULOS AUTOMOVILES, TRACTORES, VELOCIPEDOS Y DEMAS VEHICU"|58|44097.43|286003.35
87|91|"BS.AS. NORTE"|87|"VEHICULOS AUTOMOVILES, TRACTORES, VELOCIPEDOS Y DEMAS VEHICU"|102|215425.77|1076428.18
88|91|"BS.AS. NORTE"|87|"VEHICULOS AUTOMOVILES, TRACTORES, VELOCIPEDOS Y DEMAS VEHICU"|51|38257.19|462590.23
89|91|"BS.AS. NORTE"|87|"VEHICULOS AUTOMOVILES, TRACTORES, VELOCIPEDOS Y DEMAS VEHICU"|53|20227.88|191021.54
90|91|"BS.AS. NORTE"|87|"VEHICULOS AUTOMOVILES, TRACTORES, VELOCIPEDOS Y DEMAS VEHICU"|68|52514.19|809533.27
91|91|"BS.AS. NORTE"|87|"VEHICULOS AUTOMOVILES, TRACTORES, VELOCIPEDOS Y DEMAS VEHICU"|71|106270.49|861379.09
92|91|"BS.AS. NORTE"|87|"VEHICULOS AUTOMOVILES, TRACTORES, VELOCIPEDOS Y DEMAS VEHICU"|74|44094.48|777890.81
93|91|"BS.AS. NORTE"|87|"VEHICULOS AUTOMOVILES, TRACTORES, VELOCIPEDOS Y DEMAS VEHICU"|48|46581.65|796580.59
94|91|"BS.AS. NORTE"|87|"VEHICULOS AUTOMOVILES, TRACTORES, VELOCIPEDOS Y DEMAS VEHICU"|99|74479.38|836503.78
95|91|"BS.AS. NORTE"|87|"VEHICULOS AUTOMOVILES, TRACTORES, VELOCIPEDOS Y DEMAS VEHICU"|83|39203.44|630964.44
96|91|"BS.AS. NORTE"|87|"VEHICULOS AUTOMOVILES, TRACTORES, VELOCIPEDOS Y DEMAS VEHICU"|50|38674.4|912955.6
97|91|"BS.AS. NORTE"|87|"VEHICULOS AUTOMOVILES, TRACTORES, VELOCIPEDOS Y DEMAS VEHICU"|66|18749.48|216529.47
98|91|"BS.AS. NORTE"|87|"VEHICULOS AUTOMOVILES, TRACTORES, VELOCIPEDOS Y DEMAS VEHICU"|57|72978.69|1210601.85
99|91|"BS.AS. NORTE"|87|"VEHICULOS AUTOMOVILES, TRACTORES, VELOCIPEDOS Y DEMAS VEHICU"|110|141860.67|1072467.64
100|91|"BS.AS. NORTE"|87|"VEHICULOS AUTOMOVILES, TRACTORES, VELOCIPEDOS Y DEMAS VEHICU"|43|160142.93|717621.9
101|91|"BS.AS. NORTE"|87|"VEHICULOS AUTOMOVILES, TRACTORES, VELOCIPEDOS Y DEMAS VEHICU"|42|57723.04|812436.04
102|91|"BS.AS. NORTE"|87|"VEHICULOS AUTOMOVILES, TRACTORES, VELOCIPEDOS Y DEMAS VEHICU"|110|65926.58|518552.85
103|91|"BS.AS. NORTE"|87|"VEHICULOS AUTOMOVILES, TRACTORES, VELOCIPEDOS Y DEMAS VEHICU"|59|16893.71|202316.87
104|91|"BS.AS. NORTE"|87|"VEHICULOS AUTOMOVILES, TRACTORES, VELOCIPEDOS Y DEMAS VEHICU"|56|44210.06|986912.48
