"semana"|"aduana"|"aduana_desc"|"mercaderia"|"mercaderia_desc"|"cantidad"|"kilos"|"importe"
68|92|"BS.AS. SUR"|19|"PREPARACIONES A BASE DE CEREALES, HARINA, ALMIDON, FECULA O "|4|18032.64|35303.43
69|92|"BS.AS. SUR"|19|"PREPARACIONES A BASE DE CEREALES, HARINA, ALMIDON, FECULA O "|41|282018.61|544762.64
70|92|"BS.AS. SUR"|19|"PREPARACIONES A BASE DE CEREALES, HARINA, ALMIDON, FECULA O "|44|798859.05|610571.12
71|92|"BS.AS. SUR"|19|"PREPARACIONES A BASE DE CEREALES, HARINA, ALMIDON, FECULA O "|42|671153.2|745572.69
72|92|"BS.AS. SUR"|19|"PREPARACIONES A BASE DE CEREALES, HARINA, ALMIDON, FECULA O "|52|265851.93|762510.24
73|92|"BS.AS. SUR"|19|"PREPARACIONES A BASE DE CEREALES, HARINA, ALMIDON, FECULA O "|20|685767.76|419666.48
74|92|"BS.AS. SUR"|19|"PREPARACIONES A BASE DE CEREALES, HARINA, ALMIDON, FECULA O "|40|707160.06|668534.04
75|92|"BS.AS. SUR"|19|"PREPARACIONES A BASE DE CEREALES, HARINA, ALMIDON, FECULA O "|54|440611.06|754221.86
76|92|"BS.AS. SUR"|19|"PREPARACIONES A BASE DE CEREALES, HARINA, ALMIDON, FECULA O "|34|204628.15|454663.12
77|92|"BS.AS. SUR"|19|"PREPARACIONES A BASE DE CEREALES, HARINA, ALMIDON, FECULA O "|28|909914.52|523401.25
78|92|"BS.AS. SUR"|19|"PREPARACIONES A BASE DE CEREALES, HARINA, ALMIDON, FECULA O "|37|240009.56|553495.73
79|92|"BS.AS. SUR"|19|"PREPARACIONES A BASE DE CEREALES, HARINA, ALMIDON, FECULA O "|41|835608.35|717392.7
80|92|"BS.AS. SUR"|19|"PREPARACIONES A BASE DE CEREALES, HARINA, ALMIDON, FECULA O "|52|176961.76|492973.71
81|92|"BS.AS. SUR"|19|"PREPARACIONES A BASE DE CEREALES, HARINA, ALMIDON, FECULA O "|47|786875.65|767760.59
82|92|"BS.AS. SUR"|19|"PREPARACIONES A BASE DE CEREALES, HARINA, ALMIDON, FECULA O "|54|533546.04|723353.37
83|92|"BS.AS. SUR"|19|"PREPARACIONES A BASE DE CEREALES, HARINA, ALMIDON, FECULA O "|36|489074.47|651440.17
84|92|"BS.AS. SUR"|19|"PREPARACIONES A BASE DE CEREALES, HARINA, ALMIDON, FECULA O "|49|632489.92|864020.52
85|92|"BS.AS. SUR"|19|"PREPARACIONES A BASE DE CEREALES, HARINA, ALMIDON, FECULA O "|47|796389.59|749013.06
86|92|"BS.AS. SUR"|19|"PREPARACIONES A BASE DE CEREALES, HARINA, ALMIDON, FECULA O "|54|592647.61|802808.07
87|92|"BS.AS. SUR"|19|"PREPARACIONES A BASE DE CEREALES, HARINA, ALMIDON, FECULA O "|46|812070.58|784267.57
88|92|"BS.AS. SUR"|19|"PREPARACIONES A BASE DE CEREALES, HARINA, ALMIDON, FECULA O "|42|803151.66|720651.32
89|92|"BS.AS. SUR"|19|"PREPARACIONES A BASE DE CEREALES, HARINA, ALMIDON, FECULA O "|37|658322.16|623823.36
90|92|"BS.AS. SUR"|19|"PREPARACIONES A BASE DE CEREALES, HARINA, ALMIDON, FECULA O "|56|1153247.82|1004384.13
91|92|"BS.AS. SUR"|19|"PREPARACIONES A BASE DE CEREALES, HARINA, ALMIDON, FECULA O "|56|709784.82|808564.19
92|92|"BS.AS. SUR"|19|"PREPARACIONES A BASE DE CEREALES, HARINA, ALMIDON, FECULA O "|52|675189.66|654782.86
93|92|"BS.AS. SUR"|19|"PREPARACIONES A BASE DE CEREALES, HARINA, ALMIDON, FECULA O "|25|1172173.96|608618.49
94|92|"BS.AS. SUR"|19|"PREPARACIONES A BASE DE CEREALES, HARINA, ALMIDON, FECULA O "|45|480822.25|702668.53
95|92|"BS.AS. SUR"|19|"PREPARACIONES A BASE DE CEREALES, HARINA, ALMIDON, FECULA O "|53|816610.64|763268.7
96|92|"BS.AS. SUR"|19|"PREPARACIONES A BASE DE CEREALES, HARINA, ALMIDON, FECULA O "|55|937884.48|906350.15
97|92|"BS.AS. SUR"|19|"PREPARACIONES A BASE DE CEREALES, HARINA, ALMIDON, FECULA O "|29|274993.31|529523.82
98|92|"BS.AS. SUR"|19|"PREPARACIONES A BASE DE CEREALES, HARINA, ALMIDON, FECULA O "|30|861896.05|407365.16
99|92|"BS.AS. SUR"|19|"PREPARACIONES A BASE DE CEREALES, HARINA, ALMIDON, FECULA O "|55|404757.88|618869.11
100|92|"BS.AS. SUR"|19|"PREPARACIONES A BASE DE CEREALES, HARINA, ALMIDON, FECULA O "|41|504521.68|648567.64
101|92|"BS.AS. SUR"|19|"PREPARACIONES A BASE DE CEREALES, HARINA, ALMIDON, FECULA O "|16|123938.56|268603.42
102|92|"BS.AS. SUR"|19|"PREPARACIONES A BASE DE CEREALES, HARINA, ALMIDON, FECULA O "|80|763838.15|1095294.92
103|92|"BS.AS. SUR"|19|"PREPARACIONES A BASE DE CEREALES, HARINA, ALMIDON, FECULA O "|34|731570.04|621098.7
104|92|"BS.AS. SUR"|19|"PREPARACIONES A BASE DE CEREALES, HARINA, ALMIDON, FECULA O "|8|132012.92|197731.7
