"semana"|"aduana"|"aduana_desc"|"mercaderia"|"mercaderia_desc"|"cantidad"|"kilos"|"importe"
69|92|"BS.AS. SUR"|86|"VEHICULOS Y MATERIAL PARA VIAS FERREAS O SIMILARES, Y SUS PA"|9|85800|528423.65
70|92|"BS.AS. SUR"|86|"VEHICULOS Y MATERIAL PARA VIAS FERREAS O SIMILARES, Y SUS PA"|1|21000|115620
71|92|"BS.AS. SUR"|86|"VEHICULOS Y MATERIAL PARA VIAS FERREAS O SIMILARES, Y SUS PA"|4|42156|239791.2
72|92|"BS.AS. SUR"|86|"VEHICULOS Y MATERIAL PARA VIAS FERREAS O SIMILARES, Y SUS PA"|2|24390|182878.33
73|92|"BS.AS. SUR"|86|"VEHICULOS Y MATERIAL PARA VIAS FERREAS O SIMILARES, Y SUS PA"|1|165|1525
74|92|"BS.AS. SUR"|86|"VEHICULOS Y MATERIAL PARA VIAS FERREAS O SIMILARES, Y SUS PA"|2|24014|130892.1
75|92|"BS.AS. SUR"|86|"VEHICULOS Y MATERIAL PARA VIAS FERREAS O SIMILARES, Y SUS PA"|3|59727.6|307035
76|92|"BS.AS. SUR"|86|"VEHICULOS Y MATERIAL PARA VIAS FERREAS O SIMILARES, Y SUS PA"|5|64607|424744.98
77|92|"BS.AS. SUR"|86|"VEHICULOS Y MATERIAL PARA VIAS FERREAS O SIMILARES, Y SUS PA"|4|43472|251316.3
79|92|"BS.AS. SUR"|86|"VEHICULOS Y MATERIAL PARA VIAS FERREAS O SIMILARES, Y SUS PA"|6|30510|185773
80|92|"BS.AS. SUR"|86|"VEHICULOS Y MATERIAL PARA VIAS FERREAS O SIMILARES, Y SUS PA"|3|20712|62050.92
81|92|"BS.AS. SUR"|86|"VEHICULOS Y MATERIAL PARA VIAS FERREAS O SIMILARES, Y SUS PA"|6|59640.2|343773.7
82|92|"BS.AS. SUR"|86|"VEHICULOS Y MATERIAL PARA VIAS FERREAS O SIMILARES, Y SUS PA"|3|11440|52380
87|92|"BS.AS. SUR"|86|"VEHICULOS Y MATERIAL PARA VIAS FERREAS O SIMILARES, Y SUS PA"|2|1220|25680
88|92|"BS.AS. SUR"|86|"VEHICULOS Y MATERIAL PARA VIAS FERREAS O SIMILARES, Y SUS PA"|3|10880|54224
89|92|"BS.AS. SUR"|86|"VEHICULOS Y MATERIAL PARA VIAS FERREAS O SIMILARES, Y SUS PA"|2|3320|23780
91|92|"BS.AS. SUR"|86|"VEHICULOS Y MATERIAL PARA VIAS FERREAS O SIMILARES, Y SUS PA"|1|20925|131017.5
92|92|"BS.AS. SUR"|86|"VEHICULOS Y MATERIAL PARA VIAS FERREAS O SIMILARES, Y SUS PA"|1|18040|98020
93|92|"BS.AS. SUR"|86|"VEHICULOS Y MATERIAL PARA VIAS FERREAS O SIMILARES, Y SUS PA"|2|8100|119657.92
95|92|"BS.AS. SUR"|86|"VEHICULOS Y MATERIAL PARA VIAS FERREAS O SIMILARES, Y SUS PA"|1|6150|20000
96|92|"BS.AS. SUR"|86|"VEHICULOS Y MATERIAL PARA VIAS FERREAS O SIMILARES, Y SUS PA"|2|48234|45280
97|92|"BS.AS. SUR"|86|"VEHICULOS Y MATERIAL PARA VIAS FERREAS O SIMILARES, Y SUS PA"|3|11655|78765
98|92|"BS.AS. SUR"|86|"VEHICULOS Y MATERIAL PARA VIAS FERREAS O SIMILARES, Y SUS PA"|1|7960|49440
99|92|"BS.AS. SUR"|86|"VEHICULOS Y MATERIAL PARA VIAS FERREAS O SIMILARES, Y SUS PA"|4|45127.93|283797.28
102|92|"BS.AS. SUR"|86|"VEHICULOS Y MATERIAL PARA VIAS FERREAS O SIMILARES, Y SUS PA"|2|66700|389475
103|92|"BS.AS. SUR"|86|"VEHICULOS Y MATERIAL PARA VIAS FERREAS O SIMILARES, Y SUS PA"|2|13240|77891.2
