"semana"|"aduana"|"aduana_desc"|"mercaderia"|"mercaderia_desc"|"cantidad"|"kilos"|"importe"
10|84|"SANTO TOME"|11|"PRODUCTOS DE LA MOLINERIA; MALTA; ALMIDON Y FECULA; INULINA;"|1|85500|39244.5
11|84|"SANTO TOME"|11|"PRODUCTOS DE LA MOLINERIA; MALTA; ALMIDON Y FECULA; INULINA;"|2|137500|72004.5
13|84|"SANTO TOME"|11|"PRODUCTOS DE LA MOLINERIA; MALTA; ALMIDON Y FECULA; INULINA;"|2|171000|74299.5
14|84|"SANTO TOME"|11|"PRODUCTOS DE LA MOLINERIA; MALTA; ALMIDON Y FECULA; INULINA;"|1|114000|52326
15|84|"SANTO TOME"|11|"PRODUCTOS DE LA MOLINERIA; MALTA; ALMIDON Y FECULA; INULINA;"|1|113440|52068.96
17|84|"SANTO TOME"|11|"PRODUCTOS DE LA MOLINERIA; MALTA; ALMIDON Y FECULA; INULINA;"|1|85500|36765
18|84|"SANTO TOME"|11|"PRODUCTOS DE LA MOLINERIA; MALTA; ALMIDON Y FECULA; INULINA;"|1|85500|37534.5
19|84|"SANTO TOME"|11|"PRODUCTOS DE LA MOLINERIA; MALTA; ALMIDON Y FECULA; INULINA;"|2|56000|25760
21|84|"SANTO TOME"|11|"PRODUCTOS DE LA MOLINERIA; MALTA; ALMIDON Y FECULA; INULINA;"|4|142500|68542.5
25|84|"SANTO TOME"|11|"PRODUCTOS DE LA MOLINERIA; MALTA; ALMIDON Y FECULA; INULINA;"|1|85500|36337.5
26|84|"SANTO TOME"|11|"PRODUCTOS DE LA MOLINERIA; MALTA; ALMIDON Y FECULA; INULINA;"|1|114000|51870
27|84|"SANTO TOME"|11|"PRODUCTOS DE LA MOLINERIA; MALTA; ALMIDON Y FECULA; INULINA;"|5|217000|98720
29|84|"SANTO TOME"|11|"PRODUCTOS DE LA MOLINERIA; MALTA; ALMIDON Y FECULA; INULINA;"|2|137500|59217.5
31|84|"SANTO TOME"|11|"PRODUCTOS DE LA MOLINERIA; MALTA; ALMIDON Y FECULA; INULINA;"|2|56000|26320
32|84|"SANTO TOME"|11|"PRODUCTOS DE LA MOLINERIA; MALTA; ALMIDON Y FECULA; INULINA;"|1|52000|21320
35|84|"SANTO TOME"|11|"PRODUCTOS DE LA MOLINERIA; MALTA; ALMIDON Y FECULA; INULINA;"|1|84000|32760
36|84|"SANTO TOME"|11|"PRODUCTOS DE LA MOLINERIA; MALTA; ALMIDON Y FECULA; INULINA;"|2|56000|24640
37|84|"SANTO TOME"|11|"PRODUCTOS DE LA MOLINERIA; MALTA; ALMIDON Y FECULA; INULINA;"|1|52000|20280
38|84|"SANTO TOME"|11|"PRODUCTOS DE LA MOLINERIA; MALTA; ALMIDON Y FECULA; INULINA;"|2|56000|24640
39|84|"SANTO TOME"|11|"PRODUCTOS DE LA MOLINERIA; MALTA; ALMIDON Y FECULA; INULINA;"|2|168000|62160
40|84|"SANTO TOME"|11|"PRODUCTOS DE LA MOLINERIA; MALTA; ALMIDON Y FECULA; INULINA;"|2|56000|22400
41|84|"SANTO TOME"|11|"PRODUCTOS DE LA MOLINERIA; MALTA; ALMIDON Y FECULA; INULINA;"|1|56000|22400
42|84|"SANTO TOME"|11|"PRODUCTOS DE LA MOLINERIA; MALTA; ALMIDON Y FECULA; INULINA;"|2|141000|58740
43|84|"SANTO TOME"|11|"PRODUCTOS DE LA MOLINERIA; MALTA; ALMIDON Y FECULA; INULINA;"|1|84000|30240
44|84|"SANTO TOME"|11|"PRODUCTOS DE LA MOLINERIA; MALTA; ALMIDON Y FECULA; INULINA;"|3|108000|40080
45|84|"SANTO TOME"|11|"PRODUCTOS DE LA MOLINERIA; MALTA; ALMIDON Y FECULA; INULINA;"|2|168000|57960
47|84|"SANTO TOME"|11|"PRODUCTOS DE LA MOLINERIA; MALTA; ALMIDON Y FECULA; INULINA;"|2|112000|34160
48|84|"SANTO TOME"|11|"PRODUCTOS DE LA MOLINERIA; MALTA; ALMIDON Y FECULA; INULINA;"|4|197000|74930
49|84|"SANTO TOME"|11|"PRODUCTOS DE LA MOLINERIA; MALTA; ALMIDON Y FECULA; INULINA;"|4|160000|50280
50|84|"SANTO TOME"|11|"PRODUCTOS DE LA MOLINERIA; MALTA; ALMIDON Y FECULA; INULINA;"|2|168000|52080
51|84|"SANTO TOME"|11|"PRODUCTOS DE LA MOLINERIA; MALTA; ALMIDON Y FECULA; INULINA;"|7|408000|125760
54|84|"SANTO TOME"|11|"PRODUCTOS DE LA MOLINERIA; MALTA; ALMIDON Y FECULA; INULINA;"|3|112000|35840
55|84|"SANTO TOME"|11|"PRODUCTOS DE LA MOLINERIA; MALTA; ALMIDON Y FECULA; INULINA;"|6|3e+05|91400
56|84|"SANTO TOME"|11|"PRODUCTOS DE LA MOLINERIA; MALTA; ALMIDON Y FECULA; INULINA;"|3|108000|33520
57|84|"SANTO TOME"|11|"PRODUCTOS DE LA MOLINERIA; MALTA; ALMIDON Y FECULA; INULINA;"|3|156000|47320
58|84|"SANTO TOME"|11|"PRODUCTOS DE LA MOLINERIA; MALTA; ALMIDON Y FECULA; INULINA;"|8|4e+05|120400
59|84|"SANTO TOME"|11|"PRODUCTOS DE LA MOLINERIA; MALTA; ALMIDON Y FECULA; INULINA;"|5|349300|104790
60|84|"SANTO TOME"|11|"PRODUCTOS DE LA MOLINERIA; MALTA; ALMIDON Y FECULA; INULINA;"|5|168000|50400
61|84|"SANTO TOME"|11|"PRODUCTOS DE LA MOLINERIA; MALTA; ALMIDON Y FECULA; INULINA;"|1|52000|16120
62|84|"SANTO TOME"|11|"PRODUCTOS DE LA MOLINERIA; MALTA; ALMIDON Y FECULA; INULINA;"|1|52000|13520
63|84|"SANTO TOME"|11|"PRODUCTOS DE LA MOLINERIA; MALTA; ALMIDON Y FECULA; INULINA;"|2|104000|30160
64|84|"SANTO TOME"|11|"PRODUCTOS DE LA MOLINERIA; MALTA; ALMIDON Y FECULA; INULINA;"|3|181300|53350
66|84|"SANTO TOME"|11|"PRODUCTOS DE LA MOLINERIA; MALTA; ALMIDON Y FECULA; INULINA;"|1|78000|21840
67|84|"SANTO TOME"|11|"PRODUCTOS DE LA MOLINERIA; MALTA; ALMIDON Y FECULA; INULINA;"|2|162500|52390
68|84|"SANTO TOME"|11|"PRODUCTOS DE LA MOLINERIA; MALTA; ALMIDON Y FECULA; INULINA;"|2|156000|42120
69|84|"SANTO TOME"|11|"PRODUCTOS DE LA MOLINERIA; MALTA; ALMIDON Y FECULA; INULINA;"|1|52000|13000
72|84|"SANTO TOME"|11|"PRODUCTOS DE LA MOLINERIA; MALTA; ALMIDON Y FECULA; INULINA;"|1|52000|16640
74|84|"SANTO TOME"|11|"PRODUCTOS DE LA MOLINERIA; MALTA; ALMIDON Y FECULA; INULINA;"|2|130000|33150
75|84|"SANTO TOME"|11|"PRODUCTOS DE LA MOLINERIA; MALTA; ALMIDON Y FECULA; INULINA;"|3|182000|52260
76|84|"SANTO TOME"|11|"PRODUCTOS DE LA MOLINERIA; MALTA; ALMIDON Y FECULA; INULINA;"|1|78000|21840
77|84|"SANTO TOME"|11|"PRODUCTOS DE LA MOLINERIA; MALTA; ALMIDON Y FECULA; INULINA;"|2|104000|36400
78|84|"SANTO TOME"|11|"PRODUCTOS DE LA MOLINERIA; MALTA; ALMIDON Y FECULA; INULINA;"|4|286000|81120
79|84|"SANTO TOME"|11|"PRODUCTOS DE LA MOLINERIA; MALTA; ALMIDON Y FECULA; INULINA;"|1|78000|20280
80|84|"SANTO TOME"|11|"PRODUCTOS DE LA MOLINERIA; MALTA; ALMIDON Y FECULA; INULINA;"|2|130000|34840
83|84|"SANTO TOME"|11|"PRODUCTOS DE LA MOLINERIA; MALTA; ALMIDON Y FECULA; INULINA;"|1|78000|21060
84|84|"SANTO TOME"|11|"PRODUCTOS DE LA MOLINERIA; MALTA; ALMIDON Y FECULA; INULINA;"|2|130000|33540
85|84|"SANTO TOME"|11|"PRODUCTOS DE LA MOLINERIA; MALTA; ALMIDON Y FECULA; INULINA;"|1|78000|21060
86|84|"SANTO TOME"|11|"PRODUCTOS DE LA MOLINERIA; MALTA; ALMIDON Y FECULA; INULINA;"|2|130000|33540
87|84|"SANTO TOME"|11|"PRODUCTOS DE LA MOLINERIA; MALTA; ALMIDON Y FECULA; INULINA;"|3|209500|55473
88|84|"SANTO TOME"|11|"PRODUCTOS DE LA MOLINERIA; MALTA; ALMIDON Y FECULA; INULINA;"|1|78000|21528
89|84|"SANTO TOME"|11|"PRODUCTOS DE LA MOLINERIA; MALTA; ALMIDON Y FECULA; INULINA;"|2|104000|30160
90|84|"SANTO TOME"|11|"PRODUCTOS DE LA MOLINERIA; MALTA; ALMIDON Y FECULA; INULINA;"|1|52000|19240
91|84|"SANTO TOME"|11|"PRODUCTOS DE LA MOLINERIA; MALTA; ALMIDON Y FECULA; INULINA;"|2|136000|35160
93|84|"SANTO TOME"|11|"PRODUCTOS DE LA MOLINERIA; MALTA; ALMIDON Y FECULA; INULINA;"|2|130000|36660
96|84|"SANTO TOME"|11|"PRODUCTOS DE LA MOLINERIA; MALTA; ALMIDON Y FECULA; INULINA;"|2|130000|36660
97|84|"SANTO TOME"|11|"PRODUCTOS DE LA MOLINERIA; MALTA; ALMIDON Y FECULA; INULINA;"|1|52000|13000
98|84|"SANTO TOME"|11|"PRODUCTOS DE LA MOLINERIA; MALTA; ALMIDON Y FECULA; INULINA;"|1|78000|25740
103|84|"SANTO TOME"|11|"PRODUCTOS DE LA MOLINERIA; MALTA; ALMIDON Y FECULA; INULINA;"|1|104000|30160
