"semana"|"aduana"|"aduana_desc"|"mercaderia"|"mercaderia_desc"|"cantidad"|"kilos"|"importe"
68|91|"BS.AS. NORTE"|84|"REACTORES NUCLEARES, CALDERAS, MAQUINAS, APARATOS Y ARTEFACT"|3|2629.62|44919.58
69|91|"BS.AS. NORTE"|84|"REACTORES NUCLEARES, CALDERAS, MAQUINAS, APARATOS Y ARTEFACT"|163|215066.55|5406039.99
70|91|"BS.AS. NORTE"|84|"REACTORES NUCLEARES, CALDERAS, MAQUINAS, APARATOS Y ARTEFACT"|130|140482.5|2197634.78
71|91|"BS.AS. NORTE"|84|"REACTORES NUCLEARES, CALDERAS, MAQUINAS, APARATOS Y ARTEFACT"|223|199940.91|3446644.51
72|91|"BS.AS. NORTE"|84|"REACTORES NUCLEARES, CALDERAS, MAQUINAS, APARATOS Y ARTEFACT"|206|302983.43|4218000.37
73|91|"BS.AS. NORTE"|84|"REACTORES NUCLEARES, CALDERAS, MAQUINAS, APARATOS Y ARTEFACT"|100|120362.66|2021691.42
74|91|"BS.AS. NORTE"|84|"REACTORES NUCLEARES, CALDERAS, MAQUINAS, APARATOS Y ARTEFACT"|212|226571.69|4038706.39
75|91|"BS.AS. NORTE"|84|"REACTORES NUCLEARES, CALDERAS, MAQUINAS, APARATOS Y ARTEFACT"|94|131355.74|2001534.7
76|91|"BS.AS. NORTE"|84|"REACTORES NUCLEARES, CALDERAS, MAQUINAS, APARATOS Y ARTEFACT"|195|201425.6|2829591.17
77|91|"BS.AS. NORTE"|84|"REACTORES NUCLEARES, CALDERAS, MAQUINAS, APARATOS Y ARTEFACT"|191|287364.48|7042226.69
78|91|"BS.AS. NORTE"|84|"REACTORES NUCLEARES, CALDERAS, MAQUINAS, APARATOS Y ARTEFACT"|188|211320.59|4811587.03
79|91|"BS.AS. NORTE"|84|"REACTORES NUCLEARES, CALDERAS, MAQUINAS, APARATOS Y ARTEFACT"|168|168836.54|3592911.73
80|91|"BS.AS. NORTE"|84|"REACTORES NUCLEARES, CALDERAS, MAQUINAS, APARATOS Y ARTEFACT"|121|154890.83|2696228.65
81|91|"BS.AS. NORTE"|84|"REACTORES NUCLEARES, CALDERAS, MAQUINAS, APARATOS Y ARTEFACT"|139|127336.68|2493638.83
82|91|"BS.AS. NORTE"|84|"REACTORES NUCLEARES, CALDERAS, MAQUINAS, APARATOS Y ARTEFACT"|208|175012.31|3738784.24
83|91|"BS.AS. NORTE"|84|"REACTORES NUCLEARES, CALDERAS, MAQUINAS, APARATOS Y ARTEFACT"|243|256201.97|4508891.39
84|91|"BS.AS. NORTE"|84|"REACTORES NUCLEARES, CALDERAS, MAQUINAS, APARATOS Y ARTEFACT"|137|196262.58|4744350.38
85|91|"BS.AS. NORTE"|84|"REACTORES NUCLEARES, CALDERAS, MAQUINAS, APARATOS Y ARTEFACT"|75|130984.37|2100037.17
86|91|"BS.AS. NORTE"|84|"REACTORES NUCLEARES, CALDERAS, MAQUINAS, APARATOS Y ARTEFACT"|252|246655.06|4965015.54
87|91|"BS.AS. NORTE"|84|"REACTORES NUCLEARES, CALDERAS, MAQUINAS, APARATOS Y ARTEFACT"|197|215981.23|4580509.45
88|91|"BS.AS. NORTE"|84|"REACTORES NUCLEARES, CALDERAS, MAQUINAS, APARATOS Y ARTEFACT"|162|212261.57|3338796.97
89|91|"BS.AS. NORTE"|84|"REACTORES NUCLEARES, CALDERAS, MAQUINAS, APARATOS Y ARTEFACT"|153|169098.93|3907160.15
90|91|"BS.AS. NORTE"|84|"REACTORES NUCLEARES, CALDERAS, MAQUINAS, APARATOS Y ARTEFACT"|175|253388.72|3300882.99
91|91|"BS.AS. NORTE"|84|"REACTORES NUCLEARES, CALDERAS, MAQUINAS, APARATOS Y ARTEFACT"|163|486334.98|4410773.5
92|91|"BS.AS. NORTE"|84|"REACTORES NUCLEARES, CALDERAS, MAQUINAS, APARATOS Y ARTEFACT"|149|157746.47|2730566.3
93|91|"BS.AS. NORTE"|84|"REACTORES NUCLEARES, CALDERAS, MAQUINAS, APARATOS Y ARTEFACT"|123|166417.65|2577352.69
94|91|"BS.AS. NORTE"|84|"REACTORES NUCLEARES, CALDERAS, MAQUINAS, APARATOS Y ARTEFACT"|164|190020.94|3842751.14
95|91|"BS.AS. NORTE"|84|"REACTORES NUCLEARES, CALDERAS, MAQUINAS, APARATOS Y ARTEFACT"|137|201257.467|3576287.72
96|91|"BS.AS. NORTE"|84|"REACTORES NUCLEARES, CALDERAS, MAQUINAS, APARATOS Y ARTEFACT"|128|135500.87|2576272.13
97|91|"BS.AS. NORTE"|84|"REACTORES NUCLEARES, CALDERAS, MAQUINAS, APARATOS Y ARTEFACT"|124|170231.55|2217844.99
98|91|"BS.AS. NORTE"|84|"REACTORES NUCLEARES, CALDERAS, MAQUINAS, APARATOS Y ARTEFACT"|181|173194.56|3872647.23
99|91|"BS.AS. NORTE"|84|"REACTORES NUCLEARES, CALDERAS, MAQUINAS, APARATOS Y ARTEFACT"|140|144781.2|2233812.49
100|91|"BS.AS. NORTE"|84|"REACTORES NUCLEARES, CALDERAS, MAQUINAS, APARATOS Y ARTEFACT"|122|143075.17|4081268.25
101|91|"BS.AS. NORTE"|84|"REACTORES NUCLEARES, CALDERAS, MAQUINAS, APARATOS Y ARTEFACT"|69|136425.7|1305527.2
102|91|"BS.AS. NORTE"|84|"REACTORES NUCLEARES, CALDERAS, MAQUINAS, APARATOS Y ARTEFACT"|312|283563.33|6525182.55
103|91|"BS.AS. NORTE"|84|"REACTORES NUCLEARES, CALDERAS, MAQUINAS, APARATOS Y ARTEFACT"|142|215406.1|4231595.71
104|91|"BS.AS. NORTE"|84|"REACTORES NUCLEARES, CALDERAS, MAQUINAS, APARATOS Y ARTEFACT"|72|85857.7|3232092.83
