"semana"|"aduana"|"aduana_desc"|"mercaderia"|"mercaderia_desc"|"cantidad"|"kilos"|"importe"
7|88|"GENERAL DEHEZA"|40|"CAUCHO Y SUS MANUFACTURAS"|2|25.26|532.1
11|88|"GENERAL DEHEZA"|40|"CAUCHO Y SUS MANUFACTURAS"|4|79.44|718.64
13|88|"GENERAL DEHEZA"|40|"CAUCHO Y SUS MANUFACTURAS"|1|1|18.06
14|88|"GENERAL DEHEZA"|40|"CAUCHO Y SUS MANUFACTURAS"|2|1.8|350.75
22|88|"GENERAL DEHEZA"|40|"CAUCHO Y SUS MANUFACTURAS"|1|6.93|92.38
27|88|"GENERAL DEHEZA"|40|"CAUCHO Y SUS MANUFACTURAS"|1|30|167.68
32|88|"GENERAL DEHEZA"|40|"CAUCHO Y SUS MANUFACTURAS"|2|29.3|914.96
34|88|"GENERAL DEHEZA"|40|"CAUCHO Y SUS MANUFACTURAS"|3|13.86|201.24
39|88|"GENERAL DEHEZA"|40|"CAUCHO Y SUS MANUFACTURAS"|1|5.92|94.74
47|88|"GENERAL DEHEZA"|40|"CAUCHO Y SUS MANUFACTURAS"|1|17.98|216
55|88|"GENERAL DEHEZA"|40|"CAUCHO Y SUS MANUFACTURAS"|2|5.83|117.84
59|88|"GENERAL DEHEZA"|40|"CAUCHO Y SUS MANUFACTURAS"|2|87.75|2735.15
60|88|"GENERAL DEHEZA"|40|"CAUCHO Y SUS MANUFACTURAS"|2|721.58|2632.67
67|88|"GENERAL DEHEZA"|40|"CAUCHO Y SUS MANUFACTURAS"|1|6.65|80.28
73|88|"GENERAL DEHEZA"|40|"CAUCHO Y SUS MANUFACTURAS"|1|373.77|1711.6
78|88|"GENERAL DEHEZA"|40|"CAUCHO Y SUS MANUFACTURAS"|1|0.74|17.24
79|88|"GENERAL DEHEZA"|40|"CAUCHO Y SUS MANUFACTURAS"|1|6.42|233.4
84|88|"GENERAL DEHEZA"|40|"CAUCHO Y SUS MANUFACTURAS"|1|0.05|4.92
90|88|"GENERAL DEHEZA"|40|"CAUCHO Y SUS MANUFACTURAS"|1|0.72|16.92
96|88|"GENERAL DEHEZA"|40|"CAUCHO Y SUS MANUFACTURAS"|1|233.81|1516.07
99|88|"GENERAL DEHEZA"|40|"CAUCHO Y SUS MANUFACTURAS"|1|259.9|1372.48
102|88|"GENERAL DEHEZA"|40|"CAUCHO Y SUS MANUFACTURAS"|2|140.95|1299.46
