"semana"|"aduana"|"aduana_desc"|"mercaderia"|"mercaderia_desc"|"cantidad"|"kilos"|"importe"
1|84|"SANTO TOME"|9|"CAFE, TE, YERBA MATE Y ESPECIAS"|1|27000|75654
2|84|"SANTO TOME"|9|"CAFE, TE, YERBA MATE Y ESPECIAS"|24|196531.4|591544.75
3|84|"SANTO TOME"|9|"CAFE, TE, YERBA MATE Y ESPECIAS"|13|157982|438374.65
4|84|"SANTO TOME"|9|"CAFE, TE, YERBA MATE Y ESPECIAS"|4|133634|144377.29
5|84|"SANTO TOME"|9|"CAFE, TE, YERBA MATE Y ESPECIAS"|4|77786|107931.1
6|84|"SANTO TOME"|9|"CAFE, TE, YERBA MATE Y ESPECIAS"|8|85068.84|163045.77
7|84|"SANTO TOME"|9|"CAFE, TE, YERBA MATE Y ESPECIAS"|3|89129|137673.56
8|84|"SANTO TOME"|9|"CAFE, TE, YERBA MATE Y ESPECIAS"|4|66410|155036.2
10|84|"SANTO TOME"|9|"CAFE, TE, YERBA MATE Y ESPECIAS"|8|232378|281978.31
11|84|"SANTO TOME"|9|"CAFE, TE, YERBA MATE Y ESPECIAS"|3|110790|280257
12|84|"SANTO TOME"|9|"CAFE, TE, YERBA MATE Y ESPECIAS"|6|49533.26|188401.68
13|84|"SANTO TOME"|9|"CAFE, TE, YERBA MATE Y ESPECIAS"|8|158727.36|234675.92
14|84|"SANTO TOME"|9|"CAFE, TE, YERBA MATE Y ESPECIAS"|5|73672.24|188746.12
15|84|"SANTO TOME"|9|"CAFE, TE, YERBA MATE Y ESPECIAS"|3|69515|145807.75
16|84|"SANTO TOME"|9|"CAFE, TE, YERBA MATE Y ESPECIAS"|6|99437|216830.25
17|84|"SANTO TOME"|9|"CAFE, TE, YERBA MATE Y ESPECIAS"|6|95114|258888.93
18|84|"SANTO TOME"|9|"CAFE, TE, YERBA MATE Y ESPECIAS"|4|42723|101371.48
19|84|"SANTO TOME"|9|"CAFE, TE, YERBA MATE Y ESPECIAS"|8|94464.5|252286.7
20|84|"SANTO TOME"|9|"CAFE, TE, YERBA MATE Y ESPECIAS"|4|83000|107910
21|84|"SANTO TOME"|9|"CAFE, TE, YERBA MATE Y ESPECIAS"|5|105059.2|253394
22|84|"SANTO TOME"|9|"CAFE, TE, YERBA MATE Y ESPECIAS"|5|76561|197693.26
23|84|"SANTO TOME"|9|"CAFE, TE, YERBA MATE Y ESPECIAS"|5|64168.8|152923.25
24|84|"SANTO TOME"|9|"CAFE, TE, YERBA MATE Y ESPECIAS"|4|87400|105282
25|84|"SANTO TOME"|9|"CAFE, TE, YERBA MATE Y ESPECIAS"|5|64287.5|196298
26|84|"SANTO TOME"|9|"CAFE, TE, YERBA MATE Y ESPECIAS"|2|88440|140514
27|84|"SANTO TOME"|9|"CAFE, TE, YERBA MATE Y ESPECIAS"|5|50370.62|100337.44
28|84|"SANTO TOME"|9|"CAFE, TE, YERBA MATE Y ESPECIAS"|6|74066.1|260394.5
29|84|"SANTO TOME"|9|"CAFE, TE, YERBA MATE Y ESPECIAS"|2|99916|147681.43
30|84|"SANTO TOME"|9|"CAFE, TE, YERBA MATE Y ESPECIAS"|5|90675.5|149869
31|84|"SANTO TOME"|9|"CAFE, TE, YERBA MATE Y ESPECIAS"|3|30090|91073.5
32|84|"SANTO TOME"|9|"CAFE, TE, YERBA MATE Y ESPECIAS"|8|343758|527243.24
33|84|"SANTO TOME"|9|"CAFE, TE, YERBA MATE Y ESPECIAS"|1|22800|32604
34|84|"SANTO TOME"|9|"CAFE, TE, YERBA MATE Y ESPECIAS"|4|66705|263799.1
35|84|"SANTO TOME"|9|"CAFE, TE, YERBA MATE Y ESPECIAS"|6|145936|282413.88
36|84|"SANTO TOME"|9|"CAFE, TE, YERBA MATE Y ESPECIAS"|6|86568|265186.43
37|84|"SANTO TOME"|9|"CAFE, TE, YERBA MATE Y ESPECIAS"|6|35774.3|194890.1
38|84|"SANTO TOME"|9|"CAFE, TE, YERBA MATE Y ESPECIAS"|3|66600|91674
39|84|"SANTO TOME"|9|"CAFE, TE, YERBA MATE Y ESPECIAS"|2|52450|215046.25
40|84|"SANTO TOME"|9|"CAFE, TE, YERBA MATE Y ESPECIAS"|10|107566.3|436123.45
41|84|"SANTO TOME"|9|"CAFE, TE, YERBA MATE Y ESPECIAS"|1|26200|110631.25
42|84|"SANTO TOME"|9|"CAFE, TE, YERBA MATE Y ESPECIAS"|6|106162.7|266628.6
43|84|"SANTO TOME"|9|"CAFE, TE, YERBA MATE Y ESPECIAS"|5|147842.5|378485
44|84|"SANTO TOME"|9|"CAFE, TE, YERBA MATE Y ESPECIAS"|3|42529|130183.42
45|84|"SANTO TOME"|9|"CAFE, TE, YERBA MATE Y ESPECIAS"|7|35668.2|190440.65
46|84|"SANTO TOME"|9|"CAFE, TE, YERBA MATE Y ESPECIAS"|4|105740|120409.83
47|84|"SANTO TOME"|9|"CAFE, TE, YERBA MATE Y ESPECIAS"|2|61934|84179.28
48|84|"SANTO TOME"|9|"CAFE, TE, YERBA MATE Y ESPECIAS"|5|127105.8|193703.9
49|84|"SANTO TOME"|9|"CAFE, TE, YERBA MATE Y ESPECIAS"|4|8804|107959
50|84|"SANTO TOME"|9|"CAFE, TE, YERBA MATE Y ESPECIAS"|7|165860.46|283283.33
51|84|"SANTO TOME"|9|"CAFE, TE, YERBA MATE Y ESPECIAS"|4|86154|203163.88
52|84|"SANTO TOME"|9|"CAFE, TE, YERBA MATE Y ESPECIAS"|2|3644|41984
53|84|"SANTO TOME"|9|"CAFE, TE, YERBA MATE Y ESPECIAS"|1|21600|18366.48
54|84|"SANTO TOME"|9|"CAFE, TE, YERBA MATE Y ESPECIAS"|6|51553.64|237401.92
55|84|"SANTO TOME"|9|"CAFE, TE, YERBA MATE Y ESPECIAS"|6|77892|177412.6
56|84|"SANTO TOME"|9|"CAFE, TE, YERBA MATE Y ESPECIAS"|6|92437|234735.56
57|84|"SANTO TOME"|9|"CAFE, TE, YERBA MATE Y ESPECIAS"|3|81400|112728
58|84|"SANTO TOME"|9|"CAFE, TE, YERBA MATE Y ESPECIAS"|5|74546|333995.75
59|84|"SANTO TOME"|9|"CAFE, TE, YERBA MATE Y ESPECIAS"|11|191640.88|390123.14
60|84|"SANTO TOME"|9|"CAFE, TE, YERBA MATE Y ESPECIAS"|2|45499|145930.67
61|84|"SANTO TOME"|9|"CAFE, TE, YERBA MATE Y ESPECIAS"|1|39600|51876
62|84|"SANTO TOME"|9|"CAFE, TE, YERBA MATE Y ESPECIAS"|7|142251.5|320342.12
63|84|"SANTO TOME"|9|"CAFE, TE, YERBA MATE Y ESPECIAS"|2|41800|61644
64|84|"SANTO TOME"|9|"CAFE, TE, YERBA MATE Y ESPECIAS"|1|21600|15120
65|84|"SANTO TOME"|9|"CAFE, TE, YERBA MATE Y ESPECIAS"|4|94206.2|118114.89
66|84|"SANTO TOME"|9|"CAFE, TE, YERBA MATE Y ESPECIAS"|1|23575|85475
67|84|"SANTO TOME"|9|"CAFE, TE, YERBA MATE Y ESPECIAS"|4|94737.5|168754.25
68|84|"SANTO TOME"|9|"CAFE, TE, YERBA MATE Y ESPECIAS"|4|94504|257574.37
69|84|"SANTO TOME"|9|"CAFE, TE, YERBA MATE Y ESPECIAS"|2|12285|47069.8
70|84|"SANTO TOME"|9|"CAFE, TE, YERBA MATE Y ESPECIAS"|5|96017.5|270885.2
71|84|"SANTO TOME"|9|"CAFE, TE, YERBA MATE Y ESPECIAS"|4|59545|126654.8
72|84|"SANTO TOME"|9|"CAFE, TE, YERBA MATE Y ESPECIAS"|1|486|10206
73|84|"SANTO TOME"|9|"CAFE, TE, YERBA MATE Y ESPECIAS"|5|82103.6|213961.3
74|84|"SANTO TOME"|9|"CAFE, TE, YERBA MATE Y ESPECIAS"|8|68061.4|213992.84
75|84|"SANTO TOME"|9|"CAFE, TE, YERBA MATE Y ESPECIAS"|13|154761.86|456321.78
76|84|"SANTO TOME"|9|"CAFE, TE, YERBA MATE Y ESPECIAS"|3|133800|257424
77|84|"SANTO TOME"|9|"CAFE, TE, YERBA MATE Y ESPECIAS"|10|84040.4|313613.2
78|84|"SANTO TOME"|9|"CAFE, TE, YERBA MATE Y ESPECIAS"|12|123853|327232.8
79|84|"SANTO TOME"|9|"CAFE, TE, YERBA MATE Y ESPECIAS"|2|49924|93172.62
80|84|"SANTO TOME"|9|"CAFE, TE, YERBA MATE Y ESPECIAS"|7|61040.18|178862.98
81|84|"SANTO TOME"|9|"CAFE, TE, YERBA MATE Y ESPECIAS"|4|155400|268128
82|84|"SANTO TOME"|9|"CAFE, TE, YERBA MATE Y ESPECIAS"|7|125001.9|270350.35
83|84|"SANTO TOME"|9|"CAFE, TE, YERBA MATE Y ESPECIAS"|6|107770|283232.5
84|84|"SANTO TOME"|9|"CAFE, TE, YERBA MATE Y ESPECIAS"|4|64675|188167
85|84|"SANTO TOME"|9|"CAFE, TE, YERBA MATE Y ESPECIAS"|3|85800|95598
86|84|"SANTO TOME"|9|"CAFE, TE, YERBA MATE Y ESPECIAS"|4|104958.5|254120.15
87|84|"SANTO TOME"|9|"CAFE, TE, YERBA MATE Y ESPECIAS"|6|138954|234944.92
88|84|"SANTO TOME"|9|"CAFE, TE, YERBA MATE Y ESPECIAS"|1|20675|75091
89|84|"SANTO TOME"|9|"CAFE, TE, YERBA MATE Y ESPECIAS"|4|139780|295344.2
90|84|"SANTO TOME"|9|"CAFE, TE, YERBA MATE Y ESPECIAS"|4|94592|227289.15
91|84|"SANTO TOME"|9|"CAFE, TE, YERBA MATE Y ESPECIAS"|5|93700.8|240954.4
92|84|"SANTO TOME"|9|"CAFE, TE, YERBA MATE Y ESPECIAS"|8|150691.3|304140.5
93|84|"SANTO TOME"|9|"CAFE, TE, YERBA MATE Y ESPECIAS"|3|70725|126780
94|84|"SANTO TOME"|9|"CAFE, TE, YERBA MATE Y ESPECIAS"|3|62400|81756
95|84|"SANTO TOME"|9|"CAFE, TE, YERBA MATE Y ESPECIAS"|4|30296|74783
96|84|"SANTO TOME"|9|"CAFE, TE, YERBA MATE Y ESPECIAS"|5|118390|204990.03
97|84|"SANTO TOME"|9|"CAFE, TE, YERBA MATE Y ESPECIAS"|7|109611.2|291416.08
98|84|"SANTO TOME"|9|"CAFE, TE, YERBA MATE Y ESPECIAS"|4|294180|658714.6
99|84|"SANTO TOME"|9|"CAFE, TE, YERBA MATE Y ESPECIAS"|5|84952|128922.62
100|84|"SANTO TOME"|9|"CAFE, TE, YERBA MATE Y ESPECIAS"|2|50790|93294
101|84|"SANTO TOME"|9|"CAFE, TE, YERBA MATE Y ESPECIAS"|12|147191.04|390049.76
102|84|"SANTO TOME"|9|"CAFE, TE, YERBA MATE Y ESPECIAS"|7|237081|408672.1
103|84|"SANTO TOME"|9|"CAFE, TE, YERBA MATE Y ESPECIAS"|6|202673|350150.08
104|84|"SANTO TOME"|9|"CAFE, TE, YERBA MATE Y ESPECIAS"|2|70230|124492.8
