"semana"|"aduana"|"aduana_desc"|"mercaderia"|"mercaderia_desc"|"cantidad"|"kilos"|"importe"
69|91|"BS.AS. NORTE"|40|"CAUCHO Y SUS MANUFACTURAS"|63|164929.78|774645.97
70|91|"BS.AS. NORTE"|40|"CAUCHO Y SUS MANUFACTURAS"|115|209744.552|1071263.58
71|91|"BS.AS. NORTE"|40|"CAUCHO Y SUS MANUFACTURAS"|72|157450.423|829356.35
72|91|"BS.AS. NORTE"|40|"CAUCHO Y SUS MANUFACTURAS"|91|308789.922|1465761.42
73|91|"BS.AS. NORTE"|40|"CAUCHO Y SUS MANUFACTURAS"|77|243052.714|1113170.2
74|91|"BS.AS. NORTE"|40|"CAUCHO Y SUS MANUFACTURAS"|133|230090.601|948001.73
75|91|"BS.AS. NORTE"|40|"CAUCHO Y SUS MANUFACTURAS"|41|113709.352|577858.13
76|91|"BS.AS. NORTE"|40|"CAUCHO Y SUS MANUFACTURAS"|103|254439.545|1154941.27
77|91|"BS.AS. NORTE"|40|"CAUCHO Y SUS MANUFACTURAS"|89|234071.428|1056658.3
78|91|"BS.AS. NORTE"|40|"CAUCHO Y SUS MANUFACTURAS"|130|213349.643|1008971.27
79|91|"BS.AS. NORTE"|40|"CAUCHO Y SUS MANUFACTURAS"|102|177576.245|879784.67
80|91|"BS.AS. NORTE"|40|"CAUCHO Y SUS MANUFACTURAS"|51|101949.47|487072.06
81|91|"BS.AS. NORTE"|40|"CAUCHO Y SUS MANUFACTURAS"|70|110291.518|461019.94
82|91|"BS.AS. NORTE"|40|"CAUCHO Y SUS MANUFACTURAS"|108|154896.428|816007.35
83|91|"BS.AS. NORTE"|40|"CAUCHO Y SUS MANUFACTURAS"|102|207074.799|1224876.19
84|91|"BS.AS. NORTE"|40|"CAUCHO Y SUS MANUFACTURAS"|58|115540.97|455692.93
85|91|"BS.AS. NORTE"|40|"CAUCHO Y SUS MANUFACTURAS"|49|107906.921|483105.99
86|91|"BS.AS. NORTE"|40|"CAUCHO Y SUS MANUFACTURAS"|65|58753.409|340116.3
87|91|"BS.AS. NORTE"|40|"CAUCHO Y SUS MANUFACTURAS"|81|139327.991|714552.51
88|91|"BS.AS. NORTE"|40|"CAUCHO Y SUS MANUFACTURAS"|87|198505.687|957157.94
89|91|"BS.AS. NORTE"|40|"CAUCHO Y SUS MANUFACTURAS"|51|129594.278|431326.65
90|91|"BS.AS. NORTE"|40|"CAUCHO Y SUS MANUFACTURAS"|115|251669.009|1020764.42
91|91|"BS.AS. NORTE"|40|"CAUCHO Y SUS MANUFACTURAS"|59|208864.35|947019.11
92|91|"BS.AS. NORTE"|40|"CAUCHO Y SUS MANUFACTURAS"|61|236616.812|854422.02
93|91|"BS.AS. NORTE"|40|"CAUCHO Y SUS MANUFACTURAS"|70|238953.641|992171.15
94|91|"BS.AS. NORTE"|40|"CAUCHO Y SUS MANUFACTURAS"|72|216945.091|936244.21
95|91|"BS.AS. NORTE"|40|"CAUCHO Y SUS MANUFACTURAS"|45|157438.128|710529.55
96|91|"BS.AS. NORTE"|40|"CAUCHO Y SUS MANUFACTURAS"|40|115235.88|465504.76
97|91|"BS.AS. NORTE"|40|"CAUCHO Y SUS MANUFACTURAS"|103|195620.732|838513.24
98|91|"BS.AS. NORTE"|40|"CAUCHO Y SUS MANUFACTURAS"|36|41030.84|316902.39
99|91|"BS.AS. NORTE"|40|"CAUCHO Y SUS MANUFACTURAS"|144|335351.124|1494203.11
100|91|"BS.AS. NORTE"|40|"CAUCHO Y SUS MANUFACTURAS"|27|17759.384|97813.58
101|91|"BS.AS. NORTE"|40|"CAUCHO Y SUS MANUFACTURAS"|32|77194.338|476729.79
102|91|"BS.AS. NORTE"|40|"CAUCHO Y SUS MANUFACTURAS"|68|56568.26|217766.22
103|91|"BS.AS. NORTE"|40|"CAUCHO Y SUS MANUFACTURAS"|66|124654.657|563713.46
104|91|"BS.AS. NORTE"|40|"CAUCHO Y SUS MANUFACTURAS"|35|28529.456|140547.79
