"semana"|"aduana"|"aduana_desc"|"mercaderia"|"mercaderia_desc"|"cantidad"|"kilos"|"importe"
69|91|"BS.AS. NORTE"|42|"MANUFACTURAS DE CUERO; ARTICULOS DE TALABARTERIA O GUARNICIO"|2|52.25|508.11
70|91|"BS.AS. NORTE"|42|"MANUFACTURAS DE CUERO; ARTICULOS DE TALABARTERIA O GUARNICIO"|8|1124.44|179756.4
71|91|"BS.AS. NORTE"|42|"MANUFACTURAS DE CUERO; ARTICULOS DE TALABARTERIA O GUARNICIO"|6|276.9|14935.72
72|91|"BS.AS. NORTE"|42|"MANUFACTURAS DE CUERO; ARTICULOS DE TALABARTERIA O GUARNICIO"|2|607.02|5922.7
74|91|"BS.AS. NORTE"|42|"MANUFACTURAS DE CUERO; ARTICULOS DE TALABARTERIA O GUARNICIO"|1|1.09|52.78
76|91|"BS.AS. NORTE"|42|"MANUFACTURAS DE CUERO; ARTICULOS DE TALABARTERIA O GUARNICIO"|22|5033.39|231116.27
77|91|"BS.AS. NORTE"|42|"MANUFACTURAS DE CUERO; ARTICULOS DE TALABARTERIA O GUARNICIO"|5|85.66|3460.59
78|91|"BS.AS. NORTE"|42|"MANUFACTURAS DE CUERO; ARTICULOS DE TALABARTERIA O GUARNICIO"|5|3894.23|38582.96
79|91|"BS.AS. NORTE"|42|"MANUFACTURAS DE CUERO; ARTICULOS DE TALABARTERIA O GUARNICIO"|10|494.56|50246.6
81|91|"BS.AS. NORTE"|42|"MANUFACTURAS DE CUERO; ARTICULOS DE TALABARTERIA O GUARNICIO"|3|376.13|16065.03
83|91|"BS.AS. NORTE"|42|"MANUFACTURAS DE CUERO; ARTICULOS DE TALABARTERIA O GUARNICIO"|1|136.53|7178.6
84|91|"BS.AS. NORTE"|42|"MANUFACTURAS DE CUERO; ARTICULOS DE TALABARTERIA O GUARNICIO"|4|1123.9|21496.23
85|91|"BS.AS. NORTE"|42|"MANUFACTURAS DE CUERO; ARTICULOS DE TALABARTERIA O GUARNICIO"|2|178.19|34770.81
87|91|"BS.AS. NORTE"|42|"MANUFACTURAS DE CUERO; ARTICULOS DE TALABARTERIA O GUARNICIO"|4|442.8|4437.5
88|91|"BS.AS. NORTE"|42|"MANUFACTURAS DE CUERO; ARTICULOS DE TALABARTERIA O GUARNICIO"|4|106.92|3004.6
89|91|"BS.AS. NORTE"|42|"MANUFACTURAS DE CUERO; ARTICULOS DE TALABARTERIA O GUARNICIO"|3|1905.37|98686.75
90|91|"BS.AS. NORTE"|42|"MANUFACTURAS DE CUERO; ARTICULOS DE TALABARTERIA O GUARNICIO"|7|348.1|9438.22
91|91|"BS.AS. NORTE"|42|"MANUFACTURAS DE CUERO; ARTICULOS DE TALABARTERIA O GUARNICIO"|1|169.5|14735
92|91|"BS.AS. NORTE"|42|"MANUFACTURAS DE CUERO; ARTICULOS DE TALABARTERIA O GUARNICIO"|8|1159.54|16121.21
93|91|"BS.AS. NORTE"|42|"MANUFACTURAS DE CUERO; ARTICULOS DE TALABARTERIA O GUARNICIO"|6|1804.83|16329.24
94|91|"BS.AS. NORTE"|42|"MANUFACTURAS DE CUERO; ARTICULOS DE TALABARTERIA O GUARNICIO"|6|2143.32|27766.58
95|91|"BS.AS. NORTE"|42|"MANUFACTURAS DE CUERO; ARTICULOS DE TALABARTERIA O GUARNICIO"|1|8.99|760
97|91|"BS.AS. NORTE"|42|"MANUFACTURAS DE CUERO; ARTICULOS DE TALABARTERIA O GUARNICIO"|2|1964|42319.85
98|91|"BS.AS. NORTE"|42|"MANUFACTURAS DE CUERO; ARTICULOS DE TALABARTERIA O GUARNICIO"|9|194.99|1802.55
99|91|"BS.AS. NORTE"|42|"MANUFACTURAS DE CUERO; ARTICULOS DE TALABARTERIA O GUARNICIO"|3|1.03|18.92
101|91|"BS.AS. NORTE"|42|"MANUFACTURAS DE CUERO; ARTICULOS DE TALABARTERIA O GUARNICIO"|5|422.04|27246.84
102|91|"BS.AS. NORTE"|42|"MANUFACTURAS DE CUERO; ARTICULOS DE TALABARTERIA O GUARNICIO"|4|11.13|724.12
103|91|"BS.AS. NORTE"|42|"MANUFACTURAS DE CUERO; ARTICULOS DE TALABARTERIA O GUARNICIO"|2|972|53206.25
104|91|"BS.AS. NORTE"|42|"MANUFACTURAS DE CUERO; ARTICULOS DE TALABARTERIA O GUARNICIO"|8|2157.05|46519.74
