"semana"|"aduana"|"aduana_desc"|"mercaderia"|"mercaderia_desc"|"cantidad"|"kilos"|"importe"
69|92|"BS.AS. SUR"|15|"GRASAS Y ACEITES ANIMALES O VEGETALES; PRODUCTOS DE SU DESDO"|25|1730574.86|1151481.51
70|92|"BS.AS. SUR"|15|"GRASAS Y ACEITES ANIMALES O VEGETALES; PRODUCTOS DE SU DESDO"|25|1594809.54|1607108.89
71|92|"BS.AS. SUR"|15|"GRASAS Y ACEITES ANIMALES O VEGETALES; PRODUCTOS DE SU DESDO"|42|2616792.48|1840886.99
72|92|"BS.AS. SUR"|15|"GRASAS Y ACEITES ANIMALES O VEGETALES; PRODUCTOS DE SU DESDO"|17|1583659.36|734540.98
73|92|"BS.AS. SUR"|15|"GRASAS Y ACEITES ANIMALES O VEGETALES; PRODUCTOS DE SU DESDO"|20|1374705.92|987943.59
74|92|"BS.AS. SUR"|15|"GRASAS Y ACEITES ANIMALES O VEGETALES; PRODUCTOS DE SU DESDO"|8|384483.5|251691.25
75|92|"BS.AS. SUR"|15|"GRASAS Y ACEITES ANIMALES O VEGETALES; PRODUCTOS DE SU DESDO"|27|1492965.66|1094343.18
76|92|"BS.AS. SUR"|15|"GRASAS Y ACEITES ANIMALES O VEGETALES; PRODUCTOS DE SU DESDO"|35|3755249.62|2888462.36
77|92|"BS.AS. SUR"|15|"GRASAS Y ACEITES ANIMALES O VEGETALES; PRODUCTOS DE SU DESDO"|33|1979679.76|1395679.52
78|92|"BS.AS. SUR"|15|"GRASAS Y ACEITES ANIMALES O VEGETALES; PRODUCTOS DE SU DESDO"|47|3191100.02|3361252.14
79|92|"BS.AS. SUR"|15|"GRASAS Y ACEITES ANIMALES O VEGETALES; PRODUCTOS DE SU DESDO"|44|3563143.12|2525732.29
80|92|"BS.AS. SUR"|15|"GRASAS Y ACEITES ANIMALES O VEGETALES; PRODUCTOS DE SU DESDO"|34|3735649.84|2422410.68
81|92|"BS.AS. SUR"|15|"GRASAS Y ACEITES ANIMALES O VEGETALES; PRODUCTOS DE SU DESDO"|34|2624052.7|2087580.94
82|92|"BS.AS. SUR"|15|"GRASAS Y ACEITES ANIMALES O VEGETALES; PRODUCTOS DE SU DESDO"|40|3360731.03|2794198.96
83|92|"BS.AS. SUR"|15|"GRASAS Y ACEITES ANIMALES O VEGETALES; PRODUCTOS DE SU DESDO"|42|1527506.41|1209131.83
84|92|"BS.AS. SUR"|15|"GRASAS Y ACEITES ANIMALES O VEGETALES; PRODUCTOS DE SU DESDO"|46|3889385.97|2739054.21
85|92|"BS.AS. SUR"|15|"GRASAS Y ACEITES ANIMALES O VEGETALES; PRODUCTOS DE SU DESDO"|12|961208|498663.43
86|92|"BS.AS. SUR"|15|"GRASAS Y ACEITES ANIMALES O VEGETALES; PRODUCTOS DE SU DESDO"|51|3121529.85|2949962.73
87|92|"BS.AS. SUR"|15|"GRASAS Y ACEITES ANIMALES O VEGETALES; PRODUCTOS DE SU DESDO"|25|1783719.82|1759122.89
88|92|"BS.AS. SUR"|15|"GRASAS Y ACEITES ANIMALES O VEGETALES; PRODUCTOS DE SU DESDO"|51|3701422.43|3171614.98
89|92|"BS.AS. SUR"|15|"GRASAS Y ACEITES ANIMALES O VEGETALES; PRODUCTOS DE SU DESDO"|34|3184177.03|1694804.59
90|92|"BS.AS. SUR"|15|"GRASAS Y ACEITES ANIMALES O VEGETALES; PRODUCTOS DE SU DESDO"|42|2454509.38|1580028.97
91|92|"BS.AS. SUR"|15|"GRASAS Y ACEITES ANIMALES O VEGETALES; PRODUCTOS DE SU DESDO"|44|3904564.82|2737190.86
92|92|"BS.AS. SUR"|15|"GRASAS Y ACEITES ANIMALES O VEGETALES; PRODUCTOS DE SU DESDO"|33|2663769.42|1733173.39
93|92|"BS.AS. SUR"|15|"GRASAS Y ACEITES ANIMALES O VEGETALES; PRODUCTOS DE SU DESDO"|18|2080382.06|496647.66
94|92|"BS.AS. SUR"|15|"GRASAS Y ACEITES ANIMALES O VEGETALES; PRODUCTOS DE SU DESDO"|48|4105714.23|2782548.28
95|92|"BS.AS. SUR"|15|"GRASAS Y ACEITES ANIMALES O VEGETALES; PRODUCTOS DE SU DESDO"|34|2176834.26|1405556.97
96|92|"BS.AS. SUR"|15|"GRASAS Y ACEITES ANIMALES O VEGETALES; PRODUCTOS DE SU DESDO"|24|2938869.32|1170063.16
97|92|"BS.AS. SUR"|15|"GRASAS Y ACEITES ANIMALES O VEGETALES; PRODUCTOS DE SU DESDO"|30|2376637.72|1650001.97
98|92|"BS.AS. SUR"|15|"GRASAS Y ACEITES ANIMALES O VEGETALES; PRODUCTOS DE SU DESDO"|45|3752554.21|1873170.26
99|92|"BS.AS. SUR"|15|"GRASAS Y ACEITES ANIMALES O VEGETALES; PRODUCTOS DE SU DESDO"|39|2991652.32|2275382.88
100|92|"BS.AS. SUR"|15|"GRASAS Y ACEITES ANIMALES O VEGETALES; PRODUCTOS DE SU DESDO"|22|2390298.72|850622.95
101|92|"BS.AS. SUR"|15|"GRASAS Y ACEITES ANIMALES O VEGETALES; PRODUCTOS DE SU DESDO"|12|773824.4|611196.7
102|92|"BS.AS. SUR"|15|"GRASAS Y ACEITES ANIMALES O VEGETALES; PRODUCTOS DE SU DESDO"|22|1217425.71|591560.39
103|92|"BS.AS. SUR"|15|"GRASAS Y ACEITES ANIMALES O VEGETALES; PRODUCTOS DE SU DESDO"|17|902505.56|1383884.81
104|92|"BS.AS. SUR"|15|"GRASAS Y ACEITES ANIMALES O VEGETALES; PRODUCTOS DE SU DESDO"|17|1407841.2|1366541.47
