"semana"|"aduana"|"aduana_desc"|"mercaderia"|"mercaderia_desc"|"cantidad"|"kilos"|"importe"
68|92|"BS.AS. SUR"|94|"MUEBLES; MOBILIARIO MEDICOQUIRURGICO; ARTICULOS DE CAMA Y SI"|1|4230|23659.62
69|92|"BS.AS. SUR"|94|"MUEBLES; MOBILIARIO MEDICOQUIRURGICO; ARTICULOS DE CAMA Y SI"|83|53203.9|592045.92
70|92|"BS.AS. SUR"|94|"MUEBLES; MOBILIARIO MEDICOQUIRURGICO; ARTICULOS DE CAMA Y SI"|49|19825.528|232238.83
71|92|"BS.AS. SUR"|94|"MUEBLES; MOBILIARIO MEDICOQUIRURGICO; ARTICULOS DE CAMA Y SI"|55|58220.78|433597.25
72|92|"BS.AS. SUR"|94|"MUEBLES; MOBILIARIO MEDICOQUIRURGICO; ARTICULOS DE CAMA Y SI"|95|77044.52|649601.74
73|92|"BS.AS. SUR"|94|"MUEBLES; MOBILIARIO MEDICOQUIRURGICO; ARTICULOS DE CAMA Y SI"|35|29585.64|216479.83
74|92|"BS.AS. SUR"|94|"MUEBLES; MOBILIARIO MEDICOQUIRURGICO; ARTICULOS DE CAMA Y SI"|66|32204.19|409178.09
75|92|"BS.AS. SUR"|94|"MUEBLES; MOBILIARIO MEDICOQUIRURGICO; ARTICULOS DE CAMA Y SI"|44|101264.87|347702.88
76|92|"BS.AS. SUR"|94|"MUEBLES; MOBILIARIO MEDICOQUIRURGICO; ARTICULOS DE CAMA Y SI"|42|148889.11|580097.61
77|92|"BS.AS. SUR"|94|"MUEBLES; MOBILIARIO MEDICOQUIRURGICO; ARTICULOS DE CAMA Y SI"|77|151198.18|726330.75
78|92|"BS.AS. SUR"|94|"MUEBLES; MOBILIARIO MEDICOQUIRURGICO; ARTICULOS DE CAMA Y SI"|44|171313.63|528255.55
79|92|"BS.AS. SUR"|94|"MUEBLES; MOBILIARIO MEDICOQUIRURGICO; ARTICULOS DE CAMA Y SI"|46|249419.18|904652.67
80|92|"BS.AS. SUR"|94|"MUEBLES; MOBILIARIO MEDICOQUIRURGICO; ARTICULOS DE CAMA Y SI"|30|81180.74|436675.81
81|92|"BS.AS. SUR"|94|"MUEBLES; MOBILIARIO MEDICOQUIRURGICO; ARTICULOS DE CAMA Y SI"|54|125898.11|652206.1
82|92|"BS.AS. SUR"|94|"MUEBLES; MOBILIARIO MEDICOQUIRURGICO; ARTICULOS DE CAMA Y SI"|68|133242.35|411294.83
83|92|"BS.AS. SUR"|94|"MUEBLES; MOBILIARIO MEDICOQUIRURGICO; ARTICULOS DE CAMA Y SI"|71|60343.05|476812.56
84|92|"BS.AS. SUR"|94|"MUEBLES; MOBILIARIO MEDICOQUIRURGICO; ARTICULOS DE CAMA Y SI"|45|134930.18|882305.14
85|92|"BS.AS. SUR"|94|"MUEBLES; MOBILIARIO MEDICOQUIRURGICO; ARTICULOS DE CAMA Y SI"|54|38391.02|292312.93
86|92|"BS.AS. SUR"|94|"MUEBLES; MOBILIARIO MEDICOQUIRURGICO; ARTICULOS DE CAMA Y SI"|58|57540.42|411728.59
87|92|"BS.AS. SUR"|94|"MUEBLES; MOBILIARIO MEDICOQUIRURGICO; ARTICULOS DE CAMA Y SI"|42|130147.14|586200.9
88|92|"BS.AS. SUR"|94|"MUEBLES; MOBILIARIO MEDICOQUIRURGICO; ARTICULOS DE CAMA Y SI"|44|67520.36|448568.41
89|92|"BS.AS. SUR"|94|"MUEBLES; MOBILIARIO MEDICOQUIRURGICO; ARTICULOS DE CAMA Y SI"|76|191219.36|860893.16
90|92|"BS.AS. SUR"|94|"MUEBLES; MOBILIARIO MEDICOQUIRURGICO; ARTICULOS DE CAMA Y SI"|36|24827.3|363836.84
91|92|"BS.AS. SUR"|94|"MUEBLES; MOBILIARIO MEDICOQUIRURGICO; ARTICULOS DE CAMA Y SI"|26|107665.25|535339.6
92|92|"BS.AS. SUR"|94|"MUEBLES; MOBILIARIO MEDICOQUIRURGICO; ARTICULOS DE CAMA Y SI"|65|41886.94|474443.67
93|92|"BS.AS. SUR"|94|"MUEBLES; MOBILIARIO MEDICOQUIRURGICO; ARTICULOS DE CAMA Y SI"|46|142329.73|522112.97
94|92|"BS.AS. SUR"|94|"MUEBLES; MOBILIARIO MEDICOQUIRURGICO; ARTICULOS DE CAMA Y SI"|47|36898.19|344396.85
95|92|"BS.AS. SUR"|94|"MUEBLES; MOBILIARIO MEDICOQUIRURGICO; ARTICULOS DE CAMA Y SI"|44|26749.88|281670.93
96|92|"BS.AS. SUR"|94|"MUEBLES; MOBILIARIO MEDICOQUIRURGICO; ARTICULOS DE CAMA Y SI"|15|23372.72|202343.54
97|92|"BS.AS. SUR"|94|"MUEBLES; MOBILIARIO MEDICOQUIRURGICO; ARTICULOS DE CAMA Y SI"|34|23541.1|257035.17
98|92|"BS.AS. SUR"|94|"MUEBLES; MOBILIARIO MEDICOQUIRURGICO; ARTICULOS DE CAMA Y SI"|71|140169.05|503805.5
99|92|"BS.AS. SUR"|94|"MUEBLES; MOBILIARIO MEDICOQUIRURGICO; ARTICULOS DE CAMA Y SI"|67|52706.51|941779.6
100|92|"BS.AS. SUR"|94|"MUEBLES; MOBILIARIO MEDICOQUIRURGICO; ARTICULOS DE CAMA Y SI"|26|20944.88|267803.86
101|92|"BS.AS. SUR"|94|"MUEBLES; MOBILIARIO MEDICOQUIRURGICO; ARTICULOS DE CAMA Y SI"|47|24742.77|229812.07
102|92|"BS.AS. SUR"|94|"MUEBLES; MOBILIARIO MEDICOQUIRURGICO; ARTICULOS DE CAMA Y SI"|104|76291.85|404011.74
103|92|"BS.AS. SUR"|94|"MUEBLES; MOBILIARIO MEDICOQUIRURGICO; ARTICULOS DE CAMA Y SI"|53|59416.23|502817.86
104|92|"BS.AS. SUR"|94|"MUEBLES; MOBILIARIO MEDICOQUIRURGICO; ARTICULOS DE CAMA Y SI"|21|25399.72|355799.1
