"semana"|"aduana"|"aduana_desc"|"mercaderia"|"mercaderia_desc"|"cantidad"|"kilos"|"importe"
21|84|"SANTO TOME"|70|"VIDRIO Y SUS MANUFACTURAS"|1|11|242
40|84|"SANTO TOME"|70|"VIDRIO Y SUS MANUFACTURAS"|1|57.2|1170
69|84|"SANTO TOME"|70|"VIDRIO Y SUS MANUFACTURAS"|1|7.92|162
71|84|"SANTO TOME"|70|"VIDRIO Y SUS MANUFACTURAS"|1|7.92|162
74|84|"SANTO TOME"|70|"VIDRIO Y SUS MANUFACTURAS"|1|6.16|126
97|84|"SANTO TOME"|70|"VIDRIO Y SUS MANUFACTURAS"|1|3.96|81
103|84|"SANTO TOME"|70|"VIDRIO Y SUS MANUFACTURAS"|1|5.28|116.16
