"semana"|"aduana"|"aduana_desc"|"mercaderia"|"mercaderia_desc"|"cantidad"|"kilos"|"importe"
70|92|"BS.AS. SUR"|55|"FIBRAS SINTETICAS O ARTIFICIALES DISCONTINUAS"|5|1351.6|9440.32
71|92|"BS.AS. SUR"|55|"FIBRAS SINTETICAS O ARTIFICIALES DISCONTINUAS"|6|11058.2|82750.83
72|92|"BS.AS. SUR"|55|"FIBRAS SINTETICAS O ARTIFICIALES DISCONTINUAS"|4|24141.85|24711.86
74|92|"BS.AS. SUR"|55|"FIBRAS SINTETICAS O ARTIFICIALES DISCONTINUAS"|2|189.92|3137.64
75|92|"BS.AS. SUR"|55|"FIBRAS SINTETICAS O ARTIFICIALES DISCONTINUAS"|2|3598.65|41478.58
76|92|"BS.AS. SUR"|55|"FIBRAS SINTETICAS O ARTIFICIALES DISCONTINUAS"|1|5100|20400
77|92|"BS.AS. SUR"|55|"FIBRAS SINTETICAS O ARTIFICIALES DISCONTINUAS"|9|2570.81|28961.85
78|92|"BS.AS. SUR"|55|"FIBRAS SINTETICAS O ARTIFICIALES DISCONTINUAS"|1|8535.07|13094.05
79|92|"BS.AS. SUR"|55|"FIBRAS SINTETICAS O ARTIFICIALES DISCONTINUAS"|3|1398|6791.91
80|92|"BS.AS. SUR"|55|"FIBRAS SINTETICAS O ARTIFICIALES DISCONTINUAS"|5|4718.1|33447.28
82|92|"BS.AS. SUR"|55|"FIBRAS SINTETICAS O ARTIFICIALES DISCONTINUAS"|4|2191.33|22111.03
83|92|"BS.AS. SUR"|55|"FIBRAS SINTETICAS O ARTIFICIALES DISCONTINUAS"|8|4166.25|34135.56
84|92|"BS.AS. SUR"|55|"FIBRAS SINTETICAS O ARTIFICIALES DISCONTINUAS"|5|3721.07|52381.07
86|92|"BS.AS. SUR"|55|"FIBRAS SINTETICAS O ARTIFICIALES DISCONTINUAS"|5|1191.75|12967.36
87|92|"BS.AS. SUR"|55|"FIBRAS SINTETICAS O ARTIFICIALES DISCONTINUAS"|4|24116.52|49108.61
90|92|"BS.AS. SUR"|55|"FIBRAS SINTETICAS O ARTIFICIALES DISCONTINUAS"|1|81.68|1818.17
91|92|"BS.AS. SUR"|55|"FIBRAS SINTETICAS O ARTIFICIALES DISCONTINUAS"|1|2000|8220
93|92|"BS.AS. SUR"|55|"FIBRAS SINTETICAS O ARTIFICIALES DISCONTINUAS"|6|3374.2|23708.7
94|92|"BS.AS. SUR"|55|"FIBRAS SINTETICAS O ARTIFICIALES DISCONTINUAS"|3|515|5886.8
95|92|"BS.AS. SUR"|55|"FIBRAS SINTETICAS O ARTIFICIALES DISCONTINUAS"|10|3450.66|29429.88
96|92|"BS.AS. SUR"|55|"FIBRAS SINTETICAS O ARTIFICIALES DISCONTINUAS"|10|1244.16|20040.19
97|92|"BS.AS. SUR"|55|"FIBRAS SINTETICAS O ARTIFICIALES DISCONTINUAS"|9|5018.67|39272.94
98|92|"BS.AS. SUR"|55|"FIBRAS SINTETICAS O ARTIFICIALES DISCONTINUAS"|2|133.92|1898
100|92|"BS.AS. SUR"|55|"FIBRAS SINTETICAS O ARTIFICIALES DISCONTINUAS"|6|2299.1|26534.3
101|92|"BS.AS. SUR"|55|"FIBRAS SINTETICAS O ARTIFICIALES DISCONTINUAS"|3|2236.8|29611.88
102|92|"BS.AS. SUR"|55|"FIBRAS SINTETICAS O ARTIFICIALES DISCONTINUAS"|2|146.48|2066.61
103|92|"BS.AS. SUR"|55|"FIBRAS SINTETICAS O ARTIFICIALES DISCONTINUAS"|5|20808.8|20158.01
104|92|"BS.AS. SUR"|55|"FIBRAS SINTETICAS O ARTIFICIALES DISCONTINUAS"|1|48|609.12
