"semana"|"aduana"|"aduana_desc"|"mercaderia"|"mercaderia_desc"|"cantidad"|"kilos"|"importe"
9|88|"GENERAL DEHEZA"|39|"PLASTICO Y SUS MANUFACTURAS"|1|3|30
11|88|"GENERAL DEHEZA"|39|"PLASTICO Y SUS MANUFACTURAS"|1|2640|7480
12|88|"GENERAL DEHEZA"|39|"PLASTICO Y SUS MANUFACTURAS"|1|0.09|1.08
13|88|"GENERAL DEHEZA"|39|"PLASTICO Y SUS MANUFACTURAS"|1|0.09|1.08
20|88|"GENERAL DEHEZA"|39|"PLASTICO Y SUS MANUFACTURAS"|2|304.8|1949.22
27|88|"GENERAL DEHEZA"|39|"PLASTICO Y SUS MANUFACTURAS"|2|25|976.28
29|88|"GENERAL DEHEZA"|39|"PLASTICO Y SUS MANUFACTURAS"|1|50.8|324.87
32|88|"GENERAL DEHEZA"|39|"PLASTICO Y SUS MANUFACTURAS"|2|304.8|1949.22
34|88|"GENERAL DEHEZA"|39|"PLASTICO Y SUS MANUFACTURAS"|2|150.93|990.32
38|88|"GENERAL DEHEZA"|39|"PLASTICO Y SUS MANUFACTURAS"|2|540.81|2800.49
44|88|"GENERAL DEHEZA"|39|"PLASTICO Y SUS MANUFACTURAS"|1|180.27|934.41
46|88|"GENERAL DEHEZA"|39|"PLASTICO Y SUS MANUFACTURAS"|1|180.27|926.22
47|88|"GENERAL DEHEZA"|39|"PLASTICO Y SUS MANUFACTURAS"|2|504.36|2906.11
50|88|"GENERAL DEHEZA"|39|"PLASTICO Y SUS MANUFACTURAS"|1|180.27|926.22
75|88|"GENERAL DEHEZA"|39|"PLASTICO Y SUS MANUFACTURAS"|1|137.82|3600
76|88|"GENERAL DEHEZA"|39|"PLASTICO Y SUS MANUFACTURAS"|1|982.3|5706.5
77|88|"GENERAL DEHEZA"|39|"PLASTICO Y SUS MANUFACTURAS"|3|4116|23967.3
80|88|"GENERAL DEHEZA"|39|"PLASTICO Y SUS MANUFACTURAS"|1|1372|7989.1
81|88|"GENERAL DEHEZA"|39|"PLASTICO Y SUS MANUFACTURAS"|1|1372|7989.1
88|88|"GENERAL DEHEZA"|39|"PLASTICO Y SUS MANUFACTURAS"|2|2352|13695.6
89|88|"GENERAL DEHEZA"|39|"PLASTICO Y SUS MANUFACTURAS"|1|1176|6847.8
90|88|"GENERAL DEHEZA"|39|"PLASTICO Y SUS MANUFACTURAS"|1|1078|6277.15
