"semana"|"aduana"|"aduana_desc"|"mercaderia"|"mercaderia_desc"|"cantidad"|"kilos"|"importe"
67|91|"BS.AS. NORTE"|22|"BEBIDAS, LIQUIDOS ALCOHOLICOS Y VINAGRE"|1|24921|13292.88
68|91|"BS.AS. NORTE"|22|"BEBIDAS, LIQUIDOS ALCOHOLICOS Y VINAGRE"|6|155190.6|88219.03
69|91|"BS.AS. NORTE"|22|"BEBIDAS, LIQUIDOS ALCOHOLICOS Y VINAGRE"|65|598159.73|639649.82
70|91|"BS.AS. NORTE"|22|"BEBIDAS, LIQUIDOS ALCOHOLICOS Y VINAGRE"|66|661932.93|588126.93
71|91|"BS.AS. NORTE"|22|"BEBIDAS, LIQUIDOS ALCOHOLICOS Y VINAGRE"|91|765942.7|799395.5
72|91|"BS.AS. NORTE"|22|"BEBIDAS, LIQUIDOS ALCOHOLICOS Y VINAGRE"|71|694269.51|892505.17
73|91|"BS.AS. NORTE"|22|"BEBIDAS, LIQUIDOS ALCOHOLICOS Y VINAGRE"|57|494927.23|576495.49
74|91|"BS.AS. NORTE"|22|"BEBIDAS, LIQUIDOS ALCOHOLICOS Y VINAGRE"|64|404545.97|479267.79
75|91|"BS.AS. NORTE"|22|"BEBIDAS, LIQUIDOS ALCOHOLICOS Y VINAGRE"|80|718368.96|689389.52
76|91|"BS.AS. NORTE"|22|"BEBIDAS, LIQUIDOS ALCOHOLICOS Y VINAGRE"|58|720141.91|710577.67
77|91|"BS.AS. NORTE"|22|"BEBIDAS, LIQUIDOS ALCOHOLICOS Y VINAGRE"|45|767789.74|636907.36
78|91|"BS.AS. NORTE"|22|"BEBIDAS, LIQUIDOS ALCOHOLICOS Y VINAGRE"|65|478984.28|648524.09
79|91|"BS.AS. NORTE"|22|"BEBIDAS, LIQUIDOS ALCOHOLICOS Y VINAGRE"|77|950389.61|1114287.45
80|91|"BS.AS. NORTE"|22|"BEBIDAS, LIQUIDOS ALCOHOLICOS Y VINAGRE"|51|751103.49|829006.18
81|91|"BS.AS. NORTE"|22|"BEBIDAS, LIQUIDOS ALCOHOLICOS Y VINAGRE"|47|656950.51|624799.05
82|91|"BS.AS. NORTE"|22|"BEBIDAS, LIQUIDOS ALCOHOLICOS Y VINAGRE"|30|396488.38|439826.77
83|91|"BS.AS. NORTE"|22|"BEBIDAS, LIQUIDOS ALCOHOLICOS Y VINAGRE"|53|524196.17|802231
84|91|"BS.AS. NORTE"|22|"BEBIDAS, LIQUIDOS ALCOHOLICOS Y VINAGRE"|65|698160.31|719639.33
85|91|"BS.AS. NORTE"|22|"BEBIDAS, LIQUIDOS ALCOHOLICOS Y VINAGRE"|27|438423.02|394782.42
86|91|"BS.AS. NORTE"|22|"BEBIDAS, LIQUIDOS ALCOHOLICOS Y VINAGRE"|63|520039.44|711640.65
87|91|"BS.AS. NORTE"|22|"BEBIDAS, LIQUIDOS ALCOHOLICOS Y VINAGRE"|91|313488.93|389698.35
88|91|"BS.AS. NORTE"|22|"BEBIDAS, LIQUIDOS ALCOHOLICOS Y VINAGRE"|76|610242.81|804682.8
89|91|"BS.AS. NORTE"|22|"BEBIDAS, LIQUIDOS ALCOHOLICOS Y VINAGRE"|50|669693.85|899662.66
90|91|"BS.AS. NORTE"|22|"BEBIDAS, LIQUIDOS ALCOHOLICOS Y VINAGRE"|43|399665.37|420989.39
91|91|"BS.AS. NORTE"|22|"BEBIDAS, LIQUIDOS ALCOHOLICOS Y VINAGRE"|74|310272.87|625264.77
92|91|"BS.AS. NORTE"|22|"BEBIDAS, LIQUIDOS ALCOHOLICOS Y VINAGRE"|79|414463.68|533617.62
93|91|"BS.AS. NORTE"|22|"BEBIDAS, LIQUIDOS ALCOHOLICOS Y VINAGRE"|43|274836.56|357432.16
94|91|"BS.AS. NORTE"|22|"BEBIDAS, LIQUIDOS ALCOHOLICOS Y VINAGRE"|97|696212.21|957937.91
95|91|"BS.AS. NORTE"|22|"BEBIDAS, LIQUIDOS ALCOHOLICOS Y VINAGRE"|73|624612.92|752923.83
96|91|"BS.AS. NORTE"|22|"BEBIDAS, LIQUIDOS ALCOHOLICOS Y VINAGRE"|53|562190.06|488508.8
97|91|"BS.AS. NORTE"|22|"BEBIDAS, LIQUIDOS ALCOHOLICOS Y VINAGRE"|79|749037.3|595310.3
98|91|"BS.AS. NORTE"|22|"BEBIDAS, LIQUIDOS ALCOHOLICOS Y VINAGRE"|75|671166.68|658643.33
99|91|"BS.AS. NORTE"|22|"BEBIDAS, LIQUIDOS ALCOHOLICOS Y VINAGRE"|68|717225.48|860878.63
100|91|"BS.AS. NORTE"|22|"BEBIDAS, LIQUIDOS ALCOHOLICOS Y VINAGRE"|37|446316.03|435859.01
101|91|"BS.AS. NORTE"|22|"BEBIDAS, LIQUIDOS ALCOHOLICOS Y VINAGRE"|41|717914.81|543265.59
102|91|"BS.AS. NORTE"|22|"BEBIDAS, LIQUIDOS ALCOHOLICOS Y VINAGRE"|40|910877.22|907171.89
103|91|"BS.AS. NORTE"|22|"BEBIDAS, LIQUIDOS ALCOHOLICOS Y VINAGRE"|44|760429.07|764850.15
104|91|"BS.AS. NORTE"|22|"BEBIDAS, LIQUIDOS ALCOHOLICOS Y VINAGRE"|32|99399|296028.92
