"semana"|"aduana"|"aduana_desc"|"mercaderia"|"mercaderia_desc"|"cantidad"|"kilos"|"importe"
68|92|"BS.AS. SUR"|28|"PRODUCTOS QUIMICOS INORGANICOS; COMPUESTOS INORGANICOS U ORG"|3|124150|89654.74
69|92|"BS.AS. SUR"|28|"PRODUCTOS QUIMICOS INORGANICOS; COMPUESTOS INORGANICOS U ORG"|30|342962.95|271917.54
70|92|"BS.AS. SUR"|28|"PRODUCTOS QUIMICOS INORGANICOS; COMPUESTOS INORGANICOS U ORG"|24|543255.42|359244.85
71|92|"BS.AS. SUR"|28|"PRODUCTOS QUIMICOS INORGANICOS; COMPUESTOS INORGANICOS U ORG"|21|425467.38|306372.61
72|92|"BS.AS. SUR"|28|"PRODUCTOS QUIMICOS INORGANICOS; COMPUESTOS INORGANICOS U ORG"|25|359394.04|252057.54
73|92|"BS.AS. SUR"|28|"PRODUCTOS QUIMICOS INORGANICOS; COMPUESTOS INORGANICOS U ORG"|23|569999.95|451814.03
74|92|"BS.AS. SUR"|28|"PRODUCTOS QUIMICOS INORGANICOS; COMPUESTOS INORGANICOS U ORG"|24|386839.78|252624.89
75|92|"BS.AS. SUR"|28|"PRODUCTOS QUIMICOS INORGANICOS; COMPUESTOS INORGANICOS U ORG"|12|216500.78|80246.24
76|92|"BS.AS. SUR"|28|"PRODUCTOS QUIMICOS INORGANICOS; COMPUESTOS INORGANICOS U ORG"|32|246470.62|134778.35
77|92|"BS.AS. SUR"|28|"PRODUCTOS QUIMICOS INORGANICOS; COMPUESTOS INORGANICOS U ORG"|12|281437.14|210397.61
78|92|"BS.AS. SUR"|28|"PRODUCTOS QUIMICOS INORGANICOS; COMPUESTOS INORGANICOS U ORG"|15|279645|178448.76
79|92|"BS.AS. SUR"|28|"PRODUCTOS QUIMICOS INORGANICOS; COMPUESTOS INORGANICOS U ORG"|22|678920.88|567099.94
80|92|"BS.AS. SUR"|28|"PRODUCTOS QUIMICOS INORGANICOS; COMPUESTOS INORGANICOS U ORG"|15|434746.96|306307.71
81|92|"BS.AS. SUR"|28|"PRODUCTOS QUIMICOS INORGANICOS; COMPUESTOS INORGANICOS U ORG"|13|158196.97|102568.66
82|92|"BS.AS. SUR"|28|"PRODUCTOS QUIMICOS INORGANICOS; COMPUESTOS INORGANICOS U ORG"|13|299898.63|238796.93
83|92|"BS.AS. SUR"|28|"PRODUCTOS QUIMICOS INORGANICOS; COMPUESTOS INORGANICOS U ORG"|37|329088.82|308085.21
84|92|"BS.AS. SUR"|28|"PRODUCTOS QUIMICOS INORGANICOS; COMPUESTOS INORGANICOS U ORG"|13|157668.02|92923.54
85|92|"BS.AS. SUR"|28|"PRODUCTOS QUIMICOS INORGANICOS; COMPUESTOS INORGANICOS U ORG"|9|214543.2|113422.82
86|92|"BS.AS. SUR"|28|"PRODUCTOS QUIMICOS INORGANICOS; COMPUESTOS INORGANICOS U ORG"|21|249009.93|150485.57
87|92|"BS.AS. SUR"|28|"PRODUCTOS QUIMICOS INORGANICOS; COMPUESTOS INORGANICOS U ORG"|22|481566|395567.79
88|92|"BS.AS. SUR"|28|"PRODUCTOS QUIMICOS INORGANICOS; COMPUESTOS INORGANICOS U ORG"|18|342506.65|131775.54
89|92|"BS.AS. SUR"|28|"PRODUCTOS QUIMICOS INORGANICOS; COMPUESTOS INORGANICOS U ORG"|10|67807.59|52271.38
90|92|"BS.AS. SUR"|28|"PRODUCTOS QUIMICOS INORGANICOS; COMPUESTOS INORGANICOS U ORG"|69|386085.96|241816.18
91|92|"BS.AS. SUR"|28|"PRODUCTOS QUIMICOS INORGANICOS; COMPUESTOS INORGANICOS U ORG"|21|238566.49|266259.13
92|92|"BS.AS. SUR"|28|"PRODUCTOS QUIMICOS INORGANICOS; COMPUESTOS INORGANICOS U ORG"|15|129759.89|146295.73
93|92|"BS.AS. SUR"|28|"PRODUCTOS QUIMICOS INORGANICOS; COMPUESTOS INORGANICOS U ORG"|29|396659.97|204633.2
94|92|"BS.AS. SUR"|28|"PRODUCTOS QUIMICOS INORGANICOS; COMPUESTOS INORGANICOS U ORG"|17|181040|110341.26
95|92|"BS.AS. SUR"|28|"PRODUCTOS QUIMICOS INORGANICOS; COMPUESTOS INORGANICOS U ORG"|15|386166.98|309437.12
96|92|"BS.AS. SUR"|28|"PRODUCTOS QUIMICOS INORGANICOS; COMPUESTOS INORGANICOS U ORG"|19|173619.25|129424.3
97|92|"BS.AS. SUR"|28|"PRODUCTOS QUIMICOS INORGANICOS; COMPUESTOS INORGANICOS U ORG"|19|391486.07|209403.89
98|92|"BS.AS. SUR"|28|"PRODUCTOS QUIMICOS INORGANICOS; COMPUESTOS INORGANICOS U ORG"|32|363238.45|296436.97
99|92|"BS.AS. SUR"|28|"PRODUCTOS QUIMICOS INORGANICOS; COMPUESTOS INORGANICOS U ORG"|17|179915.75|192182.9
100|92|"BS.AS. SUR"|28|"PRODUCTOS QUIMICOS INORGANICOS; COMPUESTOS INORGANICOS U ORG"|21|237597.18|210968.46
101|92|"BS.AS. SUR"|28|"PRODUCTOS QUIMICOS INORGANICOS; COMPUESTOS INORGANICOS U ORG"|12|183796.97|53134.58
102|92|"BS.AS. SUR"|28|"PRODUCTOS QUIMICOS INORGANICOS; COMPUESTOS INORGANICOS U ORG"|32|210878.87|123678.78
103|92|"BS.AS. SUR"|28|"PRODUCTOS QUIMICOS INORGANICOS; COMPUESTOS INORGANICOS U ORG"|20|233907.5|183137.66
104|92|"BS.AS. SUR"|28|"PRODUCTOS QUIMICOS INORGANICOS; COMPUESTOS INORGANICOS U ORG"|8|150506.12|99610.25
