"semana"|"aduana"|"aduana_desc"|"mercaderia"|"mercaderia_desc"|"cantidad"|"kilos"|"importe"
1|82|"BERNARDO DE YRIGOYEN"|19|"PREPARACIONES A BASE DE CEREALES, HARINA, ALMIDON, FECULA O "|5|343000|159181.5
2|82|"BERNARDO DE YRIGOYEN"|19|"PREPARACIONES A BASE DE CEREALES, HARINA, ALMIDON, FECULA O "|6|372300|158675
3|82|"BERNARDO DE YRIGOYEN"|19|"PREPARACIONES A BASE DE CEREALES, HARINA, ALMIDON, FECULA O "|5|315500|146910
4|82|"BERNARDO DE YRIGOYEN"|19|"PREPARACIONES A BASE DE CEREALES, HARINA, ALMIDON, FECULA O "|11|826300|378940
5|82|"BERNARDO DE YRIGOYEN"|19|"PREPARACIONES A BASE DE CEREALES, HARINA, ALMIDON, FECULA O "|2|142500|65835
6|82|"BERNARDO DE YRIGOYEN"|19|"PREPARACIONES A BASE DE CEREALES, HARINA, ALMIDON, FECULA O "|5|344250|149769.6
7|82|"BERNARDO DE YRIGOYEN"|19|"PREPARACIONES A BASE DE CEREALES, HARINA, ALMIDON, FECULA O "|3|225500|105130
8|82|"BERNARDO DE YRIGOYEN"|19|"PREPARACIONES A BASE DE CEREALES, HARINA, ALMIDON, FECULA O "|1|85800|34320
9|82|"BERNARDO DE YRIGOYEN"|19|"PREPARACIONES A BASE DE CEREALES, HARINA, ALMIDON, FECULA O "|2|140000|65800
10|82|"BERNARDO DE YRIGOYEN"|19|"PREPARACIONES A BASE DE CEREALES, HARINA, ALMIDON, FECULA O "|2|142800|59229
16|82|"BERNARDO DE YRIGOYEN"|19|"PREPARACIONES A BASE DE CEREALES, HARINA, ALMIDON, FECULA O "|4|200100|81750
18|82|"BERNARDO DE YRIGOYEN"|19|"PREPARACIONES A BASE DE CEREALES, HARINA, ALMIDON, FECULA O "|1|58000|28710
19|82|"BERNARDO DE YRIGOYEN"|19|"PREPARACIONES A BASE DE CEREALES, HARINA, ALMIDON, FECULA O "|1|57200|22880
22|82|"BERNARDO DE YRIGOYEN"|19|"PREPARACIONES A BASE DE CEREALES, HARINA, ALMIDON, FECULA O "|1|57200|22880
23|82|"BERNARDO DE YRIGOYEN"|19|"PREPARACIONES A BASE DE CEREALES, HARINA, ALMIDON, FECULA O "|2|113000|51400
24|82|"BERNARDO DE YRIGOYEN"|19|"PREPARACIONES A BASE DE CEREALES, HARINA, ALMIDON, FECULA O "|1|56000|26320
25|82|"BERNARDO DE YRIGOYEN"|19|"PREPARACIONES A BASE DE CEREALES, HARINA, ALMIDON, FECULA O "|2|114400|45760
26|82|"BERNARDO DE YRIGOYEN"|19|"PREPARACIONES A BASE DE CEREALES, HARINA, ALMIDON, FECULA O "|1|56000|26320
28|82|"BERNARDO DE YRIGOYEN"|19|"PREPARACIONES A BASE DE CEREALES, HARINA, ALMIDON, FECULA O "|2|114400|45760
31|82|"BERNARDO DE YRIGOYEN"|19|"PREPARACIONES A BASE DE CEREALES, HARINA, ALMIDON, FECULA O "|4|229600|97350
32|82|"BERNARDO DE YRIGOYEN"|19|"PREPARACIONES A BASE DE CEREALES, HARINA, ALMIDON, FECULA O "|1|58000|28710
33|82|"BERNARDO DE YRIGOYEN"|19|"PREPARACIONES A BASE DE CEREALES, HARINA, ALMIDON, FECULA O "|1|58000|28710
34|82|"BERNARDO DE YRIGOYEN"|19|"PREPARACIONES A BASE DE CEREALES, HARINA, ALMIDON, FECULA O "|1|57200|22880
35|82|"BERNARDO DE YRIGOYEN"|19|"PREPARACIONES A BASE DE CEREALES, HARINA, ALMIDON, FECULA O "|1|85500|36765
36|82|"BERNARDO DE YRIGOYEN"|19|"PREPARACIONES A BASE DE CEREALES, HARINA, ALMIDON, FECULA O "|5|193520|123602
37|82|"BERNARDO DE YRIGOYEN"|19|"PREPARACIONES A BASE DE CEREALES, HARINA, ALMIDON, FECULA O "|5|340000|150460
38|82|"BERNARDO DE YRIGOYEN"|19|"PREPARACIONES A BASE DE CEREALES, HARINA, ALMIDON, FECULA O "|1|58000|25810
39|82|"BERNARDO DE YRIGOYEN"|19|"PREPARACIONES A BASE DE CEREALES, HARINA, ALMIDON, FECULA O "|3|2e+05|90000
40|82|"BERNARDO DE YRIGOYEN"|19|"PREPARACIONES A BASE DE CEREALES, HARINA, ALMIDON, FECULA O "|4|257100|94272
41|82|"BERNARDO DE YRIGOYEN"|19|"PREPARACIONES A BASE DE CEREALES, HARINA, ALMIDON, FECULA O "|5|421500|181980
42|82|"BERNARDO DE YRIGOYEN"|19|"PREPARACIONES A BASE DE CEREALES, HARINA, ALMIDON, FECULA O "|8|494360|204144
43|82|"BERNARDO DE YRIGOYEN"|19|"PREPARACIONES A BASE DE CEREALES, HARINA, ALMIDON, FECULA O "|6|487060|221099
44|82|"BERNARDO DE YRIGOYEN"|19|"PREPARACIONES A BASE DE CEREALES, HARINA, ALMIDON, FECULA O "|2|114400|36036
45|82|"BERNARDO DE YRIGOYEN"|19|"PREPARACIONES A BASE DE CEREALES, HARINA, ALMIDON, FECULA O "|2|85200|27678
46|82|"BERNARDO DE YRIGOYEN"|19|"PREPARACIONES A BASE DE CEREALES, HARINA, ALMIDON, FECULA O "|1|57200|18018
47|82|"BERNARDO DE YRIGOYEN"|19|"PREPARACIONES A BASE DE CEREALES, HARINA, ALMIDON, FECULA O "|1|10560|25344
48|82|"BERNARDO DE YRIGOYEN"|19|"PREPARACIONES A BASE DE CEREALES, HARINA, ALMIDON, FECULA O "|1|84000|25200
51|82|"BERNARDO DE YRIGOYEN"|19|"PREPARACIONES A BASE DE CEREALES, HARINA, ALMIDON, FECULA O "|1|84000|25200
53|82|"BERNARDO DE YRIGOYEN"|19|"PREPARACIONES A BASE DE CEREALES, HARINA, ALMIDON, FECULA O "|2|114400|32032
54|82|"BERNARDO DE YRIGOYEN"|19|"PREPARACIONES A BASE DE CEREALES, HARINA, ALMIDON, FECULA O "|1|57200|16016
64|82|"BERNARDO DE YRIGOYEN"|19|"PREPARACIONES A BASE DE CEREALES, HARINA, ALMIDON, FECULA O "|2|114400|30888
65|82|"BERNARDO DE YRIGOYEN"|19|"PREPARACIONES A BASE DE CEREALES, HARINA, ALMIDON, FECULA O "|3|171600|46332
69|82|"BERNARDO DE YRIGOYEN"|19|"PREPARACIONES A BASE DE CEREALES, HARINA, ALMIDON, FECULA O "|1|57200|14300
70|82|"BERNARDO DE YRIGOYEN"|19|"PREPARACIONES A BASE DE CEREALES, HARINA, ALMIDON, FECULA O "|3|171600|42900
72|82|"BERNARDO DE YRIGOYEN"|19|"PREPARACIONES A BASE DE CEREALES, HARINA, ALMIDON, FECULA O "|1|56000|16800
74|82|"BERNARDO DE YRIGOYEN"|19|"PREPARACIONES A BASE DE CEREALES, HARINA, ALMIDON, FECULA O "|7|454000|113500
78|82|"BERNARDO DE YRIGOYEN"|19|"PREPARACIONES A BASE DE CEREALES, HARINA, ALMIDON, FECULA O "|1|57000|15390
79|82|"BERNARDO DE YRIGOYEN"|19|"PREPARACIONES A BASE DE CEREALES, HARINA, ALMIDON, FECULA O "|1|85500|22657.5
81|82|"BERNARDO DE YRIGOYEN"|19|"PREPARACIONES A BASE DE CEREALES, HARINA, ALMIDON, FECULA O "|1|57200|14300
84|82|"BERNARDO DE YRIGOYEN"|19|"PREPARACIONES A BASE DE CEREALES, HARINA, ALMIDON, FECULA O "|2|86200|20124
85|82|"BERNARDO DE YRIGOYEN"|19|"PREPARACIONES A BASE DE CEREALES, HARINA, ALMIDON, FECULA O "|2|86200|20414
87|82|"BERNARDO DE YRIGOYEN"|19|"PREPARACIONES A BASE DE CEREALES, HARINA, ALMIDON, FECULA O "|2|182160|63096
89|82|"BERNARDO DE YRIGOYEN"|19|"PREPARACIONES A BASE DE CEREALES, HARINA, ALMIDON, FECULA O "|1|171600|37752
91|82|"BERNARDO DE YRIGOYEN"|19|"PREPARACIONES A BASE DE CEREALES, HARINA, ALMIDON, FECULA O "|2|39560|31062
95|82|"BERNARDO DE YRIGOYEN"|19|"PREPARACIONES A BASE DE CEREALES, HARINA, ALMIDON, FECULA O "|2|114300|28002
97|82|"BERNARDO DE YRIGOYEN"|19|"PREPARACIONES A BASE DE CEREALES, HARINA, ALMIDON, FECULA O "|1|85800|20592
99|82|"BERNARDO DE YRIGOYEN"|19|"PREPARACIONES A BASE DE CEREALES, HARINA, ALMIDON, FECULA O "|1|56000|14000
100|82|"BERNARDO DE YRIGOYEN"|19|"PREPARACIONES A BASE DE CEREALES, HARINA, ALMIDON, FECULA O "|1|56000|14000
101|82|"BERNARDO DE YRIGOYEN"|19|"PREPARACIONES A BASE DE CEREALES, HARINA, ALMIDON, FECULA O "|1|28500|7980
