"semana"|"aduana"|"aduana_desc"|"mercaderia"|"mercaderia_desc"|"cantidad"|"kilos"|"importe"
68|92|"BS.AS. SUR"|8|"FRUTAS Y FRUTOS COMESTIBLES; CORTEZAS DE AGRIOS(CITRICOS), M"|4|113731.2|104501.95
69|92|"BS.AS. SUR"|8|"FRUTAS Y FRUTOS COMESTIBLES; CORTEZAS DE AGRIOS(CITRICOS), M"|38|1186070.2|1329505.22
70|92|"BS.AS. SUR"|8|"FRUTAS Y FRUTOS COMESTIBLES; CORTEZAS DE AGRIOS(CITRICOS), M"|40|1194531.15|1213357.47
71|92|"BS.AS. SUR"|8|"FRUTAS Y FRUTOS COMESTIBLES; CORTEZAS DE AGRIOS(CITRICOS), M"|80|2811964.75|2754280.79
72|92|"BS.AS. SUR"|8|"FRUTAS Y FRUTOS COMESTIBLES; CORTEZAS DE AGRIOS(CITRICOS), M"|106|3706231.65|3644014.15
73|92|"BS.AS. SUR"|8|"FRUTAS Y FRUTOS COMESTIBLES; CORTEZAS DE AGRIOS(CITRICOS), M"|63|1775019.55|1840156.48
74|92|"BS.AS. SUR"|8|"FRUTAS Y FRUTOS COMESTIBLES; CORTEZAS DE AGRIOS(CITRICOS), M"|86|2486895.15|2527509.15
75|92|"BS.AS. SUR"|8|"FRUTAS Y FRUTOS COMESTIBLES; CORTEZAS DE AGRIOS(CITRICOS), M"|96|2837914|2758538.85
76|92|"BS.AS. SUR"|8|"FRUTAS Y FRUTOS COMESTIBLES; CORTEZAS DE AGRIOS(CITRICOS), M"|109|3146283.55|3062668.54
77|92|"BS.AS. SUR"|8|"FRUTAS Y FRUTOS COMESTIBLES; CORTEZAS DE AGRIOS(CITRICOS), M"|84|2760797.6|2742739.97
78|92|"BS.AS. SUR"|8|"FRUTAS Y FRUTOS COMESTIBLES; CORTEZAS DE AGRIOS(CITRICOS), M"|85|2666074.45|2498938.84
79|92|"BS.AS. SUR"|8|"FRUTAS Y FRUTOS COMESTIBLES; CORTEZAS DE AGRIOS(CITRICOS), M"|61|1800149|1703881.9
80|92|"BS.AS. SUR"|8|"FRUTAS Y FRUTOS COMESTIBLES; CORTEZAS DE AGRIOS(CITRICOS), M"|36|1329221.6|1319571.42
81|92|"BS.AS. SUR"|8|"FRUTAS Y FRUTOS COMESTIBLES; CORTEZAS DE AGRIOS(CITRICOS), M"|45|2123502.1|2077130.69
82|92|"BS.AS. SUR"|8|"FRUTAS Y FRUTOS COMESTIBLES; CORTEZAS DE AGRIOS(CITRICOS), M"|31|1170296.6|1136659.68
83|92|"BS.AS. SUR"|8|"FRUTAS Y FRUTOS COMESTIBLES; CORTEZAS DE AGRIOS(CITRICOS), M"|30|1004966.2|1012545.09
84|92|"BS.AS. SUR"|8|"FRUTAS Y FRUTOS COMESTIBLES; CORTEZAS DE AGRIOS(CITRICOS), M"|24|734047.4|811026.91
85|92|"BS.AS. SUR"|8|"FRUTAS Y FRUTOS COMESTIBLES; CORTEZAS DE AGRIOS(CITRICOS), M"|10|337249.8|337719.4
86|92|"BS.AS. SUR"|8|"FRUTAS Y FRUTOS COMESTIBLES; CORTEZAS DE AGRIOS(CITRICOS), M"|19|437464.6|536199.32
87|92|"BS.AS. SUR"|8|"FRUTAS Y FRUTOS COMESTIBLES; CORTEZAS DE AGRIOS(CITRICOS), M"|11|470115|541422.5
88|92|"BS.AS. SUR"|8|"FRUTAS Y FRUTOS COMESTIBLES; CORTEZAS DE AGRIOS(CITRICOS), M"|9|522291|685549.88
89|92|"BS.AS. SUR"|8|"FRUTAS Y FRUTOS COMESTIBLES; CORTEZAS DE AGRIOS(CITRICOS), M"|13|352904|446058
90|92|"BS.AS. SUR"|8|"FRUTAS Y FRUTOS COMESTIBLES; CORTEZAS DE AGRIOS(CITRICOS), M"|19|537619.2|480610.5
91|92|"BS.AS. SUR"|8|"FRUTAS Y FRUTOS COMESTIBLES; CORTEZAS DE AGRIOS(CITRICOS), M"|42|973143.4|1104836.31
92|92|"BS.AS. SUR"|8|"FRUTAS Y FRUTOS COMESTIBLES; CORTEZAS DE AGRIOS(CITRICOS), M"|47|1119449|1283192.53
93|92|"BS.AS. SUR"|8|"FRUTAS Y FRUTOS COMESTIBLES; CORTEZAS DE AGRIOS(CITRICOS), M"|21|770709|933186.5
94|92|"BS.AS. SUR"|8|"FRUTAS Y FRUTOS COMESTIBLES; CORTEZAS DE AGRIOS(CITRICOS), M"|29|1037522|1484948.73
95|92|"BS.AS. SUR"|8|"FRUTAS Y FRUTOS COMESTIBLES; CORTEZAS DE AGRIOS(CITRICOS), M"|41|679080.8|936052.91
96|92|"BS.AS. SUR"|8|"FRUTAS Y FRUTOS COMESTIBLES; CORTEZAS DE AGRIOS(CITRICOS), M"|9|117324.8|172556.64
97|92|"BS.AS. SUR"|8|"FRUTAS Y FRUTOS COMESTIBLES; CORTEZAS DE AGRIOS(CITRICOS), M"|6|138196.8|193153.1
98|92|"BS.AS. SUR"|8|"FRUTAS Y FRUTOS COMESTIBLES; CORTEZAS DE AGRIOS(CITRICOS), M"|14|99620.4|174980
99|92|"BS.AS. SUR"|8|"FRUTAS Y FRUTOS COMESTIBLES; CORTEZAS DE AGRIOS(CITRICOS), M"|12|247666.4|306648
100|92|"BS.AS. SUR"|8|"FRUTAS Y FRUTOS COMESTIBLES; CORTEZAS DE AGRIOS(CITRICOS), M"|5|7200|14200
101|92|"BS.AS. SUR"|8|"FRUTAS Y FRUTOS COMESTIBLES; CORTEZAS DE AGRIOS(CITRICOS), M"|6|115635|184424.5
102|92|"BS.AS. SUR"|8|"FRUTAS Y FRUTOS COMESTIBLES; CORTEZAS DE AGRIOS(CITRICOS), M"|12|56473.28|165078.32
103|92|"BS.AS. SUR"|8|"FRUTAS Y FRUTOS COMESTIBLES; CORTEZAS DE AGRIOS(CITRICOS), M"|5|135239|304016.2
104|92|"BS.AS. SUR"|8|"FRUTAS Y FRUTOS COMESTIBLES; CORTEZAS DE AGRIOS(CITRICOS), M"|3|45356.2|98881.52
