"semana"|"aduana"|"aduana_desc"|"mercaderia"|"mercaderia_desc"|"cantidad"|"kilos"|"importe"
68|92|"BS.AS. SUR"|35|"MATERIAS ALBUMINOIDEAS; PRODUCTOS A BASE DE ALMIDON O DE FEC"|5|19848.79|91112.2
69|92|"BS.AS. SUR"|35|"MATERIAS ALBUMINOIDEAS; PRODUCTOS A BASE DE ALMIDON O DE FEC"|36|229853.72|2150063.47
70|92|"BS.AS. SUR"|35|"MATERIAS ALBUMINOIDEAS; PRODUCTOS A BASE DE ALMIDON O DE FEC"|19|298294|1156493.19
71|92|"BS.AS. SUR"|35|"MATERIAS ALBUMINOIDEAS; PRODUCTOS A BASE DE ALMIDON O DE FEC"|28|233947|2839026.09
72|92|"BS.AS. SUR"|35|"MATERIAS ALBUMINOIDEAS; PRODUCTOS A BASE DE ALMIDON O DE FEC"|32|297385.01|2232688.21
73|92|"BS.AS. SUR"|35|"MATERIAS ALBUMINOIDEAS; PRODUCTOS A BASE DE ALMIDON O DE FEC"|15|131703.78|573087.5
74|92|"BS.AS. SUR"|35|"MATERIAS ALBUMINOIDEAS; PRODUCTOS A BASE DE ALMIDON O DE FEC"|38|315878.75|2540993.96
75|92|"BS.AS. SUR"|35|"MATERIAS ALBUMINOIDEAS; PRODUCTOS A BASE DE ALMIDON O DE FEC"|22|208379.2|1161469.75
76|92|"BS.AS. SUR"|35|"MATERIAS ALBUMINOIDEAS; PRODUCTOS A BASE DE ALMIDON O DE FEC"|18|150204.87|1087612.07
77|92|"BS.AS. SUR"|35|"MATERIAS ALBUMINOIDEAS; PRODUCTOS A BASE DE ALMIDON O DE FEC"|28|225948.7|1362599.17
78|92|"BS.AS. SUR"|35|"MATERIAS ALBUMINOIDEAS; PRODUCTOS A BASE DE ALMIDON O DE FEC"|23|253892.8|2175575.89
79|92|"BS.AS. SUR"|35|"MATERIAS ALBUMINOIDEAS; PRODUCTOS A BASE DE ALMIDON O DE FEC"|23|297508.96|999778.61
80|92|"BS.AS. SUR"|35|"MATERIAS ALBUMINOIDEAS; PRODUCTOS A BASE DE ALMIDON O DE FEC"|11|176771.6|1072758.33
81|92|"BS.AS. SUR"|35|"MATERIAS ALBUMINOIDEAS; PRODUCTOS A BASE DE ALMIDON O DE FEC"|18|81866.43|592889.94
82|92|"BS.AS. SUR"|35|"MATERIAS ALBUMINOIDEAS; PRODUCTOS A BASE DE ALMIDON O DE FEC"|35|202451.48|1434640.54
83|92|"BS.AS. SUR"|35|"MATERIAS ALBUMINOIDEAS; PRODUCTOS A BASE DE ALMIDON O DE FEC"|15|161468.01|1655852.79
84|92|"BS.AS. SUR"|35|"MATERIAS ALBUMINOIDEAS; PRODUCTOS A BASE DE ALMIDON O DE FEC"|10|61114.23|412962.22
85|92|"BS.AS. SUR"|35|"MATERIAS ALBUMINOIDEAS; PRODUCTOS A BASE DE ALMIDON O DE FEC"|21|200843.19|1308538.05
86|92|"BS.AS. SUR"|35|"MATERIAS ALBUMINOIDEAS; PRODUCTOS A BASE DE ALMIDON O DE FEC"|24|161130.01|1483178.48
87|92|"BS.AS. SUR"|35|"MATERIAS ALBUMINOIDEAS; PRODUCTOS A BASE DE ALMIDON O DE FEC"|39|229058.83|1017829.59
88|92|"BS.AS. SUR"|35|"MATERIAS ALBUMINOIDEAS; PRODUCTOS A BASE DE ALMIDON O DE FEC"|21|316992.92|2881764.64
89|92|"BS.AS. SUR"|35|"MATERIAS ALBUMINOIDEAS; PRODUCTOS A BASE DE ALMIDON O DE FEC"|26|246358.47|892966.07
90|92|"BS.AS. SUR"|35|"MATERIAS ALBUMINOIDEAS; PRODUCTOS A BASE DE ALMIDON O DE FEC"|24|236866.32|1291087.66
91|92|"BS.AS. SUR"|35|"MATERIAS ALBUMINOIDEAS; PRODUCTOS A BASE DE ALMIDON O DE FEC"|18|142236.11|1387213
92|92|"BS.AS. SUR"|35|"MATERIAS ALBUMINOIDEAS; PRODUCTOS A BASE DE ALMIDON O DE FEC"|23|262285.99|1278265.23
93|92|"BS.AS. SUR"|35|"MATERIAS ALBUMINOIDEAS; PRODUCTOS A BASE DE ALMIDON O DE FEC"|21|228652.33|2043082.35
94|92|"BS.AS. SUR"|35|"MATERIAS ALBUMINOIDEAS; PRODUCTOS A BASE DE ALMIDON O DE FEC"|30|135349.59|1207409.3
95|92|"BS.AS. SUR"|35|"MATERIAS ALBUMINOIDEAS; PRODUCTOS A BASE DE ALMIDON O DE FEC"|30|163321.11|863996.12
96|92|"BS.AS. SUR"|35|"MATERIAS ALBUMINOIDEAS; PRODUCTOS A BASE DE ALMIDON O DE FEC"|23|287486|1344128.72
97|92|"BS.AS. SUR"|35|"MATERIAS ALBUMINOIDEAS; PRODUCTOS A BASE DE ALMIDON O DE FEC"|24|137231.76|812169.74
98|92|"BS.AS. SUR"|35|"MATERIAS ALBUMINOIDEAS; PRODUCTOS A BASE DE ALMIDON O DE FEC"|28|353900.57|2518736.35
99|92|"BS.AS. SUR"|35|"MATERIAS ALBUMINOIDEAS; PRODUCTOS A BASE DE ALMIDON O DE FEC"|28|124883.71|694931.2
100|92|"BS.AS. SUR"|35|"MATERIAS ALBUMINOIDEAS; PRODUCTOS A BASE DE ALMIDON O DE FEC"|13|79993.33|292446.82
101|92|"BS.AS. SUR"|35|"MATERIAS ALBUMINOIDEAS; PRODUCTOS A BASE DE ALMIDON O DE FEC"|16|296560.4|953124.72
102|92|"BS.AS. SUR"|35|"MATERIAS ALBUMINOIDEAS; PRODUCTOS A BASE DE ALMIDON O DE FEC"|39|295376.73|1174927.74
103|92|"BS.AS. SUR"|35|"MATERIAS ALBUMINOIDEAS; PRODUCTOS A BASE DE ALMIDON O DE FEC"|21|118153.09|980095.7
104|92|"BS.AS. SUR"|35|"MATERIAS ALBUMINOIDEAS; PRODUCTOS A BASE DE ALMIDON O DE FEC"|5|99560|313014.01
