"semana"|"aduana"|"aduana_desc"|"mercaderia"|"mercaderia_desc"|"cantidad"|"kilos"|"importe"
1|85|"VILLA REGINA"|2|"CARNE Y DESPOJOS COMESTIBLES"|4|58868.01|161294.87
2|85|"VILLA REGINA"|2|"CARNE Y DESPOJOS COMESTIBLES"|2|21585.02|126082.76
3|85|"VILLA REGINA"|2|"CARNE Y DESPOJOS COMESTIBLES"|5|58372.23|246170.63
14|85|"VILLA REGINA"|2|"CARNE Y DESPOJOS COMESTIBLES"|9|103354.16|386863.43
15|85|"VILLA REGINA"|2|"CARNE Y DESPOJOS COMESTIBLES"|3|46979.91|173304.9
16|85|"VILLA REGINA"|2|"CARNE Y DESPOJOS COMESTIBLES"|4|46207.73|176439.94
17|85|"VILLA REGINA"|2|"CARNE Y DESPOJOS COMESTIBLES"|7|88139.89|281831.2
18|85|"VILLA REGINA"|2|"CARNE Y DESPOJOS COMESTIBLES"|2|19117.65|90379.76
19|85|"VILLA REGINA"|2|"CARNE Y DESPOJOS COMESTIBLES"|2|21961.01|106467.1
20|85|"VILLA REGINA"|2|"CARNE Y DESPOJOS COMESTIBLES"|2|21134.99|103634.79
21|85|"VILLA REGINA"|2|"CARNE Y DESPOJOS COMESTIBLES"|9|136434.12|408150.09
22|85|"VILLA REGINA"|2|"CARNE Y DESPOJOS COMESTIBLES"|2|20163.58|97632.57
24|85|"VILLA REGINA"|2|"CARNE Y DESPOJOS COMESTIBLES"|6|61023.13|242563.36
25|85|"VILLA REGINA"|2|"CARNE Y DESPOJOS COMESTIBLES"|4|59173.92|184126.45
27|85|"VILLA REGINA"|2|"CARNE Y DESPOJOS COMESTIBLES"|6|56128.3|310247.73
28|85|"VILLA REGINA"|2|"CARNE Y DESPOJOS COMESTIBLES"|3|43353.97|166027.9
29|85|"VILLA REGINA"|2|"CARNE Y DESPOJOS COMESTIBLES"|2|13399.09|61842.7
31|85|"VILLA REGINA"|2|"CARNE Y DESPOJOS COMESTIBLES"|4|70003.58|250421.01
32|85|"VILLA REGINA"|2|"CARNE Y DESPOJOS COMESTIBLES"|10|104700.76|405591.4
33|85|"VILLA REGINA"|2|"CARNE Y DESPOJOS COMESTIBLES"|2|23426.25|115174.89
35|85|"VILLA REGINA"|2|"CARNE Y DESPOJOS COMESTIBLES"|7|113860.45|385595.01
36|85|"VILLA REGINA"|2|"CARNE Y DESPOJOS COMESTIBLES"|3|45902.59|174619.77
39|85|"VILLA REGINA"|2|"CARNE Y DESPOJOS COMESTIBLES"|2|21055.39|96381
40|85|"VILLA REGINA"|2|"CARNE Y DESPOJOS COMESTIBLES"|5|94578.88|351780.02
41|85|"VILLA REGINA"|2|"CARNE Y DESPOJOS COMESTIBLES"|7|73928.02|304272.7
42|85|"VILLA REGINA"|2|"CARNE Y DESPOJOS COMESTIBLES"|2|18577.7|84143.53
43|85|"VILLA REGINA"|2|"CARNE Y DESPOJOS COMESTIBLES"|2|18306.03|83313.66
44|85|"VILLA REGINA"|2|"CARNE Y DESPOJOS COMESTIBLES"|8|113854.99|366050.44
45|85|"VILLA REGINA"|2|"CARNE Y DESPOJOS COMESTIBLES"|2|21159.25|104521.71
48|85|"VILLA REGINA"|2|"CARNE Y DESPOJOS COMESTIBLES"|2|23073.16|115526.42
50|85|"VILLA REGINA"|2|"CARNE Y DESPOJOS COMESTIBLES"|2|22685.96|113623.38
53|85|"VILLA REGINA"|2|"CARNE Y DESPOJOS COMESTIBLES"|13|100141.2|399652.36
54|85|"VILLA REGINA"|2|"CARNE Y DESPOJOS COMESTIBLES"|2|22237.74|110752.09
61|85|"VILLA REGINA"|2|"CARNE Y DESPOJOS COMESTIBLES"|2|20269.66|97146.23
62|85|"VILLA REGINA"|2|"CARNE Y DESPOJOS COMESTIBLES"|4|45167.38|171330.77
63|85|"VILLA REGINA"|2|"CARNE Y DESPOJOS COMESTIBLES"|4|37891.51|131003.1
65|85|"VILLA REGINA"|2|"CARNE Y DESPOJOS COMESTIBLES"|4|25605.18|121885.88
66|85|"VILLA REGINA"|2|"CARNE Y DESPOJOS COMESTIBLES"|4|26452.34|151559
67|85|"VILLA REGINA"|2|"CARNE Y DESPOJOS COMESTIBLES"|3|28885.82|90808.52
68|85|"VILLA REGINA"|2|"CARNE Y DESPOJOS COMESTIBLES"|4|36645.17|120477.98
70|85|"VILLA REGINA"|2|"CARNE Y DESPOJOS COMESTIBLES"|4|23647.95|133894.97
71|85|"VILLA REGINA"|2|"CARNE Y DESPOJOS COMESTIBLES"|8|87684.21|255423.09
72|85|"VILLA REGINA"|2|"CARNE Y DESPOJOS COMESTIBLES"|1|24121.86|45831.53
73|85|"VILLA REGINA"|2|"CARNE Y DESPOJOS COMESTIBLES"|2|24477.45|123110.21
74|85|"VILLA REGINA"|2|"CARNE Y DESPOJOS COMESTIBLES"|7|89483.2|275692.79
75|85|"VILLA REGINA"|2|"CARNE Y DESPOJOS COMESTIBLES"|8|166273.38|434080.44
76|85|"VILLA REGINA"|2|"CARNE Y DESPOJOS COMESTIBLES"|2|19976.64|110524.2
77|85|"VILLA REGINA"|2|"CARNE Y DESPOJOS COMESTIBLES"|2|15080.56|81129.44
78|85|"VILLA REGINA"|2|"CARNE Y DESPOJOS COMESTIBLES"|10|130145.8|440449.97
79|85|"VILLA REGINA"|2|"CARNE Y DESPOJOS COMESTIBLES"|3|33869.21|111143.21
80|85|"VILLA REGINA"|2|"CARNE Y DESPOJOS COMESTIBLES"|2|12928.47|70749.11
82|85|"VILLA REGINA"|2|"CARNE Y DESPOJOS COMESTIBLES"|4|71305.01|232226.16
83|85|"VILLA REGINA"|2|"CARNE Y DESPOJOS COMESTIBLES"|3|42717.98|150857.51
84|85|"VILLA REGINA"|2|"CARNE Y DESPOJOS COMESTIBLES"|2|16314.68|87253.09
85|85|"VILLA REGINA"|2|"CARNE Y DESPOJOS COMESTIBLES"|4|60365.08|146948.76
86|85|"VILLA REGINA"|2|"CARNE Y DESPOJOS COMESTIBLES"|4|33270.3|194196.68
87|85|"VILLA REGINA"|2|"CARNE Y DESPOJOS COMESTIBLES"|3|48139.67|105091.54
88|85|"VILLA REGINA"|2|"CARNE Y DESPOJOS COMESTIBLES"|2|10949.02|70018.81
89|85|"VILLA REGINA"|2|"CARNE Y DESPOJOS COMESTIBLES"|2|19233.26|102706.81
90|85|"VILLA REGINA"|2|"CARNE Y DESPOJOS COMESTIBLES"|1|24185.78|48488.63
91|85|"VILLA REGINA"|2|"CARNE Y DESPOJOS COMESTIBLES"|4|32100.93|171088.62
92|85|"VILLA REGINA"|2|"CARNE Y DESPOJOS COMESTIBLES"|3|34352.35|105629.88
93|85|"VILLA REGINA"|2|"CARNE Y DESPOJOS COMESTIBLES"|8|85389.69|325039.63
94|85|"VILLA REGINA"|2|"CARNE Y DESPOJOS COMESTIBLES"|3|42729.66|148881.01
95|85|"VILLA REGINA"|2|"CARNE Y DESPOJOS COMESTIBLES"|4|41485.16|153417.48
97|85|"VILLA REGINA"|2|"CARNE Y DESPOJOS COMESTIBLES"|2|22584.06|118310.9
98|85|"VILLA REGINA"|2|"CARNE Y DESPOJOS COMESTIBLES"|2|13859.75|72058.11
100|85|"VILLA REGINA"|2|"CARNE Y DESPOJOS COMESTIBLES"|2|14231.91|72088.9
103|85|"VILLA REGINA"|2|"CARNE Y DESPOJOS COMESTIBLES"|4|23619.29|47769.37
