"semana"|"aduana"|"aduana_desc"|"mercaderia"|"mercaderia_desc"|"cantidad"|"kilos"|"importe"
68|92|"BS.AS. SUR"|33|"ACEITES ESENCIALES Y RESINOIDES; PEPARACIONES DE PERFUMERIA,"|19|19743.78|479808.62
69|92|"BS.AS. SUR"|33|"ACEITES ESENCIALES Y RESINOIDES; PEPARACIONES DE PERFUMERIA,"|159|263232.45|2243330.09
70|92|"BS.AS. SUR"|33|"ACEITES ESENCIALES Y RESINOIDES; PEPARACIONES DE PERFUMERIA,"|138|250804.03|2241474.23
71|92|"BS.AS. SUR"|33|"ACEITES ESENCIALES Y RESINOIDES; PEPARACIONES DE PERFUMERIA,"|192|324475.96|2881648.56
72|92|"BS.AS. SUR"|33|"ACEITES ESENCIALES Y RESINOIDES; PEPARACIONES DE PERFUMERIA,"|146|251275.22|2254708.18
73|92|"BS.AS. SUR"|33|"ACEITES ESENCIALES Y RESINOIDES; PEPARACIONES DE PERFUMERIA,"|113|209697.18|2282895.75
74|92|"BS.AS. SUR"|33|"ACEITES ESENCIALES Y RESINOIDES; PEPARACIONES DE PERFUMERIA,"|160|243566.17|4011851.42
75|92|"BS.AS. SUR"|33|"ACEITES ESENCIALES Y RESINOIDES; PEPARACIONES DE PERFUMERIA,"|138|324465.51|4451549.34
76|92|"BS.AS. SUR"|33|"ACEITES ESENCIALES Y RESINOIDES; PEPARACIONES DE PERFUMERIA,"|136|204196.42|2544425.66
77|92|"BS.AS. SUR"|33|"ACEITES ESENCIALES Y RESINOIDES; PEPARACIONES DE PERFUMERIA,"|161|315017.58|2570666.45
78|92|"BS.AS. SUR"|33|"ACEITES ESENCIALES Y RESINOIDES; PEPARACIONES DE PERFUMERIA,"|326|292769.75|3884977.57
79|92|"BS.AS. SUR"|33|"ACEITES ESENCIALES Y RESINOIDES; PEPARACIONES DE PERFUMERIA,"|172|282784.5|2907708.35
80|92|"BS.AS. SUR"|33|"ACEITES ESENCIALES Y RESINOIDES; PEPARACIONES DE PERFUMERIA,"|158|246838.46|2539618.03
81|92|"BS.AS. SUR"|33|"ACEITES ESENCIALES Y RESINOIDES; PEPARACIONES DE PERFUMERIA,"|91|176777.46|1959594.45
82|92|"BS.AS. SUR"|33|"ACEITES ESENCIALES Y RESINOIDES; PEPARACIONES DE PERFUMERIA,"|214|338464.97|4127790.78
83|92|"BS.AS. SUR"|33|"ACEITES ESENCIALES Y RESINOIDES; PEPARACIONES DE PERFUMERIA,"|183|271245.69|4259634.75
84|92|"BS.AS. SUR"|33|"ACEITES ESENCIALES Y RESINOIDES; PEPARACIONES DE PERFUMERIA,"|101|210973.04|2588526.93
85|92|"BS.AS. SUR"|33|"ACEITES ESENCIALES Y RESINOIDES; PEPARACIONES DE PERFUMERIA,"|152|247725.72|3502880.21
86|92|"BS.AS. SUR"|33|"ACEITES ESENCIALES Y RESINOIDES; PEPARACIONES DE PERFUMERIA,"|176|219340.62|3376768.27
87|92|"BS.AS. SUR"|33|"ACEITES ESENCIALES Y RESINOIDES; PEPARACIONES DE PERFUMERIA,"|173|391280.58|3930793.03
88|92|"BS.AS. SUR"|33|"ACEITES ESENCIALES Y RESINOIDES; PEPARACIONES DE PERFUMERIA,"|163|452074.17|3223496.68
89|92|"BS.AS. SUR"|33|"ACEITES ESENCIALES Y RESINOIDES; PEPARACIONES DE PERFUMERIA,"|113|135373.64|2877656.2
90|92|"BS.AS. SUR"|33|"ACEITES ESENCIALES Y RESINOIDES; PEPARACIONES DE PERFUMERIA,"|108|319329.17|4292112.03
91|92|"BS.AS. SUR"|33|"ACEITES ESENCIALES Y RESINOIDES; PEPARACIONES DE PERFUMERIA,"|192|304515.5|4792782.39
92|92|"BS.AS. SUR"|33|"ACEITES ESENCIALES Y RESINOIDES; PEPARACIONES DE PERFUMERIA,"|143|330563.72|3183217.7
93|92|"BS.AS. SUR"|33|"ACEITES ESENCIALES Y RESINOIDES; PEPARACIONES DE PERFUMERIA,"|96|161690.07|2876391.11
94|92|"BS.AS. SUR"|33|"ACEITES ESENCIALES Y RESINOIDES; PEPARACIONES DE PERFUMERIA,"|135|246284.43|2815706.9
95|92|"BS.AS. SUR"|33|"ACEITES ESENCIALES Y RESINOIDES; PEPARACIONES DE PERFUMERIA,"|175|334655.65|3941545.88
96|92|"BS.AS. SUR"|33|"ACEITES ESENCIALES Y RESINOIDES; PEPARACIONES DE PERFUMERIA,"|142|232782.53|2543183.89
97|92|"BS.AS. SUR"|33|"ACEITES ESENCIALES Y RESINOIDES; PEPARACIONES DE PERFUMERIA,"|175|426956.25|3969166.84
98|92|"BS.AS. SUR"|33|"ACEITES ESENCIALES Y RESINOIDES; PEPARACIONES DE PERFUMERIA,"|168|267855.54|2879019.92
99|92|"BS.AS. SUR"|33|"ACEITES ESENCIALES Y RESINOIDES; PEPARACIONES DE PERFUMERIA,"|142|297600.52|2461227.09
100|92|"BS.AS. SUR"|33|"ACEITES ESENCIALES Y RESINOIDES; PEPARACIONES DE PERFUMERIA,"|106|292001.56|3439359.73
101|92|"BS.AS. SUR"|33|"ACEITES ESENCIALES Y RESINOIDES; PEPARACIONES DE PERFUMERIA,"|104|265396.67|3852932.4
102|92|"BS.AS. SUR"|33|"ACEITES ESENCIALES Y RESINOIDES; PEPARACIONES DE PERFUMERIA,"|192|349349.35|6227733.55
103|92|"BS.AS. SUR"|33|"ACEITES ESENCIALES Y RESINOIDES; PEPARACIONES DE PERFUMERIA,"|172|230604.06|2288929.53
104|92|"BS.AS. SUR"|33|"ACEITES ESENCIALES Y RESINOIDES; PEPARACIONES DE PERFUMERIA,"|47|134009.63|572998.92
