"semana"|"aduana"|"aduana_desc"|"mercaderia"|"mercaderia_desc"|"cantidad"|"kilos"|"importe"
68|92|"BS.AS. SUR"|42|"MANUFACTURAS DE CUERO; ARTICULOS DE TALABARTERIA O GUARNICIO"|3|10.58|3750.01
69|92|"BS.AS. SUR"|42|"MANUFACTURAS DE CUERO; ARTICULOS DE TALABARTERIA O GUARNICIO"|25|13681.72|67971.22
70|92|"BS.AS. SUR"|42|"MANUFACTURAS DE CUERO; ARTICULOS DE TALABARTERIA O GUARNICIO"|22|5239.81|34065.29
71|92|"BS.AS. SUR"|42|"MANUFACTURAS DE CUERO; ARTICULOS DE TALABARTERIA O GUARNICIO"|43|15266.22|112356.58
72|92|"BS.AS. SUR"|42|"MANUFACTURAS DE CUERO; ARTICULOS DE TALABARTERIA O GUARNICIO"|8|5143.55|19997.72
73|92|"BS.AS. SUR"|42|"MANUFACTURAS DE CUERO; ARTICULOS DE TALABARTERIA O GUARNICIO"|12|20523.8|89241.97
74|92|"BS.AS. SUR"|42|"MANUFACTURAS DE CUERO; ARTICULOS DE TALABARTERIA O GUARNICIO"|22|9038.99|70798.58
75|92|"BS.AS. SUR"|42|"MANUFACTURAS DE CUERO; ARTICULOS DE TALABARTERIA O GUARNICIO"|17|3721.71|68901.2
76|92|"BS.AS. SUR"|42|"MANUFACTURAS DE CUERO; ARTICULOS DE TALABARTERIA O GUARNICIO"|25|10174.42|77851.05
77|92|"BS.AS. SUR"|42|"MANUFACTURAS DE CUERO; ARTICULOS DE TALABARTERIA O GUARNICIO"|20|7327.53|64789.4
78|92|"BS.AS. SUR"|42|"MANUFACTURAS DE CUERO; ARTICULOS DE TALABARTERIA O GUARNICIO"|12|11992.26|55348.41
79|92|"BS.AS. SUR"|42|"MANUFACTURAS DE CUERO; ARTICULOS DE TALABARTERIA O GUARNICIO"|3|2967.54|25557.79
80|92|"BS.AS. SUR"|42|"MANUFACTURAS DE CUERO; ARTICULOS DE TALABARTERIA O GUARNICIO"|5|3860.73|20961.99
81|92|"BS.AS. SUR"|42|"MANUFACTURAS DE CUERO; ARTICULOS DE TALABARTERIA O GUARNICIO"|20|24396.14|113750.46
82|92|"BS.AS. SUR"|42|"MANUFACTURAS DE CUERO; ARTICULOS DE TALABARTERIA O GUARNICIO"|12|7222.71|55953.36
83|92|"BS.AS. SUR"|42|"MANUFACTURAS DE CUERO; ARTICULOS DE TALABARTERIA O GUARNICIO"|39|5338.54|87298.4
84|92|"BS.AS. SUR"|42|"MANUFACTURAS DE CUERO; ARTICULOS DE TALABARTERIA O GUARNICIO"|22|11329.4|85302.04
85|92|"BS.AS. SUR"|42|"MANUFACTURAS DE CUERO; ARTICULOS DE TALABARTERIA O GUARNICIO"|12|4382.29|25627.64
86|92|"BS.AS. SUR"|42|"MANUFACTURAS DE CUERO; ARTICULOS DE TALABARTERIA O GUARNICIO"|18|13292.97|94352.77
87|92|"BS.AS. SUR"|42|"MANUFACTURAS DE CUERO; ARTICULOS DE TALABARTERIA O GUARNICIO"|12|11492.54|85372.78
88|92|"BS.AS. SUR"|42|"MANUFACTURAS DE CUERO; ARTICULOS DE TALABARTERIA O GUARNICIO"|26|9079.18|81109.73
89|92|"BS.AS. SUR"|42|"MANUFACTURAS DE CUERO; ARTICULOS DE TALABARTERIA O GUARNICIO"|22|6664.42|57961.59
90|92|"BS.AS. SUR"|42|"MANUFACTURAS DE CUERO; ARTICULOS DE TALABARTERIA O GUARNICIO"|10|4965.25|25015.85
91|92|"BS.AS. SUR"|42|"MANUFACTURAS DE CUERO; ARTICULOS DE TALABARTERIA O GUARNICIO"|26|13302.26|121101.51
92|92|"BS.AS. SUR"|42|"MANUFACTURAS DE CUERO; ARTICULOS DE TALABARTERIA O GUARNICIO"|18|5315.9|27878.9
93|92|"BS.AS. SUR"|42|"MANUFACTURAS DE CUERO; ARTICULOS DE TALABARTERIA O GUARNICIO"|9|10919.37|45346.08
94|92|"BS.AS. SUR"|42|"MANUFACTURAS DE CUERO; ARTICULOS DE TALABARTERIA O GUARNICIO"|10|14825.16|107167.04
95|92|"BS.AS. SUR"|42|"MANUFACTURAS DE CUERO; ARTICULOS DE TALABARTERIA O GUARNICIO"|25|10043.23|90248.96
96|92|"BS.AS. SUR"|42|"MANUFACTURAS DE CUERO; ARTICULOS DE TALABARTERIA O GUARNICIO"|35|11968.17|75600.87
97|92|"BS.AS. SUR"|42|"MANUFACTURAS DE CUERO; ARTICULOS DE TALABARTERIA O GUARNICIO"|21|5251.49|28155.04
98|92|"BS.AS. SUR"|42|"MANUFACTURAS DE CUERO; ARTICULOS DE TALABARTERIA O GUARNICIO"|25|7651.28|77042.36
99|92|"BS.AS. SUR"|42|"MANUFACTURAS DE CUERO; ARTICULOS DE TALABARTERIA O GUARNICIO"|26|14087.73|91957.76
100|92|"BS.AS. SUR"|42|"MANUFACTURAS DE CUERO; ARTICULOS DE TALABARTERIA O GUARNICIO"|27|5416.07|45131.76
101|92|"BS.AS. SUR"|42|"MANUFACTURAS DE CUERO; ARTICULOS DE TALABARTERIA O GUARNICIO"|6|4049.83|22414.85
102|92|"BS.AS. SUR"|42|"MANUFACTURAS DE CUERO; ARTICULOS DE TALABARTERIA O GUARNICIO"|34|12577.08|86524.76
103|92|"BS.AS. SUR"|42|"MANUFACTURAS DE CUERO; ARTICULOS DE TALABARTERIA O GUARNICIO"|10|7949.21|64366.15
104|92|"BS.AS. SUR"|42|"MANUFACTURAS DE CUERO; ARTICULOS DE TALABARTERIA O GUARNICIO"|5|9517.47|54528.32
