"semana"|"aduana"|"aduana_desc"|"mercaderia"|"mercaderia_desc"|"cantidad"|"kilos"|"importe"
71|91|"BS.AS. NORTE"|79|"CINC Y SUS MANUFACTURAS"|4|240.98|5902.92
72|91|"BS.AS. NORTE"|79|"CINC Y SUS MANUFACTURAS"|1|386.4|2880
75|91|"BS.AS. NORTE"|79|"CINC Y SUS MANUFACTURAS"|1|0.26|3.84
76|91|"BS.AS. NORTE"|79|"CINC Y SUS MANUFACTURAS"|1|1210.4|6016.3
77|91|"BS.AS. NORTE"|79|"CINC Y SUS MANUFACTURAS"|1|56.24|414.2
79|91|"BS.AS. NORTE"|79|"CINC Y SUS MANUFACTURAS"|1|1495.2|5901
87|91|"BS.AS. NORTE"|79|"CINC Y SUS MANUFACTURAS"|3|689.49|2846.82
88|91|"BS.AS. NORTE"|79|"CINC Y SUS MANUFACTURAS"|2|143|693.04
90|91|"BS.AS. NORTE"|79|"CINC Y SUS MANUFACTURAS"|2|1533.57|8503.12
94|91|"BS.AS. NORTE"|79|"CINC Y SUS MANUFACTURAS"|1|0.25|3.84
97|91|"BS.AS. NORTE"|79|"CINC Y SUS MANUFACTURAS"|2|19.79|376.1
99|91|"BS.AS. NORTE"|79|"CINC Y SUS MANUFACTURAS"|1|0.64|6.72
