"semana"|"aduana"|"aduana_desc"|"mercaderia"|"mercaderia_desc"|"cantidad"|"kilos"|"importe"
68|91|"BS.AS. NORTE"|35|"MATERIAS ALBUMINOIDEAS; PRODUCTOS A BASE DE ALMIDON O DE FEC"|7|3199.71|41107.66
69|91|"BS.AS. NORTE"|35|"MATERIAS ALBUMINOIDEAS; PRODUCTOS A BASE DE ALMIDON O DE FEC"|32|308624.1|1402242.95
70|91|"BS.AS. NORTE"|35|"MATERIAS ALBUMINOIDEAS; PRODUCTOS A BASE DE ALMIDON O DE FEC"|13|147338.42|534277.97
71|91|"BS.AS. NORTE"|35|"MATERIAS ALBUMINOIDEAS; PRODUCTOS A BASE DE ALMIDON O DE FEC"|31|339877.17|1471962.47
72|91|"BS.AS. NORTE"|35|"MATERIAS ALBUMINOIDEAS; PRODUCTOS A BASE DE ALMIDON O DE FEC"|39|422091.64|1979846.16
73|91|"BS.AS. NORTE"|35|"MATERIAS ALBUMINOIDEAS; PRODUCTOS A BASE DE ALMIDON O DE FEC"|23|326696.94|1555292.34
74|91|"BS.AS. NORTE"|35|"MATERIAS ALBUMINOIDEAS; PRODUCTOS A BASE DE ALMIDON O DE FEC"|28|281108.2|1258189.74
75|91|"BS.AS. NORTE"|35|"MATERIAS ALBUMINOIDEAS; PRODUCTOS A BASE DE ALMIDON O DE FEC"|35|202616.62|928579.03
76|91|"BS.AS. NORTE"|35|"MATERIAS ALBUMINOIDEAS; PRODUCTOS A BASE DE ALMIDON O DE FEC"|22|284481.02|1386671
77|91|"BS.AS. NORTE"|35|"MATERIAS ALBUMINOIDEAS; PRODUCTOS A BASE DE ALMIDON O DE FEC"|27|264247.6|1351782.67
78|91|"BS.AS. NORTE"|35|"MATERIAS ALBUMINOIDEAS; PRODUCTOS A BASE DE ALMIDON O DE FEC"|29|352357.38|1657855.29
79|91|"BS.AS. NORTE"|35|"MATERIAS ALBUMINOIDEAS; PRODUCTOS A BASE DE ALMIDON O DE FEC"|8|65713|258579.64
80|91|"BS.AS. NORTE"|35|"MATERIAS ALBUMINOIDEAS; PRODUCTOS A BASE DE ALMIDON O DE FEC"|15|215426|976143.38
81|91|"BS.AS. NORTE"|35|"MATERIAS ALBUMINOIDEAS; PRODUCTOS A BASE DE ALMIDON O DE FEC"|25|320776.16|1475822.61
82|91|"BS.AS. NORTE"|35|"MATERIAS ALBUMINOIDEAS; PRODUCTOS A BASE DE ALMIDON O DE FEC"|15|193108.19|951200.51
83|91|"BS.AS. NORTE"|35|"MATERIAS ALBUMINOIDEAS; PRODUCTOS A BASE DE ALMIDON O DE FEC"|24|241886.05|999369.39
84|91|"BS.AS. NORTE"|35|"MATERIAS ALBUMINOIDEAS; PRODUCTOS A BASE DE ALMIDON O DE FEC"|20|237362.5|970225.06
85|91|"BS.AS. NORTE"|35|"MATERIAS ALBUMINOIDEAS; PRODUCTOS A BASE DE ALMIDON O DE FEC"|23|209644.66|1078158.83
86|91|"BS.AS. NORTE"|35|"MATERIAS ALBUMINOIDEAS; PRODUCTOS A BASE DE ALMIDON O DE FEC"|34|354070.85|1629672.89
87|91|"BS.AS. NORTE"|35|"MATERIAS ALBUMINOIDEAS; PRODUCTOS A BASE DE ALMIDON O DE FEC"|28|226784.7|917580.75
88|91|"BS.AS. NORTE"|35|"MATERIAS ALBUMINOIDEAS; PRODUCTOS A BASE DE ALMIDON O DE FEC"|22|201063.53|852105.28
89|91|"BS.AS. NORTE"|35|"MATERIAS ALBUMINOIDEAS; PRODUCTOS A BASE DE ALMIDON O DE FEC"|21|343162.1|1690012.97
90|91|"BS.AS. NORTE"|35|"MATERIAS ALBUMINOIDEAS; PRODUCTOS A BASE DE ALMIDON O DE FEC"|16|205130.15|910093.07
91|91|"BS.AS. NORTE"|35|"MATERIAS ALBUMINOIDEAS; PRODUCTOS A BASE DE ALMIDON O DE FEC"|28|265977.16|1190703.72
92|91|"BS.AS. NORTE"|35|"MATERIAS ALBUMINOIDEAS; PRODUCTOS A BASE DE ALMIDON O DE FEC"|25|362932.47|1506263.48
93|91|"BS.AS. NORTE"|35|"MATERIAS ALBUMINOIDEAS; PRODUCTOS A BASE DE ALMIDON O DE FEC"|17|200772.28|869799.98
94|91|"BS.AS. NORTE"|35|"MATERIAS ALBUMINOIDEAS; PRODUCTOS A BASE DE ALMIDON O DE FEC"|23|255752.92|1237054.62
95|91|"BS.AS. NORTE"|35|"MATERIAS ALBUMINOIDEAS; PRODUCTOS A BASE DE ALMIDON O DE FEC"|29|312177.4|1371994.85
96|91|"BS.AS. NORTE"|35|"MATERIAS ALBUMINOIDEAS; PRODUCTOS A BASE DE ALMIDON O DE FEC"|27|251544.2|1145568.63
97|91|"BS.AS. NORTE"|35|"MATERIAS ALBUMINOIDEAS; PRODUCTOS A BASE DE ALMIDON O DE FEC"|19|144007.98|571982.37
98|91|"BS.AS. NORTE"|35|"MATERIAS ALBUMINOIDEAS; PRODUCTOS A BASE DE ALMIDON O DE FEC"|10|143626.57|851906.12
99|91|"BS.AS. NORTE"|35|"MATERIAS ALBUMINOIDEAS; PRODUCTOS A BASE DE ALMIDON O DE FEC"|42|341623.32|1548410.29
100|91|"BS.AS. NORTE"|35|"MATERIAS ALBUMINOIDEAS; PRODUCTOS A BASE DE ALMIDON O DE FEC"|17|177895.23|728464.9
101|91|"BS.AS. NORTE"|35|"MATERIAS ALBUMINOIDEAS; PRODUCTOS A BASE DE ALMIDON O DE FEC"|10|104578|478255.36
102|91|"BS.AS. NORTE"|35|"MATERIAS ALBUMINOIDEAS; PRODUCTOS A BASE DE ALMIDON O DE FEC"|25|213394.88|1042902.39
103|91|"BS.AS. NORTE"|35|"MATERIAS ALBUMINOIDEAS; PRODUCTOS A BASE DE ALMIDON O DE FEC"|36|460072.06|2146471.35
104|91|"BS.AS. NORTE"|35|"MATERIAS ALBUMINOIDEAS; PRODUCTOS A BASE DE ALMIDON O DE FEC"|2|13951|73668.65
