"semana"|"aduana"|"aduana_desc"|"mercaderia"|"mercaderia_desc"|"cantidad"|"kilos"|"importe"
1|83|"SAN LUIS"|38|"PRODUCTOS DIVERSOS DE LA INDUSTRIA QUIMICA"|1|46000|55920
2|83|"SAN LUIS"|38|"PRODUCTOS DIVERSOS DE LA INDUSTRIA QUIMICA"|3|120200|158184
3|83|"SAN LUIS"|38|"PRODUCTOS DIVERSOS DE LA INDUSTRIA QUIMICA"|5|163000|198844
4|83|"SAN LUIS"|38|"PRODUCTOS DIVERSOS DE LA INDUSTRIA QUIMICA"|5|122000|160268.1
5|83|"SAN LUIS"|38|"PRODUCTOS DIVERSOS DE LA INDUSTRIA QUIMICA"|10|276410|347976.25
6|83|"SAN LUIS"|38|"PRODUCTOS DIVERSOS DE LA INDUSTRIA QUIMICA"|3|74250|92786
7|83|"SAN LUIS"|38|"PRODUCTOS DIVERSOS DE LA INDUSTRIA QUIMICA"|6|169520|179131.8
8|83|"SAN LUIS"|38|"PRODUCTOS DIVERSOS DE LA INDUSTRIA QUIMICA"|6|170000|210309.08
9|83|"SAN LUIS"|38|"PRODUCTOS DIVERSOS DE LA INDUSTRIA QUIMICA"|5|191000|231711.94
10|83|"SAN LUIS"|38|"PRODUCTOS DIVERSOS DE LA INDUSTRIA QUIMICA"|6|187000|236428.32
11|83|"SAN LUIS"|38|"PRODUCTOS DIVERSOS DE LA INDUSTRIA QUIMICA"|7|238500|291969.56
12|83|"SAN LUIS"|38|"PRODUCTOS DIVERSOS DE LA INDUSTRIA QUIMICA"|5|141000|167935
13|83|"SAN LUIS"|38|"PRODUCTOS DIVERSOS DE LA INDUSTRIA QUIMICA"|7|241000|292962.25
14|83|"SAN LUIS"|38|"PRODUCTOS DIVERSOS DE LA INDUSTRIA QUIMICA"|5|186120|218941.62
15|83|"SAN LUIS"|38|"PRODUCTOS DIVERSOS DE LA INDUSTRIA QUIMICA"|4|102000|141908
16|83|"SAN LUIS"|38|"PRODUCTOS DIVERSOS DE LA INDUSTRIA QUIMICA"|6|187000|229076.05
17|83|"SAN LUIS"|38|"PRODUCTOS DIVERSOS DE LA INDUSTRIA QUIMICA"|2|46800|54848
18|83|"SAN LUIS"|38|"PRODUCTOS DIVERSOS DE LA INDUSTRIA QUIMICA"|3|208730|248256.12
19|83|"SAN LUIS"|38|"PRODUCTOS DIVERSOS DE LA INDUSTRIA QUIMICA"|6|227895|281357.55
20|83|"SAN LUIS"|38|"PRODUCTOS DIVERSOS DE LA INDUSTRIA QUIMICA"|5|144000|176129.13
21|83|"SAN LUIS"|38|"PRODUCTOS DIVERSOS DE LA INDUSTRIA QUIMICA"|7|212235|269409.46
22|83|"SAN LUIS"|38|"PRODUCTOS DIVERSOS DE LA INDUSTRIA QUIMICA"|8|236985|281270.86
23|83|"SAN LUIS"|38|"PRODUCTOS DIVERSOS DE LA INDUSTRIA QUIMICA"|2|51000|51690
24|83|"SAN LUIS"|38|"PRODUCTOS DIVERSOS DE LA INDUSTRIA QUIMICA"|5|165000|205412.59
25|83|"SAN LUIS"|38|"PRODUCTOS DIVERSOS DE LA INDUSTRIA QUIMICA"|6|171310|218471.2
26|83|"SAN LUIS"|38|"PRODUCTOS DIVERSOS DE LA INDUSTRIA QUIMICA"|1|26000|20720
27|83|"SAN LUIS"|38|"PRODUCTOS DIVERSOS DE LA INDUSTRIA QUIMICA"|6|211500|233226
28|83|"SAN LUIS"|38|"PRODUCTOS DIVERSOS DE LA INDUSTRIA QUIMICA"|11|289500|409747.43
29|83|"SAN LUIS"|38|"PRODUCTOS DIVERSOS DE LA INDUSTRIA QUIMICA"|4|120500|140768.42
30|83|"SAN LUIS"|38|"PRODUCTOS DIVERSOS DE LA INDUSTRIA QUIMICA"|4|118300|127832.74
31|83|"SAN LUIS"|38|"PRODUCTOS DIVERSOS DE LA INDUSTRIA QUIMICA"|6|145000|187825.27
32|83|"SAN LUIS"|38|"PRODUCTOS DIVERSOS DE LA INDUSTRIA QUIMICA"|7|216000|269131.12
33|83|"SAN LUIS"|38|"PRODUCTOS DIVERSOS DE LA INDUSTRIA QUIMICA"|10|195900|242466.75
34|83|"SAN LUIS"|38|"PRODUCTOS DIVERSOS DE LA INDUSTRIA QUIMICA"|12|375224|437949.16
35|83|"SAN LUIS"|38|"PRODUCTOS DIVERSOS DE LA INDUSTRIA QUIMICA"|3|90000|101750
36|83|"SAN LUIS"|38|"PRODUCTOS DIVERSOS DE LA INDUSTRIA QUIMICA"|4|77000|86500.71
37|83|"SAN LUIS"|38|"PRODUCTOS DIVERSOS DE LA INDUSTRIA QUIMICA"|6|144000|165056.36
38|83|"SAN LUIS"|38|"PRODUCTOS DIVERSOS DE LA INDUSTRIA QUIMICA"|5|143900|164983.03
39|83|"SAN LUIS"|38|"PRODUCTOS DIVERSOS DE LA INDUSTRIA QUIMICA"|6|143920|177327.6
40|83|"SAN LUIS"|38|"PRODUCTOS DIVERSOS DE LA INDUSTRIA QUIMICA"|8|211520|246550.43
41|83|"SAN LUIS"|38|"PRODUCTOS DIVERSOS DE LA INDUSTRIA QUIMICA"|6|167000|190621.52
42|83|"SAN LUIS"|38|"PRODUCTOS DIVERSOS DE LA INDUSTRIA QUIMICA"|10|257000|296699
43|83|"SAN LUIS"|38|"PRODUCTOS DIVERSOS DE LA INDUSTRIA QUIMICA"|7|266400|325186.76
44|83|"SAN LUIS"|38|"PRODUCTOS DIVERSOS DE LA INDUSTRIA QUIMICA"|1|48000|59664.08
45|83|"SAN LUIS"|38|"PRODUCTOS DIVERSOS DE LA INDUSTRIA QUIMICA"|6|173210|180334.16
46|83|"SAN LUIS"|38|"PRODUCTOS DIVERSOS DE LA INDUSTRIA QUIMICA"|5|193000|233121.1
47|83|"SAN LUIS"|38|"PRODUCTOS DIVERSOS DE LA INDUSTRIA QUIMICA"|3|93000|126578.31
48|83|"SAN LUIS"|38|"PRODUCTOS DIVERSOS DE LA INDUSTRIA QUIMICA"|9|269270|291081.02
49|83|"SAN LUIS"|38|"PRODUCTOS DIVERSOS DE LA INDUSTRIA QUIMICA"|7|197980|230822.86
50|83|"SAN LUIS"|38|"PRODUCTOS DIVERSOS DE LA INDUSTRIA QUIMICA"|8|193055|236475.68
51|83|"SAN LUIS"|38|"PRODUCTOS DIVERSOS DE LA INDUSTRIA QUIMICA"|2|45018|44296.02
52|83|"SAN LUIS"|38|"PRODUCTOS DIVERSOS DE LA INDUSTRIA QUIMICA"|1|48000|55267.95
53|83|"SAN LUIS"|38|"PRODUCTOS DIVERSOS DE LA INDUSTRIA QUIMICA"|5|142150|150811
54|83|"SAN LUIS"|38|"PRODUCTOS DIVERSOS DE LA INDUSTRIA QUIMICA"|4|112000|137970.3
55|83|"SAN LUIS"|38|"PRODUCTOS DIVERSOS DE LA INDUSTRIA QUIMICA"|5|113100|135868.8
56|83|"SAN LUIS"|38|"PRODUCTOS DIVERSOS DE LA INDUSTRIA QUIMICA"|2|29500|47826.74
57|83|"SAN LUIS"|38|"PRODUCTOS DIVERSOS DE LA INDUSTRIA QUIMICA"|6|141225|148515.04
58|83|"SAN LUIS"|38|"PRODUCTOS DIVERSOS DE LA INDUSTRIA QUIMICA"|3|71000|80515.82
59|83|"SAN LUIS"|38|"PRODUCTOS DIVERSOS DE LA INDUSTRIA QUIMICA"|6|166900|207298.02
60|83|"SAN LUIS"|38|"PRODUCTOS DIVERSOS DE LA INDUSTRIA QUIMICA"|7|174000|175187.23
61|83|"SAN LUIS"|38|"PRODUCTOS DIVERSOS DE LA INDUSTRIA QUIMICA"|3|162000|168180
62|83|"SAN LUIS"|38|"PRODUCTOS DIVERSOS DE LA INDUSTRIA QUIMICA"|1|23000|26400
63|83|"SAN LUIS"|38|"PRODUCTOS DIVERSOS DE LA INDUSTRIA QUIMICA"|3|115025|133508.5
64|83|"SAN LUIS"|38|"PRODUCTOS DIVERSOS DE LA INDUSTRIA QUIMICA"|2|48000|46030
65|83|"SAN LUIS"|38|"PRODUCTOS DIVERSOS DE LA INDUSTRIA QUIMICA"|3|99000|119598
66|83|"SAN LUIS"|38|"PRODUCTOS DIVERSOS DE LA INDUSTRIA QUIMICA"|5|122000|138259
67|83|"SAN LUIS"|38|"PRODUCTOS DIVERSOS DE LA INDUSTRIA QUIMICA"|4|113000|127883
68|83|"SAN LUIS"|38|"PRODUCTOS DIVERSOS DE LA INDUSTRIA QUIMICA"|4|93180|95519.6
69|83|"SAN LUIS"|38|"PRODUCTOS DIVERSOS DE LA INDUSTRIA QUIMICA"|4|88375|105699.56
70|83|"SAN LUIS"|38|"PRODUCTOS DIVERSOS DE LA INDUSTRIA QUIMICA"|1|23665|20641.3
71|83|"SAN LUIS"|38|"PRODUCTOS DIVERSOS DE LA INDUSTRIA QUIMICA"|3|72000|96445.89
72|83|"SAN LUIS"|38|"PRODUCTOS DIVERSOS DE LA INDUSTRIA QUIMICA"|3|96000|96364.44
73|83|"SAN LUIS"|38|"PRODUCTOS DIVERSOS DE LA INDUSTRIA QUIMICA"|4|96150|97516.88
74|83|"SAN LUIS"|38|"PRODUCTOS DIVERSOS DE LA INDUSTRIA QUIMICA"|1|26000|20280
75|83|"SAN LUIS"|38|"PRODUCTOS DIVERSOS DE LA INDUSTRIA QUIMICA"|5|92350|105815.22
76|83|"SAN LUIS"|38|"PRODUCTOS DIVERSOS DE LA INDUSTRIA QUIMICA"|7|159350|185437.08
77|83|"SAN LUIS"|38|"PRODUCTOS DIVERSOS DE LA INDUSTRIA QUIMICA"|5|108000|128218.97
78|83|"SAN LUIS"|38|"PRODUCTOS DIVERSOS DE LA INDUSTRIA QUIMICA"|3|88250|110793
79|83|"SAN LUIS"|38|"PRODUCTOS DIVERSOS DE LA INDUSTRIA QUIMICA"|5|95016|103177.08
80|83|"SAN LUIS"|38|"PRODUCTOS DIVERSOS DE LA INDUSTRIA QUIMICA"|2|47000|52089.04
81|83|"SAN LUIS"|38|"PRODUCTOS DIVERSOS DE LA INDUSTRIA QUIMICA"|5|69086|75959.68
82|83|"SAN LUIS"|38|"PRODUCTOS DIVERSOS DE LA INDUSTRIA QUIMICA"|5|108000|113549.16
83|83|"SAN LUIS"|38|"PRODUCTOS DIVERSOS DE LA INDUSTRIA QUIMICA"|2|71000|65440
84|83|"SAN LUIS"|38|"PRODUCTOS DIVERSOS DE LA INDUSTRIA QUIMICA"|4|120480|122065.28
85|83|"SAN LUIS"|38|"PRODUCTOS DIVERSOS DE LA INDUSTRIA QUIMICA"|3|63780|86309.6
86|83|"SAN LUIS"|38|"PRODUCTOS DIVERSOS DE LA INDUSTRIA QUIMICA"|2|47000|47062
87|83|"SAN LUIS"|38|"PRODUCTOS DIVERSOS DE LA INDUSTRIA QUIMICA"|4|92000|98650.34
88|83|"SAN LUIS"|38|"PRODUCTOS DIVERSOS DE LA INDUSTRIA QUIMICA"|5|147000|139224.8
89|83|"SAN LUIS"|38|"PRODUCTOS DIVERSOS DE LA INDUSTRIA QUIMICA"|2|47000|53424.88
90|83|"SAN LUIS"|38|"PRODUCTOS DIVERSOS DE LA INDUSTRIA QUIMICA"|9|252886|292945.16
91|83|"SAN LUIS"|38|"PRODUCTOS DIVERSOS DE LA INDUSTRIA QUIMICA"|2|51000|49814.58
92|83|"SAN LUIS"|38|"PRODUCTOS DIVERSOS DE LA INDUSTRIA QUIMICA"|3|93625|95117.39
93|83|"SAN LUIS"|38|"PRODUCTOS DIVERSOS DE LA INDUSTRIA QUIMICA"|3|76064|67596.48
94|83|"SAN LUIS"|38|"PRODUCTOS DIVERSOS DE LA INDUSTRIA QUIMICA"|1|26000|21620
95|83|"SAN LUIS"|38|"PRODUCTOS DIVERSOS DE LA INDUSTRIA QUIMICA"|2|50000|44792.88
96|83|"SAN LUIS"|38|"PRODUCTOS DIVERSOS DE LA INDUSTRIA QUIMICA"|3|60000|52115
97|83|"SAN LUIS"|38|"PRODUCTOS DIVERSOS DE LA INDUSTRIA QUIMICA"|5|175430|177039.67
99|83|"SAN LUIS"|38|"PRODUCTOS DIVERSOS DE LA INDUSTRIA QUIMICA"|4|80425|93852.75
100|83|"SAN LUIS"|38|"PRODUCTOS DIVERSOS DE LA INDUSTRIA QUIMICA"|2|50400|45838.88
102|83|"SAN LUIS"|38|"PRODUCTOS DIVERSOS DE LA INDUSTRIA QUIMICA"|6|150420|148574.4
103|83|"SAN LUIS"|38|"PRODUCTOS DIVERSOS DE LA INDUSTRIA QUIMICA"|6|343420|442217.4
