"semana"|"aduana"|"aduana_desc"|"mercaderia"|"mercaderia_desc"|"cantidad"|"kilos"|"importe"
4|66|"TINOGASTA"|26|"MINERALES METALIFEROS, ESCORIAS Y CENIZAS"|1|253400|1962246.8
6|66|"TINOGASTA"|26|"MINERALES METALIFEROS, ESCORIAS Y CENIZAS"|2|460580|3403432.73
7|66|"TINOGASTA"|26|"MINERALES METALIFEROS, ESCORIAS Y CENIZAS"|2|815427|8908977.03
12|66|"TINOGASTA"|26|"MINERALES METALIFEROS, ESCORIAS Y CENIZAS"|1|101350|738892.99
17|66|"TINOGASTA"|26|"MINERALES METALIFEROS, ESCORIAS Y CENIZAS"|1|99109.52|771888.04
18|66|"TINOGASTA"|26|"MINERALES METALIFEROS, ESCORIAS Y CENIZAS"|1|200650|1532115.65
21|66|"TINOGASTA"|26|"MINERALES METALIFEROS, ESCORIAS Y CENIZAS"|1|302496|2611313.76
24|66|"TINOGASTA"|26|"MINERALES METALIFEROS, ESCORIAS Y CENIZAS"|2|355552|3085513.73
29|66|"TINOGASTA"|26|"MINERALES METALIFEROS, ESCORIAS Y CENIZAS"|4|527740|4713255.89
33|66|"TINOGASTA"|26|"MINERALES METALIFEROS, ESCORIAS Y CENIZAS"|1|175740|1942527.11
40|66|"TINOGASTA"|26|"MINERALES METALIFEROS, ESCORIAS Y CENIZAS"|1|60110|717661.47
42|66|"TINOGASTA"|26|"MINERALES METALIFEROS, ESCORIAS Y CENIZAS"|1|189530|2271939.95
43|66|"TINOGASTA"|26|"MINERALES METALIFEROS, ESCORIAS Y CENIZAS"|1|61350|805318.34
46|66|"TINOGASTA"|26|"MINERALES METALIFEROS, ESCORIAS Y CENIZAS"|3|241200|2640168.5
50|66|"TINOGASTA"|26|"MINERALES METALIFEROS, ESCORIAS Y CENIZAS"|1|206850|2405178.36
59|66|"TINOGASTA"|26|"MINERALES METALIFEROS, ESCORIAS Y CENIZAS"|1|151570|1198698.63
62|66|"TINOGASTA"|26|"MINERALES METALIFEROS, ESCORIAS Y CENIZAS"|2|252280|1992403.68
67|66|"TINOGASTA"|26|"MINERALES METALIFEROS, ESCORIAS Y CENIZAS"|1|126010|968405.06
69|66|"TINOGASTA"|26|"MINERALES METALIFEROS, ESCORIAS Y CENIZAS"|1|107120|787786.76
72|66|"TINOGASTA"|26|"MINERALES METALIFEROS, ESCORIAS Y CENIZAS"|1|127460|830051.61
76|66|"TINOGASTA"|26|"MINERALES METALIFEROS, ESCORIAS Y CENIZAS"|1|127980|794580.26
81|66|"TINOGASTA"|26|"MINERALES METALIFEROS, ESCORIAS Y CENIZAS"|1|101750|584357.42
83|66|"TINOGASTA"|26|"MINERALES METALIFEROS, ESCORIAS Y CENIZAS"|2|76710|412821.16
87|66|"TINOGASTA"|26|"MINERALES METALIFEROS, ESCORIAS Y CENIZAS"|1|104890|407548.36
92|66|"TINOGASTA"|26|"MINERALES METALIFEROS, ESCORIAS Y CENIZAS"|1|53990|211761.62
101|66|"TINOGASTA"|26|"MINERALES METALIFEROS, ESCORIAS Y CENIZAS"|1|78170|213972.45
102|66|"TINOGASTA"|26|"MINERALES METALIFEROS, ESCORIAS Y CENIZAS"|1|106150|407185.28
