"semana"|"aduana"|"aduana_desc"|"mercaderia"|"mercaderia_desc"|"cantidad"|"kilos"|"importe"
68|92|"BS.AS. SUR"|49|"PRODUCTOS EDITORIALES DE LA PRENSA Y DE LAS DEMAS INDUSTRIAS"|3|561.84|10784.03
69|92|"BS.AS. SUR"|49|"PRODUCTOS EDITORIALES DE LA PRENSA Y DE LAS DEMAS INDUSTRIAS"|60|36641.72|284363.36
70|92|"BS.AS. SUR"|49|"PRODUCTOS EDITORIALES DE LA PRENSA Y DE LAS DEMAS INDUSTRIAS"|80|65707.9|535782.88
71|92|"BS.AS. SUR"|49|"PRODUCTOS EDITORIALES DE LA PRENSA Y DE LAS DEMAS INDUSTRIAS"|109|33801|235921.74
72|92|"BS.AS. SUR"|49|"PRODUCTOS EDITORIALES DE LA PRENSA Y DE LAS DEMAS INDUSTRIAS"|135|49858.39|524681.84
73|92|"BS.AS. SUR"|49|"PRODUCTOS EDITORIALES DE LA PRENSA Y DE LAS DEMAS INDUSTRIAS"|66|26374.05|239507.41
74|92|"BS.AS. SUR"|49|"PRODUCTOS EDITORIALES DE LA PRENSA Y DE LAS DEMAS INDUSTRIAS"|95|32279.43|246624.89
75|92|"BS.AS. SUR"|49|"PRODUCTOS EDITORIALES DE LA PRENSA Y DE LAS DEMAS INDUSTRIAS"|85|53391.82|374101.39
76|92|"BS.AS. SUR"|49|"PRODUCTOS EDITORIALES DE LA PRENSA Y DE LAS DEMAS INDUSTRIAS"|87|56755.26|369949.85
77|92|"BS.AS. SUR"|49|"PRODUCTOS EDITORIALES DE LA PRENSA Y DE LAS DEMAS INDUSTRIAS"|90|80021.08|328105.43
78|92|"BS.AS. SUR"|49|"PRODUCTOS EDITORIALES DE LA PRENSA Y DE LAS DEMAS INDUSTRIAS"|70|30521.17|219579.55
79|92|"BS.AS. SUR"|49|"PRODUCTOS EDITORIALES DE LA PRENSA Y DE LAS DEMAS INDUSTRIAS"|71|25208.14|221129.47
80|92|"BS.AS. SUR"|49|"PRODUCTOS EDITORIALES DE LA PRENSA Y DE LAS DEMAS INDUSTRIAS"|126|78843.38|518912.13
81|92|"BS.AS. SUR"|49|"PRODUCTOS EDITORIALES DE LA PRENSA Y DE LAS DEMAS INDUSTRIAS"|83|21183.25|136630.48
82|92|"BS.AS. SUR"|49|"PRODUCTOS EDITORIALES DE LA PRENSA Y DE LAS DEMAS INDUSTRIAS"|61|19831.31|135495.07
83|92|"BS.AS. SUR"|49|"PRODUCTOS EDITORIALES DE LA PRENSA Y DE LAS DEMAS INDUSTRIAS"|51|18902.15|154369.32
84|92|"BS.AS. SUR"|49|"PRODUCTOS EDITORIALES DE LA PRENSA Y DE LAS DEMAS INDUSTRIAS"|98|49922.53|284583.22
85|92|"BS.AS. SUR"|49|"PRODUCTOS EDITORIALES DE LA PRENSA Y DE LAS DEMAS INDUSTRIAS"|70|21940.73|225351.56
86|92|"BS.AS. SUR"|49|"PRODUCTOS EDITORIALES DE LA PRENSA Y DE LAS DEMAS INDUSTRIAS"|110|37518.81|294408.29
87|92|"BS.AS. SUR"|49|"PRODUCTOS EDITORIALES DE LA PRENSA Y DE LAS DEMAS INDUSTRIAS"|74|32316.3|148961.89
88|92|"BS.AS. SUR"|49|"PRODUCTOS EDITORIALES DE LA PRENSA Y DE LAS DEMAS INDUSTRIAS"|114|34497.48|340577.91
89|92|"BS.AS. SUR"|49|"PRODUCTOS EDITORIALES DE LA PRENSA Y DE LAS DEMAS INDUSTRIAS"|64|34989.45|166740.82
90|92|"BS.AS. SUR"|49|"PRODUCTOS EDITORIALES DE LA PRENSA Y DE LAS DEMAS INDUSTRIAS"|88|24625.11|250586.72
91|92|"BS.AS. SUR"|49|"PRODUCTOS EDITORIALES DE LA PRENSA Y DE LAS DEMAS INDUSTRIAS"|77|24095.07|115522.11
92|92|"BS.AS. SUR"|49|"PRODUCTOS EDITORIALES DE LA PRENSA Y DE LAS DEMAS INDUSTRIAS"|71|61730.88|371279.73
93|92|"BS.AS. SUR"|49|"PRODUCTOS EDITORIALES DE LA PRENSA Y DE LAS DEMAS INDUSTRIAS"|43|29041.77|192250.13
94|92|"BS.AS. SUR"|49|"PRODUCTOS EDITORIALES DE LA PRENSA Y DE LAS DEMAS INDUSTRIAS"|67|28266.14|207265.39
95|92|"BS.AS. SUR"|49|"PRODUCTOS EDITORIALES DE LA PRENSA Y DE LAS DEMAS INDUSTRIAS"|69|27619.28|212093.26
96|92|"BS.AS. SUR"|49|"PRODUCTOS EDITORIALES DE LA PRENSA Y DE LAS DEMAS INDUSTRIAS"|100|58804.5|527885.24
97|92|"BS.AS. SUR"|49|"PRODUCTOS EDITORIALES DE LA PRENSA Y DE LAS DEMAS INDUSTRIAS"|54|23570.45|308043.09
98|92|"BS.AS. SUR"|49|"PRODUCTOS EDITORIALES DE LA PRENSA Y DE LAS DEMAS INDUSTRIAS"|107|49126.28|442850.93
99|92|"BS.AS. SUR"|49|"PRODUCTOS EDITORIALES DE LA PRENSA Y DE LAS DEMAS INDUSTRIAS"|75|48249.84|347151.59
100|92|"BS.AS. SUR"|49|"PRODUCTOS EDITORIALES DE LA PRENSA Y DE LAS DEMAS INDUSTRIAS"|60|45081.61|350840.97
101|92|"BS.AS. SUR"|49|"PRODUCTOS EDITORIALES DE LA PRENSA Y DE LAS DEMAS INDUSTRIAS"|69|34224.18|338007.91
102|92|"BS.AS. SUR"|49|"PRODUCTOS EDITORIALES DE LA PRENSA Y DE LAS DEMAS INDUSTRIAS"|92|34800.72|272773.9
103|92|"BS.AS. SUR"|49|"PRODUCTOS EDITORIALES DE LA PRENSA Y DE LAS DEMAS INDUSTRIAS"|88|45241.63|304854.87
104|92|"BS.AS. SUR"|49|"PRODUCTOS EDITORIALES DE LA PRENSA Y DE LAS DEMAS INDUSTRIAS"|32|35653.35|130583.76
