"semana"|"aduana"|"aduana_desc"|"mercaderia"|"mercaderia_desc"|"cantidad"|"kilos"|"importe"
42|88|"GENERAL DEHEZA"|36|"POLVORAS Y EXPLOSIVOS; ARTICULOS DE PIROTECNIA; FOSFOROS (CE"|1|43800|251499.6
59|88|"GENERAL DEHEZA"|36|"POLVORAS Y EXPLOSIVOS; ARTICULOS DE PIROTECNIA; FOSFOROS (CE"|1|2000|101000
96|88|"GENERAL DEHEZA"|36|"POLVORAS Y EXPLOSIVOS; ARTICULOS DE PIROTECNIA; FOSFOROS (CE"|1|43800|220990.71
99|88|"GENERAL DEHEZA"|36|"POLVORAS Y EXPLOSIVOS; ARTICULOS DE PIROTECNIA; FOSFOROS (CE"|1|43800|220990.71
