"semana"|"aduana"|"aduana_desc"|"mercaderia"|"mercaderia_desc"|"cantidad"|"kilos"|"importe"
68|92|"BS.AS. SUR"|23|"RESIDUOS Y DESPERDICIOS DE LAS INDUSTRIAS ALIMENTARIAS; ALIM"|2|302000|166240
69|92|"BS.AS. SUR"|23|"RESIDUOS Y DESPERDICIOS DE LAS INDUSTRIAS ALIMENTARIAS; ALIM"|29|745724.9|658452.06
70|92|"BS.AS. SUR"|23|"RESIDUOS Y DESPERDICIOS DE LAS INDUSTRIAS ALIMENTARIAS; ALIM"|18|887939|569031.3
71|92|"BS.AS. SUR"|23|"RESIDUOS Y DESPERDICIOS DE LAS INDUSTRIAS ALIMENTARIAS; ALIM"|13|780850|434352.63
72|92|"BS.AS. SUR"|23|"RESIDUOS Y DESPERDICIOS DE LAS INDUSTRIAS ALIMENTARIAS; ALIM"|24|1090542.5|629841.5
73|92|"BS.AS. SUR"|23|"RESIDUOS Y DESPERDICIOS DE LAS INDUSTRIAS ALIMENTARIAS; ALIM"|28|972567.5|683491.35
74|92|"BS.AS. SUR"|23|"RESIDUOS Y DESPERDICIOS DE LAS INDUSTRIAS ALIMENTARIAS; ALIM"|24|3296654|1049405.9
75|92|"BS.AS. SUR"|23|"RESIDUOS Y DESPERDICIOS DE LAS INDUSTRIAS ALIMENTARIAS; ALIM"|25|2205343.33|939953.62
76|92|"BS.AS. SUR"|23|"RESIDUOS Y DESPERDICIOS DE LAS INDUSTRIAS ALIMENTARIAS; ALIM"|38|2150101|1136703.77
77|92|"BS.AS. SUR"|23|"RESIDUOS Y DESPERDICIOS DE LAS INDUSTRIAS ALIMENTARIAS; ALIM"|35|1860938.88|696402
78|92|"BS.AS. SUR"|23|"RESIDUOS Y DESPERDICIOS DE LAS INDUSTRIAS ALIMENTARIAS; ALIM"|12|1068305.6|437421.5
79|92|"BS.AS. SUR"|23|"RESIDUOS Y DESPERDICIOS DE LAS INDUSTRIAS ALIMENTARIAS; ALIM"|28|1032124.5|539729.2
80|92|"BS.AS. SUR"|23|"RESIDUOS Y DESPERDICIOS DE LAS INDUSTRIAS ALIMENTARIAS; ALIM"|22|1837866|696256.64
81|92|"BS.AS. SUR"|23|"RESIDUOS Y DESPERDICIOS DE LAS INDUSTRIAS ALIMENTARIAS; ALIM"|24|916591.4|745769.41
82|92|"BS.AS. SUR"|23|"RESIDUOS Y DESPERDICIOS DE LAS INDUSTRIAS ALIMENTARIAS; ALIM"|22|3217854|968047.47
83|92|"BS.AS. SUR"|23|"RESIDUOS Y DESPERDICIOS DE LAS INDUSTRIAS ALIMENTARIAS; ALIM"|17|1463203.8|555392.55
84|92|"BS.AS. SUR"|23|"RESIDUOS Y DESPERDICIOS DE LAS INDUSTRIAS ALIMENTARIAS; ALIM"|16|1569383.5|698988.93
85|92|"BS.AS. SUR"|23|"RESIDUOS Y DESPERDICIOS DE LAS INDUSTRIAS ALIMENTARIAS; ALIM"|20|764293.6|440466.59
86|92|"BS.AS. SUR"|23|"RESIDUOS Y DESPERDICIOS DE LAS INDUSTRIAS ALIMENTARIAS; ALIM"|47|2928823.4|1448510.56
87|92|"BS.AS. SUR"|23|"RESIDUOS Y DESPERDICIOS DE LAS INDUSTRIAS ALIMENTARIAS; ALIM"|28|571670.3|346677.29
88|92|"BS.AS. SUR"|23|"RESIDUOS Y DESPERDICIOS DE LAS INDUSTRIAS ALIMENTARIAS; ALIM"|33|2017124.2|829199.48
89|92|"BS.AS. SUR"|23|"RESIDUOS Y DESPERDICIOS DE LAS INDUSTRIAS ALIMENTARIAS; ALIM"|32|1128864.1|661167.17
90|92|"BS.AS. SUR"|23|"RESIDUOS Y DESPERDICIOS DE LAS INDUSTRIAS ALIMENTARIAS; ALIM"|16|1947217.9|713205.6
91|92|"BS.AS. SUR"|23|"RESIDUOS Y DESPERDICIOS DE LAS INDUSTRIAS ALIMENTARIAS; ALIM"|24|1843111.5|757519.7
92|92|"BS.AS. SUR"|23|"RESIDUOS Y DESPERDICIOS DE LAS INDUSTRIAS ALIMENTARIAS; ALIM"|26|2194949|643510.01
93|92|"BS.AS. SUR"|23|"RESIDUOS Y DESPERDICIOS DE LAS INDUSTRIAS ALIMENTARIAS; ALIM"|21|1334204.3|504433.82
94|92|"BS.AS. SUR"|23|"RESIDUOS Y DESPERDICIOS DE LAS INDUSTRIAS ALIMENTARIAS; ALIM"|46|2649871.6|1106952.39
95|92|"BS.AS. SUR"|23|"RESIDUOS Y DESPERDICIOS DE LAS INDUSTRIAS ALIMENTARIAS; ALIM"|26|1031076.4|519045.23
96|92|"BS.AS. SUR"|23|"RESIDUOS Y DESPERDICIOS DE LAS INDUSTRIAS ALIMENTARIAS; ALIM"|21|863221.04|594096.73
97|92|"BS.AS. SUR"|23|"RESIDUOS Y DESPERDICIOS DE LAS INDUSTRIAS ALIMENTARIAS; ALIM"|23|1636349.44|609390.41
98|92|"BS.AS. SUR"|23|"RESIDUOS Y DESPERDICIOS DE LAS INDUSTRIAS ALIMENTARIAS; ALIM"|36|1338002.24|702665
99|92|"BS.AS. SUR"|23|"RESIDUOS Y DESPERDICIOS DE LAS INDUSTRIAS ALIMENTARIAS; ALIM"|33|1467613.72|714535.15
100|92|"BS.AS. SUR"|23|"RESIDUOS Y DESPERDICIOS DE LAS INDUSTRIAS ALIMENTARIAS; ALIM"|17|834853.5|407009.76
101|92|"BS.AS. SUR"|23|"RESIDUOS Y DESPERDICIOS DE LAS INDUSTRIAS ALIMENTARIAS; ALIM"|6|208711.5|55860.85
102|92|"BS.AS. SUR"|23|"RESIDUOS Y DESPERDICIOS DE LAS INDUSTRIAS ALIMENTARIAS; ALIM"|17|655032.1|428107.11
103|92|"BS.AS. SUR"|23|"RESIDUOS Y DESPERDICIOS DE LAS INDUSTRIAS ALIMENTARIAS; ALIM"|11|311750|256546
104|92|"BS.AS. SUR"|23|"RESIDUOS Y DESPERDICIOS DE LAS INDUSTRIAS ALIMENTARIAS; ALIM"|8|184318|159305.8
