"semana"|"aduana"|"aduana_desc"|"mercaderia"|"mercaderia_desc"|"cantidad"|"kilos"|"importe"
74|91|"BS.AS. NORTE"|60|"TEJIDOS DE PUNTO"|1|4153.15|69270.73
75|91|"BS.AS. NORTE"|60|"TEJIDOS DE PUNTO"|1|475|5975.22
76|91|"BS.AS. NORTE"|60|"TEJIDOS DE PUNTO"|2|225|2958.7
77|91|"BS.AS. NORTE"|60|"TEJIDOS DE PUNTO"|2|475|5951.82
78|91|"BS.AS. NORTE"|60|"TEJIDOS DE PUNTO"|1|480.3|7899.1
79|91|"BS.AS. NORTE"|60|"TEJIDOS DE PUNTO"|1|411.36|8220
83|91|"BS.AS. NORTE"|60|"TEJIDOS DE PUNTO"|1|355.82|7378.26
86|91|"BS.AS. NORTE"|60|"TEJIDOS DE PUNTO"|1|1995.17|38955.98
