"semana"|"aduana"|"aduana_desc"|"mercaderia"|"mercaderia_desc"|"cantidad"|"kilos"|"importe"
67|91|"BS.AS. NORTE"|25|"SAL; AZUFRE; TIERRAS Y PIEDRAS; YESOS, CALES Y CEMENTOS"|1|23760|10098
68|91|"BS.AS. NORTE"|25|"SAL; AZUFRE; TIERRAS Y PIEDRAS; YESOS, CALES Y CEMENTOS"|1|24192|11612.16
69|91|"BS.AS. NORTE"|25|"SAL; AZUFRE; TIERRAS Y PIEDRAS; YESOS, CALES Y CEMENTOS"|8|256096|106847.76
70|91|"BS.AS. NORTE"|25|"SAL; AZUFRE; TIERRAS Y PIEDRAS; YESOS, CALES Y CEMENTOS"|7|96653.2|49269.88
71|91|"BS.AS. NORTE"|25|"SAL; AZUFRE; TIERRAS Y PIEDRAS; YESOS, CALES Y CEMENTOS"|9|271896|121048.8
72|91|"BS.AS. NORTE"|25|"SAL; AZUFRE; TIERRAS Y PIEDRAS; YESOS, CALES Y CEMENTOS"|7|172704|88576.8
73|91|"BS.AS. NORTE"|25|"SAL; AZUFRE; TIERRAS Y PIEDRAS; YESOS, CALES Y CEMENTOS"|11|221300.98|136931.37
74|91|"BS.AS. NORTE"|25|"SAL; AZUFRE; TIERRAS Y PIEDRAS; YESOS, CALES Y CEMENTOS"|5|119696|62000.48
75|91|"BS.AS. NORTE"|25|"SAL; AZUFRE; TIERRAS Y PIEDRAS; YESOS, CALES Y CEMENTOS"|7|170688|82850.6
76|91|"BS.AS. NORTE"|25|"SAL; AZUFRE; TIERRAS Y PIEDRAS; YESOS, CALES Y CEMENTOS"|8|191648|105844.88
77|91|"BS.AS. NORTE"|25|"SAL; AZUFRE; TIERRAS Y PIEDRAS; YESOS, CALES Y CEMENTOS"|9|214050|98047.5
78|91|"BS.AS. NORTE"|25|"SAL; AZUFRE; TIERRAS Y PIEDRAS; YESOS, CALES Y CEMENTOS"|11|262512|121632.96
79|91|"BS.AS. NORTE"|25|"SAL; AZUFRE; TIERRAS Y PIEDRAS; YESOS, CALES Y CEMENTOS"|6|144304|77184.24
80|91|"BS.AS. NORTE"|25|"SAL; AZUFRE; TIERRAS Y PIEDRAS; YESOS, CALES Y CEMENTOS"|1|24192|12458.88
81|91|"BS.AS. NORTE"|25|"SAL; AZUFRE; TIERRAS Y PIEDRAS; YESOS, CALES Y CEMENTOS"|16|417970|199630.64
82|91|"BS.AS. NORTE"|25|"SAL; AZUFRE; TIERRAS Y PIEDRAS; YESOS, CALES Y CEMENTOS"|7|126131|65065.83
83|91|"BS.AS. NORTE"|25|"SAL; AZUFRE; TIERRAS Y PIEDRAS; YESOS, CALES Y CEMENTOS"|7|146151.39|78396.12
84|91|"BS.AS. NORTE"|25|"SAL; AZUFRE; TIERRAS Y PIEDRAS; YESOS, CALES Y CEMENTOS"|11|242028|119730.56
85|91|"BS.AS. NORTE"|25|"SAL; AZUFRE; TIERRAS Y PIEDRAS; YESOS, CALES Y CEMENTOS"|10|146104|77894.76
86|91|"BS.AS. NORTE"|25|"SAL; AZUFRE; TIERRAS Y PIEDRAS; YESOS, CALES Y CEMENTOS"|6|142200|71658
87|91|"BS.AS. NORTE"|25|"SAL; AZUFRE; TIERRAS Y PIEDRAS; YESOS, CALES Y CEMENTOS"|11|235434.78|126224.16
88|91|"BS.AS. NORTE"|25|"SAL; AZUFRE; TIERRAS Y PIEDRAS; YESOS, CALES Y CEMENTOS"|8|192672|93885.12
89|91|"BS.AS. NORTE"|25|"SAL; AZUFRE; TIERRAS Y PIEDRAS; YESOS, CALES Y CEMENTOS"|2|25205.93|15041.66
90|91|"BS.AS. NORTE"|25|"SAL; AZUFRE; TIERRAS Y PIEDRAS; YESOS, CALES Y CEMENTOS"|5|75329.81|47224.81
91|91|"BS.AS. NORTE"|25|"SAL; AZUFRE; TIERRAS Y PIEDRAS; YESOS, CALES Y CEMENTOS"|8|173590|95363.1
92|91|"BS.AS. NORTE"|25|"SAL; AZUFRE; TIERRAS Y PIEDRAS; YESOS, CALES Y CEMENTOS"|9|160581|103763.98
93|91|"BS.AS. NORTE"|25|"SAL; AZUFRE; TIERRAS Y PIEDRAS; YESOS, CALES Y CEMENTOS"|3|73440|35553.6
94|91|"BS.AS. NORTE"|25|"SAL; AZUFRE; TIERRAS Y PIEDRAS; YESOS, CALES Y CEMENTOS"|7|144024|72097.48
95|91|"BS.AS. NORTE"|25|"SAL; AZUFRE; TIERRAS Y PIEDRAS; YESOS, CALES Y CEMENTOS"|5|121248|60811.2
96|91|"BS.AS. NORTE"|25|"SAL; AZUFRE; TIERRAS Y PIEDRAS; YESOS, CALES Y CEMENTOS"|5|119852|52234.28
97|91|"BS.AS. NORTE"|25|"SAL; AZUFRE; TIERRAS Y PIEDRAS; YESOS, CALES Y CEMENTOS"|7|170713|86820.62
98|91|"BS.AS. NORTE"|25|"SAL; AZUFRE; TIERRAS Y PIEDRAS; YESOS, CALES Y CEMENTOS"|3|73728|38312.64
99|91|"BS.AS. NORTE"|25|"SAL; AZUFRE; TIERRAS Y PIEDRAS; YESOS, CALES Y CEMENTOS"|6|147248|79498.08
100|91|"BS.AS. NORTE"|25|"SAL; AZUFRE; TIERRAS Y PIEDRAS; YESOS, CALES Y CEMENTOS"|3|71360|44025.2
101|91|"BS.AS. NORTE"|25|"SAL; AZUFRE; TIERRAS Y PIEDRAS; YESOS, CALES Y CEMENTOS"|3|74880|39110.4
102|91|"BS.AS. NORTE"|25|"SAL; AZUFRE; TIERRAS Y PIEDRAS; YESOS, CALES Y CEMENTOS"|3|50700|24888.49
103|91|"BS.AS. NORTE"|25|"SAL; AZUFRE; TIERRAS Y PIEDRAS; YESOS, CALES Y CEMENTOS"|4|27120|40977.12
104|91|"BS.AS. NORTE"|25|"SAL; AZUFRE; TIERRAS Y PIEDRAS; YESOS, CALES Y CEMENTOS"|1|23760|11167.2
