"semana"|"aduana"|"aduana_desc"|"mercaderia"|"mercaderia_desc"|"cantidad"|"kilos"|"importe"
14|86|"OBERA"|21|"PREPARACIONES ALIMENTICIAS DIVERSAS"|1|7.2|230.4
35|86|"OBERA"|21|"PREPARACIONES ALIMENTICIAS DIVERSAS"|1|750|3975
43|86|"OBERA"|21|"PREPARACIONES ALIMENTICIAS DIVERSAS"|1|25|132.5
61|86|"OBERA"|21|"PREPARACIONES ALIMENTICIAS DIVERSAS"|1|27990|82010.7
64|86|"OBERA"|21|"PREPARACIONES ALIMENTICIAS DIVERSAS"|1|27990|81450.9
78|86|"OBERA"|21|"PREPARACIONES ALIMENTICIAS DIVERSAS"|1|750|3975
