"semana"|"aduana"|"aduana_desc"|"mercaderia"|"mercaderia_desc"|"cantidad"|"kilos"|"importe"
1|83|"SAN LUIS"|16|"PREPARACIONES DE CARNE, PESCADO O DE CRUSTACEOS, MOLUSCOS O "|1|25000|71000
3|83|"SAN LUIS"|16|"PREPARACIONES DE CARNE, PESCADO O DE CRUSTACEOS, MOLUSCOS O "|10|29400|88050
4|83|"SAN LUIS"|16|"PREPARACIONES DE CARNE, PESCADO O DE CRUSTACEOS, MOLUSCOS O "|5|14700.02|14235.37
5|83|"SAN LUIS"|16|"PREPARACIONES DE CARNE, PESCADO O DE CRUSTACEOS, MOLUSCOS O "|3|75000|213000
6|83|"SAN LUIS"|16|"PREPARACIONES DE CARNE, PESCADO O DE CRUSTACEOS, MOLUSCOS O "|7|46372.19|143561.39
8|83|"SAN LUIS"|16|"PREPARACIONES DE CARNE, PESCADO O DE CRUSTACEOS, MOLUSCOS O "|5|39378.99|98679.38
9|83|"SAN LUIS"|16|"PREPARACIONES DE CARNE, PESCADO O DE CRUSTACEOS, MOLUSCOS O "|2|15966.95|73041.83
10|83|"SAN LUIS"|16|"PREPARACIONES DE CARNE, PESCADO O DE CRUSTACEOS, MOLUSCOS O "|1|1000|1500
11|83|"SAN LUIS"|16|"PREPARACIONES DE CARNE, PESCADO O DE CRUSTACEOS, MOLUSCOS O "|5|32500|131625
12|83|"SAN LUIS"|16|"PREPARACIONES DE CARNE, PESCADO O DE CRUSTACEOS, MOLUSCOS O "|2|50000|162500
13|83|"SAN LUIS"|16|"PREPARACIONES DE CARNE, PESCADO O DE CRUSTACEOS, MOLUSCOS O "|5|26289.34|25774.73
14|83|"SAN LUIS"|16|"PREPARACIONES DE CARNE, PESCADO O DE CRUSTACEOS, MOLUSCOS O "|4|27000|117600
15|83|"SAN LUIS"|16|"PREPARACIONES DE CARNE, PESCADO O DE CRUSTACEOS, MOLUSCOS O "|4|26998.47|85867.71
16|83|"SAN LUIS"|16|"PREPARACIONES DE CARNE, PESCADO O DE CRUSTACEOS, MOLUSCOS O "|4|37507.03|132507.02
17|83|"SAN LUIS"|16|"PREPARACIONES DE CARNE, PESCADO O DE CRUSTACEOS, MOLUSCOS O "|2|15996.79|81525.67
18|83|"SAN LUIS"|16|"PREPARACIONES DE CARNE, PESCADO O DE CRUSTACEOS, MOLUSCOS O "|3|36141.46|96211.62
19|83|"SAN LUIS"|16|"PREPARACIONES DE CARNE, PESCADO O DE CRUSTACEOS, MOLUSCOS O "|5|44920.88|210248.21
21|83|"SAN LUIS"|16|"PREPARACIONES DE CARNE, PESCADO O DE CRUSTACEOS, MOLUSCOS O "|6|57114.38|151554.16
22|83|"SAN LUIS"|16|"PREPARACIONES DE CARNE, PESCADO O DE CRUSTACEOS, MOLUSCOS O "|1|24998.01|81243.53
23|83|"SAN LUIS"|16|"PREPARACIONES DE CARNE, PESCADO O DE CRUSTACEOS, MOLUSCOS O "|3|64000|189400
24|83|"SAN LUIS"|16|"PREPARACIONES DE CARNE, PESCADO O DE CRUSTACEOS, MOLUSCOS O "|1|11999.24|73795.33
25|83|"SAN LUIS"|16|"PREPARACIONES DE CARNE, PESCADO O DE CRUSTACEOS, MOLUSCOS O "|5|39317.12|79362.79
28|83|"SAN LUIS"|16|"PREPARACIONES DE CARNE, PESCADO O DE CRUSTACEOS, MOLUSCOS O "|2|19139.31|37731.2
29|83|"SAN LUIS"|16|"PREPARACIONES DE CARNE, PESCADO O DE CRUSTACEOS, MOLUSCOS O "|2|41457.31|152569.94
30|83|"SAN LUIS"|16|"PREPARACIONES DE CARNE, PESCADO O DE CRUSTACEOS, MOLUSCOS O "|4|82000|313600
32|83|"SAN LUIS"|16|"PREPARACIONES DE CARNE, PESCADO O DE CRUSTACEOS, MOLUSCOS O "|2|33000|70000
33|83|"SAN LUIS"|16|"PREPARACIONES DE CARNE, PESCADO O DE CRUSTACEOS, MOLUSCOS O "|2|20182.95|84037.12
34|83|"SAN LUIS"|16|"PREPARACIONES DE CARNE, PESCADO O DE CRUSTACEOS, MOLUSCOS O "|2|25000|63690
35|83|"SAN LUIS"|16|"PREPARACIONES DE CARNE, PESCADO O DE CRUSTACEOS, MOLUSCOS O "|5|80079.41|313379.21
38|83|"SAN LUIS"|16|"PREPARACIONES DE CARNE, PESCADO O DE CRUSTACEOS, MOLUSCOS O "|8|125387.53|429370.01
40|83|"SAN LUIS"|16|"PREPARACIONES DE CARNE, PESCADO O DE CRUSTACEOS, MOLUSCOS O "|3|58584.78|240600.54
41|83|"SAN LUIS"|16|"PREPARACIONES DE CARNE, PESCADO O DE CRUSTACEOS, MOLUSCOS O "|1|25000|77500
42|83|"SAN LUIS"|16|"PREPARACIONES DE CARNE, PESCADO O DE CRUSTACEOS, MOLUSCOS O "|5|69654.03|243825.49
43|83|"SAN LUIS"|16|"PREPARACIONES DE CARNE, PESCADO O DE CRUSTACEOS, MOLUSCOS O "|2|30495.85|101958.51
45|83|"SAN LUIS"|16|"PREPARACIONES DE CARNE, PESCADO O DE CRUSTACEOS, MOLUSCOS O "|3|28459.05|67140.46
46|83|"SAN LUIS"|16|"PREPARACIONES DE CARNE, PESCADO O DE CRUSTACEOS, MOLUSCOS O "|4|63500.55|263745.33
47|83|"SAN LUIS"|16|"PREPARACIONES DE CARNE, PESCADO O DE CRUSTACEOS, MOLUSCOS O "|1|24997.99|77493.77
48|83|"SAN LUIS"|16|"PREPARACIONES DE CARNE, PESCADO O DE CRUSTACEOS, MOLUSCOS O "|4|53806.03|205383.66
49|83|"SAN LUIS"|16|"PREPARACIONES DE CARNE, PESCADO O DE CRUSTACEOS, MOLUSCOS O "|1|6000|13050
50|83|"SAN LUIS"|16|"PREPARACIONES DE CARNE, PESCADO O DE CRUSTACEOS, MOLUSCOS O "|2|13968.88|69757.49
51|83|"SAN LUIS"|16|"PREPARACIONES DE CARNE, PESCADO O DE CRUSTACEOS, MOLUSCOS O "|4|63577.29|219784.44
54|83|"SAN LUIS"|16|"PREPARACIONES DE CARNE, PESCADO O DE CRUSTACEOS, MOLUSCOS O "|1|5986.17|13023.95
55|83|"SAN LUIS"|16|"PREPARACIONES DE CARNE, PESCADO O DE CRUSTACEOS, MOLUSCOS O "|1|12990.01|85474.27
56|83|"SAN LUIS"|16|"PREPARACIONES DE CARNE, PESCADO O DE CRUSTACEOS, MOLUSCOS O "|2|30563.86|132175.1
57|83|"SAN LUIS"|16|"PREPARACIONES DE CARNE, PESCADO O DE CRUSTACEOS, MOLUSCOS O "|2|38974.25|107809.88
58|83|"SAN LUIS"|16|"PREPARACIONES DE CARNE, PESCADO O DE CRUSTACEOS, MOLUSCOS O "|1|15539.34|55941.62
60|83|"SAN LUIS"|16|"PREPARACIONES DE CARNE, PESCADO O DE CRUSTACEOS, MOLUSCOS O "|1|26000|66800
61|83|"SAN LUIS"|16|"PREPARACIONES DE CARNE, PESCADO O DE CRUSTACEOS, MOLUSCOS O "|5|93000|233950
62|83|"SAN LUIS"|16|"PREPARACIONES DE CARNE, PESCADO O DE CRUSTACEOS, MOLUSCOS O "|6|103450.19|394168.09
63|83|"SAN LUIS"|16|"PREPARACIONES DE CARNE, PESCADO O DE CRUSTACEOS, MOLUSCOS O "|1|26000|88400
65|83|"SAN LUIS"|16|"PREPARACIONES DE CARNE, PESCADO O DE CRUSTACEOS, MOLUSCOS O "|1|12996.27|79017.32
66|83|"SAN LUIS"|16|"PREPARACIONES DE CARNE, PESCADO O DE CRUSTACEOS, MOLUSCOS O "|3|57589.3|192431.66
68|83|"SAN LUIS"|16|"PREPARACIONES DE CARNE, PESCADO O DE CRUSTACEOS, MOLUSCOS O "|3|37065.45|110595.74
69|83|"SAN LUIS"|16|"PREPARACIONES DE CARNE, PESCADO O DE CRUSTACEOS, MOLUSCOS O "|1|18000|47080
70|83|"SAN LUIS"|16|"PREPARACIONES DE CARNE, PESCADO O DE CRUSTACEOS, MOLUSCOS O "|2|36416.91|67721.32
71|83|"SAN LUIS"|16|"PREPARACIONES DE CARNE, PESCADO O DE CRUSTACEOS, MOLUSCOS O "|2|31000|131890
72|83|"SAN LUIS"|16|"PREPARACIONES DE CARNE, PESCADO O DE CRUSTACEOS, MOLUSCOS O "|1|25999.22|88397.35
73|83|"SAN LUIS"|16|"PREPARACIONES DE CARNE, PESCADO O DE CRUSTACEOS, MOLUSCOS O "|1|26000|66800
74|83|"SAN LUIS"|16|"PREPARACIONES DE CARNE, PESCADO O DE CRUSTACEOS, MOLUSCOS O "|3|41160.19|130910.73
75|83|"SAN LUIS"|16|"PREPARACIONES DE CARNE, PESCADO O DE CRUSTACEOS, MOLUSCOS O "|2|32438.82|95047.25
77|83|"SAN LUIS"|16|"PREPARACIONES DE CARNE, PESCADO O DE CRUSTACEOS, MOLUSCOS O "|1|25941.34|66642.77
78|83|"SAN LUIS"|16|"PREPARACIONES DE CARNE, PESCADO O DE CRUSTACEOS, MOLUSCOS O "|3|48968.51|131203.26
79|83|"SAN LUIS"|16|"PREPARACIONES DE CARNE, PESCADO O DE CRUSTACEOS, MOLUSCOS O "|1|13000|79300
80|83|"SAN LUIS"|16|"PREPARACIONES DE CARNE, PESCADO O DE CRUSTACEOS, MOLUSCOS O "|1|9000|9600
81|83|"SAN LUIS"|16|"PREPARACIONES DE CARNE, PESCADO O DE CRUSTACEOS, MOLUSCOS O "|1|8731.1|9257.47
83|83|"SAN LUIS"|16|"PREPARACIONES DE CARNE, PESCADO O DE CRUSTACEOS, MOLUSCOS O "|1|12994.59|79267
86|83|"SAN LUIS"|16|"PREPARACIONES DE CARNE, PESCADO O DE CRUSTACEOS, MOLUSCOS O "|7|125735.81|290221.33
89|83|"SAN LUIS"|16|"PREPARACIONES DE CARNE, PESCADO O DE CRUSTACEOS, MOLUSCOS O "|5|110034.88|271237.37
91|83|"SAN LUIS"|16|"PREPARACIONES DE CARNE, PESCADO O DE CRUSTACEOS, MOLUSCOS O "|3|40118.31|93049.5
92|83|"SAN LUIS"|16|"PREPARACIONES DE CARNE, PESCADO O DE CRUSTACEOS, MOLUSCOS O "|2|27453.71|55446.74
93|83|"SAN LUIS"|16|"PREPARACIONES DE CARNE, PESCADO O DE CRUSTACEOS, MOLUSCOS O "|1|20722.84|46207.25
94|83|"SAN LUIS"|16|"PREPARACIONES DE CARNE, PESCADO O DE CRUSTACEOS, MOLUSCOS O "|3|44273.08|105071.42
95|83|"SAN LUIS"|16|"PREPARACIONES DE CARNE, PESCADO O DE CRUSTACEOS, MOLUSCOS O "|2|23970.27|56752.43
97|83|"SAN LUIS"|16|"PREPARACIONES DE CARNE, PESCADO O DE CRUSTACEOS, MOLUSCOS O "|2|22973.02|55135.25
98|83|"SAN LUIS"|16|"PREPARACIONES DE CARNE, PESCADO O DE CRUSTACEOS, MOLUSCOS O "|3|34738|126578.9
100|83|"SAN LUIS"|16|"PREPARACIONES DE CARNE, PESCADO O DE CRUSTACEOS, MOLUSCOS O "|1|22597.78|54234.67
102|83|"SAN LUIS"|16|"PREPARACIONES DE CARNE, PESCADO O DE CRUSTACEOS, MOLUSCOS O "|4|71244.36|164738.36
103|83|"SAN LUIS"|16|"PREPARACIONES DE CARNE, PESCADO O DE CRUSTACEOS, MOLUSCOS O "|2|49000|96440
