"semana"|"aduana"|"aduana_desc"|"mercaderia"|"mercaderia_desc"|"cantidad"|"kilos"|"importe"
4|83|"SAN LUIS"|94|"MUEBLES; MOBILIARIO MEDICOQUIRURGICO; ARTICULOS DE CAMA Y SI"|1|0.46|5
6|83|"SAN LUIS"|94|"MUEBLES; MOBILIARIO MEDICOQUIRURGICO; ARTICULOS DE CAMA Y SI"|1|0.52|8.01
19|83|"SAN LUIS"|94|"MUEBLES; MOBILIARIO MEDICOQUIRURGICO; ARTICULOS DE CAMA Y SI"|1|700|2200
69|83|"SAN LUIS"|94|"MUEBLES; MOBILIARIO MEDICOQUIRURGICO; ARTICULOS DE CAMA Y SI"|1|0.06|30.03
76|83|"SAN LUIS"|94|"MUEBLES; MOBILIARIO MEDICOQUIRURGICO; ARTICULOS DE CAMA Y SI"|2|4.47|104.1
80|83|"SAN LUIS"|94|"MUEBLES; MOBILIARIO MEDICOQUIRURGICO; ARTICULOS DE CAMA Y SI"|1|0.78|15.42
99|83|"SAN LUIS"|94|"MUEBLES; MOBILIARIO MEDICOQUIRURGICO; ARTICULOS DE CAMA Y SI"|1|0.6|60.09
