"semana"|"aduana"|"aduana_desc"|"mercaderia"|"mercaderia_desc"|"cantidad"|"kilos"|"importe"
1|83|"SAN LUIS"|96|"MANUFACTURAS DIVERSAS"|14|110061.34|536161.32
3|83|"SAN LUIS"|96|"MANUFACTURAS DIVERSAS"|28|178162.22|899699.3
4|83|"SAN LUIS"|96|"MANUFACTURAS DIVERSAS"|16|125668.22|709312.29
5|83|"SAN LUIS"|96|"MANUFACTURAS DIVERSAS"|2|8629.2|37625.54
6|83|"SAN LUIS"|96|"MANUFACTURAS DIVERSAS"|6|25066.34|150713.8
7|83|"SAN LUIS"|96|"MANUFACTURAS DIVERSAS"|5|25190.7|152337.37
8|83|"SAN LUIS"|96|"MANUFACTURAS DIVERSAS"|19|104582.2|554467.5
9|83|"SAN LUIS"|96|"MANUFACTURAS DIVERSAS"|6|30663.05|153476.52
10|83|"SAN LUIS"|96|"MANUFACTURAS DIVERSAS"|20|148656.39|866642.51
11|83|"SAN LUIS"|96|"MANUFACTURAS DIVERSAS"|10|55492.37|294242.44
12|83|"SAN LUIS"|96|"MANUFACTURAS DIVERSAS"|8|54278.57|305887.08
13|83|"SAN LUIS"|96|"MANUFACTURAS DIVERSAS"|14|65482.99|338962.74
15|83|"SAN LUIS"|96|"MANUFACTURAS DIVERSAS"|15|70029.77|426958.94
16|83|"SAN LUIS"|96|"MANUFACTURAS DIVERSAS"|5|67196.64|375108.96
17|83|"SAN LUIS"|96|"MANUFACTURAS DIVERSAS"|2|19996.42|117012.48
18|83|"SAN LUIS"|96|"MANUFACTURAS DIVERSAS"|10|39380.56|236109.18
19|83|"SAN LUIS"|96|"MANUFACTURAS DIVERSAS"|14|131173.16|726146.58
20|83|"SAN LUIS"|96|"MANUFACTURAS DIVERSAS"|12|70103.7|386842.64
21|83|"SAN LUIS"|96|"MANUFACTURAS DIVERSAS"|23|160111.95|908365.56
23|83|"SAN LUIS"|96|"MANUFACTURAS DIVERSAS"|13|72004.28|388099.5
24|83|"SAN LUIS"|96|"MANUFACTURAS DIVERSAS"|10|86923.81|465628.05
25|83|"SAN LUIS"|96|"MANUFACTURAS DIVERSAS"|21|139305.31|753658.85
26|83|"SAN LUIS"|96|"MANUFACTURAS DIVERSAS"|12|83244.28|449065.47
27|83|"SAN LUIS"|96|"MANUFACTURAS DIVERSAS"|9|74700.86|399727.14
28|83|"SAN LUIS"|96|"MANUFACTURAS DIVERSAS"|3|33396.48|159701.76
29|83|"SAN LUIS"|96|"MANUFACTURAS DIVERSAS"|9|50774.25|227111.32
30|83|"SAN LUIS"|96|"MANUFACTURAS DIVERSAS"|8|60999.83|339034.3
31|83|"SAN LUIS"|96|"MANUFACTURAS DIVERSAS"|5|44013.99|254788.77
32|83|"SAN LUIS"|96|"MANUFACTURAS DIVERSAS"|8|67862.28|342305.46
33|83|"SAN LUIS"|96|"MANUFACTURAS DIVERSAS"|6|40966.72|197967.99
34|83|"SAN LUIS"|96|"MANUFACTURAS DIVERSAS"|14|122179.46|608410.01
35|83|"SAN LUIS"|96|"MANUFACTURAS DIVERSAS"|15|69682.44|313944.5
36|83|"SAN LUIS"|96|"MANUFACTURAS DIVERSAS"|12|96163.06|467579.34
37|83|"SAN LUIS"|96|"MANUFACTURAS DIVERSAS"|9|74892.35|319108.44
38|83|"SAN LUIS"|96|"MANUFACTURAS DIVERSAS"|3|19808.47|82040.69
39|83|"SAN LUIS"|96|"MANUFACTURAS DIVERSAS"|20|184465.65|814424.09
40|83|"SAN LUIS"|96|"MANUFACTURAS DIVERSAS"|9|48748.73|243501.1
41|83|"SAN LUIS"|96|"MANUFACTURAS DIVERSAS"|9|78461.83|352638.03
42|83|"SAN LUIS"|96|"MANUFACTURAS DIVERSAS"|20|122227.99|526871.34
44|83|"SAN LUIS"|96|"MANUFACTURAS DIVERSAS"|1|0.14|7.4
46|83|"SAN LUIS"|96|"MANUFACTURAS DIVERSAS"|12|98709.82|453694.47
47|83|"SAN LUIS"|96|"MANUFACTURAS DIVERSAS"|12|150064.6|628772.09
48|83|"SAN LUIS"|96|"MANUFACTURAS DIVERSAS"|7|25478.06|151388.06
49|83|"SAN LUIS"|96|"MANUFACTURAS DIVERSAS"|1|0.92|24.8
50|83|"SAN LUIS"|96|"MANUFACTURAS DIVERSAS"|9|129534.66|550462.37
51|83|"SAN LUIS"|96|"MANUFACTURAS DIVERSAS"|23|187465.75|897636.26
52|83|"SAN LUIS"|96|"MANUFACTURAS DIVERSAS"|3|37471.03|155724.2
53|83|"SAN LUIS"|96|"MANUFACTURAS DIVERSAS"|7|88068.21|376100.52
55|83|"SAN LUIS"|96|"MANUFACTURAS DIVERSAS"|11|80415.03|367169.22
57|83|"SAN LUIS"|96|"MANUFACTURAS DIVERSAS"|18|97258.83|449672.07
59|83|"SAN LUIS"|96|"MANUFACTURAS DIVERSAS"|9|45146.91|211980.96
60|83|"SAN LUIS"|96|"MANUFACTURAS DIVERSAS"|20|200720.86|876417.02
61|83|"SAN LUIS"|96|"MANUFACTURAS DIVERSAS"|7|30620.33|160679.11
62|83|"SAN LUIS"|96|"MANUFACTURAS DIVERSAS"|4|58775.07|234814.86
63|83|"SAN LUIS"|96|"MANUFACTURAS DIVERSAS"|6|51704.6|207247.75
64|83|"SAN LUIS"|96|"MANUFACTURAS DIVERSAS"|14|53190.83|319136.76
65|83|"SAN LUIS"|96|"MANUFACTURAS DIVERSAS"|6|51341.71|202945.62
67|83|"SAN LUIS"|96|"MANUFACTURAS DIVERSAS"|11|58595.72|311771.2
68|83|"SAN LUIS"|96|"MANUFACTURAS DIVERSAS"|11|53255.69|274779.83
69|83|"SAN LUIS"|96|"MANUFACTURAS DIVERSAS"|18|106561.05|507682.1
71|83|"SAN LUIS"|96|"MANUFACTURAS DIVERSAS"|8|112943.46|477700.99
72|83|"SAN LUIS"|96|"MANUFACTURAS DIVERSAS"|21|134761.96|645896.67
73|83|"SAN LUIS"|96|"MANUFACTURAS DIVERSAS"|13|87874.57|441266.69
75|83|"SAN LUIS"|96|"MANUFACTURAS DIVERSAS"|5|23429.94|94851.53
76|83|"SAN LUIS"|96|"MANUFACTURAS DIVERSAS"|8|30922.98|166328.12
77|83|"SAN LUIS"|96|"MANUFACTURAS DIVERSAS"|1|13547.61|52075
78|83|"SAN LUIS"|96|"MANUFACTURAS DIVERSAS"|1|1.24|156
79|83|"SAN LUIS"|96|"MANUFACTURAS DIVERSAS"|3|11147.61|56974.22
80|83|"SAN LUIS"|96|"MANUFACTURAS DIVERSAS"|7|73670.43|465618.88
81|83|"SAN LUIS"|96|"MANUFACTURAS DIVERSAS"|5|50024.8|328516.02
82|83|"SAN LUIS"|96|"MANUFACTURAS DIVERSAS"|4|35872.3|171710.01
83|83|"SAN LUIS"|96|"MANUFACTURAS DIVERSAS"|5|28140.7|189358.68
85|83|"SAN LUIS"|96|"MANUFACTURAS DIVERSAS"|7|42750.96|175734.28
86|83|"SAN LUIS"|96|"MANUFACTURAS DIVERSAS"|6|53789.66|257220.48
87|83|"SAN LUIS"|96|"MANUFACTURAS DIVERSAS"|14|97039.68|502883.72
88|83|"SAN LUIS"|96|"MANUFACTURAS DIVERSAS"|10|83568.36|420898.04
90|83|"SAN LUIS"|96|"MANUFACTURAS DIVERSAS"|3|40972.1|158511.44
91|83|"SAN LUIS"|96|"MANUFACTURAS DIVERSAS"|11|102902.69|547534.65
94|83|"SAN LUIS"|96|"MANUFACTURAS DIVERSAS"|3|25061.4|129858.75
95|83|"SAN LUIS"|96|"MANUFACTURAS DIVERSAS"|7|40811.77|235822.7
97|83|"SAN LUIS"|96|"MANUFACTURAS DIVERSAS"|4|41440|278536
98|83|"SAN LUIS"|96|"MANUFACTURAS DIVERSAS"|5|46191.6|239347.5
99|83|"SAN LUIS"|96|"MANUFACTURAS DIVERSAS"|9|86509.92|496119
100|83|"SAN LUIS"|96|"MANUFACTURAS DIVERSAS"|6|56496.96|292746
101|83|"SAN LUIS"|96|"MANUFACTURAS DIVERSAS"|2|10612.49|50794.02
102|83|"SAN LUIS"|96|"MANUFACTURAS DIVERSAS"|3|27714.96|143608.5
103|83|"SAN LUIS"|96|"MANUFACTURAS DIVERSAS"|4|38616.14|181556.23
104|83|"SAN LUIS"|96|"MANUFACTURAS DIVERSAS"|9|67141.6|315507.8
