"semana"|"aduana"|"aduana_desc"|"mercaderia"|"mercaderia_desc"|"cantidad"|"kilos"|"importe"
68|91|"BS.AS. NORTE"|85|"MAQUINAS, APARATOS Y MATERIAL ELECTRICO, Y SUS PARTES; APARA"|2|764.4|13551.32
69|91|"BS.AS. NORTE"|85|"MAQUINAS, APARATOS Y MATERIAL ELECTRICO, Y SUS PARTES; APARA"|51|27962.14|499138.67
70|91|"BS.AS. NORTE"|85|"MAQUINAS, APARATOS Y MATERIAL ELECTRICO, Y SUS PARTES; APARA"|64|39751.9|645097.14
71|91|"BS.AS. NORTE"|85|"MAQUINAS, APARATOS Y MATERIAL ELECTRICO, Y SUS PARTES; APARA"|59|36049.52|608402.5
72|91|"BS.AS. NORTE"|85|"MAQUINAS, APARATOS Y MATERIAL ELECTRICO, Y SUS PARTES; APARA"|64|36357.28|559917.93
73|91|"BS.AS. NORTE"|85|"MAQUINAS, APARATOS Y MATERIAL ELECTRICO, Y SUS PARTES; APARA"|30|40079.69|540530.9
74|91|"BS.AS. NORTE"|85|"MAQUINAS, APARATOS Y MATERIAL ELECTRICO, Y SUS PARTES; APARA"|70|48075.27|515553.55
75|91|"BS.AS. NORTE"|85|"MAQUINAS, APARATOS Y MATERIAL ELECTRICO, Y SUS PARTES; APARA"|44|30634.99|574507.42
76|91|"BS.AS. NORTE"|85|"MAQUINAS, APARATOS Y MATERIAL ELECTRICO, Y SUS PARTES; APARA"|54|27061.01|485980.66
77|91|"BS.AS. NORTE"|85|"MAQUINAS, APARATOS Y MATERIAL ELECTRICO, Y SUS PARTES; APARA"|36|13019.15|251987.31
78|91|"BS.AS. NORTE"|85|"MAQUINAS, APARATOS Y MATERIAL ELECTRICO, Y SUS PARTES; APARA"|95|92223.29|1158036.06
79|91|"BS.AS. NORTE"|85|"MAQUINAS, APARATOS Y MATERIAL ELECTRICO, Y SUS PARTES; APARA"|42|23061.98|557398.96
80|91|"BS.AS. NORTE"|85|"MAQUINAS, APARATOS Y MATERIAL ELECTRICO, Y SUS PARTES; APARA"|49|53024.25|536766.12
81|91|"BS.AS. NORTE"|85|"MAQUINAS, APARATOS Y MATERIAL ELECTRICO, Y SUS PARTES; APARA"|48|37680.28|629314.84
82|91|"BS.AS. NORTE"|85|"MAQUINAS, APARATOS Y MATERIAL ELECTRICO, Y SUS PARTES; APARA"|49|29213.66|828363.78
83|91|"BS.AS. NORTE"|85|"MAQUINAS, APARATOS Y MATERIAL ELECTRICO, Y SUS PARTES; APARA"|46|9214.18|430643.38
84|91|"BS.AS. NORTE"|85|"MAQUINAS, APARATOS Y MATERIAL ELECTRICO, Y SUS PARTES; APARA"|44|62309.2|818158.14
85|91|"BS.AS. NORTE"|85|"MAQUINAS, APARATOS Y MATERIAL ELECTRICO, Y SUS PARTES; APARA"|31|55355.31|817877.85
86|91|"BS.AS. NORTE"|85|"MAQUINAS, APARATOS Y MATERIAL ELECTRICO, Y SUS PARTES; APARA"|57|77834.94|838953.31
87|91|"BS.AS. NORTE"|85|"MAQUINAS, APARATOS Y MATERIAL ELECTRICO, Y SUS PARTES; APARA"|66|18872.38|490043.06
88|91|"BS.AS. NORTE"|85|"MAQUINAS, APARATOS Y MATERIAL ELECTRICO, Y SUS PARTES; APARA"|55|52819.41|748287.88
89|91|"BS.AS. NORTE"|85|"MAQUINAS, APARATOS Y MATERIAL ELECTRICO, Y SUS PARTES; APARA"|51|129583.87|1466586.44
90|91|"BS.AS. NORTE"|85|"MAQUINAS, APARATOS Y MATERIAL ELECTRICO, Y SUS PARTES; APARA"|53|19808.01|464687.15
91|91|"BS.AS. NORTE"|85|"MAQUINAS, APARATOS Y MATERIAL ELECTRICO, Y SUS PARTES; APARA"|52|62281.5|606465.82
92|91|"BS.AS. NORTE"|85|"MAQUINAS, APARATOS Y MATERIAL ELECTRICO, Y SUS PARTES; APARA"|47|49500.07|571221.23
93|91|"BS.AS. NORTE"|85|"MAQUINAS, APARATOS Y MATERIAL ELECTRICO, Y SUS PARTES; APARA"|25|9290.38|292862.09
94|91|"BS.AS. NORTE"|85|"MAQUINAS, APARATOS Y MATERIAL ELECTRICO, Y SUS PARTES; APARA"|49|48352.86|777681.62
95|91|"BS.AS. NORTE"|85|"MAQUINAS, APARATOS Y MATERIAL ELECTRICO, Y SUS PARTES; APARA"|55|29145.09|577987.74
96|91|"BS.AS. NORTE"|85|"MAQUINAS, APARATOS Y MATERIAL ELECTRICO, Y SUS PARTES; APARA"|44|55148.23|574409.36
97|91|"BS.AS. NORTE"|85|"MAQUINAS, APARATOS Y MATERIAL ELECTRICO, Y SUS PARTES; APARA"|46|12086.02|362444.16
98|91|"BS.AS. NORTE"|85|"MAQUINAS, APARATOS Y MATERIAL ELECTRICO, Y SUS PARTES; APARA"|57|18959.12|369459.18
99|91|"BS.AS. NORTE"|85|"MAQUINAS, APARATOS Y MATERIAL ELECTRICO, Y SUS PARTES; APARA"|32|13017.33|239903.04
100|91|"BS.AS. NORTE"|85|"MAQUINAS, APARATOS Y MATERIAL ELECTRICO, Y SUS PARTES; APARA"|31|7651.72|194338.04
101|91|"BS.AS. NORTE"|85|"MAQUINAS, APARATOS Y MATERIAL ELECTRICO, Y SUS PARTES; APARA"|24|72602.763|1030137.54
102|91|"BS.AS. NORTE"|85|"MAQUINAS, APARATOS Y MATERIAL ELECTRICO, Y SUS PARTES; APARA"|57|30841.98|339643.06
103|91|"BS.AS. NORTE"|85|"MAQUINAS, APARATOS Y MATERIAL ELECTRICO, Y SUS PARTES; APARA"|42|44315.76|654815.34
104|91|"BS.AS. NORTE"|85|"MAQUINAS, APARATOS Y MATERIAL ELECTRICO, Y SUS PARTES; APARA"|36|12346.99|217190.66
