"semana"|"aduana"|"aduana_desc"|"mercaderia"|"mercaderia_desc"|"cantidad"|"kilos"|"importe"
68|91|"BS.AS. NORTE"|8|"FRUTAS Y FRUTOS COMESTIBLES; CORTEZAS DE AGRIOS(CITRICOS), M"|20|1195760|1118099.2
69|91|"BS.AS. NORTE"|8|"FRUTAS Y FRUTOS COMESTIBLES; CORTEZAS DE AGRIOS(CITRICOS), M"|73|3162307|2751232.39
70|91|"BS.AS. NORTE"|8|"FRUTAS Y FRUTOS COMESTIBLES; CORTEZAS DE AGRIOS(CITRICOS), M"|95|4304688.4|3792266.61
71|91|"BS.AS. NORTE"|8|"FRUTAS Y FRUTOS COMESTIBLES; CORTEZAS DE AGRIOS(CITRICOS), M"|110|5563818|4799578.51
72|91|"BS.AS. NORTE"|8|"FRUTAS Y FRUTOS COMESTIBLES; CORTEZAS DE AGRIOS(CITRICOS), M"|185|8893964|7812934.77
73|91|"BS.AS. NORTE"|8|"FRUTAS Y FRUTOS COMESTIBLES; CORTEZAS DE AGRIOS(CITRICOS), M"|217|10417917.76|9233178.19
74|91|"BS.AS. NORTE"|8|"FRUTAS Y FRUTOS COMESTIBLES; CORTEZAS DE AGRIOS(CITRICOS), M"|191|9030411|8061643.49
75|91|"BS.AS. NORTE"|8|"FRUTAS Y FRUTOS COMESTIBLES; CORTEZAS DE AGRIOS(CITRICOS), M"|197|10458270|9346667.52
76|91|"BS.AS. NORTE"|8|"FRUTAS Y FRUTOS COMESTIBLES; CORTEZAS DE AGRIOS(CITRICOS), M"|226|9535634.76|8495688.56
77|91|"BS.AS. NORTE"|8|"FRUTAS Y FRUTOS COMESTIBLES; CORTEZAS DE AGRIOS(CITRICOS), M"|222|10183966.7|8871699.46
78|91|"BS.AS. NORTE"|8|"FRUTAS Y FRUTOS COMESTIBLES; CORTEZAS DE AGRIOS(CITRICOS), M"|221|9913368|8752360.59
79|91|"BS.AS. NORTE"|8|"FRUTAS Y FRUTOS COMESTIBLES; CORTEZAS DE AGRIOS(CITRICOS), M"|255|11740415.68|10290653.88
80|91|"BS.AS. NORTE"|8|"FRUTAS Y FRUTOS COMESTIBLES; CORTEZAS DE AGRIOS(CITRICOS), M"|210|10172377.5|8592393.63
81|91|"BS.AS. NORTE"|8|"FRUTAS Y FRUTOS COMESTIBLES; CORTEZAS DE AGRIOS(CITRICOS), M"|198|12764264.28|9378188.66
82|91|"BS.AS. NORTE"|8|"FRUTAS Y FRUTOS COMESTIBLES; CORTEZAS DE AGRIOS(CITRICOS), M"|183|8761176.88|7032482.82
83|91|"BS.AS. NORTE"|8|"FRUTAS Y FRUTOS COMESTIBLES; CORTEZAS DE AGRIOS(CITRICOS), M"|175|11772119.8|7866780.68
84|91|"BS.AS. NORTE"|8|"FRUTAS Y FRUTOS COMESTIBLES; CORTEZAS DE AGRIOS(CITRICOS), M"|159|10146305.68|7232242.09
85|91|"BS.AS. NORTE"|8|"FRUTAS Y FRUTOS COMESTIBLES; CORTEZAS DE AGRIOS(CITRICOS), M"|47|1471809.54|1316860.44
86|91|"BS.AS. NORTE"|8|"FRUTAS Y FRUTOS COMESTIBLES; CORTEZAS DE AGRIOS(CITRICOS), M"|82|5053009.8|2784279.73
87|91|"BS.AS. NORTE"|8|"FRUTAS Y FRUTOS COMESTIBLES; CORTEZAS DE AGRIOS(CITRICOS), M"|57|1831738.16|1514551.89
88|91|"BS.AS. NORTE"|8|"FRUTAS Y FRUTOS COMESTIBLES; CORTEZAS DE AGRIOS(CITRICOS), M"|51|1584514.86|1580005.68
89|91|"BS.AS. NORTE"|8|"FRUTAS Y FRUTOS COMESTIBLES; CORTEZAS DE AGRIOS(CITRICOS), M"|56|2303726.3|1977968.76
90|91|"BS.AS. NORTE"|8|"FRUTAS Y FRUTOS COMESTIBLES; CORTEZAS DE AGRIOS(CITRICOS), M"|77|3112554|3572558.95
91|91|"BS.AS. NORTE"|8|"FRUTAS Y FRUTOS COMESTIBLES; CORTEZAS DE AGRIOS(CITRICOS), M"|54|1832552.4|2184360.36
92|91|"BS.AS. NORTE"|8|"FRUTAS Y FRUTOS COMESTIBLES; CORTEZAS DE AGRIOS(CITRICOS), M"|75|2287142.8|2891640.91
93|91|"BS.AS. NORTE"|8|"FRUTAS Y FRUTOS COMESTIBLES; CORTEZAS DE AGRIOS(CITRICOS), M"|67|2697152|3090656.9
94|91|"BS.AS. NORTE"|8|"FRUTAS Y FRUTOS COMESTIBLES; CORTEZAS DE AGRIOS(CITRICOS), M"|153|5594200.8|6742991.94
95|91|"BS.AS. NORTE"|8|"FRUTAS Y FRUTOS COMESTIBLES; CORTEZAS DE AGRIOS(CITRICOS), M"|147|5616312.8|6592763.21
96|91|"BS.AS. NORTE"|8|"FRUTAS Y FRUTOS COMESTIBLES; CORTEZAS DE AGRIOS(CITRICOS), M"|71|3300982|3509677.15
97|91|"BS.AS. NORTE"|8|"FRUTAS Y FRUTOS COMESTIBLES; CORTEZAS DE AGRIOS(CITRICOS), M"|87|2389718.08|2887262.55
98|91|"BS.AS. NORTE"|8|"FRUTAS Y FRUTOS COMESTIBLES; CORTEZAS DE AGRIOS(CITRICOS), M"|86|2995475.2|2893307.37
99|91|"BS.AS. NORTE"|8|"FRUTAS Y FRUTOS COMESTIBLES; CORTEZAS DE AGRIOS(CITRICOS), M"|74|2003601.2|2525100.3
100|91|"BS.AS. NORTE"|8|"FRUTAS Y FRUTOS COMESTIBLES; CORTEZAS DE AGRIOS(CITRICOS), M"|49|1696247.5|2067448.46
101|91|"BS.AS. NORTE"|8|"FRUTAS Y FRUTOS COMESTIBLES; CORTEZAS DE AGRIOS(CITRICOS), M"|61|1610338.6|1909375.83
102|91|"BS.AS. NORTE"|8|"FRUTAS Y FRUTOS COMESTIBLES; CORTEZAS DE AGRIOS(CITRICOS), M"|75|1984216.8|2478181.19
103|91|"BS.AS. NORTE"|8|"FRUTAS Y FRUTOS COMESTIBLES; CORTEZAS DE AGRIOS(CITRICOS), M"|45|1359634.4|1795640.89
104|91|"BS.AS. NORTE"|8|"FRUTAS Y FRUTOS COMESTIBLES; CORTEZAS DE AGRIOS(CITRICOS), M"|39|785533|882301.3
