"semana"|"aduana"|"aduana_desc"|"mercaderia"|"mercaderia_desc"|"cantidad"|"kilos"|"importe"
14|86|"OBERA"|73|"MANUFACTURAS DE FUNDICION, HIERRO O ACERO"|1|6|600
16|86|"OBERA"|73|"MANUFACTURAS DE FUNDICION, HIERRO O ACERO"|1|75|5220
20|86|"OBERA"|73|"MANUFACTURAS DE FUNDICION, HIERRO O ACERO"|1|26|1888
29|86|"OBERA"|73|"MANUFACTURAS DE FUNDICION, HIERRO O ACERO"|1|120|8352
60|86|"OBERA"|73|"MANUFACTURAS DE FUNDICION, HIERRO O ACERO"|1|100|6960
71|86|"OBERA"|73|"MANUFACTURAS DE FUNDICION, HIERRO O ACERO"|1|97.5|6786
90|86|"OBERA"|73|"MANUFACTURAS DE FUNDICION, HIERRO O ACERO"|1|60|4176
