"semana"|"aduana"|"aduana_desc"|"mercaderia"|"mercaderia_desc"|"cantidad"|"kilos"|"importe"
7|49|"RIO GRANDE"|85|"MAQUINAS, APARATOS Y MATERIAL ELECTRICO, Y SUS PARTES; APARA"|1|7.76|3142.2
8|49|"RIO GRANDE"|85|"MAQUINAS, APARATOS Y MATERIAL ELECTRICO, Y SUS PARTES; APARA"|2|10.5|492.16
9|49|"RIO GRANDE"|85|"MAQUINAS, APARATOS Y MATERIAL ELECTRICO, Y SUS PARTES; APARA"|2|300.87|45679.23
11|49|"RIO GRANDE"|85|"MAQUINAS, APARATOS Y MATERIAL ELECTRICO, Y SUS PARTES; APARA"|4|75.96|8160.78
12|49|"RIO GRANDE"|85|"MAQUINAS, APARATOS Y MATERIAL ELECTRICO, Y SUS PARTES; APARA"|1|0.56|180
13|49|"RIO GRANDE"|85|"MAQUINAS, APARATOS Y MATERIAL ELECTRICO, Y SUS PARTES; APARA"|1|23.04|9154.56
14|49|"RIO GRANDE"|85|"MAQUINAS, APARATOS Y MATERIAL ELECTRICO, Y SUS PARTES; APARA"|1|9.41|1426.32
16|49|"RIO GRANDE"|85|"MAQUINAS, APARATOS Y MATERIAL ELECTRICO, Y SUS PARTES; APARA"|2|345.5|21504
19|49|"RIO GRANDE"|85|"MAQUINAS, APARATOS Y MATERIAL ELECTRICO, Y SUS PARTES; APARA"|3|1159.9|375176.42
20|49|"RIO GRANDE"|85|"MAQUINAS, APARATOS Y MATERIAL ELECTRICO, Y SUS PARTES; APARA"|1|46.5|68911.8
21|49|"RIO GRANDE"|85|"MAQUINAS, APARATOS Y MATERIAL ELECTRICO, Y SUS PARTES; APARA"|1|26.1|3224
23|49|"RIO GRANDE"|85|"MAQUINAS, APARATOS Y MATERIAL ELECTRICO, Y SUS PARTES; APARA"|1|60|281860
25|49|"RIO GRANDE"|85|"MAQUINAS, APARATOS Y MATERIAL ELECTRICO, Y SUS PARTES; APARA"|1|26.1|3263.9
28|49|"RIO GRANDE"|85|"MAQUINAS, APARATOS Y MATERIAL ELECTRICO, Y SUS PARTES; APARA"|24|41.45|26207.74
29|49|"RIO GRANDE"|85|"MAQUINAS, APARATOS Y MATERIAL ELECTRICO, Y SUS PARTES; APARA"|4|76.09|773225.68
31|49|"RIO GRANDE"|85|"MAQUINAS, APARATOS Y MATERIAL ELECTRICO, Y SUS PARTES; APARA"|1|0.2|31.91
32|49|"RIO GRANDE"|85|"MAQUINAS, APARATOS Y MATERIAL ELECTRICO, Y SUS PARTES; APARA"|3|104.65|2366510
33|49|"RIO GRANDE"|85|"MAQUINAS, APARATOS Y MATERIAL ELECTRICO, Y SUS PARTES; APARA"|1|4.81|8655.8
34|49|"RIO GRANDE"|85|"MAQUINAS, APARATOS Y MATERIAL ELECTRICO, Y SUS PARTES; APARA"|1|0.2|270.07
35|49|"RIO GRANDE"|85|"MAQUINAS, APARATOS Y MATERIAL ELECTRICO, Y SUS PARTES; APARA"|2|0.36|277.2
36|49|"RIO GRANDE"|85|"MAQUINAS, APARATOS Y MATERIAL ELECTRICO, Y SUS PARTES; APARA"|15|71.599|292973.65
37|49|"RIO GRANDE"|85|"MAQUINAS, APARATOS Y MATERIAL ELECTRICO, Y SUS PARTES; APARA"|4|708.14|85647.12
38|49|"RIO GRANDE"|85|"MAQUINAS, APARATOS Y MATERIAL ELECTRICO, Y SUS PARTES; APARA"|3|32.28|514743.76
40|49|"RIO GRANDE"|85|"MAQUINAS, APARATOS Y MATERIAL ELECTRICO, Y SUS PARTES; APARA"|3|28.14|3060.54
42|49|"RIO GRANDE"|85|"MAQUINAS, APARATOS Y MATERIAL ELECTRICO, Y SUS PARTES; APARA"|1|6.72|1018.8
44|49|"RIO GRANDE"|85|"MAQUINAS, APARATOS Y MATERIAL ELECTRICO, Y SUS PARTES; APARA"|1|720.9|256680
45|49|"RIO GRANDE"|85|"MAQUINAS, APARATOS Y MATERIAL ELECTRICO, Y SUS PARTES; APARA"|3|0.98|890.01
47|49|"RIO GRANDE"|85|"MAQUINAS, APARATOS Y MATERIAL ELECTRICO, Y SUS PARTES; APARA"|2|49.1|1026884
49|49|"RIO GRANDE"|85|"MAQUINAS, APARATOS Y MATERIAL ELECTRICO, Y SUS PARTES; APARA"|11|66.509|10579.7
50|49|"RIO GRANDE"|85|"MAQUINAS, APARATOS Y MATERIAL ELECTRICO, Y SUS PARTES; APARA"|5|146.05|39484.97
52|49|"RIO GRANDE"|85|"MAQUINAS, APARATOS Y MATERIAL ELECTRICO, Y SUS PARTES; APARA"|1|6.2|45
57|49|"RIO GRANDE"|85|"MAQUINAS, APARATOS Y MATERIAL ELECTRICO, Y SUS PARTES; APARA"|2|23.5|409
58|49|"RIO GRANDE"|85|"MAQUINAS, APARATOS Y MATERIAL ELECTRICO, Y SUS PARTES; APARA"|1|13.18|912.15
61|49|"RIO GRANDE"|85|"MAQUINAS, APARATOS Y MATERIAL ELECTRICO, Y SUS PARTES; APARA"|1|43.5|4685
63|49|"RIO GRANDE"|85|"MAQUINAS, APARATOS Y MATERIAL ELECTRICO, Y SUS PARTES; APARA"|60|33495.863|110632.63
64|49|"RIO GRANDE"|85|"MAQUINAS, APARATOS Y MATERIAL ELECTRICO, Y SUS PARTES; APARA"|3|233.41|82712.58
65|49|"RIO GRANDE"|85|"MAQUINAS, APARATOS Y MATERIAL ELECTRICO, Y SUS PARTES; APARA"|6|4395.34|59490.74
66|49|"RIO GRANDE"|85|"MAQUINAS, APARATOS Y MATERIAL ELECTRICO, Y SUS PARTES; APARA"|14|108.732|42459.77
67|49|"RIO GRANDE"|85|"MAQUINAS, APARATOS Y MATERIAL ELECTRICO, Y SUS PARTES; APARA"|1|6.84|12497.8
68|49|"RIO GRANDE"|85|"MAQUINAS, APARATOS Y MATERIAL ELECTRICO, Y SUS PARTES; APARA"|32|197.5|42544.11
71|49|"RIO GRANDE"|85|"MAQUINAS, APARATOS Y MATERIAL ELECTRICO, Y SUS PARTES; APARA"|2|0.38|55.88
72|49|"RIO GRANDE"|85|"MAQUINAS, APARATOS Y MATERIAL ELECTRICO, Y SUS PARTES; APARA"|1|48.48|3866.88
73|49|"RIO GRANDE"|85|"MAQUINAS, APARATOS Y MATERIAL ELECTRICO, Y SUS PARTES; APARA"|12|173.923|37957.6
75|49|"RIO GRANDE"|85|"MAQUINAS, APARATOS Y MATERIAL ELECTRICO, Y SUS PARTES; APARA"|3|235.35|22677.88
76|49|"RIO GRANDE"|85|"MAQUINAS, APARATOS Y MATERIAL ELECTRICO, Y SUS PARTES; APARA"|6|83.2|23848.28
79|49|"RIO GRANDE"|85|"MAQUINAS, APARATOS Y MATERIAL ELECTRICO, Y SUS PARTES; APARA"|1|171|11942.28
82|49|"RIO GRANDE"|85|"MAQUINAS, APARATOS Y MATERIAL ELECTRICO, Y SUS PARTES; APARA"|1|160|11942.88
83|49|"RIO GRANDE"|85|"MAQUINAS, APARATOS Y MATERIAL ELECTRICO, Y SUS PARTES; APARA"|2|0.67|84.23
84|49|"RIO GRANDE"|85|"MAQUINAS, APARATOS Y MATERIAL ELECTRICO, Y SUS PARTES; APARA"|4|37.46|8980.94
89|49|"RIO GRANDE"|85|"MAQUINAS, APARATOS Y MATERIAL ELECTRICO, Y SUS PARTES; APARA"|6|98.72|94311.67
90|49|"RIO GRANDE"|85|"MAQUINAS, APARATOS Y MATERIAL ELECTRICO, Y SUS PARTES; APARA"|13|34.38|26580.85
91|49|"RIO GRANDE"|85|"MAQUINAS, APARATOS Y MATERIAL ELECTRICO, Y SUS PARTES; APARA"|1|17.4|2413.32
94|49|"RIO GRANDE"|85|"MAQUINAS, APARATOS Y MATERIAL ELECTRICO, Y SUS PARTES; APARA"|21|228.06|57946.97
95|49|"RIO GRANDE"|85|"MAQUINAS, APARATOS Y MATERIAL ELECTRICO, Y SUS PARTES; APARA"|7|84.17|18646.88
97|49|"RIO GRANDE"|85|"MAQUINAS, APARATOS Y MATERIAL ELECTRICO, Y SUS PARTES; APARA"|1|27.4|47966.73
98|49|"RIO GRANDE"|85|"MAQUINAS, APARATOS Y MATERIAL ELECTRICO, Y SUS PARTES; APARA"|2|7.683|6634.95
99|49|"RIO GRANDE"|85|"MAQUINAS, APARATOS Y MATERIAL ELECTRICO, Y SUS PARTES; APARA"|4|25.06|19250.1
100|49|"RIO GRANDE"|85|"MAQUINAS, APARATOS Y MATERIAL ELECTRICO, Y SUS PARTES; APARA"|3|56.27|12191
102|49|"RIO GRANDE"|85|"MAQUINAS, APARATOS Y MATERIAL ELECTRICO, Y SUS PARTES; APARA"|3|31.02|8947.29
103|49|"RIO GRANDE"|85|"MAQUINAS, APARATOS Y MATERIAL ELECTRICO, Y SUS PARTES; APARA"|7|153.64|41459.77
