"semana"|"aduana"|"aduana_desc"|"mercaderia"|"mercaderia_desc"|"cantidad"|"kilos"|"importe"
74|91|"BS.AS. NORTE"|37|"PRODUCTOS FOTOGRAFICOS O CINEMATOGRAFICOS"|1|652|25000
78|91|"BS.AS. NORTE"|37|"PRODUCTOS FOTOGRAFICOS O CINEMATOGRAFICOS"|1|3449.6|3480.06
98|91|"BS.AS. NORTE"|37|"PRODUCTOS FOTOGRAFICOS O CINEMATOGRAFICOS"|1|3542.4|8166.96
100|91|"BS.AS. NORTE"|37|"PRODUCTOS FOTOGRAFICOS O CINEMATOGRAFICOS"|1|313.99|4071.04
103|91|"BS.AS. NORTE"|37|"PRODUCTOS FOTOGRAFICOS O CINEMATOGRAFICOS"|2|841.38|7068
