"semana"|"aduana"|"aduana_desc"|"mercaderia"|"mercaderia_desc"|"cantidad"|"kilos"|"importe"
14|86|"OBERA"|14|"MATERIAS TRENZABLES Y DEMAS PRODUCTOS DE ORIGEN VEGETAL, NO "|1|5.4|240
16|86|"OBERA"|14|"MATERIAS TRENZABLES Y DEMAS PRODUCTOS DE ORIGEN VEGETAL, NO "|1|21.6|1020
29|86|"OBERA"|14|"MATERIAS TRENZABLES Y DEMAS PRODUCTOS DE ORIGEN VEGETAL, NO "|1|27|1275
43|86|"OBERA"|14|"MATERIAS TRENZABLES Y DEMAS PRODUCTOS DE ORIGEN VEGETAL, NO "|1|27|1275
71|86|"OBERA"|14|"MATERIAS TRENZABLES Y DEMAS PRODUCTOS DE ORIGEN VEGETAL, NO "|1|36|1700
90|86|"OBERA"|14|"MATERIAS TRENZABLES Y DEMAS PRODUCTOS DE ORIGEN VEGETAL, NO "|1|36|1700
