"semana"|"aduana"|"aduana_desc"|"mercaderia"|"mercaderia_desc"|"cantidad"|"kilos"|"importe"
1|88|"GENERAL DEHEZA"|23|"RESIDUOS Y DESPERDICIOS DE LAS INDUSTRIAS ALIMENTARIAS; ALIM"|8|2392500|851353.5
2|88|"GENERAL DEHEZA"|23|"RESIDUOS Y DESPERDICIOS DE LAS INDUSTRIAS ALIMENTARIAS; ALIM"|8|1146000|373947.5
3|88|"GENERAL DEHEZA"|23|"RESIDUOS Y DESPERDICIOS DE LAS INDUSTRIAS ALIMENTARIAS; ALIM"|14|2301500|802524
4|88|"GENERAL DEHEZA"|23|"RESIDUOS Y DESPERDICIOS DE LAS INDUSTRIAS ALIMENTARIAS; ALIM"|20|2975660|1046117.1
5|88|"GENERAL DEHEZA"|23|"RESIDUOS Y DESPERDICIOS DE LAS INDUSTRIAS ALIMENTARIAS; ALIM"|10|1450100|520230.5
6|88|"GENERAL DEHEZA"|23|"RESIDUOS Y DESPERDICIOS DE LAS INDUSTRIAS ALIMENTARIAS; ALIM"|14|1471000|523740.25
7|88|"GENERAL DEHEZA"|23|"RESIDUOS Y DESPERDICIOS DE LAS INDUSTRIAS ALIMENTARIAS; ALIM"|12|3828500|1228648.5
8|88|"GENERAL DEHEZA"|23|"RESIDUOS Y DESPERDICIOS DE LAS INDUSTRIAS ALIMENTARIAS; ALIM"|16|2055350|739404.3
9|88|"GENERAL DEHEZA"|23|"RESIDUOS Y DESPERDICIOS DE LAS INDUSTRIAS ALIMENTARIAS; ALIM"|9|1682000|469900
10|88|"GENERAL DEHEZA"|23|"RESIDUOS Y DESPERDICIOS DE LAS INDUSTRIAS ALIMENTARIAS; ALIM"|12|2181460|795342.4
11|88|"GENERAL DEHEZA"|23|"RESIDUOS Y DESPERDICIOS DE LAS INDUSTRIAS ALIMENTARIAS; ALIM"|15|2495690|924980.07
12|88|"GENERAL DEHEZA"|23|"RESIDUOS Y DESPERDICIOS DE LAS INDUSTRIAS ALIMENTARIAS; ALIM"|9|1064000|438289
13|88|"GENERAL DEHEZA"|23|"RESIDUOS Y DESPERDICIOS DE LAS INDUSTRIAS ALIMENTARIAS; ALIM"|18|2569500|967227.25
14|88|"GENERAL DEHEZA"|23|"RESIDUOS Y DESPERDICIOS DE LAS INDUSTRIAS ALIMENTARIAS; ALIM"|13|1902000|748616.54
15|88|"GENERAL DEHEZA"|23|"RESIDUOS Y DESPERDICIOS DE LAS INDUSTRIAS ALIMENTARIAS; ALIM"|17|2716000|1047067.5
16|88|"GENERAL DEHEZA"|23|"RESIDUOS Y DESPERDICIOS DE LAS INDUSTRIAS ALIMENTARIAS; ALIM"|12|2251620|821999.65
17|88|"GENERAL DEHEZA"|23|"RESIDUOS Y DESPERDICIOS DE LAS INDUSTRIAS ALIMENTARIAS; ALIM"|24|3568930|1249564.54
18|88|"GENERAL DEHEZA"|23|"RESIDUOS Y DESPERDICIOS DE LAS INDUSTRIAS ALIMENTARIAS; ALIM"|11|1526460|539690.52
19|88|"GENERAL DEHEZA"|23|"RESIDUOS Y DESPERDICIOS DE LAS INDUSTRIAS ALIMENTARIAS; ALIM"|33|6332660|1997932
20|88|"GENERAL DEHEZA"|23|"RESIDUOS Y DESPERDICIOS DE LAS INDUSTRIAS ALIMENTARIAS; ALIM"|14|2665350|1004097.3
21|88|"GENERAL DEHEZA"|23|"RESIDUOS Y DESPERDICIOS DE LAS INDUSTRIAS ALIMENTARIAS; ALIM"|22|3446590|1200630.56
22|88|"GENERAL DEHEZA"|23|"RESIDUOS Y DESPERDICIOS DE LAS INDUSTRIAS ALIMENTARIAS; ALIM"|29|3669620|1301665.92
23|88|"GENERAL DEHEZA"|23|"RESIDUOS Y DESPERDICIOS DE LAS INDUSTRIAS ALIMENTARIAS; ALIM"|15|2101420|805994.68
24|88|"GENERAL DEHEZA"|23|"RESIDUOS Y DESPERDICIOS DE LAS INDUSTRIAS ALIMENTARIAS; ALIM"|14|2835140|1152320.4
25|88|"GENERAL DEHEZA"|23|"RESIDUOS Y DESPERDICIOS DE LAS INDUSTRIAS ALIMENTARIAS; ALIM"|23|3110360|1157826.16
26|88|"GENERAL DEHEZA"|23|"RESIDUOS Y DESPERDICIOS DE LAS INDUSTRIAS ALIMENTARIAS; ALIM"|20|4439290|1600878.68
27|88|"GENERAL DEHEZA"|23|"RESIDUOS Y DESPERDICIOS DE LAS INDUSTRIAS ALIMENTARIAS; ALIM"|19|2825810|980598.1
28|88|"GENERAL DEHEZA"|23|"RESIDUOS Y DESPERDICIOS DE LAS INDUSTRIAS ALIMENTARIAS; ALIM"|24|5487750|1926025.44
29|88|"GENERAL DEHEZA"|23|"RESIDUOS Y DESPERDICIOS DE LAS INDUSTRIAS ALIMENTARIAS; ALIM"|9|3097520|753498.2
30|88|"GENERAL DEHEZA"|23|"RESIDUOS Y DESPERDICIOS DE LAS INDUSTRIAS ALIMENTARIAS; ALIM"|13|2520340|751077.7
31|88|"GENERAL DEHEZA"|23|"RESIDUOS Y DESPERDICIOS DE LAS INDUSTRIAS ALIMENTARIAS; ALIM"|9|1884840|642386.44
32|88|"GENERAL DEHEZA"|23|"RESIDUOS Y DESPERDICIOS DE LAS INDUSTRIAS ALIMENTARIAS; ALIM"|11|1968700|530942.1
33|88|"GENERAL DEHEZA"|23|"RESIDUOS Y DESPERDICIOS DE LAS INDUSTRIAS ALIMENTARIAS; ALIM"|10|3891920|1041578.6
34|88|"GENERAL DEHEZA"|23|"RESIDUOS Y DESPERDICIOS DE LAS INDUSTRIAS ALIMENTARIAS; ALIM"|19|5052840|1176903.9
35|88|"GENERAL DEHEZA"|23|"RESIDUOS Y DESPERDICIOS DE LAS INDUSTRIAS ALIMENTARIAS; ALIM"|15|3477500|988983.5
36|88|"GENERAL DEHEZA"|23|"RESIDUOS Y DESPERDICIOS DE LAS INDUSTRIAS ALIMENTARIAS; ALIM"|11|2051560|658471.84
37|88|"GENERAL DEHEZA"|23|"RESIDUOS Y DESPERDICIOS DE LAS INDUSTRIAS ALIMENTARIAS; ALIM"|19|4000560|1200584.12
38|88|"GENERAL DEHEZA"|23|"RESIDUOS Y DESPERDICIOS DE LAS INDUSTRIAS ALIMENTARIAS; ALIM"|14|3316580|670174.1
39|88|"GENERAL DEHEZA"|23|"RESIDUOS Y DESPERDICIOS DE LAS INDUSTRIAS ALIMENTARIAS; ALIM"|11|2019000|525291
40|88|"GENERAL DEHEZA"|23|"RESIDUOS Y DESPERDICIOS DE LAS INDUSTRIAS ALIMENTARIAS; ALIM"|23|4060720|935647
41|88|"GENERAL DEHEZA"|23|"RESIDUOS Y DESPERDICIOS DE LAS INDUSTRIAS ALIMENTARIAS; ALIM"|14|1947000|623563
42|88|"GENERAL DEHEZA"|23|"RESIDUOS Y DESPERDICIOS DE LAS INDUSTRIAS ALIMENTARIAS; ALIM"|27|6755040|1388832.84
43|88|"GENERAL DEHEZA"|23|"RESIDUOS Y DESPERDICIOS DE LAS INDUSTRIAS ALIMENTARIAS; ALIM"|23|3748260|820179.62
44|88|"GENERAL DEHEZA"|23|"RESIDUOS Y DESPERDICIOS DE LAS INDUSTRIAS ALIMENTARIAS; ALIM"|19|2968940|722195.54
45|88|"GENERAL DEHEZA"|23|"RESIDUOS Y DESPERDICIOS DE LAS INDUSTRIAS ALIMENTARIAS; ALIM"|12|2396500|536190.5
46|88|"GENERAL DEHEZA"|23|"RESIDUOS Y DESPERDICIOS DE LAS INDUSTRIAS ALIMENTARIAS; ALIM"|16|3424610|880428.04
47|88|"GENERAL DEHEZA"|23|"RESIDUOS Y DESPERDICIOS DE LAS INDUSTRIAS ALIMENTARIAS; ALIM"|13|1693500|473241
48|88|"GENERAL DEHEZA"|23|"RESIDUOS Y DESPERDICIOS DE LAS INDUSTRIAS ALIMENTARIAS; ALIM"|28|4983380|977906.82
49|88|"GENERAL DEHEZA"|23|"RESIDUOS Y DESPERDICIOS DE LAS INDUSTRIAS ALIMENTARIAS; ALIM"|17|2883940|690666.42
50|88|"GENERAL DEHEZA"|23|"RESIDUOS Y DESPERDICIOS DE LAS INDUSTRIAS ALIMENTARIAS; ALIM"|19|2665000|586325
51|88|"GENERAL DEHEZA"|23|"RESIDUOS Y DESPERDICIOS DE LAS INDUSTRIAS ALIMENTARIAS; ALIM"|15|3126680|721587.02
52|88|"GENERAL DEHEZA"|23|"RESIDUOS Y DESPERDICIOS DE LAS INDUSTRIAS ALIMENTARIAS; ALIM"|7|1446000|284935.5
53|88|"GENERAL DEHEZA"|23|"RESIDUOS Y DESPERDICIOS DE LAS INDUSTRIAS ALIMENTARIAS; ALIM"|22|2482700|592075
54|88|"GENERAL DEHEZA"|23|"RESIDUOS Y DESPERDICIOS DE LAS INDUSTRIAS ALIMENTARIAS; ALIM"|22|4639660|803886.36
55|88|"GENERAL DEHEZA"|23|"RESIDUOS Y DESPERDICIOS DE LAS INDUSTRIAS ALIMENTARIAS; ALIM"|18|2872500|703404
56|88|"GENERAL DEHEZA"|23|"RESIDUOS Y DESPERDICIOS DE LAS INDUSTRIAS ALIMENTARIAS; ALIM"|33|7614040|1441569.9
57|88|"GENERAL DEHEZA"|23|"RESIDUOS Y DESPERDICIOS DE LAS INDUSTRIAS ALIMENTARIAS; ALIM"|22|4665400|892344.74
58|88|"GENERAL DEHEZA"|23|"RESIDUOS Y DESPERDICIOS DE LAS INDUSTRIAS ALIMENTARIAS; ALIM"|27|7112420|1353116.44
59|88|"GENERAL DEHEZA"|23|"RESIDUOS Y DESPERDICIOS DE LAS INDUSTRIAS ALIMENTARIAS; ALIM"|15|3521300|784738.76
60|88|"GENERAL DEHEZA"|23|"RESIDUOS Y DESPERDICIOS DE LAS INDUSTRIAS ALIMENTARIAS; ALIM"|28|6103980|1287427.22
61|88|"GENERAL DEHEZA"|23|"RESIDUOS Y DESPERDICIOS DE LAS INDUSTRIAS ALIMENTARIAS; ALIM"|26|5492000|968959.24
62|88|"GENERAL DEHEZA"|23|"RESIDUOS Y DESPERDICIOS DE LAS INDUSTRIAS ALIMENTARIAS; ALIM"|23|5136300|1030957.06
63|88|"GENERAL DEHEZA"|23|"RESIDUOS Y DESPERDICIOS DE LAS INDUSTRIAS ALIMENTARIAS; ALIM"|36|7055556|1518704.43
64|88|"GENERAL DEHEZA"|23|"RESIDUOS Y DESPERDICIOS DE LAS INDUSTRIAS ALIMENTARIAS; ALIM"|18|4513000|913293.41
65|88|"GENERAL DEHEZA"|23|"RESIDUOS Y DESPERDICIOS DE LAS INDUSTRIAS ALIMENTARIAS; ALIM"|43|10327940|2101456.28
66|88|"GENERAL DEHEZA"|23|"RESIDUOS Y DESPERDICIOS DE LAS INDUSTRIAS ALIMENTARIAS; ALIM"|21|4594820|953977.64
67|88|"GENERAL DEHEZA"|23|"RESIDUOS Y DESPERDICIOS DE LAS INDUSTRIAS ALIMENTARIAS; ALIM"|39|10145420|1830742.32
68|88|"GENERAL DEHEZA"|23|"RESIDUOS Y DESPERDICIOS DE LAS INDUSTRIAS ALIMENTARIAS; ALIM"|30|6934580|1393847.91
69|88|"GENERAL DEHEZA"|23|"RESIDUOS Y DESPERDICIOS DE LAS INDUSTRIAS ALIMENTARIAS; ALIM"|43|9227900|1820254.9
70|88|"GENERAL DEHEZA"|23|"RESIDUOS Y DESPERDICIOS DE LAS INDUSTRIAS ALIMENTARIAS; ALIM"|21|5897010|1057724.55
71|88|"GENERAL DEHEZA"|23|"RESIDUOS Y DESPERDICIOS DE LAS INDUSTRIAS ALIMENTARIAS; ALIM"|33|7201720|1373892.07
72|88|"GENERAL DEHEZA"|23|"RESIDUOS Y DESPERDICIOS DE LAS INDUSTRIAS ALIMENTARIAS; ALIM"|31|6699080|1173661.4
73|88|"GENERAL DEHEZA"|23|"RESIDUOS Y DESPERDICIOS DE LAS INDUSTRIAS ALIMENTARIAS; ALIM"|22|5100460|973776.8
74|88|"GENERAL DEHEZA"|23|"RESIDUOS Y DESPERDICIOS DE LAS INDUSTRIAS ALIMENTARIAS; ALIM"|35|8243070|1588364.91
75|88|"GENERAL DEHEZA"|23|"RESIDUOS Y DESPERDICIOS DE LAS INDUSTRIAS ALIMENTARIAS; ALIM"|28|5903240|971742.9
76|88|"GENERAL DEHEZA"|23|"RESIDUOS Y DESPERDICIOS DE LAS INDUSTRIAS ALIMENTARIAS; ALIM"|26|6230100|1137567.05
77|88|"GENERAL DEHEZA"|23|"RESIDUOS Y DESPERDICIOS DE LAS INDUSTRIAS ALIMENTARIAS; ALIM"|21|5305360|980597.67
78|88|"GENERAL DEHEZA"|23|"RESIDUOS Y DESPERDICIOS DE LAS INDUSTRIAS ALIMENTARIAS; ALIM"|19|4101760|682358
79|88|"GENERAL DEHEZA"|23|"RESIDUOS Y DESPERDICIOS DE LAS INDUSTRIAS ALIMENTARIAS; ALIM"|34|6905860|1105362.04
80|88|"GENERAL DEHEZA"|23|"RESIDUOS Y DESPERDICIOS DE LAS INDUSTRIAS ALIMENTARIAS; ALIM"|24|5840238|853796.14
81|88|"GENERAL DEHEZA"|23|"RESIDUOS Y DESPERDICIOS DE LAS INDUSTRIAS ALIMENTARIAS; ALIM"|29|5350712|906038.08
82|88|"GENERAL DEHEZA"|23|"RESIDUOS Y DESPERDICIOS DE LAS INDUSTRIAS ALIMENTARIAS; ALIM"|27|6749330|1105401.64
83|88|"GENERAL DEHEZA"|23|"RESIDUOS Y DESPERDICIOS DE LAS INDUSTRIAS ALIMENTARIAS; ALIM"|24|4047580|756481.45
84|88|"GENERAL DEHEZA"|23|"RESIDUOS Y DESPERDICIOS DE LAS INDUSTRIAS ALIMENTARIAS; ALIM"|20|4996220|713274.87
85|88|"GENERAL DEHEZA"|23|"RESIDUOS Y DESPERDICIOS DE LAS INDUSTRIAS ALIMENTARIAS; ALIM"|21|5286960|803170.56
86|88|"GENERAL DEHEZA"|23|"RESIDUOS Y DESPERDICIOS DE LAS INDUSTRIAS ALIMENTARIAS; ALIM"|28|5795448|915575.7
87|88|"GENERAL DEHEZA"|23|"RESIDUOS Y DESPERDICIOS DE LAS INDUSTRIAS ALIMENTARIAS; ALIM"|25|5358760|855155.68
88|88|"GENERAL DEHEZA"|23|"RESIDUOS Y DESPERDICIOS DE LAS INDUSTRIAS ALIMENTARIAS; ALIM"|28|5916020|941514.86
89|88|"GENERAL DEHEZA"|23|"RESIDUOS Y DESPERDICIOS DE LAS INDUSTRIAS ALIMENTARIAS; ALIM"|27|5253320|866185
90|88|"GENERAL DEHEZA"|23|"RESIDUOS Y DESPERDICIOS DE LAS INDUSTRIAS ALIMENTARIAS; ALIM"|25|5904280|855769.82
91|88|"GENERAL DEHEZA"|23|"RESIDUOS Y DESPERDICIOS DE LAS INDUSTRIAS ALIMENTARIAS; ALIM"|23|4370280|661054.22
92|88|"GENERAL DEHEZA"|23|"RESIDUOS Y DESPERDICIOS DE LAS INDUSTRIAS ALIMENTARIAS; ALIM"|27|7099190|991439.17
93|88|"GENERAL DEHEZA"|23|"RESIDUOS Y DESPERDICIOS DE LAS INDUSTRIAS ALIMENTARIAS; ALIM"|18|3621140|552924.08
94|88|"GENERAL DEHEZA"|23|"RESIDUOS Y DESPERDICIOS DE LAS INDUSTRIAS ALIMENTARIAS; ALIM"|26|7223530|972339.63
95|88|"GENERAL DEHEZA"|23|"RESIDUOS Y DESPERDICIOS DE LAS INDUSTRIAS ALIMENTARIAS; ALIM"|21|4787740|681213.35
96|88|"GENERAL DEHEZA"|23|"RESIDUOS Y DESPERDICIOS DE LAS INDUSTRIAS ALIMENTARIAS; ALIM"|28|6866720|991646.11
97|88|"GENERAL DEHEZA"|23|"RESIDUOS Y DESPERDICIOS DE LAS INDUSTRIAS ALIMENTARIAS; ALIM"|24|6418820|855882.56
98|88|"GENERAL DEHEZA"|23|"RESIDUOS Y DESPERDICIOS DE LAS INDUSTRIAS ALIMENTARIAS; ALIM"|23|5693600|783981.62
99|88|"GENERAL DEHEZA"|23|"RESIDUOS Y DESPERDICIOS DE LAS INDUSTRIAS ALIMENTARIAS; ALIM"|17|3901860|593439.86
100|88|"GENERAL DEHEZA"|23|"RESIDUOS Y DESPERDICIOS DE LAS INDUSTRIAS ALIMENTARIAS; ALIM"|20|4739250|633342.86
101|88|"GENERAL DEHEZA"|23|"RESIDUOS Y DESPERDICIOS DE LAS INDUSTRIAS ALIMENTARIAS; ALIM"|15|2543980|346453.01
102|88|"GENERAL DEHEZA"|23|"RESIDUOS Y DESPERDICIOS DE LAS INDUSTRIAS ALIMENTARIAS; ALIM"|18|5313630|637961.1
103|88|"GENERAL DEHEZA"|23|"RESIDUOS Y DESPERDICIOS DE LAS INDUSTRIAS ALIMENTARIAS; ALIM"|17|2756540|503245.5
104|88|"GENERAL DEHEZA"|23|"RESIDUOS Y DESPERDICIOS DE LAS INDUSTRIAS ALIMENTARIAS; ALIM"|15|5260460|747299.11
