"semana"|"aduana"|"aduana_desc"|"mercaderia"|"mercaderia_desc"|"cantidad"|"kilos"|"importe"
1|83|"SAN LUIS"|17|"AZUCARES Y ARTICULOS DE CONFITERIA"|5|768200|367881.81
2|83|"SAN LUIS"|17|"AZUCARES Y ARTICULOS DE CONFITERIA"|8|892449.12|447126.35
3|83|"SAN LUIS"|17|"AZUCARES Y ARTICULOS DE CONFITERIA"|5|875400|447499.51
4|83|"SAN LUIS"|17|"AZUCARES Y ARTICULOS DE CONFITERIA"|4|503963.84|263528.78
6|83|"SAN LUIS"|17|"AZUCARES Y ARTICULOS DE CONFITERIA"|5|579180|285677.06
7|83|"SAN LUIS"|17|"AZUCARES Y ARTICULOS DE CONFITERIA"|3|540000|260672.4
8|83|"SAN LUIS"|17|"AZUCARES Y ARTICULOS DE CONFITERIA"|9|1137760|540009.11
9|83|"SAN LUIS"|17|"AZUCARES Y ARTICULOS DE CONFITERIA"|3|524680|233176.2
10|83|"SAN LUIS"|17|"AZUCARES Y ARTICULOS DE CONFITERIA"|5|891060|450446.77
11|83|"SAN LUIS"|17|"AZUCARES Y ARTICULOS DE CONFITERIA"|4|462500|234767.94
12|83|"SAN LUIS"|17|"AZUCARES Y ARTICULOS DE CONFITERIA"|5|655000|322330.4
13|83|"SAN LUIS"|17|"AZUCARES Y ARTICULOS DE CONFITERIA"|9|1328520|655270.15
14|83|"SAN LUIS"|17|"AZUCARES Y ARTICULOS DE CONFITERIA"|1|171560|70106.28
15|83|"SAN LUIS"|17|"AZUCARES Y ARTICULOS DE CONFITERIA"|6|800500|356652.64
16|83|"SAN LUIS"|17|"AZUCARES Y ARTICULOS DE CONFITERIA"|3|540000|275803.2
17|83|"SAN LUIS"|17|"AZUCARES Y ARTICULOS DE CONFITERIA"|2|336020|169091.26
18|83|"SAN LUIS"|17|"AZUCARES Y ARTICULOS DE CONFITERIA"|4|546600|266305.92
19|83|"SAN LUIS"|17|"AZUCARES Y ARTICULOS DE CONFITERIA"|12|2010080|966815.94
20|83|"SAN LUIS"|17|"AZUCARES Y ARTICULOS DE CONFITERIA"|1|113600|53736.21
21|83|"SAN LUIS"|17|"AZUCARES Y ARTICULOS DE CONFITERIA"|4|522420|262514.62
22|83|"SAN LUIS"|17|"AZUCARES Y ARTICULOS DE CONFITERIA"|5|692680|347150.36
23|83|"SAN LUIS"|17|"AZUCARES Y ARTICULOS DE CONFITERIA"|2|84476.48|44105.8
24|83|"SAN LUIS"|17|"AZUCARES Y ARTICULOS DE CONFITERIA"|4|657660|312046.88
25|83|"SAN LUIS"|17|"AZUCARES Y ARTICULOS DE CONFITERIA"|1|180000|94860
26|83|"SAN LUIS"|17|"AZUCARES Y ARTICULOS DE CONFITERIA"|7|859280|422326.03
27|83|"SAN LUIS"|17|"AZUCARES Y ARTICULOS DE CONFITERIA"|5|823420|361178.7
28|83|"SAN LUIS"|17|"AZUCARES Y ARTICULOS DE CONFITERIA"|7|907420|410412.25
29|83|"SAN LUIS"|17|"AZUCARES Y ARTICULOS DE CONFITERIA"|5|732400|385638.35
30|83|"SAN LUIS"|17|"AZUCARES Y ARTICULOS DE CONFITERIA"|1|180000|94860
31|83|"SAN LUIS"|17|"AZUCARES Y ARTICULOS DE CONFITERIA"|5|708880|335142.4
32|83|"SAN LUIS"|17|"AZUCARES Y ARTICULOS DE CONFITERIA"|7|1260000|613299.6
33|83|"SAN LUIS"|17|"AZUCARES Y ARTICULOS DE CONFITERIA"|7|849320|409823.92
34|83|"SAN LUIS"|17|"AZUCARES Y ARTICULOS DE CONFITERIA"|4|674040|336919.51
35|83|"SAN LUIS"|17|"AZUCARES Y ARTICULOS DE CONFITERIA"|9|1454140|702076.06
36|83|"SAN LUIS"|17|"AZUCARES Y ARTICULOS DE CONFITERIA"|2|209960|87333.8
37|83|"SAN LUIS"|17|"AZUCARES Y ARTICULOS DE CONFITERIA"|5|618980|315892.88
38|83|"SAN LUIS"|17|"AZUCARES Y ARTICULOS DE CONFITERIA"|1|180000|72900
39|83|"SAN LUIS"|17|"AZUCARES Y ARTICULOS DE CONFITERIA"|1|46000|20930
40|83|"SAN LUIS"|17|"AZUCARES Y ARTICULOS DE CONFITERIA"|9|1411140|661501.28
41|83|"SAN LUIS"|17|"AZUCARES Y ARTICULOS DE CONFITERIA"|4|720000|335309.4
42|83|"SAN LUIS"|17|"AZUCARES Y ARTICULOS DE CONFITERIA"|8|1373680|642437.19
43|83|"SAN LUIS"|17|"AZUCARES Y ARTICULOS DE CONFITERIA"|5|717900|335353.8
44|83|"SAN LUIS"|17|"AZUCARES Y ARTICULOS DE CONFITERIA"|8|1245040|568150.4
45|83|"SAN LUIS"|17|"AZUCARES Y ARTICULOS DE CONFITERIA"|4|759620|363931.57
46|83|"SAN LUIS"|17|"AZUCARES Y ARTICULOS DE CONFITERIA"|3|397100|181969.2
47|83|"SAN LUIS"|17|"AZUCARES Y ARTICULOS DE CONFITERIA"|1|170120|86250.84
48|83|"SAN LUIS"|17|"AZUCARES Y ARTICULOS DE CONFITERIA"|7|1397220|663341.31
49|83|"SAN LUIS"|17|"AZUCARES Y ARTICULOS DE CONFITERIA"|6|1005980|461092.71
50|83|"SAN LUIS"|17|"AZUCARES Y ARTICULOS DE CONFITERIA"|1|309.12|2598.4
51|83|"SAN LUIS"|17|"AZUCARES Y ARTICULOS DE CONFITERIA"|9|1771440|777077.24
52|83|"SAN LUIS"|17|"AZUCARES Y ARTICULOS DE CONFITERIA"|2|305600|128842.01
53|83|"SAN LUIS"|17|"AZUCARES Y ARTICULOS DE CONFITERIA"|1|180000|91080
55|83|"SAN LUIS"|17|"AZUCARES Y ARTICULOS DE CONFITERIA"|10|1939480|939821.39
56|83|"SAN LUIS"|17|"AZUCARES Y ARTICULOS DE CONFITERIA"|2|344120|155110.12
57|83|"SAN LUIS"|17|"AZUCARES Y ARTICULOS DE CONFITERIA"|6|945340|408142.88
58|83|"SAN LUIS"|17|"AZUCARES Y ARTICULOS DE CONFITERIA"|4|406000|165470
60|83|"SAN LUIS"|17|"AZUCARES Y ARTICULOS DE CONFITERIA"|3|507540|238981.44
61|83|"SAN LUIS"|17|"AZUCARES Y ARTICULOS DE CONFITERIA"|4|614860|286188.86
62|83|"SAN LUIS"|17|"AZUCARES Y ARTICULOS DE CONFITERIA"|6|1071060|517422.32
63|83|"SAN LUIS"|17|"AZUCARES Y ARTICULOS DE CONFITERIA"|4|720000|273627
64|83|"SAN LUIS"|17|"AZUCARES Y ARTICULOS DE CONFITERIA"|4|500180|212549.2
65|83|"SAN LUIS"|17|"AZUCARES Y ARTICULOS DE CONFITERIA"|6|718660|301898.61
66|83|"SAN LUIS"|17|"AZUCARES Y ARTICULOS DE CONFITERIA"|8|809580|377042.3
68|83|"SAN LUIS"|17|"AZUCARES Y ARTICULOS DE CONFITERIA"|2|360000|165360
69|83|"SAN LUIS"|17|"AZUCARES Y ARTICULOS DE CONFITERIA"|8|990000|417974.4
70|83|"SAN LUIS"|17|"AZUCARES Y ARTICULOS DE CONFITERIA"|1|90000|34020
71|83|"SAN LUIS"|17|"AZUCARES Y ARTICULOS DE CONFITERIA"|2|198360|86957.83
72|83|"SAN LUIS"|17|"AZUCARES Y ARTICULOS DE CONFITERIA"|11|1600460|652409.75
73|83|"SAN LUIS"|17|"AZUCARES Y ARTICULOS DE CONFITERIA"|5|696420|282704.88
75|83|"SAN LUIS"|17|"AZUCARES Y ARTICULOS DE CONFITERIA"|5|496000|218464.5
76|83|"SAN LUIS"|17|"AZUCARES Y ARTICULOS DE CONFITERIA"|3|598480|268640.76
77|83|"SAN LUIS"|17|"AZUCARES Y ARTICULOS DE CONFITERIA"|6|580420|234837.97
79|83|"SAN LUIS"|17|"AZUCARES Y ARTICULOS DE CONFITERIA"|9|955180|395200.19
80|83|"SAN LUIS"|17|"AZUCARES Y ARTICULOS DE CONFITERIA"|5|601840|254035.68
81|83|"SAN LUIS"|17|"AZUCARES Y ARTICULOS DE CONFITERIA"|5|780000|326238
82|83|"SAN LUIS"|17|"AZUCARES Y ARTICULOS DE CONFITERIA"|11|1593420|626055.84
83|83|"SAN LUIS"|17|"AZUCARES Y ARTICULOS DE CONFITERIA"|2|203000|77700
84|83|"SAN LUIS"|17|"AZUCARES Y ARTICULOS DE CONFITERIA"|1|23000|9660
85|83|"SAN LUIS"|17|"AZUCARES Y ARTICULOS DE CONFITERIA"|3|107540|40537.49
86|83|"SAN LUIS"|17|"AZUCARES Y ARTICULOS DE CONFITERIA"|11|1584600|635273.14
87|83|"SAN LUIS"|17|"AZUCARES Y ARTICULOS DE CONFITERIA"|5|676940|284790.28
88|83|"SAN LUIS"|17|"AZUCARES Y ARTICULOS DE CONFITERIA"|9|1444880|579678.47
89|83|"SAN LUIS"|17|"AZUCARES Y ARTICULOS DE CONFITERIA"|1|169540|60169.75
90|83|"SAN LUIS"|17|"AZUCARES Y ARTICULOS DE CONFITERIA"|5|611420|247743.59
91|83|"SAN LUIS"|17|"AZUCARES Y ARTICULOS DE CONFITERIA"|9|1354560|544268.29
92|83|"SAN LUIS"|17|"AZUCARES Y ARTICULOS DE CONFITERIA"|6|1025880|431623.75
93|83|"SAN LUIS"|17|"AZUCARES Y ARTICULOS DE CONFITERIA"|6|885677.36|398934.7
94|83|"SAN LUIS"|17|"AZUCARES Y ARTICULOS DE CONFITERIA"|3|540000|190231.2
95|83|"SAN LUIS"|17|"AZUCARES Y ARTICULOS DE CONFITERIA"|9|1347070|548040.52
96|83|"SAN LUIS"|17|"AZUCARES Y ARTICULOS DE CONFITERIA"|9|796284.72|332650.11
97|83|"SAN LUIS"|17|"AZUCARES Y ARTICULOS DE CONFITERIA"|9|1528220|610076.74
98|83|"SAN LUIS"|17|"AZUCARES Y ARTICULOS DE CONFITERIA"|5|866940|349146.22
99|83|"SAN LUIS"|17|"AZUCARES Y ARTICULOS DE CONFITERIA"|2|360000|125355.6
100|83|"SAN LUIS"|17|"AZUCARES Y ARTICULOS DE CONFITERIA"|6|861280|360376.21
101|83|"SAN LUIS"|17|"AZUCARES Y ARTICULOS DE CONFITERIA"|6|901110|362415.18
102|83|"SAN LUIS"|17|"AZUCARES Y ARTICULOS DE CONFITERIA"|6|842058.24|340080.57
103|83|"SAN LUIS"|17|"AZUCARES Y ARTICULOS DE CONFITERIA"|2|217910|81020.86
