"semana"|"aduana"|"aduana_desc"|"mercaderia"|"mercaderia_desc"|"cantidad"|"kilos"|"importe"
2|83|"SAN LUIS"|22|"BEBIDAS, LIQUIDOS ALCOHOLICOS Y VINAGRE"|3|20370.18|21925.36
3|83|"SAN LUIS"|22|"BEBIDAS, LIQUIDOS ALCOHOLICOS Y VINAGRE"|7|59480.88|34711.1
5|83|"SAN LUIS"|22|"BEBIDAS, LIQUIDOS ALCOHOLICOS Y VINAGRE"|4|92534.43|68235.5
6|83|"SAN LUIS"|22|"BEBIDAS, LIQUIDOS ALCOHOLICOS Y VINAGRE"|6|97895.14|57819.01
7|83|"SAN LUIS"|22|"BEBIDAS, LIQUIDOS ALCOHOLICOS Y VINAGRE"|4|63672.48|37328.7
8|83|"SAN LUIS"|22|"BEBIDAS, LIQUIDOS ALCOHOLICOS Y VINAGRE"|4|32176.5|19994.74
9|83|"SAN LUIS"|22|"BEBIDAS, LIQUIDOS ALCOHOLICOS Y VINAGRE"|7|51650.25|110619.96
10|83|"SAN LUIS"|22|"BEBIDAS, LIQUIDOS ALCOHOLICOS Y VINAGRE"|3|54427.5|30975
11|83|"SAN LUIS"|22|"BEBIDAS, LIQUIDOS ALCOHOLICOS Y VINAGRE"|5|25638.64|28370.69
12|83|"SAN LUIS"|22|"BEBIDAS, LIQUIDOS ALCOHOLICOS Y VINAGRE"|2|6849.36|3835
13|83|"SAN LUIS"|22|"BEBIDAS, LIQUIDOS ALCOHOLICOS Y VINAGRE"|8|67428.55|119147.92
14|83|"SAN LUIS"|22|"BEBIDAS, LIQUIDOS ALCOHOLICOS Y VINAGRE"|5|48034.85|74676.24
15|83|"SAN LUIS"|22|"BEBIDAS, LIQUIDOS ALCOHOLICOS Y VINAGRE"|3|34054.36|19821.87
17|83|"SAN LUIS"|22|"BEBIDAS, LIQUIDOS ALCOHOLICOS Y VINAGRE"|7|45052.93|27558.74
19|83|"SAN LUIS"|22|"BEBIDAS, LIQUIDOS ALCOHOLICOS Y VINAGRE"|4|43117.88|23541.5
20|83|"SAN LUIS"|22|"BEBIDAS, LIQUIDOS ALCOHOLICOS Y VINAGRE"|14|110158.58|175023.36
21|83|"SAN LUIS"|22|"BEBIDAS, LIQUIDOS ALCOHOLICOS Y VINAGRE"|6|35905.5|37169.22
22|83|"SAN LUIS"|22|"BEBIDAS, LIQUIDOS ALCOHOLICOS Y VINAGRE"|4|39071.76|66551.7
23|83|"SAN LUIS"|22|"BEBIDAS, LIQUIDOS ALCOHOLICOS Y VINAGRE"|13|60718.68|52452.09
24|83|"SAN LUIS"|22|"BEBIDAS, LIQUIDOS ALCOHOLICOS Y VINAGRE"|11|59477.39|90337.44
25|83|"SAN LUIS"|22|"BEBIDAS, LIQUIDOS ALCOHOLICOS Y VINAGRE"|9|58436.69|92179.26
26|83|"SAN LUIS"|22|"BEBIDAS, LIQUIDOS ALCOHOLICOS Y VINAGRE"|8|68182.76|37277.22
27|83|"SAN LUIS"|22|"BEBIDAS, LIQUIDOS ALCOHOLICOS Y VINAGRE"|7|51599.54|27932.85
28|83|"SAN LUIS"|22|"BEBIDAS, LIQUIDOS ALCOHOLICOS Y VINAGRE"|9|54412.55|36000.36
29|83|"SAN LUIS"|22|"BEBIDAS, LIQUIDOS ALCOHOLICOS Y VINAGRE"|3|16604.2|10510.5
30|83|"SAN LUIS"|22|"BEBIDAS, LIQUIDOS ALCOHOLICOS Y VINAGRE"|9|69754.507|104887.57
31|83|"SAN LUIS"|22|"BEBIDAS, LIQUIDOS ALCOHOLICOS Y VINAGRE"|1|15684.571|9876.3
32|83|"SAN LUIS"|22|"BEBIDAS, LIQUIDOS ALCOHOLICOS Y VINAGRE"|6|32147.16|74119.98
33|83|"SAN LUIS"|22|"BEBIDAS, LIQUIDOS ALCOHOLICOS Y VINAGRE"|8|58531.965|76920.96
34|83|"SAN LUIS"|22|"BEBIDAS, LIQUIDOS ALCOHOLICOS Y VINAGRE"|9|52951.539|72515.43
35|83|"SAN LUIS"|22|"BEBIDAS, LIQUIDOS ALCOHOLICOS Y VINAGRE"|2|23026.51|13256.25
36|83|"SAN LUIS"|22|"BEBIDAS, LIQUIDOS ALCOHOLICOS Y VINAGRE"|2|23966.852|13325.4
37|83|"SAN LUIS"|22|"BEBIDAS, LIQUIDOS ALCOHOLICOS Y VINAGRE"|3|14585|27193.1
38|83|"SAN LUIS"|22|"BEBIDAS, LIQUIDOS ALCOHOLICOS Y VINAGRE"|2|21248.323|16216.2
39|83|"SAN LUIS"|22|"BEBIDAS, LIQUIDOS ALCOHOLICOS Y VINAGRE"|3|38709.014|22132.5
40|83|"SAN LUIS"|22|"BEBIDAS, LIQUIDOS ALCOHOLICOS Y VINAGRE"|5|51680.708|103120.08
41|83|"SAN LUIS"|22|"BEBIDAS, LIQUIDOS ALCOHOLICOS Y VINAGRE"|2|21198.576|13791.87
42|83|"SAN LUIS"|22|"BEBIDAS, LIQUIDOS ALCOHOLICOS Y VINAGRE"|5|80607.739|45955
43|83|"SAN LUIS"|22|"BEBIDAS, LIQUIDOS ALCOHOLICOS Y VINAGRE"|4|50032.413|27660
44|83|"SAN LUIS"|22|"BEBIDAS, LIQUIDOS ALCOHOLICOS Y VINAGRE"|6|65415.439|39560.8
45|83|"SAN LUIS"|22|"BEBIDAS, LIQUIDOS ALCOHOLICOS Y VINAGRE"|2|19480.8|47695.4
46|83|"SAN LUIS"|22|"BEBIDAS, LIQUIDOS ALCOHOLICOS Y VINAGRE"|2|12184|20300
48|83|"SAN LUIS"|22|"BEBIDAS, LIQUIDOS ALCOHOLICOS Y VINAGRE"|4|22061.6|45486
54|83|"SAN LUIS"|22|"BEBIDAS, LIQUIDOS ALCOHOLICOS Y VINAGRE"|2|12859.4|22231.16
56|83|"SAN LUIS"|22|"BEBIDAS, LIQUIDOS ALCOHOLICOS Y VINAGRE"|5|44061.75|114011.5
58|83|"SAN LUIS"|22|"BEBIDAS, LIQUIDOS ALCOHOLICOS Y VINAGRE"|5|74599.71|58053.85
59|83|"SAN LUIS"|22|"BEBIDAS, LIQUIDOS ALCOHOLICOS Y VINAGRE"|1|8797.34|5292.7
60|83|"SAN LUIS"|22|"BEBIDAS, LIQUIDOS ALCOHOLICOS Y VINAGRE"|4|61748.84|35130.6
61|83|"SAN LUIS"|22|"BEBIDAS, LIQUIDOS ALCOHOLICOS Y VINAGRE"|4|36275.76|20964.7
62|83|"SAN LUIS"|22|"BEBIDAS, LIQUIDOS ALCOHOLICOS Y VINAGRE"|5|49410.29|102045.16
63|83|"SAN LUIS"|22|"BEBIDAS, LIQUIDOS ALCOHOLICOS Y VINAGRE"|5|66431.01|38579.9
64|83|"SAN LUIS"|22|"BEBIDAS, LIQUIDOS ALCOHOLICOS Y VINAGRE"|6|99664.42|132259.92
65|83|"SAN LUIS"|22|"BEBIDAS, LIQUIDOS ALCOHOLICOS Y VINAGRE"|6|63267.78|59991.8
66|83|"SAN LUIS"|22|"BEBIDAS, LIQUIDOS ALCOHOLICOS Y VINAGRE"|8|104807.36|72736.2
67|83|"SAN LUIS"|22|"BEBIDAS, LIQUIDOS ALCOHOLICOS Y VINAGRE"|3|55777.84|110920
68|83|"SAN LUIS"|22|"BEBIDAS, LIQUIDOS ALCOHOLICOS Y VINAGRE"|4|48414.43|76291.62
69|83|"SAN LUIS"|22|"BEBIDAS, LIQUIDOS ALCOHOLICOS Y VINAGRE"|1|15274.75|10469.6
70|83|"SAN LUIS"|22|"BEBIDAS, LIQUIDOS ALCOHOLICOS Y VINAGRE"|4|68100.41|40109.5
71|83|"SAN LUIS"|22|"BEBIDAS, LIQUIDOS ALCOHOLICOS Y VINAGRE"|4|33021.4|24812
72|83|"SAN LUIS"|22|"BEBIDAS, LIQUIDOS ALCOHOLICOS Y VINAGRE"|7|94492.56|74358.4
73|83|"SAN LUIS"|22|"BEBIDAS, LIQUIDOS ALCOHOLICOS Y VINAGRE"|2|25437.53|19287.3
74|83|"SAN LUIS"|22|"BEBIDAS, LIQUIDOS ALCOHOLICOS Y VINAGRE"|1|7846.4|4864
75|83|"SAN LUIS"|22|"BEBIDAS, LIQUIDOS ALCOHOLICOS Y VINAGRE"|3|16257.54|22379.49
76|83|"SAN LUIS"|22|"BEBIDAS, LIQUIDOS ALCOHOLICOS Y VINAGRE"|3|29201.12|17919.5
77|83|"SAN LUIS"|22|"BEBIDAS, LIQUIDOS ALCOHOLICOS Y VINAGRE"|6|105241.18|183738.74
78|83|"SAN LUIS"|22|"BEBIDAS, LIQUIDOS ALCOHOLICOS Y VINAGRE"|2|21915.33|15760.2
80|83|"SAN LUIS"|22|"BEBIDAS, LIQUIDOS ALCOHOLICOS Y VINAGRE"|3|64761.84|161298.54
81|83|"SAN LUIS"|22|"BEBIDAS, LIQUIDOS ALCOHOLICOS Y VINAGRE"|2|18331.26|12466.5
82|83|"SAN LUIS"|22|"BEBIDAS, LIQUIDOS ALCOHOLICOS Y VINAGRE"|2|47171.22|24808
83|83|"SAN LUIS"|22|"BEBIDAS, LIQUIDOS ALCOHOLICOS Y VINAGRE"|1|17673.61|10608
84|83|"SAN LUIS"|22|"BEBIDAS, LIQUIDOS ALCOHOLICOS Y VINAGRE"|7|139297.36|203015.54
85|83|"SAN LUIS"|22|"BEBIDAS, LIQUIDOS ALCOHOLICOS Y VINAGRE"|2|33424.01|19968
86|83|"SAN LUIS"|22|"BEBIDAS, LIQUIDOS ALCOHOLICOS Y VINAGRE"|1|22208.27|21035.7
87|83|"SAN LUIS"|22|"BEBIDAS, LIQUIDOS ALCOHOLICOS Y VINAGRE"|6|88212.66|170732.85
88|83|"SAN LUIS"|22|"BEBIDAS, LIQUIDOS ALCOHOLICOS Y VINAGRE"|1|6477.41|6350.4
89|83|"SAN LUIS"|22|"BEBIDAS, LIQUIDOS ALCOHOLICOS Y VINAGRE"|3|70723.23|41856
90|83|"SAN LUIS"|22|"BEBIDAS, LIQUIDOS ALCOHOLICOS Y VINAGRE"|4|60008.71|40396.4
91|83|"SAN LUIS"|22|"BEBIDAS, LIQUIDOS ALCOHOLICOS Y VINAGRE"|4|68635.98|147669.74
92|83|"SAN LUIS"|22|"BEBIDAS, LIQUIDOS ALCOHOLICOS Y VINAGRE"|3|25653.8|42378.96
93|83|"SAN LUIS"|22|"BEBIDAS, LIQUIDOS ALCOHOLICOS Y VINAGRE"|5|72802.85|52886.4
94|83|"SAN LUIS"|22|"BEBIDAS, LIQUIDOS ALCOHOLICOS Y VINAGRE"|3|70777.62|43264
95|83|"SAN LUIS"|22|"BEBIDAS, LIQUIDOS ALCOHOLICOS Y VINAGRE"|2|19132.9|14214.5
96|83|"SAN LUIS"|22|"BEBIDAS, LIQUIDOS ALCOHOLICOS Y VINAGRE"|2|27474.14|16565.4
97|83|"SAN LUIS"|22|"BEBIDAS, LIQUIDOS ALCOHOLICOS Y VINAGRE"|1|15098.79|12462.3
98|83|"SAN LUIS"|22|"BEBIDAS, LIQUIDOS ALCOHOLICOS Y VINAGRE"|3|54872.57|36933.4
99|83|"SAN LUIS"|22|"BEBIDAS, LIQUIDOS ALCOHOLICOS Y VINAGRE"|2|25773.49|19460.7
100|83|"SAN LUIS"|22|"BEBIDAS, LIQUIDOS ALCOHOLICOS Y VINAGRE"|6|71788.63|115918.67
101|83|"SAN LUIS"|22|"BEBIDAS, LIQUIDOS ALCOHOLICOS Y VINAGRE"|2|25287.52|16848.8
102|83|"SAN LUIS"|22|"BEBIDAS, LIQUIDOS ALCOHOLICOS Y VINAGRE"|6|69668.65|56816.4
