"semana"|"aduana"|"aduana_desc"|"mercaderia"|"mercaderia_desc"|"cantidad"|"kilos"|"importe"
69|91|"BS.AS. NORTE"|57|"ALFOMBRAS Y DEMAS REVESTIMIENTOS PARA EL SUELO, DE MATERIA T"|2|949.5|13336.4
70|91|"BS.AS. NORTE"|57|"ALFOMBRAS Y DEMAS REVESTIMIENTOS PARA EL SUELO, DE MATERIA T"|4|2407.84|35717.24
73|91|"BS.AS. NORTE"|57|"ALFOMBRAS Y DEMAS REVESTIMIENTOS PARA EL SUELO, DE MATERIA T"|1|267.8|6228.08
74|91|"BS.AS. NORTE"|57|"ALFOMBRAS Y DEMAS REVESTIMIENTOS PARA EL SUELO, DE MATERIA T"|4|8023.58|67097.02
76|91|"BS.AS. NORTE"|57|"ALFOMBRAS Y DEMAS REVESTIMIENTOS PARA EL SUELO, DE MATERIA T"|2|12857|83846.9
77|91|"BS.AS. NORTE"|57|"ALFOMBRAS Y DEMAS REVESTIMIENTOS PARA EL SUELO, DE MATERIA T"|1|342.28|18735.6
81|91|"BS.AS. NORTE"|57|"ALFOMBRAS Y DEMAS REVESTIMIENTOS PARA EL SUELO, DE MATERIA T"|2|14024.9|130469.6
82|91|"BS.AS. NORTE"|57|"ALFOMBRAS Y DEMAS REVESTIMIENTOS PARA EL SUELO, DE MATERIA T"|4|527.28|14250
83|91|"BS.AS. NORTE"|57|"ALFOMBRAS Y DEMAS REVESTIMIENTOS PARA EL SUELO, DE MATERIA T"|1|448.92|8271.52
86|91|"BS.AS. NORTE"|57|"ALFOMBRAS Y DEMAS REVESTIMIENTOS PARA EL SUELO, DE MATERIA T"|1|116|1788
87|91|"BS.AS. NORTE"|57|"ALFOMBRAS Y DEMAS REVESTIMIENTOS PARA EL SUELO, DE MATERIA T"|3|5838.57|80194.28
88|91|"BS.AS. NORTE"|57|"ALFOMBRAS Y DEMAS REVESTIMIENTOS PARA EL SUELO, DE MATERIA T"|4|25950|164802.26
91|91|"BS.AS. NORTE"|57|"ALFOMBRAS Y DEMAS REVESTIMIENTOS PARA EL SUELO, DE MATERIA T"|4|487.56|11132.22
92|91|"BS.AS. NORTE"|57|"ALFOMBRAS Y DEMAS REVESTIMIENTOS PARA EL SUELO, DE MATERIA T"|4|10098.92|96072.61
93|91|"BS.AS. NORTE"|57|"ALFOMBRAS Y DEMAS REVESTIMIENTOS PARA EL SUELO, DE MATERIA T"|1|14420.24|53543.75
95|91|"BS.AS. NORTE"|57|"ALFOMBRAS Y DEMAS REVESTIMIENTOS PARA EL SUELO, DE MATERIA T"|4|5739.68|82659.64
98|91|"BS.AS. NORTE"|57|"ALFOMBRAS Y DEMAS REVESTIMIENTOS PARA EL SUELO, DE MATERIA T"|2|15635.8|55319.15
99|91|"BS.AS. NORTE"|57|"ALFOMBRAS Y DEMAS REVESTIMIENTOS PARA EL SUELO, DE MATERIA T"|3|7509.28|65529.2
102|91|"BS.AS. NORTE"|57|"ALFOMBRAS Y DEMAS REVESTIMIENTOS PARA EL SUELO, DE MATERIA T"|3|339.1|7025
