"semana"|"aduana"|"aduana_desc"|"mercaderia"|"mercaderia_desc"|"cantidad"|"kilos"|"importe"
1|84|"SANTO TOME"|12|"SEMILLAS Y FRUTOS OLEAGINOSOS; SEMILLAS Y FRUTOS DIVERSOS; P"|4|169000|127340
2|84|"SANTO TOME"|12|"SEMILLAS Y FRUTOS OLEAGINOSOS; SEMILLAS Y FRUTOS DIVERSOS; P"|1|56000|41776
3|84|"SANTO TOME"|12|"SEMILLAS Y FRUTOS OLEAGINOSOS; SEMILLAS Y FRUTOS DIVERSOS; P"|1|24948|16715.16
5|84|"SANTO TOME"|12|"SEMILLAS Y FRUTOS OLEAGINOSOS; SEMILLAS Y FRUTOS DIVERSOS; P"|1|56000|44240
6|84|"SANTO TOME"|12|"SEMILLAS Y FRUTOS OLEAGINOSOS; SEMILLAS Y FRUTOS DIVERSOS; P"|3|74844|45654.84
7|84|"SANTO TOME"|12|"SEMILLAS Y FRUTOS OLEAGINOSOS; SEMILLAS Y FRUTOS DIVERSOS; P"|1|51760|35714.4
8|84|"SANTO TOME"|12|"SEMILLAS Y FRUTOS OLEAGINOSOS; SEMILLAS Y FRUTOS DIVERSOS; P"|1|28000|19390
9|84|"SANTO TOME"|12|"SEMILLAS Y FRUTOS OLEAGINOSOS; SEMILLAS Y FRUTOS DIVERSOS; P"|2|54000|39204
10|84|"SANTO TOME"|12|"SEMILLAS Y FRUTOS OLEAGINOSOS; SEMILLAS Y FRUTOS DIVERSOS; P"|2|47628|29529.36
11|84|"SANTO TOME"|12|"SEMILLAS Y FRUTOS OLEAGINOSOS; SEMILLAS Y FRUTOS DIVERSOS; P"|4|80262|184932.44
12|84|"SANTO TOME"|12|"SEMILLAS Y FRUTOS OLEAGINOSOS; SEMILLAS Y FRUTOS DIVERSOS; P"|1|25000|17750
13|84|"SANTO TOME"|12|"SEMILLAS Y FRUTOS OLEAGINOSOS; SEMILLAS Y FRUTOS DIVERSOS; P"|2|48762|30232.44
14|84|"SANTO TOME"|12|"SEMILLAS Y FRUTOS OLEAGINOSOS; SEMILLAS Y FRUTOS DIVERSOS; P"|2|48762|30232.44
15|84|"SANTO TOME"|12|"SEMILLAS Y FRUTOS OLEAGINOSOS; SEMILLAS Y FRUTOS DIVERSOS; P"|2|84000|62160
16|84|"SANTO TOME"|12|"SEMILLAS Y FRUTOS OLEAGINOSOS; SEMILLAS Y FRUTOS DIVERSOS; P"|6|419.18|9961.66
17|84|"SANTO TOME"|12|"SEMILLAS Y FRUTOS OLEAGINOSOS; SEMILLAS Y FRUTOS DIVERSOS; P"|4|104762|68872.44
20|84|"SANTO TOME"|12|"SEMILLAS Y FRUTOS OLEAGINOSOS; SEMILLAS Y FRUTOS DIVERSOS; P"|2|48762|29622.92
21|84|"SANTO TOME"|12|"SEMILLAS Y FRUTOS OLEAGINOSOS; SEMILLAS Y FRUTOS DIVERSOS; P"|7|48806.25|30614.41
22|84|"SANTO TOME"|12|"SEMILLAS Y FRUTOS OLEAGINOSOS; SEMILLAS Y FRUTOS DIVERSOS; P"|5|160762|116263.88
23|84|"SANTO TOME"|12|"SEMILLAS Y FRUTOS OLEAGINOSOS; SEMILLAS Y FRUTOS DIVERSOS; P"|3|79141|52595.86
24|84|"SANTO TOME"|12|"SEMILLAS Y FRUTOS OLEAGINOSOS; SEMILLAS Y FRUTOS DIVERSOS; P"|2|48762|33523.88
25|84|"SANTO TOME"|12|"SEMILLAS Y FRUTOS OLEAGINOSOS; SEMILLAS Y FRUTOS DIVERSOS; P"|3|76762|54663.88
26|84|"SANTO TOME"|12|"SEMILLAS Y FRUTOS OLEAGINOSOS; SEMILLAS Y FRUTOS DIVERSOS; P"|1|26000|19630
28|84|"SANTO TOME"|12|"SEMILLAS Y FRUTOS OLEAGINOSOS; SEMILLAS Y FRUTOS DIVERSOS; P"|1|28000|20720
29|84|"SANTO TOME"|12|"SEMILLAS Y FRUTOS OLEAGINOSOS; SEMILLAS Y FRUTOS DIVERSOS; P"|2|52381|35811.46
32|84|"SANTO TOME"|12|"SEMILLAS Y FRUTOS OLEAGINOSOS; SEMILLAS Y FRUTOS DIVERSOS; P"|1|24381|14811.46
34|84|"SANTO TOME"|12|"SEMILLAS Y FRUTOS OLEAGINOSOS; SEMILLAS Y FRUTOS DIVERSOS; P"|4|130762|92352.92
36|84|"SANTO TOME"|12|"SEMILLAS Y FRUTOS OLEAGINOSOS; SEMILLAS Y FRUTOS DIVERSOS; P"|5|570.6|12150.36
37|84|"SANTO TOME"|12|"SEMILLAS Y FRUTOS OLEAGINOSOS; SEMILLAS Y FRUTOS DIVERSOS; P"|5|718.35|15145.26
38|84|"SANTO TOME"|12|"SEMILLAS Y FRUTOS OLEAGINOSOS; SEMILLAS Y FRUTOS DIVERSOS; P"|1|28000|21560
40|84|"SANTO TOME"|12|"SEMILLAS Y FRUTOS OLEAGINOSOS; SEMILLAS Y FRUTOS DIVERSOS; P"|10|1536.15|31996.44
42|84|"SANTO TOME"|12|"SEMILLAS Y FRUTOS OLEAGINOSOS; SEMILLAS Y FRUTOS DIVERSOS; P"|1|24381|16579.08
44|84|"SANTO TOME"|12|"SEMILLAS Y FRUTOS OLEAGINOSOS; SEMILLAS Y FRUTOS DIVERSOS; P"|5|65.4|1362.69
45|84|"SANTO TOME"|12|"SEMILLAS Y FRUTOS OLEAGINOSOS; SEMILLAS Y FRUTOS DIVERSOS; P"|1|112.5|2362.5
47|84|"SANTO TOME"|12|"SEMILLAS Y FRUTOS OLEAGINOSOS; SEMILLAS Y FRUTOS DIVERSOS; P"|2|72000|62340
49|84|"SANTO TOME"|12|"SEMILLAS Y FRUTOS OLEAGINOSOS; SEMILLAS Y FRUTOS DIVERSOS; P"|3|412.5|8550
50|84|"SANTO TOME"|12|"SEMILLAS Y FRUTOS OLEAGINOSOS; SEMILLAS Y FRUTOS DIVERSOS; P"|4|127762|79895.72
51|84|"SANTO TOME"|12|"SEMILLAS Y FRUTOS OLEAGINOSOS; SEMILLAS Y FRUTOS DIVERSOS; P"|2|104000|67808
52|84|"SANTO TOME"|12|"SEMILLAS Y FRUTOS OLEAGINOSOS; SEMILLAS Y FRUTOS DIVERSOS; P"|4|52705|49084.02
53|84|"SANTO TOME"|12|"SEMILLAS Y FRUTOS OLEAGINOSOS; SEMILLAS Y FRUTOS DIVERSOS; P"|1|52000|33904
54|84|"SANTO TOME"|12|"SEMILLAS Y FRUTOS OLEAGINOSOS; SEMILLAS Y FRUTOS DIVERSOS; P"|2|51000|56452
55|84|"SANTO TOME"|12|"SEMILLAS Y FRUTOS OLEAGINOSOS; SEMILLAS Y FRUTOS DIVERSOS; P"|9|143787.8|129653.44
56|84|"SANTO TOME"|12|"SEMILLAS Y FRUTOS OLEAGINOSOS; SEMILLAS Y FRUTOS DIVERSOS; P"|6|52081.06|35568.29
57|84|"SANTO TOME"|12|"SEMILLAS Y FRUTOS OLEAGINOSOS; SEMILLAS Y FRUTOS DIVERSOS; P"|2|50000|34100
58|84|"SANTO TOME"|12|"SEMILLAS Y FRUTOS OLEAGINOSOS; SEMILLAS Y FRUTOS DIVERSOS; P"|7|128205|81398.4
59|84|"SANTO TOME"|12|"SEMILLAS Y FRUTOS OLEAGINOSOS; SEMILLAS Y FRUTOS DIVERSOS; P"|7|27984.04|38832.66
61|84|"SANTO TOME"|12|"SEMILLAS Y FRUTOS OLEAGINOSOS; SEMILLAS Y FRUTOS DIVERSOS; P"|2|50000|79000
62|84|"SANTO TOME"|12|"SEMILLAS Y FRUTOS OLEAGINOSOS; SEMILLAS Y FRUTOS DIVERSOS; P"|1|52000|41080
66|84|"SANTO TOME"|12|"SEMILLAS Y FRUTOS OLEAGINOSOS; SEMILLAS Y FRUTOS DIVERSOS; P"|2|57000|37050
67|84|"SANTO TOME"|12|"SEMILLAS Y FRUTOS OLEAGINOSOS; SEMILLAS Y FRUTOS DIVERSOS; P"|2|78000|61620
70|84|"SANTO TOME"|12|"SEMILLAS Y FRUTOS OLEAGINOSOS; SEMILLAS Y FRUTOS DIVERSOS; P"|1|52000|35880
72|84|"SANTO TOME"|12|"SEMILLAS Y FRUTOS OLEAGINOSOS; SEMILLAS Y FRUTOS DIVERSOS; P"|5|2590.65|54469.9
73|84|"SANTO TOME"|12|"SEMILLAS Y FRUTOS OLEAGINOSOS; SEMILLAS Y FRUTOS DIVERSOS; P"|1|28000|18704
74|84|"SANTO TOME"|12|"SEMILLAS Y FRUTOS OLEAGINOSOS; SEMILLAS Y FRUTOS DIVERSOS; P"|6|53509|68142.9
75|84|"SANTO TOME"|12|"SEMILLAS Y FRUTOS OLEAGINOSOS; SEMILLAS Y FRUTOS DIVERSOS; P"|4|106.72|2305.68
78|84|"SANTO TOME"|12|"SEMILLAS Y FRUTOS OLEAGINOSOS; SEMILLAS Y FRUTOS DIVERSOS; P"|5|52301.2|48512.98
79|84|"SANTO TOME"|12|"SEMILLAS Y FRUTOS OLEAGINOSOS; SEMILLAS Y FRUTOS DIVERSOS; P"|1|28000|18480
82|84|"SANTO TOME"|12|"SEMILLAS Y FRUTOS OLEAGINOSOS; SEMILLAS Y FRUTOS DIVERSOS; P"|7|57312.1|44953.64
87|84|"SANTO TOME"|12|"SEMILLAS Y FRUTOS OLEAGINOSOS; SEMILLAS Y FRUTOS DIVERSOS; P"|1|28000|17724
88|84|"SANTO TOME"|12|"SEMILLAS Y FRUTOS OLEAGINOSOS; SEMILLAS Y FRUTOS DIVERSOS; P"|1|52000|41080
95|84|"SANTO TOME"|12|"SEMILLAS Y FRUTOS OLEAGINOSOS; SEMILLAS Y FRUTOS DIVERSOS; P"|4|25291.25|27754.4
97|84|"SANTO TOME"|12|"SEMILLAS Y FRUTOS OLEAGINOSOS; SEMILLAS Y FRUTOS DIVERSOS; P"|4|498.75|10572.93
101|84|"SANTO TOME"|12|"SEMILLAS Y FRUTOS OLEAGINOSOS; SEMILLAS Y FRUTOS DIVERSOS; P"|5|937.35|20218.87
