"semana"|"aduana"|"aduana_desc"|"mercaderia"|"mercaderia_desc"|"cantidad"|"kilos"|"importe"
77|92|"BS.AS. SUR"|46|"MANUFACTURAS DE ESPARTERIA O CESTERIA"|3|26.91|242
80|92|"BS.AS. SUR"|46|"MANUFACTURAS DE ESPARTERIA O CESTERIA"|1|1040|9563
85|92|"BS.AS. SUR"|46|"MANUFACTURAS DE ESPARTERIA O CESTERIA"|2|101.44|397
99|92|"BS.AS. SUR"|46|"MANUFACTURAS DE ESPARTERIA O CESTERIA"|2|28|4644.99
102|92|"BS.AS. SUR"|46|"MANUFACTURAS DE ESPARTERIA O CESTERIA"|2|96.84|2161
103|92|"BS.AS. SUR"|46|"MANUFACTURAS DE ESPARTERIA O CESTERIA"|1|6|1006.74
