"semana"|"aduana"|"aduana_desc"|"mercaderia"|"mercaderia_desc"|"cantidad"|"kilos"|"importe"
71|91|"BS.AS. NORTE"|52|"ALGODON"|10|2662.1|23791.19
72|91|"BS.AS. NORTE"|52|"ALGODON"|1|49000|71461.6
74|91|"BS.AS. NORTE"|52|"ALGODON"|13|412789.2|584492.03
75|91|"BS.AS. NORTE"|52|"ALGODON"|3|52001|89707.45
76|91|"BS.AS. NORTE"|52|"ALGODON"|16|611206.99|850272.85
77|91|"BS.AS. NORTE"|52|"ALGODON"|2|75880|109976.21
78|91|"BS.AS. NORTE"|52|"ALGODON"|7|293340|423370.31
79|91|"BS.AS. NORTE"|52|"ALGODON"|7|118019.68|169458.66
80|91|"BS.AS. NORTE"|52|"ALGODON"|5|297920|434963.32
81|91|"BS.AS. NORTE"|52|"ALGODON"|4|108040|159776.12
82|91|"BS.AS. NORTE"|52|"ALGODON"|5|277906.8|265398.86
83|91|"BS.AS. NORTE"|52|"ALGODON"|9|656571.3|756269.97
84|91|"BS.AS. NORTE"|52|"ALGODON"|8|361816.01|638214.13
85|91|"BS.AS. NORTE"|52|"ALGODON"|2|184600|272696.8
86|91|"BS.AS. NORTE"|52|"ALGODON"|8|608900|645866.25
87|91|"BS.AS. NORTE"|52|"ALGODON"|9|329890.96|463426.1
88|91|"BS.AS. NORTE"|52|"ALGODON"|4|349674.7|312438.32
89|91|"BS.AS. NORTE"|52|"ALGODON"|8|735000|817260.39
90|91|"BS.AS. NORTE"|52|"ALGODON"|7|565413|580153.97
91|91|"BS.AS. NORTE"|52|"ALGODON"|6|244061|326561.38
92|91|"BS.AS. NORTE"|52|"ALGODON"|7|537086|702188.53
93|91|"BS.AS. NORTE"|52|"ALGODON"|4|456012.04|421942.66
94|91|"BS.AS. NORTE"|52|"ALGODON"|9|477780|634566.44
95|91|"BS.AS. NORTE"|52|"ALGODON"|1|24784.5|15295.01
96|91|"BS.AS. NORTE"|52|"ALGODON"|4|111585.83|154441.44
97|91|"BS.AS. NORTE"|52|"ALGODON"|5|95392.42|251310.97
98|91|"BS.AS. NORTE"|52|"ALGODON"|3|8070|89526.91
99|91|"BS.AS. NORTE"|52|"ALGODON"|2|20278.75|13181.34
100|91|"BS.AS. NORTE"|52|"ALGODON"|2|95759|60115.88
102|91|"BS.AS. NORTE"|52|"ALGODON"|9|100160.35|257509.63
103|91|"BS.AS. NORTE"|52|"ALGODON"|3|156969.21|97862.35
104|91|"BS.AS. NORTE"|52|"ALGODON"|1|9.5|25.55
