"semana"|"aduana"|"aduana_desc"|"mercaderia"|"mercaderia_desc"|"cantidad"|"kilos"|"importe"
68|91|"BS.AS. NORTE"|2|"CARNE Y DESPOJOS COMESTIBLES"|3|63145|102060.25
69|91|"BS.AS. NORTE"|2|"CARNE Y DESPOJOS COMESTIBLES"|488|3000104.4|9393699.07
70|91|"BS.AS. NORTE"|2|"CARNE Y DESPOJOS COMESTIBLES"|150|2835815.98|11876986.89
71|91|"BS.AS. NORTE"|2|"CARNE Y DESPOJOS COMESTIBLES"|182|2832090.75|11353443.48
72|91|"BS.AS. NORTE"|2|"CARNE Y DESPOJOS COMESTIBLES"|281|3248105.52|14056587.49
73|91|"BS.AS. NORTE"|2|"CARNE Y DESPOJOS COMESTIBLES"|234|1478156.1|4861372.11
74|91|"BS.AS. NORTE"|2|"CARNE Y DESPOJOS COMESTIBLES"|558|4005089.43|16076988.95
75|91|"BS.AS. NORTE"|2|"CARNE Y DESPOJOS COMESTIBLES"|429|3656816.77|16252880.3
76|91|"BS.AS. NORTE"|2|"CARNE Y DESPOJOS COMESTIBLES"|281|3230809.62|13445968.82
77|91|"BS.AS. NORTE"|2|"CARNE Y DESPOJOS COMESTIBLES"|340|2545275.2|9601266.71
78|91|"BS.AS. NORTE"|2|"CARNE Y DESPOJOS COMESTIBLES"|418|3689525.4|15949481.88
79|91|"BS.AS. NORTE"|2|"CARNE Y DESPOJOS COMESTIBLES"|387|2613018.99|10546017.08
80|91|"BS.AS. NORTE"|2|"CARNE Y DESPOJOS COMESTIBLES"|295|1671936.26|5321887.83
81|91|"BS.AS. NORTE"|2|"CARNE Y DESPOJOS COMESTIBLES"|447|3231996.76|13899357.57
82|91|"BS.AS. NORTE"|2|"CARNE Y DESPOJOS COMESTIBLES"|267|2021759.46|6149879.94
83|91|"BS.AS. NORTE"|2|"CARNE Y DESPOJOS COMESTIBLES"|418|3222813.06|13374889.72
84|91|"BS.AS. NORTE"|2|"CARNE Y DESPOJOS COMESTIBLES"|238|2464620.29|8436164.41
85|91|"BS.AS. NORTE"|2|"CARNE Y DESPOJOS COMESTIBLES"|595|2932066.97|13074122.97
86|91|"BS.AS. NORTE"|2|"CARNE Y DESPOJOS COMESTIBLES"|246|3402539.54|14252081.54
87|91|"BS.AS. NORTE"|2|"CARNE Y DESPOJOS COMESTIBLES"|238|1206811.66|4730480.47
88|91|"BS.AS. NORTE"|2|"CARNE Y DESPOJOS COMESTIBLES"|390|2271414.98|9095893.76
89|91|"BS.AS. NORTE"|2|"CARNE Y DESPOJOS COMESTIBLES"|341|2878745.61|13203448.47
90|91|"BS.AS. NORTE"|2|"CARNE Y DESPOJOS COMESTIBLES"|421|2777016.65|11429200.78
91|91|"BS.AS. NORTE"|2|"CARNE Y DESPOJOS COMESTIBLES"|180|1522223.58|4456777.84
92|91|"BS.AS. NORTE"|2|"CARNE Y DESPOJOS COMESTIBLES"|289|3430130.97|14472768.21
93|91|"BS.AS. NORTE"|2|"CARNE Y DESPOJOS COMESTIBLES"|321|2913316.05|14479179.12
94|91|"BS.AS. NORTE"|2|"CARNE Y DESPOJOS COMESTIBLES"|392|1857459.61|7163337.87
95|91|"BS.AS. NORTE"|2|"CARNE Y DESPOJOS COMESTIBLES"|289|2611278.95|11611408.93
96|91|"BS.AS. NORTE"|2|"CARNE Y DESPOJOS COMESTIBLES"|357|1671492.37|8538842
97|91|"BS.AS. NORTE"|2|"CARNE Y DESPOJOS COMESTIBLES"|252|1594329.38|5910705.11
98|91|"BS.AS. NORTE"|2|"CARNE Y DESPOJOS COMESTIBLES"|330|2441559.11|10995096.8
99|91|"BS.AS. NORTE"|2|"CARNE Y DESPOJOS COMESTIBLES"|321|2416815.05|8326831.84
100|91|"BS.AS. NORTE"|2|"CARNE Y DESPOJOS COMESTIBLES"|68|1663259.66|7752481.63
101|91|"BS.AS. NORTE"|2|"CARNE Y DESPOJOS COMESTIBLES"|146|1036667.15|3998793.19
102|91|"BS.AS. NORTE"|2|"CARNE Y DESPOJOS COMESTIBLES"|156|2095368.95|8671010.54
103|91|"BS.AS. NORTE"|2|"CARNE Y DESPOJOS COMESTIBLES"|499|3187038.72|16762528.76
104|91|"BS.AS. NORTE"|2|"CARNE Y DESPOJOS COMESTIBLES"|220|2009654.53|10211351.71
