"semana"|"aduana"|"aduana_desc"|"mercaderia"|"mercaderia_desc"|"cantidad"|"kilos"|"importe"
68|92|"BS.AS. SUR"|5|"LOS DEMAS PRODUCTOS DE ORIGEN ANIMAL, NO EXPRESADOS NI COMPR"|1|54000|40176
69|92|"BS.AS. SUR"|5|"LOS DEMAS PRODUCTOS DE ORIGEN ANIMAL, NO EXPRESADOS NI COMPR"|8|330890|201929
70|92|"BS.AS. SUR"|5|"LOS DEMAS PRODUCTOS DE ORIGEN ANIMAL, NO EXPRESADOS NI COMPR"|14|492740|393276
71|92|"BS.AS. SUR"|5|"LOS DEMAS PRODUCTOS DE ORIGEN ANIMAL, NO EXPRESADOS NI COMPR"|16|420087|313139.74
72|92|"BS.AS. SUR"|5|"LOS DEMAS PRODUCTOS DE ORIGEN ANIMAL, NO EXPRESADOS NI COMPR"|24|584179|423456.38
73|92|"BS.AS. SUR"|5|"LOS DEMAS PRODUCTOS DE ORIGEN ANIMAL, NO EXPRESADOS NI COMPR"|15|471614|374530
74|92|"BS.AS. SUR"|5|"LOS DEMAS PRODUCTOS DE ORIGEN ANIMAL, NO EXPRESADOS NI COMPR"|40|1504139|1201231.27
75|92|"BS.AS. SUR"|5|"LOS DEMAS PRODUCTOS DE ORIGEN ANIMAL, NO EXPRESADOS NI COMPR"|8|483786|311121.59
76|92|"BS.AS. SUR"|5|"LOS DEMAS PRODUCTOS DE ORIGEN ANIMAL, NO EXPRESADOS NI COMPR"|20|595311.01|576680.51
77|92|"BS.AS. SUR"|5|"LOS DEMAS PRODUCTOS DE ORIGEN ANIMAL, NO EXPRESADOS NI COMPR"|26|845744|551917.92
78|92|"BS.AS. SUR"|5|"LOS DEMAS PRODUCTOS DE ORIGEN ANIMAL, NO EXPRESADOS NI COMPR"|32|726567|561352.49
79|92|"BS.AS. SUR"|5|"LOS DEMAS PRODUCTOS DE ORIGEN ANIMAL, NO EXPRESADOS NI COMPR"|33|938040|836981.2
80|92|"BS.AS. SUR"|5|"LOS DEMAS PRODUCTOS DE ORIGEN ANIMAL, NO EXPRESADOS NI COMPR"|25|753901|553793.91
81|92|"BS.AS. SUR"|5|"LOS DEMAS PRODUCTOS DE ORIGEN ANIMAL, NO EXPRESADOS NI COMPR"|23|735078.3|540834.26
82|92|"BS.AS. SUR"|5|"LOS DEMAS PRODUCTOS DE ORIGEN ANIMAL, NO EXPRESADOS NI COMPR"|29|1015013|653560.51
83|92|"BS.AS. SUR"|5|"LOS DEMAS PRODUCTOS DE ORIGEN ANIMAL, NO EXPRESADOS NI COMPR"|29|755161|647715.34
84|92|"BS.AS. SUR"|5|"LOS DEMAS PRODUCTOS DE ORIGEN ANIMAL, NO EXPRESADOS NI COMPR"|58|1889670|1427929.38
85|92|"BS.AS. SUR"|5|"LOS DEMAS PRODUCTOS DE ORIGEN ANIMAL, NO EXPRESADOS NI COMPR"|28|591615|455360.64
86|92|"BS.AS. SUR"|5|"LOS DEMAS PRODUCTOS DE ORIGEN ANIMAL, NO EXPRESADOS NI COMPR"|40|848663.2|720072.17
87|92|"BS.AS. SUR"|5|"LOS DEMAS PRODUCTOS DE ORIGEN ANIMAL, NO EXPRESADOS NI COMPR"|43|1844772.19|1379764.92
88|92|"BS.AS. SUR"|5|"LOS DEMAS PRODUCTOS DE ORIGEN ANIMAL, NO EXPRESADOS NI COMPR"|41|1695000|1053509
89|92|"BS.AS. SUR"|5|"LOS DEMAS PRODUCTOS DE ORIGEN ANIMAL, NO EXPRESADOS NI COMPR"|55|1877700|1375288
90|92|"BS.AS. SUR"|5|"LOS DEMAS PRODUCTOS DE ORIGEN ANIMAL, NO EXPRESADOS NI COMPR"|45|1745336.29|1083260.36
91|92|"BS.AS. SUR"|5|"LOS DEMAS PRODUCTOS DE ORIGEN ANIMAL, NO EXPRESADOS NI COMPR"|39|1084890|776880.5
92|92|"BS.AS. SUR"|5|"LOS DEMAS PRODUCTOS DE ORIGEN ANIMAL, NO EXPRESADOS NI COMPR"|65|2020697|1378343.66
93|92|"BS.AS. SUR"|5|"LOS DEMAS PRODUCTOS DE ORIGEN ANIMAL, NO EXPRESADOS NI COMPR"|19|545605|429251.4
94|92|"BS.AS. SUR"|5|"LOS DEMAS PRODUCTOS DE ORIGEN ANIMAL, NO EXPRESADOS NI COMPR"|35|1184958|843175.32
95|92|"BS.AS. SUR"|5|"LOS DEMAS PRODUCTOS DE ORIGEN ANIMAL, NO EXPRESADOS NI COMPR"|40|1437623|1139874.75
96|92|"BS.AS. SUR"|5|"LOS DEMAS PRODUCTOS DE ORIGEN ANIMAL, NO EXPRESADOS NI COMPR"|30|1048105.41|964955.52
97|92|"BS.AS. SUR"|5|"LOS DEMAS PRODUCTOS DE ORIGEN ANIMAL, NO EXPRESADOS NI COMPR"|39|902445.3|745281.94
98|92|"BS.AS. SUR"|5|"LOS DEMAS PRODUCTOS DE ORIGEN ANIMAL, NO EXPRESADOS NI COMPR"|21|482929.22|454188.99
99|92|"BS.AS. SUR"|5|"LOS DEMAS PRODUCTOS DE ORIGEN ANIMAL, NO EXPRESADOS NI COMPR"|36|896862|692511.5
100|92|"BS.AS. SUR"|5|"LOS DEMAS PRODUCTOS DE ORIGEN ANIMAL, NO EXPRESADOS NI COMPR"|25|518563|375811.67
101|92|"BS.AS. SUR"|5|"LOS DEMAS PRODUCTOS DE ORIGEN ANIMAL, NO EXPRESADOS NI COMPR"|11|532000|430780
102|92|"BS.AS. SUR"|5|"LOS DEMAS PRODUCTOS DE ORIGEN ANIMAL, NO EXPRESADOS NI COMPR"|19|379113|281369.07
103|92|"BS.AS. SUR"|5|"LOS DEMAS PRODUCTOS DE ORIGEN ANIMAL, NO EXPRESADOS NI COMPR"|48|1329265|1150889.52
104|92|"BS.AS. SUR"|5|"LOS DEMAS PRODUCTOS DE ORIGEN ANIMAL, NO EXPRESADOS NI COMPR"|18|416263|362414.4
