"semana"|"aduana"|"aduana_desc"|"mercaderia"|"mercaderia_desc"|"cantidad"|"kilos"|"importe"
67|91|"BS.AS. NORTE"|39|"PLASTICO Y SUS MANUFACTURAS"|1|4140|13951.8
68|91|"BS.AS. NORTE"|39|"PLASTICO Y SUS MANUFACTURAS"|21|228799.43|515552.38
69|91|"BS.AS. NORTE"|39|"PLASTICO Y SUS MANUFACTURAS"|236|1513417.9|4172338.94
70|91|"BS.AS. NORTE"|39|"PLASTICO Y SUS MANUFACTURAS"|142|925062.3|2599480.39
71|91|"BS.AS. NORTE"|39|"PLASTICO Y SUS MANUFACTURAS"|234|1194025.08|3700990.56
72|91|"BS.AS. NORTE"|39|"PLASTICO Y SUS MANUFACTURAS"|214|1361705.28|3694806.27
73|91|"BS.AS. NORTE"|39|"PLASTICO Y SUS MANUFACTURAS"|183|1164738.44|3107353.13
74|91|"BS.AS. NORTE"|39|"PLASTICO Y SUS MANUFACTURAS"|220|1442663.37|4037942.68
75|91|"BS.AS. NORTE"|39|"PLASTICO Y SUS MANUFACTURAS"|181|1155018.37|3673291.59
76|91|"BS.AS. NORTE"|39|"PLASTICO Y SUS MANUFACTURAS"|208|1190919.48|3644225.71
77|91|"BS.AS. NORTE"|39|"PLASTICO Y SUS MANUFACTURAS"|204|1484971.32|3825252.37
78|91|"BS.AS. NORTE"|39|"PLASTICO Y SUS MANUFACTURAS"|205|1032610.58|3409891.12
79|91|"BS.AS. NORTE"|39|"PLASTICO Y SUS MANUFACTURAS"|179|1201360.2|3607975.62
80|91|"BS.AS. NORTE"|39|"PLASTICO Y SUS MANUFACTURAS"|147|733642.55|2184989.1
81|91|"BS.AS. NORTE"|39|"PLASTICO Y SUS MANUFACTURAS"|224|861161.37|2682061.06
82|91|"BS.AS. NORTE"|39|"PLASTICO Y SUS MANUFACTURAS"|234|1519853.48|4391470.84
83|91|"BS.AS. NORTE"|39|"PLASTICO Y SUS MANUFACTURAS"|197|1052751.64|3439180.46
84|91|"BS.AS. NORTE"|39|"PLASTICO Y SUS MANUFACTURAS"|202|956817.1|3237473.47
85|91|"BS.AS. NORTE"|39|"PLASTICO Y SUS MANUFACTURAS"|121|861503.72|2761066.38
86|91|"BS.AS. NORTE"|39|"PLASTICO Y SUS MANUFACTURAS"|230|1157157.86|3483281.83
87|91|"BS.AS. NORTE"|39|"PLASTICO Y SUS MANUFACTURAS"|229|1370826.95|4263177.43
88|91|"BS.AS. NORTE"|39|"PLASTICO Y SUS MANUFACTURAS"|228|952312.16|3387722.9
89|91|"BS.AS. NORTE"|39|"PLASTICO Y SUS MANUFACTURAS"|204|765705.34|2904818.11
90|91|"BS.AS. NORTE"|39|"PLASTICO Y SUS MANUFACTURAS"|181|1080799.71|3164544.5
91|91|"BS.AS. NORTE"|39|"PLASTICO Y SUS MANUFACTURAS"|201|1173684.04|3485796.44
92|91|"BS.AS. NORTE"|39|"PLASTICO Y SUS MANUFACTURAS"|208|951257.32|3544900.9
93|91|"BS.AS. NORTE"|39|"PLASTICO Y SUS MANUFACTURAS"|158|905719.78|2567152.48
94|91|"BS.AS. NORTE"|39|"PLASTICO Y SUS MANUFACTURAS"|177|1023096.27|3098503.4
95|91|"BS.AS. NORTE"|39|"PLASTICO Y SUS MANUFACTURAS"|222|1384102.94|4002724.4
96|91|"BS.AS. NORTE"|39|"PLASTICO Y SUS MANUFACTURAS"|148|970838.62|2763189.87
97|91|"BS.AS. NORTE"|39|"PLASTICO Y SUS MANUFACTURAS"|220|1060525.22|3682236.76
98|91|"BS.AS. NORTE"|39|"PLASTICO Y SUS MANUFACTURAS"|218|1168679.97|3231937.26
99|91|"BS.AS. NORTE"|39|"PLASTICO Y SUS MANUFACTURAS"|190|1119401.49|3651064.98
100|91|"BS.AS. NORTE"|39|"PLASTICO Y SUS MANUFACTURAS"|132|918811.98|2510560.81
101|91|"BS.AS. NORTE"|39|"PLASTICO Y SUS MANUFACTURAS"|119|685104.96|1784887.29
102|91|"BS.AS. NORTE"|39|"PLASTICO Y SUS MANUFACTURAS"|265|1317679.63|3927394.92
103|91|"BS.AS. NORTE"|39|"PLASTICO Y SUS MANUFACTURAS"|176|911662.78|3056733.06
104|91|"BS.AS. NORTE"|39|"PLASTICO Y SUS MANUFACTURAS"|96|594094.97|1805686.8
