"semana"|"aduana"|"aduana_desc"|"mercaderia"|"mercaderia_desc"|"cantidad"|"kilos"|"importe"
69|91|"BS.AS. NORTE"|49|"PRODUCTOS EDITORIALES DE LA PRENSA Y DE LAS DEMAS INDUSTRIAS"|40|14344.94|147552.56
70|91|"BS.AS. NORTE"|49|"PRODUCTOS EDITORIALES DE LA PRENSA Y DE LAS DEMAS INDUSTRIAS"|45|17326.45|199189.87
71|91|"BS.AS. NORTE"|49|"PRODUCTOS EDITORIALES DE LA PRENSA Y DE LAS DEMAS INDUSTRIAS"|16|13192.7|172937.25
72|91|"BS.AS. NORTE"|49|"PRODUCTOS EDITORIALES DE LA PRENSA Y DE LAS DEMAS INDUSTRIAS"|23|17894.88|92968.93
73|91|"BS.AS. NORTE"|49|"PRODUCTOS EDITORIALES DE LA PRENSA Y DE LAS DEMAS INDUSTRIAS"|21|10785.63|75616.18
74|91|"BS.AS. NORTE"|49|"PRODUCTOS EDITORIALES DE LA PRENSA Y DE LAS DEMAS INDUSTRIAS"|59|14986.03|195149.41
75|91|"BS.AS. NORTE"|49|"PRODUCTOS EDITORIALES DE LA PRENSA Y DE LAS DEMAS INDUSTRIAS"|81|17410.5|215647.06
76|91|"BS.AS. NORTE"|49|"PRODUCTOS EDITORIALES DE LA PRENSA Y DE LAS DEMAS INDUSTRIAS"|60|25648.89|318522.37
77|91|"BS.AS. NORTE"|49|"PRODUCTOS EDITORIALES DE LA PRENSA Y DE LAS DEMAS INDUSTRIAS"|77|68133.49|516989.17
78|91|"BS.AS. NORTE"|49|"PRODUCTOS EDITORIALES DE LA PRENSA Y DE LAS DEMAS INDUSTRIAS"|29|9322.52|99533.82
79|91|"BS.AS. NORTE"|49|"PRODUCTOS EDITORIALES DE LA PRENSA Y DE LAS DEMAS INDUSTRIAS"|82|30937.02|366600.28
80|91|"BS.AS. NORTE"|49|"PRODUCTOS EDITORIALES DE LA PRENSA Y DE LAS DEMAS INDUSTRIAS"|44|18309.08|124064.32
81|91|"BS.AS. NORTE"|49|"PRODUCTOS EDITORIALES DE LA PRENSA Y DE LAS DEMAS INDUSTRIAS"|36|22137.06|173503.81
82|91|"BS.AS. NORTE"|49|"PRODUCTOS EDITORIALES DE LA PRENSA Y DE LAS DEMAS INDUSTRIAS"|19|13436.68|124831.07
83|91|"BS.AS. NORTE"|49|"PRODUCTOS EDITORIALES DE LA PRENSA Y DE LAS DEMAS INDUSTRIAS"|22|5150.35|51052.65
84|91|"BS.AS. NORTE"|49|"PRODUCTOS EDITORIALES DE LA PRENSA Y DE LAS DEMAS INDUSTRIAS"|27|9947.7|130778.89
85|91|"BS.AS. NORTE"|49|"PRODUCTOS EDITORIALES DE LA PRENSA Y DE LAS DEMAS INDUSTRIAS"|28|21398.17|113391.01
86|91|"BS.AS. NORTE"|49|"PRODUCTOS EDITORIALES DE LA PRENSA Y DE LAS DEMAS INDUSTRIAS"|43|10673.16|100831.93
87|91|"BS.AS. NORTE"|49|"PRODUCTOS EDITORIALES DE LA PRENSA Y DE LAS DEMAS INDUSTRIAS"|24|13611|94592.1
88|91|"BS.AS. NORTE"|49|"PRODUCTOS EDITORIALES DE LA PRENSA Y DE LAS DEMAS INDUSTRIAS"|32|19512.64|154934.77
89|91|"BS.AS. NORTE"|49|"PRODUCTOS EDITORIALES DE LA PRENSA Y DE LAS DEMAS INDUSTRIAS"|52|46817.07|302687.47
90|91|"BS.AS. NORTE"|49|"PRODUCTOS EDITORIALES DE LA PRENSA Y DE LAS DEMAS INDUSTRIAS"|39|17806.31|224242.79
91|91|"BS.AS. NORTE"|49|"PRODUCTOS EDITORIALES DE LA PRENSA Y DE LAS DEMAS INDUSTRIAS"|18|21449.22|249196.37
92|91|"BS.AS. NORTE"|49|"PRODUCTOS EDITORIALES DE LA PRENSA Y DE LAS DEMAS INDUSTRIAS"|35|15016.34|212197.74
93|91|"BS.AS. NORTE"|49|"PRODUCTOS EDITORIALES DE LA PRENSA Y DE LAS DEMAS INDUSTRIAS"|31|16422.29|143448.45
94|91|"BS.AS. NORTE"|49|"PRODUCTOS EDITORIALES DE LA PRENSA Y DE LAS DEMAS INDUSTRIAS"|84|43705.51|474696.27
95|91|"BS.AS. NORTE"|49|"PRODUCTOS EDITORIALES DE LA PRENSA Y DE LAS DEMAS INDUSTRIAS"|71|70668.73|606699.25
96|91|"BS.AS. NORTE"|49|"PRODUCTOS EDITORIALES DE LA PRENSA Y DE LAS DEMAS INDUSTRIAS"|20|11140.05|92284.17
97|91|"BS.AS. NORTE"|49|"PRODUCTOS EDITORIALES DE LA PRENSA Y DE LAS DEMAS INDUSTRIAS"|40|100705.87|780400.75
98|91|"BS.AS. NORTE"|49|"PRODUCTOS EDITORIALES DE LA PRENSA Y DE LAS DEMAS INDUSTRIAS"|27|68479.76|474888.16
99|91|"BS.AS. NORTE"|49|"PRODUCTOS EDITORIALES DE LA PRENSA Y DE LAS DEMAS INDUSTRIAS"|34|37088.74|289110.83
100|91|"BS.AS. NORTE"|49|"PRODUCTOS EDITORIALES DE LA PRENSA Y DE LAS DEMAS INDUSTRIAS"|15|14861|128469.34
101|91|"BS.AS. NORTE"|49|"PRODUCTOS EDITORIALES DE LA PRENSA Y DE LAS DEMAS INDUSTRIAS"|17|21184.53|130657.64
102|91|"BS.AS. NORTE"|49|"PRODUCTOS EDITORIALES DE LA PRENSA Y DE LAS DEMAS INDUSTRIAS"|21|7590.14|75675.56
103|91|"BS.AS. NORTE"|49|"PRODUCTOS EDITORIALES DE LA PRENSA Y DE LAS DEMAS INDUSTRIAS"|70|16289.37|210857.26
104|91|"BS.AS. NORTE"|49|"PRODUCTOS EDITORIALES DE LA PRENSA Y DE LAS DEMAS INDUSTRIAS"|6|5354.28|27137.78
