"semana"|"aduana"|"aduana_desc"|"mercaderia"|"mercaderia_desc"|"cantidad"|"kilos"|"importe"
25|82|"BERNARDO DE YRIGOYEN"|39|"PLASTICO Y SUS MANUFACTURAS"|1|28000|23240
27|82|"BERNARDO DE YRIGOYEN"|39|"PLASTICO Y SUS MANUFACTURAS"|2|28264|34929.2
30|82|"BERNARDO DE YRIGOYEN"|39|"PLASTICO Y SUS MANUFACTURAS"|1|3264|11179.2
31|82|"BERNARDO DE YRIGOYEN"|39|"PLASTICO Y SUS MANUFACTURAS"|1|28000|35840
35|82|"BERNARDO DE YRIGOYEN"|39|"PLASTICO Y SUS MANUFACTURAS"|2|56000|61376
41|82|"BERNARDO DE YRIGOYEN"|39|"PLASTICO Y SUS MANUFACTURAS"|2|53000|70465
42|82|"BERNARDO DE YRIGOYEN"|39|"PLASTICO Y SUS MANUFACTURAS"|1|28000|42560
46|82|"BERNARDO DE YRIGOYEN"|39|"PLASTICO Y SUS MANUFACTURAS"|3|81125|107437.5
