"semana"|"aduana"|"aduana_desc"|"mercaderia"|"mercaderia_desc"|"cantidad"|"kilos"|"importe"
69|91|"BS.AS. NORTE"|23|"RESIDUOS Y DESPERDICIOS DE LAS INDUSTRIAS ALIMENTARIAS; ALIM"|23|1992599.4|830690.05
70|91|"BS.AS. NORTE"|23|"RESIDUOS Y DESPERDICIOS DE LAS INDUSTRIAS ALIMENTARIAS; ALIM"|9|133458|417355.78
71|91|"BS.AS. NORTE"|23|"RESIDUOS Y DESPERDICIOS DE LAS INDUSTRIAS ALIMENTARIAS; ALIM"|31|2442398.8|1254706.99
72|91|"BS.AS. NORTE"|23|"RESIDUOS Y DESPERDICIOS DE LAS INDUSTRIAS ALIMENTARIAS; ALIM"|24|3444120.6|827960.83
73|91|"BS.AS. NORTE"|23|"RESIDUOS Y DESPERDICIOS DE LAS INDUSTRIAS ALIMENTARIAS; ALIM"|18|879766|722688.06
74|91|"BS.AS. NORTE"|23|"RESIDUOS Y DESPERDICIOS DE LAS INDUSTRIAS ALIMENTARIAS; ALIM"|16|1119158.95|588614.82
75|91|"BS.AS. NORTE"|23|"RESIDUOS Y DESPERDICIOS DE LAS INDUSTRIAS ALIMENTARIAS; ALIM"|24|3212271.5|1415746.76
76|91|"BS.AS. NORTE"|23|"RESIDUOS Y DESPERDICIOS DE LAS INDUSTRIAS ALIMENTARIAS; ALIM"|21|1122767|1010349.77
77|91|"BS.AS. NORTE"|23|"RESIDUOS Y DESPERDICIOS DE LAS INDUSTRIAS ALIMENTARIAS; ALIM"|14|1938492|1502961.8
78|91|"BS.AS. NORTE"|23|"RESIDUOS Y DESPERDICIOS DE LAS INDUSTRIAS ALIMENTARIAS; ALIM"|17|1476072.12|1082151.91
79|91|"BS.AS. NORTE"|23|"RESIDUOS Y DESPERDICIOS DE LAS INDUSTRIAS ALIMENTARIAS; ALIM"|19|1797050.5|1855464.11
80|91|"BS.AS. NORTE"|23|"RESIDUOS Y DESPERDICIOS DE LAS INDUSTRIAS ALIMENTARIAS; ALIM"|16|2586140.92|1533289.21
81|91|"BS.AS. NORTE"|23|"RESIDUOS Y DESPERDICIOS DE LAS INDUSTRIAS ALIMENTARIAS; ALIM"|19|1325136.85|1567534.03
82|91|"BS.AS. NORTE"|23|"RESIDUOS Y DESPERDICIOS DE LAS INDUSTRIAS ALIMENTARIAS; ALIM"|29|1434796.2|1693363.48
83|91|"BS.AS. NORTE"|23|"RESIDUOS Y DESPERDICIOS DE LAS INDUSTRIAS ALIMENTARIAS; ALIM"|11|1231160|992491.64
84|91|"BS.AS. NORTE"|23|"RESIDUOS Y DESPERDICIOS DE LAS INDUSTRIAS ALIMENTARIAS; ALIM"|19|1324323|1001581.24
85|91|"BS.AS. NORTE"|23|"RESIDUOS Y DESPERDICIOS DE LAS INDUSTRIAS ALIMENTARIAS; ALIM"|23|3554352|3113642.92
86|91|"BS.AS. NORTE"|23|"RESIDUOS Y DESPERDICIOS DE LAS INDUSTRIAS ALIMENTARIAS; ALIM"|19|2239267.2|1095026.98
87|91|"BS.AS. NORTE"|23|"RESIDUOS Y DESPERDICIOS DE LAS INDUSTRIAS ALIMENTARIAS; ALIM"|22|2356241.6|2188007.91
88|91|"BS.AS. NORTE"|23|"RESIDUOS Y DESPERDICIOS DE LAS INDUSTRIAS ALIMENTARIAS; ALIM"|20|1924593.18|1700700.03
89|91|"BS.AS. NORTE"|23|"RESIDUOS Y DESPERDICIOS DE LAS INDUSTRIAS ALIMENTARIAS; ALIM"|17|2348239|2266996.13
90|91|"BS.AS. NORTE"|23|"RESIDUOS Y DESPERDICIOS DE LAS INDUSTRIAS ALIMENTARIAS; ALIM"|23|2126096|2076917.42
91|91|"BS.AS. NORTE"|23|"RESIDUOS Y DESPERDICIOS DE LAS INDUSTRIAS ALIMENTARIAS; ALIM"|21|2693366|1664600.07
92|91|"BS.AS. NORTE"|23|"RESIDUOS Y DESPERDICIOS DE LAS INDUSTRIAS ALIMENTARIAS; ALIM"|19|1389815.86|1156165.16
93|91|"BS.AS. NORTE"|23|"RESIDUOS Y DESPERDICIOS DE LAS INDUSTRIAS ALIMENTARIAS; ALIM"|14|757784|504521.41
94|91|"BS.AS. NORTE"|23|"RESIDUOS Y DESPERDICIOS DE LAS INDUSTRIAS ALIMENTARIAS; ALIM"|32|3418268.24|1741457.25
95|91|"BS.AS. NORTE"|23|"RESIDUOS Y DESPERDICIOS DE LAS INDUSTRIAS ALIMENTARIAS; ALIM"|15|2238910|1849591.44
96|91|"BS.AS. NORTE"|23|"RESIDUOS Y DESPERDICIOS DE LAS INDUSTRIAS ALIMENTARIAS; ALIM"|19|2283257|501217.49
97|91|"BS.AS. NORTE"|23|"RESIDUOS Y DESPERDICIOS DE LAS INDUSTRIAS ALIMENTARIAS; ALIM"|18|939560.2|927671.91
98|91|"BS.AS. NORTE"|23|"RESIDUOS Y DESPERDICIOS DE LAS INDUSTRIAS ALIMENTARIAS; ALIM"|23|2603604.89|2439116.78
99|91|"BS.AS. NORTE"|23|"RESIDUOS Y DESPERDICIOS DE LAS INDUSTRIAS ALIMENTARIAS; ALIM"|28|2699148.6|1385149.88
100|91|"BS.AS. NORTE"|23|"RESIDUOS Y DESPERDICIOS DE LAS INDUSTRIAS ALIMENTARIAS; ALIM"|11|714699|466537.97
101|91|"BS.AS. NORTE"|23|"RESIDUOS Y DESPERDICIOS DE LAS INDUSTRIAS ALIMENTARIAS; ALIM"|18|2346510.4|841882.28
102|91|"BS.AS. NORTE"|23|"RESIDUOS Y DESPERDICIOS DE LAS INDUSTRIAS ALIMENTARIAS; ALIM"|26|2782974.1|1328172.87
103|91|"BS.AS. NORTE"|23|"RESIDUOS Y DESPERDICIOS DE LAS INDUSTRIAS ALIMENTARIAS; ALIM"|15|2646999.1|864617.26
104|91|"BS.AS. NORTE"|23|"RESIDUOS Y DESPERDICIOS DE LAS INDUSTRIAS ALIMENTARIAS; ALIM"|11|2626267.5|763730.94
