"semana"|"aduana"|"aduana_desc"|"mercaderia"|"mercaderia_desc"|"cantidad"|"kilos"|"importe"
70|92|"BS.AS. SUR"|92|"INSTRUMENTOS MUSICALES; SUS PARTES Y ACCESORIOS"|2|187.5|8778
80|92|"BS.AS. SUR"|92|"INSTRUMENTOS MUSICALES; SUS PARTES Y ACCESORIOS"|2|99.62|6554.8
81|92|"BS.AS. SUR"|92|"INSTRUMENTOS MUSICALES; SUS PARTES Y ACCESORIOS"|2|205.2|9390
82|92|"BS.AS. SUR"|92|"INSTRUMENTOS MUSICALES; SUS PARTES Y ACCESORIOS"|1|617.1|32761.38
88|92|"BS.AS. SUR"|92|"INSTRUMENTOS MUSICALES; SUS PARTES Y ACCESORIOS"|1|296|1840
89|92|"BS.AS. SUR"|92|"INSTRUMENTOS MUSICALES; SUS PARTES Y ACCESORIOS"|2|223|10927
92|92|"BS.AS. SUR"|92|"INSTRUMENTOS MUSICALES; SUS PARTES Y ACCESORIOS"|1|5.89|39.87
100|92|"BS.AS. SUR"|92|"INSTRUMENTOS MUSICALES; SUS PARTES Y ACCESORIOS"|2|199.7|8850
101|92|"BS.AS. SUR"|92|"INSTRUMENTOS MUSICALES; SUS PARTES Y ACCESORIOS"|1|9.31|53.68
