"semana"|"aduana"|"aduana_desc"|"mercaderia"|"mercaderia_desc"|"cantidad"|"kilos"|"importe"
1|82|"BERNARDO DE YRIGOYEN"|33|"ACEITES ESENCIALES Y RESINOIDES; PEPARACIONES DE PERFUMERIA,"|1|419.89|6318.6
13|82|"BERNARDO DE YRIGOYEN"|33|"ACEITES ESENCIALES Y RESINOIDES; PEPARACIONES DE PERFUMERIA,"|2|628.52|4879.2
22|82|"BERNARDO DE YRIGOYEN"|33|"ACEITES ESENCIALES Y RESINOIDES; PEPARACIONES DE PERFUMERIA,"|1|1432.81|14050.8
35|82|"BERNARDO DE YRIGOYEN"|33|"ACEITES ESENCIALES Y RESINOIDES; PEPARACIONES DE PERFUMERIA,"|1|1145|13870
55|82|"BERNARDO DE YRIGOYEN"|33|"ACEITES ESENCIALES Y RESINOIDES; PEPARACIONES DE PERFUMERIA,"|1|225.44|4583.76
81|82|"BERNARDO DE YRIGOYEN"|33|"ACEITES ESENCIALES Y RESINOIDES; PEPARACIONES DE PERFUMERIA,"|1|37.99|538.56
