"semana"|"aduana"|"aduana_desc"|"mercaderia"|"mercaderia_desc"|"cantidad"|"kilos"|"importe"
67|91|"BS.AS. NORTE"|38|"PRODUCTOS DIVERSOS DE LA INDUSTRIA QUIMICA"|1|10000|45030.72
68|91|"BS.AS. NORTE"|38|"PRODUCTOS DIVERSOS DE LA INDUSTRIA QUIMICA"|1|20524.4|52858.79
69|91|"BS.AS. NORTE"|38|"PRODUCTOS DIVERSOS DE LA INDUSTRIA QUIMICA"|106|1847451.46|5693319.89
70|91|"BS.AS. NORTE"|38|"PRODUCTOS DIVERSOS DE LA INDUSTRIA QUIMICA"|66|988452.51|3415759.41
71|91|"BS.AS. NORTE"|38|"PRODUCTOS DIVERSOS DE LA INDUSTRIA QUIMICA"|95|1590663.73|4688964.74
72|91|"BS.AS. NORTE"|38|"PRODUCTOS DIVERSOS DE LA INDUSTRIA QUIMICA"|80|1968875.54|6090431.03
73|91|"BS.AS. NORTE"|38|"PRODUCTOS DIVERSOS DE LA INDUSTRIA QUIMICA"|85|832951.85|2994560.6
74|91|"BS.AS. NORTE"|38|"PRODUCTOS DIVERSOS DE LA INDUSTRIA QUIMICA"|84|1121507.65|3642563.2
75|91|"BS.AS. NORTE"|38|"PRODUCTOS DIVERSOS DE LA INDUSTRIA QUIMICA"|83|1010216.02|4101357.24
76|91|"BS.AS. NORTE"|38|"PRODUCTOS DIVERSOS DE LA INDUSTRIA QUIMICA"|84|1171771.35|4338993.17
77|91|"BS.AS. NORTE"|38|"PRODUCTOS DIVERSOS DE LA INDUSTRIA QUIMICA"|102|1529080.54|3223446.92
78|91|"BS.AS. NORTE"|38|"PRODUCTOS DIVERSOS DE LA INDUSTRIA QUIMICA"|130|2360861.73|7953027.67
79|91|"BS.AS. NORTE"|38|"PRODUCTOS DIVERSOS DE LA INDUSTRIA QUIMICA"|103|1911930.96|4668522.16
80|91|"BS.AS. NORTE"|38|"PRODUCTOS DIVERSOS DE LA INDUSTRIA QUIMICA"|86|2079025.55|4536700.33
81|91|"BS.AS. NORTE"|38|"PRODUCTOS DIVERSOS DE LA INDUSTRIA QUIMICA"|95|3027599.6|3794444.32
82|91|"BS.AS. NORTE"|38|"PRODUCTOS DIVERSOS DE LA INDUSTRIA QUIMICA"|120|2386843.82|5110851
83|91|"BS.AS. NORTE"|38|"PRODUCTOS DIVERSOS DE LA INDUSTRIA QUIMICA"|97|2988803.88|5608378.52
84|91|"BS.AS. NORTE"|38|"PRODUCTOS DIVERSOS DE LA INDUSTRIA QUIMICA"|96|1851551.39|3917540.66
85|91|"BS.AS. NORTE"|38|"PRODUCTOS DIVERSOS DE LA INDUSTRIA QUIMICA"|84|1164562.07|2941607.81
86|91|"BS.AS. NORTE"|38|"PRODUCTOS DIVERSOS DE LA INDUSTRIA QUIMICA"|118|1687243.56|5273509.78
87|91|"BS.AS. NORTE"|38|"PRODUCTOS DIVERSOS DE LA INDUSTRIA QUIMICA"|127|1994760.06|5889633.73
88|91|"BS.AS. NORTE"|38|"PRODUCTOS DIVERSOS DE LA INDUSTRIA QUIMICA"|121|2465136.57|5085601.29
89|91|"BS.AS. NORTE"|38|"PRODUCTOS DIVERSOS DE LA INDUSTRIA QUIMICA"|107|1564266.84|5007043.08
90|91|"BS.AS. NORTE"|38|"PRODUCTOS DIVERSOS DE LA INDUSTRIA QUIMICA"|100|1124176.66|3516861.39
91|91|"BS.AS. NORTE"|38|"PRODUCTOS DIVERSOS DE LA INDUSTRIA QUIMICA"|94|2414779.54|4632080.35
92|91|"BS.AS. NORTE"|38|"PRODUCTOS DIVERSOS DE LA INDUSTRIA QUIMICA"|76|5245983.9|3624778.53
93|91|"BS.AS. NORTE"|38|"PRODUCTOS DIVERSOS DE LA INDUSTRIA QUIMICA"|95|3081259.32|3350934.78
94|91|"BS.AS. NORTE"|38|"PRODUCTOS DIVERSOS DE LA INDUSTRIA QUIMICA"|129|6193491.76|6226307.54
95|91|"BS.AS. NORTE"|38|"PRODUCTOS DIVERSOS DE LA INDUSTRIA QUIMICA"|126|2222217.66|4393080.26
96|91|"BS.AS. NORTE"|38|"PRODUCTOS DIVERSOS DE LA INDUSTRIA QUIMICA"|111|2100106.52|5262207.79
97|91|"BS.AS. NORTE"|38|"PRODUCTOS DIVERSOS DE LA INDUSTRIA QUIMICA"|102|1665330.22|3272276.48
98|91|"BS.AS. NORTE"|38|"PRODUCTOS DIVERSOS DE LA INDUSTRIA QUIMICA"|105|4249617.11|4629119.44
99|91|"BS.AS. NORTE"|38|"PRODUCTOS DIVERSOS DE LA INDUSTRIA QUIMICA"|102|3377306.41|4113104.96
100|91|"BS.AS. NORTE"|38|"PRODUCTOS DIVERSOS DE LA INDUSTRIA QUIMICA"|76|1347354.87|3463946.98
101|91|"BS.AS. NORTE"|38|"PRODUCTOS DIVERSOS DE LA INDUSTRIA QUIMICA"|71|774267.44|2645238.89
102|91|"BS.AS. NORTE"|38|"PRODUCTOS DIVERSOS DE LA INDUSTRIA QUIMICA"|123|1613427.3|4103439.25
103|91|"BS.AS. NORTE"|38|"PRODUCTOS DIVERSOS DE LA INDUSTRIA QUIMICA"|100|1024201.1|3599442.8
104|91|"BS.AS. NORTE"|38|"PRODUCTOS DIVERSOS DE LA INDUSTRIA QUIMICA"|30|515834.98|1395089.93
