"semana"|"aduana"|"aduana_desc"|"mercaderia"|"mercaderia_desc"|"cantidad"|"kilos"|"importe"
3|83|"SAN LUIS"|72|"METALES COMUNES Y MANUFACTURAS DE ESTOS METALES"|4|24966|35663.58
4|83|"SAN LUIS"|72|"METALES COMUNES Y MANUFACTURAS DE ESTOS METALES"|2|121000|60291.34
5|83|"SAN LUIS"|72|"METALES COMUNES Y MANUFACTURAS DE ESTOS METALES"|5|117712|128399.88
6|83|"SAN LUIS"|72|"METALES COMUNES Y MANUFACTURAS DE ESTOS METALES"|7|76826|104164.23
7|83|"SAN LUIS"|72|"METALES COMUNES Y MANUFACTURAS DE ESTOS METALES"|3|106965|176591.36
8|83|"SAN LUIS"|72|"METALES COMUNES Y MANUFACTURAS DE ESTOS METALES"|5|231271|374771.12
9|83|"SAN LUIS"|72|"METALES COMUNES Y MANUFACTURAS DE ESTOS METALES"|2|24968|36341.94
11|83|"SAN LUIS"|72|"METALES COMUNES Y MANUFACTURAS DE ESTOS METALES"|12|234921|186518.87
12|83|"SAN LUIS"|72|"METALES COMUNES Y MANUFACTURAS DE ESTOS METALES"|2|44670|59507.69
13|83|"SAN LUIS"|72|"METALES COMUNES Y MANUFACTURAS DE ESTOS METALES"|5|51855|81652.5
14|83|"SAN LUIS"|72|"METALES COMUNES Y MANUFACTURAS DE ESTOS METALES"|3|92107|138203.02
15|83|"SAN LUIS"|72|"METALES COMUNES Y MANUFACTURAS DE ESTOS METALES"|1|74375|116408.55
16|83|"SAN LUIS"|72|"METALES COMUNES Y MANUFACTURAS DE ESTOS METALES"|4|43506|62916.84
17|83|"SAN LUIS"|72|"METALES COMUNES Y MANUFACTURAS DE ESTOS METALES"|4|192665|230319.97
18|83|"SAN LUIS"|72|"METALES COMUNES Y MANUFACTURAS DE ESTOS METALES"|5|116014|118479.47
19|83|"SAN LUIS"|72|"METALES COMUNES Y MANUFACTURAS DE ESTOS METALES"|5|127439|167204.6
20|83|"SAN LUIS"|72|"METALES COMUNES Y MANUFACTURAS DE ESTOS METALES"|1|131718|202244.08
21|83|"SAN LUIS"|72|"METALES COMUNES Y MANUFACTURAS DE ESTOS METALES"|8|114882|178564.45
22|83|"SAN LUIS"|72|"METALES COMUNES Y MANUFACTURAS DE ESTOS METALES"|1|180948|269008.34
23|83|"SAN LUIS"|72|"METALES COMUNES Y MANUFACTURAS DE ESTOS METALES"|6|250037|387537.23
24|83|"SAN LUIS"|72|"METALES COMUNES Y MANUFACTURAS DE ESTOS METALES"|4|229917|356283.02
25|83|"SAN LUIS"|72|"METALES COMUNES Y MANUFACTURAS DE ESTOS METALES"|1|50837|75512.73
26|83|"SAN LUIS"|72|"METALES COMUNES Y MANUFACTURAS DE ESTOS METALES"|5|182689|263133.7
27|83|"SAN LUIS"|72|"METALES COMUNES Y MANUFACTURAS DE ESTOS METALES"|5|352716|536759.99
28|83|"SAN LUIS"|72|"METALES COMUNES Y MANUFACTURAS DE ESTOS METALES"|2|44520|52550.96
29|83|"SAN LUIS"|72|"METALES COMUNES Y MANUFACTURAS DE ESTOS METALES"|4|56479|84762.06
30|83|"SAN LUIS"|72|"METALES COMUNES Y MANUFACTURAS DE ESTOS METALES"|4|257780|399928.6
31|83|"SAN LUIS"|72|"METALES COMUNES Y MANUFACTURAS DE ESTOS METALES"|6|70407|85214.02
32|83|"SAN LUIS"|72|"METALES COMUNES Y MANUFACTURAS DE ESTOS METALES"|2|230622|329697.34
33|83|"SAN LUIS"|72|"METALES COMUNES Y MANUFACTURAS DE ESTOS METALES"|4|142323|206686.99
34|83|"SAN LUIS"|72|"METALES COMUNES Y MANUFACTURAS DE ESTOS METALES"|4|161147|239816.86
35|83|"SAN LUIS"|72|"METALES COMUNES Y MANUFACTURAS DE ESTOS METALES"|5|210058|307191.24
36|83|"SAN LUIS"|72|"METALES COMUNES Y MANUFACTURAS DE ESTOS METALES"|3|112283|155256.42
37|83|"SAN LUIS"|72|"METALES COMUNES Y MANUFACTURAS DE ESTOS METALES"|4|123888|175854.03
39|83|"SAN LUIS"|72|"METALES COMUNES Y MANUFACTURAS DE ESTOS METALES"|4|74713|88706.28
40|83|"SAN LUIS"|72|"METALES COMUNES Y MANUFACTURAS DE ESTOS METALES"|2|258574|368660.58
41|83|"SAN LUIS"|72|"METALES COMUNES Y MANUFACTURAS DE ESTOS METALES"|3|82261|109121.33
42|83|"SAN LUIS"|72|"METALES COMUNES Y MANUFACTURAS DE ESTOS METALES"|12|436834|597641.77
43|83|"SAN LUIS"|72|"METALES COMUNES Y MANUFACTURAS DE ESTOS METALES"|4|67676|98730.63
44|83|"SAN LUIS"|72|"METALES COMUNES Y MANUFACTURAS DE ESTOS METALES"|4|105177|143231.73
45|83|"SAN LUIS"|72|"METALES COMUNES Y MANUFACTURAS DE ESTOS METALES"|4|70158|96008.11
46|83|"SAN LUIS"|72|"METALES COMUNES Y MANUFACTURAS DE ESTOS METALES"|4|65386|83321.54
47|83|"SAN LUIS"|72|"METALES COMUNES Y MANUFACTURAS DE ESTOS METALES"|4|68345|72566.68
48|83|"SAN LUIS"|72|"METALES COMUNES Y MANUFACTURAS DE ESTOS METALES"|7|92831|109013.24
49|83|"SAN LUIS"|72|"METALES COMUNES Y MANUFACTURAS DE ESTOS METALES"|3|149587|215927.52
50|83|"SAN LUIS"|72|"METALES COMUNES Y MANUFACTURAS DE ESTOS METALES"|4|93113|92833.18
51|83|"SAN LUIS"|72|"METALES COMUNES Y MANUFACTURAS DE ESTOS METALES"|2|62319|46841.88
54|83|"SAN LUIS"|72|"METALES COMUNES Y MANUFACTURAS DE ESTOS METALES"|3|92400|70626.16
55|83|"SAN LUIS"|72|"METALES COMUNES Y MANUFACTURAS DE ESTOS METALES"|1|74401|110782.08
56|83|"SAN LUIS"|72|"METALES COMUNES Y MANUFACTURAS DE ESTOS METALES"|6|92954|87555.61
57|83|"SAN LUIS"|72|"METALES COMUNES Y MANUFACTURAS DE ESTOS METALES"|1|74224|110844.76
58|83|"SAN LUIS"|72|"METALES COMUNES Y MANUFACTURAS DE ESTOS METALES"|1|89100|71611.07
59|83|"SAN LUIS"|72|"METALES COMUNES Y MANUFACTURAS DE ESTOS METALES"|2|65172|68003.58
60|83|"SAN LUIS"|72|"METALES COMUNES Y MANUFACTURAS DE ESTOS METALES"|3|100345|142934.5
61|83|"SAN LUIS"|72|"METALES COMUNES Y MANUFACTURAS DE ESTOS METALES"|3|80562|93387.96
62|83|"SAN LUIS"|72|"METALES COMUNES Y MANUFACTURAS DE ESTOS METALES"|2|74339|104668.27
64|83|"SAN LUIS"|72|"METALES COMUNES Y MANUFACTURAS DE ESTOS METALES"|1|24723|35497.68
65|83|"SAN LUIS"|72|"METALES COMUNES Y MANUFACTURAS DE ESTOS METALES"|3|113885|108853.65
66|83|"SAN LUIS"|72|"METALES COMUNES Y MANUFACTURAS DE ESTOS METALES"|1|48402|81065.75
67|83|"SAN LUIS"|72|"METALES COMUNES Y MANUFACTURAS DE ESTOS METALES"|2|23244|28079.88
68|83|"SAN LUIS"|72|"METALES COMUNES Y MANUFACTURAS DE ESTOS METALES"|1|25929|42053.4
69|83|"SAN LUIS"|72|"METALES COMUNES Y MANUFACTURAS DE ESTOS METALES"|3|66884|90878.86
70|83|"SAN LUIS"|72|"METALES COMUNES Y MANUFACTURAS DE ESTOS METALES"|2|8643|14169.4
71|83|"SAN LUIS"|72|"METALES COMUNES Y MANUFACTURAS DE ESTOS METALES"|1|0|0
73|83|"SAN LUIS"|72|"METALES COMUNES Y MANUFACTURAS DE ESTOS METALES"|1|24649|31482.65
74|83|"SAN LUIS"|72|"METALES COMUNES Y MANUFACTURAS DE ESTOS METALES"|4|108805|157863.62
76|83|"SAN LUIS"|72|"METALES COMUNES Y MANUFACTURAS DE ESTOS METALES"|2|75773|57509.23
78|83|"SAN LUIS"|72|"METALES COMUNES Y MANUFACTURAS DE ESTOS METALES"|2|78714|109686.5
79|83|"SAN LUIS"|72|"METALES COMUNES Y MANUFACTURAS DE ESTOS METALES"|2|44900|76489.4
80|83|"SAN LUIS"|72|"METALES COMUNES Y MANUFACTURAS DE ESTOS METALES"|2|134761|236411.1
81|83|"SAN LUIS"|72|"METALES COMUNES Y MANUFACTURAS DE ESTOS METALES"|1|3402|6123.6
82|83|"SAN LUIS"|72|"METALES COMUNES Y MANUFACTURAS DE ESTOS METALES"|3|84560|130699.21
83|83|"SAN LUIS"|72|"METALES COMUNES Y MANUFACTURAS DE ESTOS METALES"|1|154266|265697.94
84|83|"SAN LUIS"|72|"METALES COMUNES Y MANUFACTURAS DE ESTOS METALES"|1|10264|8401.08
85|83|"SAN LUIS"|72|"METALES COMUNES Y MANUFACTURAS DE ESTOS METALES"|1|132013|234490.11
87|83|"SAN LUIS"|72|"METALES COMUNES Y MANUFACTURAS DE ESTOS METALES"|1|25456|38078.5
88|83|"SAN LUIS"|72|"METALES COMUNES Y MANUFACTURAS DE ESTOS METALES"|2|206438|312460.72
89|83|"SAN LUIS"|72|"METALES COMUNES Y MANUFACTURAS DE ESTOS METALES"|1|20465|27671.21
90|83|"SAN LUIS"|72|"METALES COMUNES Y MANUFACTURAS DE ESTOS METALES"|2|79972|118326.39
91|83|"SAN LUIS"|72|"METALES COMUNES Y MANUFACTURAS DE ESTOS METALES"|2|77742|115498.16
92|83|"SAN LUIS"|72|"METALES COMUNES Y MANUFACTURAS DE ESTOS METALES"|3|163607|261127.34
93|83|"SAN LUIS"|72|"METALES COMUNES Y MANUFACTURAS DE ESTOS METALES"|2|120026|170947.87
94|83|"SAN LUIS"|72|"METALES COMUNES Y MANUFACTURAS DE ESTOS METALES"|2|38359|40090.93
95|83|"SAN LUIS"|72|"METALES COMUNES Y MANUFACTURAS DE ESTOS METALES"|3|160751|227965.09
96|83|"SAN LUIS"|72|"METALES COMUNES Y MANUFACTURAS DE ESTOS METALES"|1|78674|128201.1
97|83|"SAN LUIS"|72|"METALES COMUNES Y MANUFACTURAS DE ESTOS METALES"|5|290308|425922.47
98|83|"SAN LUIS"|72|"METALES COMUNES Y MANUFACTURAS DE ESTOS METALES"|1|8800|6229
99|83|"SAN LUIS"|72|"METALES COMUNES Y MANUFACTURAS DE ESTOS METALES"|4|227820|333251.45
100|83|"SAN LUIS"|72|"METALES COMUNES Y MANUFACTURAS DE ESTOS METALES"|2|27122|31122.12
101|83|"SAN LUIS"|72|"METALES COMUNES Y MANUFACTURAS DE ESTOS METALES"|3|85094|130857.42
102|83|"SAN LUIS"|72|"METALES COMUNES Y MANUFACTURAS DE ESTOS METALES"|2|17736|20561.02
103|83|"SAN LUIS"|72|"METALES COMUNES Y MANUFACTURAS DE ESTOS METALES"|1|20599|27440.51
