"semana"|"aduana"|"aduana_desc"|"mercaderia"|"mercaderia_desc"|"cantidad"|"kilos"|"importe"
68|92|"BS.AS. SUR"|44|"MADERA, CARBON VEGETAL Y MANUFACTURAS DE MADERA"|2|127559.64|53973.84
69|92|"BS.AS. SUR"|44|"MADERA, CARBON VEGETAL Y MANUFACTURAS DE MADERA"|34|501780.94|844148.29
70|92|"BS.AS. SUR"|44|"MADERA, CARBON VEGETAL Y MANUFACTURAS DE MADERA"|24|405538.02|285827.6
71|92|"BS.AS. SUR"|44|"MADERA, CARBON VEGETAL Y MANUFACTURAS DE MADERA"|22|517450.95|345262.08
72|92|"BS.AS. SUR"|44|"MADERA, CARBON VEGETAL Y MANUFACTURAS DE MADERA"|45|783259.79|1126963.83
73|92|"BS.AS. SUR"|44|"MADERA, CARBON VEGETAL Y MANUFACTURAS DE MADERA"|24|429267.63|307238.93
74|92|"BS.AS. SUR"|44|"MADERA, CARBON VEGETAL Y MANUFACTURAS DE MADERA"|35|748553.09|478512.71
75|92|"BS.AS. SUR"|44|"MADERA, CARBON VEGETAL Y MANUFACTURAS DE MADERA"|23|748633.12|1086068.99
76|92|"BS.AS. SUR"|44|"MADERA, CARBON VEGETAL Y MANUFACTURAS DE MADERA"|39|1433839.46|1231098.14
77|92|"BS.AS. SUR"|44|"MADERA, CARBON VEGETAL Y MANUFACTURAS DE MADERA"|40|1026664.31|551686.9
78|92|"BS.AS. SUR"|44|"MADERA, CARBON VEGETAL Y MANUFACTURAS DE MADERA"|24|299362.54|879269.22
79|92|"BS.AS. SUR"|44|"MADERA, CARBON VEGETAL Y MANUFACTURAS DE MADERA"|22|756383.29|434861.61
80|92|"BS.AS. SUR"|44|"MADERA, CARBON VEGETAL Y MANUFACTURAS DE MADERA"|12|135193.32|94159.25
81|92|"BS.AS. SUR"|44|"MADERA, CARBON VEGETAL Y MANUFACTURAS DE MADERA"|24|275035.11|1189498.64
82|92|"BS.AS. SUR"|44|"MADERA, CARBON VEGETAL Y MANUFACTURAS DE MADERA"|17|233321.96|176979.05
83|92|"BS.AS. SUR"|44|"MADERA, CARBON VEGETAL Y MANUFACTURAS DE MADERA"|20|597267.94|342191.45
84|92|"BS.AS. SUR"|44|"MADERA, CARBON VEGETAL Y MANUFACTURAS DE MADERA"|33|201120.24|879277.98
85|92|"BS.AS. SUR"|44|"MADERA, CARBON VEGETAL Y MANUFACTURAS DE MADERA"|30|340479.82|383229.32
86|92|"BS.AS. SUR"|44|"MADERA, CARBON VEGETAL Y MANUFACTURAS DE MADERA"|35|559255.27|1086444.67
87|92|"BS.AS. SUR"|44|"MADERA, CARBON VEGETAL Y MANUFACTURAS DE MADERA"|25|100292.46|208601.14
88|92|"BS.AS. SUR"|44|"MADERA, CARBON VEGETAL Y MANUFACTURAS DE MADERA"|20|286440.41|246767.97
89|92|"BS.AS. SUR"|44|"MADERA, CARBON VEGETAL Y MANUFACTURAS DE MADERA"|26|266200.26|243096.96
90|92|"BS.AS. SUR"|44|"MADERA, CARBON VEGETAL Y MANUFACTURAS DE MADERA"|19|582939.03|420947.3
91|92|"BS.AS. SUR"|44|"MADERA, CARBON VEGETAL Y MANUFACTURAS DE MADERA"|22|351605.67|272633.42
92|92|"BS.AS. SUR"|44|"MADERA, CARBON VEGETAL Y MANUFACTURAS DE MADERA"|36|617961.02|399637.45
93|92|"BS.AS. SUR"|44|"MADERA, CARBON VEGETAL Y MANUFACTURAS DE MADERA"|20|606580.07|460838.18
94|92|"BS.AS. SUR"|44|"MADERA, CARBON VEGETAL Y MANUFACTURAS DE MADERA"|22|506564.37|235846.93
95|92|"BS.AS. SUR"|44|"MADERA, CARBON VEGETAL Y MANUFACTURAS DE MADERA"|14|353304.61|247914.48
96|92|"BS.AS. SUR"|44|"MADERA, CARBON VEGETAL Y MANUFACTURAS DE MADERA"|20|379149.05|255968.6
97|92|"BS.AS. SUR"|44|"MADERA, CARBON VEGETAL Y MANUFACTURAS DE MADERA"|12|336363.55|229448.12
98|92|"BS.AS. SUR"|44|"MADERA, CARBON VEGETAL Y MANUFACTURAS DE MADERA"|28|930357.41|518761.13
99|92|"BS.AS. SUR"|44|"MADERA, CARBON VEGETAL Y MANUFACTURAS DE MADERA"|20|322566.01|271691.44
100|92|"BS.AS. SUR"|44|"MADERA, CARBON VEGETAL Y MANUFACTURAS DE MADERA"|15|100615.94|128202.33
101|92|"BS.AS. SUR"|44|"MADERA, CARBON VEGETAL Y MANUFACTURAS DE MADERA"|4|13975.99|54554.8
102|92|"BS.AS. SUR"|44|"MADERA, CARBON VEGETAL Y MANUFACTURAS DE MADERA"|36|343849.75|319869.19
103|92|"BS.AS. SUR"|44|"MADERA, CARBON VEGETAL Y MANUFACTURAS DE MADERA"|23|427506.172|376101.5
104|92|"BS.AS. SUR"|44|"MADERA, CARBON VEGETAL Y MANUFACTURAS DE MADERA"|5|203044.1|98366.56
