"semana"|"aduana"|"aduana_desc"|"mercaderia"|"mercaderia_desc"|"cantidad"|"kilos"|"importe"
68|92|"BS.AS. SUR"|64|"CALZADO, POLAINAS Y ARTICULOS ANALOGOS; PARTES DE ESTOS ARTI"|5|863.82|11494.1
69|92|"BS.AS. SUR"|64|"CALZADO, POLAINAS Y ARTICULOS ANALOGOS; PARTES DE ESTOS ARTI"|25|19729.836|243924.26
70|92|"BS.AS. SUR"|64|"CALZADO, POLAINAS Y ARTICULOS ANALOGOS; PARTES DE ESTOS ARTI"|38|2932.78|94932.55
71|92|"BS.AS. SUR"|64|"CALZADO, POLAINAS Y ARTICULOS ANALOGOS; PARTES DE ESTOS ARTI"|17|6722.74|130393.34
72|92|"BS.AS. SUR"|64|"CALZADO, POLAINAS Y ARTICULOS ANALOGOS; PARTES DE ESTOS ARTI"|18|19283.074|229671.05
73|92|"BS.AS. SUR"|64|"CALZADO, POLAINAS Y ARTICULOS ANALOGOS; PARTES DE ESTOS ARTI"|17|1319.78|35934.87
74|92|"BS.AS. SUR"|64|"CALZADO, POLAINAS Y ARTICULOS ANALOGOS; PARTES DE ESTOS ARTI"|13|5492.12|85195.37
75|92|"BS.AS. SUR"|64|"CALZADO, POLAINAS Y ARTICULOS ANALOGOS; PARTES DE ESTOS ARTI"|12|17238.89|110391.43
76|92|"BS.AS. SUR"|64|"CALZADO, POLAINAS Y ARTICULOS ANALOGOS; PARTES DE ESTOS ARTI"|27|9905.39|225062.88
77|92|"BS.AS. SUR"|64|"CALZADO, POLAINAS Y ARTICULOS ANALOGOS; PARTES DE ESTOS ARTI"|14|13877.93|299169.28
78|92|"BS.AS. SUR"|64|"CALZADO, POLAINAS Y ARTICULOS ANALOGOS; PARTES DE ESTOS ARTI"|17|17713.95|112131.44
79|92|"BS.AS. SUR"|64|"CALZADO, POLAINAS Y ARTICULOS ANALOGOS; PARTES DE ESTOS ARTI"|9|548.87|25720.64
80|92|"BS.AS. SUR"|64|"CALZADO, POLAINAS Y ARTICULOS ANALOGOS; PARTES DE ESTOS ARTI"|8|4061.34|68834.12
81|92|"BS.AS. SUR"|64|"CALZADO, POLAINAS Y ARTICULOS ANALOGOS; PARTES DE ESTOS ARTI"|4|1084.65|24155.58
82|92|"BS.AS. SUR"|64|"CALZADO, POLAINAS Y ARTICULOS ANALOGOS; PARTES DE ESTOS ARTI"|5|5052.35|135435.24
83|92|"BS.AS. SUR"|64|"CALZADO, POLAINAS Y ARTICULOS ANALOGOS; PARTES DE ESTOS ARTI"|15|16380.58|120238.59
84|92|"BS.AS. SUR"|64|"CALZADO, POLAINAS Y ARTICULOS ANALOGOS; PARTES DE ESTOS ARTI"|23|9793.53|125726.07
85|92|"BS.AS. SUR"|64|"CALZADO, POLAINAS Y ARTICULOS ANALOGOS; PARTES DE ESTOS ARTI"|9|5867.97|135423.75
86|92|"BS.AS. SUR"|64|"CALZADO, POLAINAS Y ARTICULOS ANALOGOS; PARTES DE ESTOS ARTI"|12|4557.53|57284.2
87|92|"BS.AS. SUR"|64|"CALZADO, POLAINAS Y ARTICULOS ANALOGOS; PARTES DE ESTOS ARTI"|14|1127.3|52073.28
88|92|"BS.AS. SUR"|64|"CALZADO, POLAINAS Y ARTICULOS ANALOGOS; PARTES DE ESTOS ARTI"|21|11129.62|249731.09
89|92|"BS.AS. SUR"|64|"CALZADO, POLAINAS Y ARTICULOS ANALOGOS; PARTES DE ESTOS ARTI"|24|3661.43|76216.51
90|92|"BS.AS. SUR"|64|"CALZADO, POLAINAS Y ARTICULOS ANALOGOS; PARTES DE ESTOS ARTI"|14|5035.57|98928.75
91|92|"BS.AS. SUR"|64|"CALZADO, POLAINAS Y ARTICULOS ANALOGOS; PARTES DE ESTOS ARTI"|21|8606.29|202920.46
92|92|"BS.AS. SUR"|64|"CALZADO, POLAINAS Y ARTICULOS ANALOGOS; PARTES DE ESTOS ARTI"|18|5260.31|101043.36
93|92|"BS.AS. SUR"|64|"CALZADO, POLAINAS Y ARTICULOS ANALOGOS; PARTES DE ESTOS ARTI"|5|2853.6|108974
94|92|"BS.AS. SUR"|64|"CALZADO, POLAINAS Y ARTICULOS ANALOGOS; PARTES DE ESTOS ARTI"|22|15094.53|156522.26
95|92|"BS.AS. SUR"|64|"CALZADO, POLAINAS Y ARTICULOS ANALOGOS; PARTES DE ESTOS ARTI"|16|537.74|25215.59
96|92|"BS.AS. SUR"|64|"CALZADO, POLAINAS Y ARTICULOS ANALOGOS; PARTES DE ESTOS ARTI"|15|5849.11|48493.17
97|92|"BS.AS. SUR"|64|"CALZADO, POLAINAS Y ARTICULOS ANALOGOS; PARTES DE ESTOS ARTI"|9|1076.66|14902.94
98|92|"BS.AS. SUR"|64|"CALZADO, POLAINAS Y ARTICULOS ANALOGOS; PARTES DE ESTOS ARTI"|25|8069.94|193749.44
99|92|"BS.AS. SUR"|64|"CALZADO, POLAINAS Y ARTICULOS ANALOGOS; PARTES DE ESTOS ARTI"|22|4857.46|98641.1
100|92|"BS.AS. SUR"|64|"CALZADO, POLAINAS Y ARTICULOS ANALOGOS; PARTES DE ESTOS ARTI"|16|3439.53|43199.35
101|92|"BS.AS. SUR"|64|"CALZADO, POLAINAS Y ARTICULOS ANALOGOS; PARTES DE ESTOS ARTI"|7|995.8|74496.07
102|92|"BS.AS. SUR"|64|"CALZADO, POLAINAS Y ARTICULOS ANALOGOS; PARTES DE ESTOS ARTI"|16|6777.23|244482.2
103|92|"BS.AS. SUR"|64|"CALZADO, POLAINAS Y ARTICULOS ANALOGOS; PARTES DE ESTOS ARTI"|17|14136.77|228276.05
104|92|"BS.AS. SUR"|64|"CALZADO, POLAINAS Y ARTICULOS ANALOGOS; PARTES DE ESTOS ARTI"|1|321|4600.51
