"semana"|"aduana"|"aduana_desc"|"mercaderia"|"mercaderia_desc"|"cantidad"|"kilos"|"importe"
19|49|"RIO GRANDE"|40|"CAUCHO Y SUS MANUFACTURAS"|1|112|5676.78
28|49|"RIO GRANDE"|40|"CAUCHO Y SUS MANUFACTURAS"|1|2.52|304.05
38|49|"RIO GRANDE"|40|"CAUCHO Y SUS MANUFACTURAS"|1|11.2|449.73
51|49|"RIO GRANDE"|40|"CAUCHO Y SUS MANUFACTURAS"|1|5.14|164.84
63|49|"RIO GRANDE"|40|"CAUCHO Y SUS MANUFACTURAS"|10|23423.42|44445.5
78|49|"RIO GRANDE"|40|"CAUCHO Y SUS MANUFACTURAS"|2|27.6|757.12
86|49|"RIO GRANDE"|40|"CAUCHO Y SUS MANUFACTURAS"|2|336.4|1799.27
98|49|"RIO GRANDE"|40|"CAUCHO Y SUS MANUFACTURAS"|1|5.25|1981.53
