"semana"|"aduana"|"aduana_desc"|"mercaderia"|"mercaderia_desc"|"cantidad"|"kilos"|"importe"
1|83|"SAN LUIS"|83|"MANUFACTURAS DIVERSAS DE METAL COMUN"|1|104|3173.52
3|83|"SAN LUIS"|83|"MANUFACTURAS DIVERSAS DE METAL COMUN"|2|51600|93186
4|83|"SAN LUIS"|83|"MANUFACTURAS DIVERSAS DE METAL COMUN"|6|112740|205747.2
5|83|"SAN LUIS"|83|"MANUFACTURAS DIVERSAS DE METAL COMUN"|3|79200|147162
6|83|"SAN LUIS"|83|"MANUFACTURAS DIVERSAS DE METAL COMUN"|3|77820|150537
7|83|"SAN LUIS"|83|"MANUFACTURAS DIVERSAS DE METAL COMUN"|2|47200|91383.8
8|83|"SAN LUIS"|83|"MANUFACTURAS DIVERSAS DE METAL COMUN"|4|105760|200032.8
10|83|"SAN LUIS"|83|"MANUFACTURAS DIVERSAS DE METAL COMUN"|1|117|3127.26
11|83|"SAN LUIS"|83|"MANUFACTURAS DIVERSAS DE METAL COMUN"|2|52920|99223.8
12|83|"SAN LUIS"|83|"MANUFACTURAS DIVERSAS DE METAL COMUN"|1|26060|49210
13|83|"SAN LUIS"|83|"MANUFACTURAS DIVERSAS DE METAL COMUN"|5|130660|249545.2
14|83|"SAN LUIS"|83|"MANUFACTURAS DIVERSAS DE METAL COMUN"|2|52800|96912
15|83|"SAN LUIS"|83|"MANUFACTURAS DIVERSAS DE METAL COMUN"|2|26458|54180.47
16|83|"SAN LUIS"|83|"MANUFACTURAS DIVERSAS DE METAL COMUN"|1|26700|50640
17|83|"SAN LUIS"|83|"MANUFACTURAS DIVERSAS DE METAL COMUN"|3|78370|168998.8
18|83|"SAN LUIS"|83|"MANUFACTURAS DIVERSAS DE METAL COMUN"|1|26700|58037.6
19|83|"SAN LUIS"|83|"MANUFACTURAS DIVERSAS DE METAL COMUN"|1|26400|51744
20|83|"SAN LUIS"|83|"MANUFACTURAS DIVERSAS DE METAL COMUN"|3|79200|143040
21|83|"SAN LUIS"|83|"MANUFACTURAS DIVERSAS DE METAL COMUN"|3|44618|93065.4
22|83|"SAN LUIS"|83|"MANUFACTURAS DIVERSAS DE METAL COMUN"|1|26130|49068.6
23|83|"SAN LUIS"|83|"MANUFACTURAS DIVERSAS DE METAL COMUN"|2|52800|95040
24|83|"SAN LUIS"|83|"MANUFACTURAS DIVERSAS DE METAL COMUN"|1|22700|53915
25|83|"SAN LUIS"|83|"MANUFACTURAS DIVERSAS DE METAL COMUN"|1|26400|47520
26|83|"SAN LUIS"|83|"MANUFACTURAS DIVERSAS DE METAL COMUN"|1|26660|82915.4
27|83|"SAN LUIS"|83|"MANUFACTURAS DIVERSAS DE METAL COMUN"|2|26564|50859.5
28|83|"SAN LUIS"|83|"MANUFACTURAS DIVERSAS DE METAL COMUN"|2|52100|105468
29|83|"SAN LUIS"|83|"MANUFACTURAS DIVERSAS DE METAL COMUN"|2|52200|95988
30|83|"SAN LUIS"|83|"MANUFACTURAS DIVERSAS DE METAL COMUN"|4|79454|166531.26
31|83|"SAN LUIS"|83|"MANUFACTURAS DIVERSAS DE METAL COMUN"|1|26400|51744
32|83|"SAN LUIS"|83|"MANUFACTURAS DIVERSAS DE METAL COMUN"|1|26400|47520
33|83|"SAN LUIS"|83|"MANUFACTURAS DIVERSAS DE METAL COMUN"|1|25970|69229
34|83|"SAN LUIS"|83|"MANUFACTURAS DIVERSAS DE METAL COMUN"|4|65815|128697.35
35|83|"SAN LUIS"|83|"MANUFACTURAS DIVERSAS DE METAL COMUN"|1|26400|48696
36|83|"SAN LUIS"|83|"MANUFACTURAS DIVERSAS DE METAL COMUN"|2|27028|58408.43
37|83|"SAN LUIS"|83|"MANUFACTURAS DIVERSAS DE METAL COMUN"|4|105710|222898.8
38|83|"SAN LUIS"|83|"MANUFACTURAS DIVERSAS DE METAL COMUN"|6|157520|301083.2
39|83|"SAN LUIS"|83|"MANUFACTURAS DIVERSAS DE METAL COMUN"|1|25590|48570.6
42|83|"SAN LUIS"|83|"MANUFACTURAS DIVERSAS DE METAL COMUN"|4|101220|207302
43|83|"SAN LUIS"|83|"MANUFACTURAS DIVERSAS DE METAL COMUN"|3|78390|142121.4
44|83|"SAN LUIS"|83|"MANUFACTURAS DIVERSAS DE METAL COMUN"|1|351|9286.4
45|83|"SAN LUIS"|83|"MANUFACTURAS DIVERSAS DE METAL COMUN"|1|25750|55863
47|83|"SAN LUIS"|83|"MANUFACTURAS DIVERSAS DE METAL COMUN"|8|208840|393569.8
49|83|"SAN LUIS"|83|"MANUFACTURAS DIVERSAS DE METAL COMUN"|1|26400|47664
50|83|"SAN LUIS"|83|"MANUFACTURAS DIVERSAS DE METAL COMUN"|2|52800|95472
51|83|"SAN LUIS"|83|"MANUFACTURAS DIVERSAS DE METAL COMUN"|4|106000|225726
52|83|"SAN LUIS"|83|"MANUFACTURAS DIVERSAS DE METAL COMUN"|1|24930|47004.6
53|83|"SAN LUIS"|83|"MANUFACTURAS DIVERSAS DE METAL COMUN"|1|268.6|6381.3
55|83|"SAN LUIS"|83|"MANUFACTURAS DIVERSAS DE METAL COMUN"|2|52060|93812
56|83|"SAN LUIS"|83|"MANUFACTURAS DIVERSAS DE METAL COMUN"|5|102750|196787.5
58|83|"SAN LUIS"|83|"MANUFACTURAS DIVERSAS DE METAL COMUN"|1|26610|48857.7
59|83|"SAN LUIS"|83|"MANUFACTURAS DIVERSAS DE METAL COMUN"|2|52800|98592
60|83|"SAN LUIS"|83|"MANUFACTURAS DIVERSAS DE METAL COMUN"|4|78937|153474
61|83|"SAN LUIS"|83|"MANUFACTURAS DIVERSAS DE METAL COMUN"|1|26400|46980
62|83|"SAN LUIS"|83|"MANUFACTURAS DIVERSAS DE METAL COMUN"|2|26694|53188.66
63|83|"SAN LUIS"|83|"MANUFACTURAS DIVERSAS DE METAL COMUN"|2|52640|98639
64|83|"SAN LUIS"|83|"MANUFACTURAS DIVERSAS DE METAL COMUN"|2|52530|98676.6
65|83|"SAN LUIS"|83|"MANUFACTURAS DIVERSAS DE METAL COMUN"|3|79330|157473.5
67|83|"SAN LUIS"|83|"MANUFACTURAS DIVERSAS DE METAL COMUN"|1|26400|51072
68|83|"SAN LUIS"|83|"MANUFACTURAS DIVERSAS DE METAL COMUN"|4|104540|208705
69|83|"SAN LUIS"|83|"MANUFACTURAS DIVERSAS DE METAL COMUN"|4|78610|147901.2
70|83|"SAN LUIS"|83|"MANUFACTURAS DIVERSAS DE METAL COMUN"|1|26180|56201.8
72|83|"SAN LUIS"|83|"MANUFACTURAS DIVERSAS DE METAL COMUN"|3|52543|124908.6
73|83|"SAN LUIS"|83|"MANUFACTURAS DIVERSAS DE METAL COMUN"|5|132000|241824
76|83|"SAN LUIS"|83|"MANUFACTURAS DIVERSAS DE METAL COMUN"|5|105366|219384.25
77|83|"SAN LUIS"|83|"MANUFACTURAS DIVERSAS DE METAL COMUN"|3|78320|157937.6
78|83|"SAN LUIS"|83|"MANUFACTURAS DIVERSAS DE METAL COMUN"|4|103440|222260.6
81|83|"SAN LUIS"|83|"MANUFACTURAS DIVERSAS DE METAL COMUN"|5|126340|236774
82|83|"SAN LUIS"|83|"MANUFACTURAS DIVERSAS DE METAL COMUN"|3|75400|159304
84|83|"SAN LUIS"|83|"MANUFACTURAS DIVERSAS DE METAL COMUN"|1|25360|51667.2
85|83|"SAN LUIS"|83|"MANUFACTURAS DIVERSAS DE METAL COMUN"|6|157850|289804.8
86|83|"SAN LUIS"|83|"MANUFACTURAS DIVERSAS DE METAL COMUN"|2|26622.3|60150.61
87|83|"SAN LUIS"|83|"MANUFACTURAS DIVERSAS DE METAL COMUN"|1|26130|51854.7
88|83|"SAN LUIS"|83|"MANUFACTURAS DIVERSAS DE METAL COMUN"|1|26400|48864
89|83|"SAN LUIS"|83|"MANUFACTURAS DIVERSAS DE METAL COMUN"|3|78630|145342.5
90|83|"SAN LUIS"|83|"MANUFACTURAS DIVERSAS DE METAL COMUN"|3|78420|147937
94|83|"SAN LUIS"|83|"MANUFACTURAS DIVERSAS DE METAL COMUN"|3|79200|146496
95|83|"SAN LUIS"|83|"MANUFACTURAS DIVERSAS DE METAL COMUN"|5|104868.65|198266.04
98|83|"SAN LUIS"|83|"MANUFACTURAS DIVERSAS DE METAL COMUN"|4|105300|191791.2
99|83|"SAN LUIS"|83|"MANUFACTURAS DIVERSAS DE METAL COMUN"|6|156190|286465.8
100|83|"SAN LUIS"|83|"MANUFACTURAS DIVERSAS DE METAL COMUN"|1|433.8|7245.8
101|83|"SAN LUIS"|83|"MANUFACTURAS DIVERSAS DE METAL COMUN"|1|24660|54258
102|83|"SAN LUIS"|83|"MANUFACTURAS DIVERSAS DE METAL COMUN"|5|125700|261430.4
103|83|"SAN LUIS"|83|"MANUFACTURAS DIVERSAS DE METAL COMUN"|3|78340|144937
104|83|"SAN LUIS"|83|"MANUFACTURAS DIVERSAS DE METAL COMUN"|2|52200|100890
