"semana"|"aduana"|"aduana_desc"|"mercaderia"|"mercaderia_desc"|"cantidad"|"kilos"|"importe"
68|92|"BS.AS. SUR"|17|"AZUCARES Y ARTICULOS DE CONFITERIA"|4|7403.28|53912
69|92|"BS.AS. SUR"|17|"AZUCARES Y ARTICULOS DE CONFITERIA"|10|328623.03|259075
70|92|"BS.AS. SUR"|17|"AZUCARES Y ARTICULOS DE CONFITERIA"|5|97899.46|120836.48
71|92|"BS.AS. SUR"|17|"AZUCARES Y ARTICULOS DE CONFITERIA"|15|33203.56|51456.49
72|92|"BS.AS. SUR"|17|"AZUCARES Y ARTICULOS DE CONFITERIA"|12|211743.77|451450.42
73|92|"BS.AS. SUR"|17|"AZUCARES Y ARTICULOS DE CONFITERIA"|3|2546|26488.86
74|92|"BS.AS. SUR"|17|"AZUCARES Y ARTICULOS DE CONFITERIA"|19|179530.2|167038.64
75|92|"BS.AS. SUR"|17|"AZUCARES Y ARTICULOS DE CONFITERIA"|4|97600|89834.5
76|92|"BS.AS. SUR"|17|"AZUCARES Y ARTICULOS DE CONFITERIA"|8|99796.99|146201.51
77|92|"BS.AS. SUR"|17|"AZUCARES Y ARTICULOS DE CONFITERIA"|11|223498.98|180288.07
78|92|"BS.AS. SUR"|17|"AZUCARES Y ARTICULOS DE CONFITERIA"|9|174053.66|206285.38
79|92|"BS.AS. SUR"|17|"AZUCARES Y ARTICULOS DE CONFITERIA"|3|21708|63718.2
80|92|"BS.AS. SUR"|17|"AZUCARES Y ARTICULOS DE CONFITERIA"|5|517361|539862.54
81|92|"BS.AS. SUR"|17|"AZUCARES Y ARTICULOS DE CONFITERIA"|7|95512.24|74632.39
82|92|"BS.AS. SUR"|17|"AZUCARES Y ARTICULOS DE CONFITERIA"|15|503508.08|369848.26
83|92|"BS.AS. SUR"|17|"AZUCARES Y ARTICULOS DE CONFITERIA"|10|721089.12|557552.52
84|92|"BS.AS. SUR"|17|"AZUCARES Y ARTICULOS DE CONFITERIA"|5|409869.25|366830.19
85|92|"BS.AS. SUR"|17|"AZUCARES Y ARTICULOS DE CONFITERIA"|6|10429.44|51027.54
86|92|"BS.AS. SUR"|17|"AZUCARES Y ARTICULOS DE CONFITERIA"|16|575117.04|432471.06
87|92|"BS.AS. SUR"|17|"AZUCARES Y ARTICULOS DE CONFITERIA"|8|17109.5|63044.65
88|92|"BS.AS. SUR"|17|"AZUCARES Y ARTICULOS DE CONFITERIA"|8|211631.76|165779.4
89|92|"BS.AS. SUR"|17|"AZUCARES Y ARTICULOS DE CONFITERIA"|15|104384.52|91690.05
90|92|"BS.AS. SUR"|17|"AZUCARES Y ARTICULOS DE CONFITERIA"|9|32598.39|35301.47
91|92|"BS.AS. SUR"|17|"AZUCARES Y ARTICULOS DE CONFITERIA"|26|67143.33|82749.49
92|92|"BS.AS. SUR"|17|"AZUCARES Y ARTICULOS DE CONFITERIA"|5|6382.4|21391.86
93|92|"BS.AS. SUR"|17|"AZUCARES Y ARTICULOS DE CONFITERIA"|21|77859.4|204248.88
94|92|"BS.AS. SUR"|17|"AZUCARES Y ARTICULOS DE CONFITERIA"|21|572456.06|546958.22
95|92|"BS.AS. SUR"|17|"AZUCARES Y ARTICULOS DE CONFITERIA"|17|354001.49|262738.76
96|92|"BS.AS. SUR"|17|"AZUCARES Y ARTICULOS DE CONFITERIA"|10|457680.68|383514.28
97|92|"BS.AS. SUR"|17|"AZUCARES Y ARTICULOS DE CONFITERIA"|12|658120.7|521439.4
98|92|"BS.AS. SUR"|17|"AZUCARES Y ARTICULOS DE CONFITERIA"|13|567557.48|502452.92
99|92|"BS.AS. SUR"|17|"AZUCARES Y ARTICULOS DE CONFITERIA"|16|631061.38|560601.94
100|92|"BS.AS. SUR"|17|"AZUCARES Y ARTICULOS DE CONFITERIA"|13|672145|486949.9
101|92|"BS.AS. SUR"|17|"AZUCARES Y ARTICULOS DE CONFITERIA"|10|258790|201738.34
102|92|"BS.AS. SUR"|17|"AZUCARES Y ARTICULOS DE CONFITERIA"|7|52056.51|71438.75
103|92|"BS.AS. SUR"|17|"AZUCARES Y ARTICULOS DE CONFITERIA"|11|439082|289971.1
104|92|"BS.AS. SUR"|17|"AZUCARES Y ARTICULOS DE CONFITERIA"|5|1209.6|8319.5
