"semana"|"aduana"|"aduana_desc"|"mercaderia"|"mercaderia_desc"|"cantidad"|"kilos"|"importe"
23|49|"RIO GRANDE"|96|"MANUFACTURAS DIVERSAS"|1|457.6|2186.58
32|49|"RIO GRANDE"|96|"MANUFACTURAS DIVERSAS"|7|975|13719.69
33|49|"RIO GRANDE"|96|"MANUFACTURAS DIVERSAS"|1|93|2242.8
51|49|"RIO GRANDE"|96|"MANUFACTURAS DIVERSAS"|8|1146.5|10055.21
63|49|"RIO GRANDE"|96|"MANUFACTURAS DIVERSAS"|3|170|15.07
78|49|"RIO GRANDE"|96|"MANUFACTURAS DIVERSAS"|2|14|179.61
86|49|"RIO GRANDE"|96|"MANUFACTURAS DIVERSAS"|9|1089.6|6492.61
