"semana"|"aduana"|"aduana_desc"|"mercaderia"|"mercaderia_desc"|"cantidad"|"kilos"|"importe"
68|92|"BS.AS. SUR"|32|"EXTRACTOS CURTIENTES O TINTOREOS; TANINOS Y SUS DERIVADOS; P"|13|84901.02|147566.68
69|92|"BS.AS. SUR"|32|"EXTRACTOS CURTIENTES O TINTOREOS; TANINOS Y SUS DERIVADOS; P"|144|611775.74|1384381.01
70|92|"BS.AS. SUR"|32|"EXTRACTOS CURTIENTES O TINTOREOS; TANINOS Y SUS DERIVADOS; P"|86|455446.87|905396.06
71|92|"BS.AS. SUR"|32|"EXTRACTOS CURTIENTES O TINTOREOS; TANINOS Y SUS DERIVADOS; P"|153|1022199.52|2009696.02
72|92|"BS.AS. SUR"|32|"EXTRACTOS CURTIENTES O TINTOREOS; TANINOS Y SUS DERIVADOS; P"|98|530647.26|1174533.79
73|92|"BS.AS. SUR"|32|"EXTRACTOS CURTIENTES O TINTOREOS; TANINOS Y SUS DERIVADOS; P"|109|825462.71|1802454.36
74|92|"BS.AS. SUR"|32|"EXTRACTOS CURTIENTES O TINTOREOS; TANINOS Y SUS DERIVADOS; P"|169|1414530.03|2787930.44
75|92|"BS.AS. SUR"|32|"EXTRACTOS CURTIENTES O TINTOREOS; TANINOS Y SUS DERIVADOS; P"|132|1083235.88|1220415.01
76|92|"BS.AS. SUR"|32|"EXTRACTOS CURTIENTES O TINTOREOS; TANINOS Y SUS DERIVADOS; P"|107|877789.11|1380092.83
77|92|"BS.AS. SUR"|32|"EXTRACTOS CURTIENTES O TINTOREOS; TANINOS Y SUS DERIVADOS; P"|180|679698.69|1413008.46
78|92|"BS.AS. SUR"|32|"EXTRACTOS CURTIENTES O TINTOREOS; TANINOS Y SUS DERIVADOS; P"|122|601512.79|1348190.51
79|92|"BS.AS. SUR"|32|"EXTRACTOS CURTIENTES O TINTOREOS; TANINOS Y SUS DERIVADOS; P"|115|584337.33|1329151.79
80|92|"BS.AS. SUR"|32|"EXTRACTOS CURTIENTES O TINTOREOS; TANINOS Y SUS DERIVADOS; P"|126|688450.8|1435205.9
81|92|"BS.AS. SUR"|32|"EXTRACTOS CURTIENTES O TINTOREOS; TANINOS Y SUS DERIVADOS; P"|159|1137185.86|2087341.11
82|92|"BS.AS. SUR"|32|"EXTRACTOS CURTIENTES O TINTOREOS; TANINOS Y SUS DERIVADOS; P"|83|275473.15|743272.75
83|92|"BS.AS. SUR"|32|"EXTRACTOS CURTIENTES O TINTOREOS; TANINOS Y SUS DERIVADOS; P"|139|826222.24|1615377.85
84|92|"BS.AS. SUR"|32|"EXTRACTOS CURTIENTES O TINTOREOS; TANINOS Y SUS DERIVADOS; P"|132|596552.45|1315206.06
85|92|"BS.AS. SUR"|32|"EXTRACTOS CURTIENTES O TINTOREOS; TANINOS Y SUS DERIVADOS; P"|108|402916.66|959634.09
86|92|"BS.AS. SUR"|32|"EXTRACTOS CURTIENTES O TINTOREOS; TANINOS Y SUS DERIVADOS; P"|96|629254.51|1423879.02
87|92|"BS.AS. SUR"|32|"EXTRACTOS CURTIENTES O TINTOREOS; TANINOS Y SUS DERIVADOS; P"|143|572400.75|1354341
88|92|"BS.AS. SUR"|32|"EXTRACTOS CURTIENTES O TINTOREOS; TANINOS Y SUS DERIVADOS; P"|124|1022709.7|2027239.11
89|92|"BS.AS. SUR"|32|"EXTRACTOS CURTIENTES O TINTOREOS; TANINOS Y SUS DERIVADOS; P"|103|551668.03|1215775.22
90|92|"BS.AS. SUR"|32|"EXTRACTOS CURTIENTES O TINTOREOS; TANINOS Y SUS DERIVADOS; P"|172|883277.47|1856575.92
91|92|"BS.AS. SUR"|32|"EXTRACTOS CURTIENTES O TINTOREOS; TANINOS Y SUS DERIVADOS; P"|107|607874.03|1437062.38
92|92|"BS.AS. SUR"|32|"EXTRACTOS CURTIENTES O TINTOREOS; TANINOS Y SUS DERIVADOS; P"|143|648950.9|1518543.22
93|92|"BS.AS. SUR"|32|"EXTRACTOS CURTIENTES O TINTOREOS; TANINOS Y SUS DERIVADOS; P"|126|641771.03|1383789.61
94|92|"BS.AS. SUR"|32|"EXTRACTOS CURTIENTES O TINTOREOS; TANINOS Y SUS DERIVADOS; P"|126|686920.82|1308648.15
95|92|"BS.AS. SUR"|32|"EXTRACTOS CURTIENTES O TINTOREOS; TANINOS Y SUS DERIVADOS; P"|134|529408.43|1212125.23
96|92|"BS.AS. SUR"|32|"EXTRACTOS CURTIENTES O TINTOREOS; TANINOS Y SUS DERIVADOS; P"|139|532051.81|1225269
97|92|"BS.AS. SUR"|32|"EXTRACTOS CURTIENTES O TINTOREOS; TANINOS Y SUS DERIVADOS; P"|163|1108730.33|2178466.54
98|92|"BS.AS. SUR"|32|"EXTRACTOS CURTIENTES O TINTOREOS; TANINOS Y SUS DERIVADOS; P"|121|1034466.93|2037584.86
99|92|"BS.AS. SUR"|32|"EXTRACTOS CURTIENTES O TINTOREOS; TANINOS Y SUS DERIVADOS; P"|177|748177.78|1473194.39
100|92|"BS.AS. SUR"|32|"EXTRACTOS CURTIENTES O TINTOREOS; TANINOS Y SUS DERIVADOS; P"|87|548463.79|1202795.36
101|92|"BS.AS. SUR"|32|"EXTRACTOS CURTIENTES O TINTOREOS; TANINOS Y SUS DERIVADOS; P"|105|790489.34|1280853.27
102|92|"BS.AS. SUR"|32|"EXTRACTOS CURTIENTES O TINTOREOS; TANINOS Y SUS DERIVADOS; P"|163|891607.79|1908975.26
103|92|"BS.AS. SUR"|32|"EXTRACTOS CURTIENTES O TINTOREOS; TANINOS Y SUS DERIVADOS; P"|153|741765.33|1374729.86
104|92|"BS.AS. SUR"|32|"EXTRACTOS CURTIENTES O TINTOREOS; TANINOS Y SUS DERIVADOS; P"|39|95383.91|210316.33
