"semana"|"aduana"|"aduana_desc"|"mercaderia"|"mercaderia_desc"|"cantidad"|"kilos"|"importe"
62|76|"ORAN"|22|"BEBIDAS, LIQUIDOS ALCOHOLICOS Y VINAGRE"|1|61278.8|39292
63|76|"ORAN"|22|"BEBIDAS, LIQUIDOS ALCOHOLICOS Y VINAGRE"|1|61278.8|39292
65|76|"ORAN"|22|"BEBIDAS, LIQUIDOS ALCOHOLICOS Y VINAGRE"|1|61278.8|39292
67|76|"ORAN"|22|"BEBIDAS, LIQUIDOS ALCOHOLICOS Y VINAGRE"|1|61278.8|39292
68|76|"ORAN"|22|"BEBIDAS, LIQUIDOS ALCOHOLICOS Y VINAGRE"|1|61278.8|39292
71|76|"ORAN"|22|"BEBIDAS, LIQUIDOS ALCOHOLICOS Y VINAGRE"|1|61278.8|39292
72|76|"ORAN"|22|"BEBIDAS, LIQUIDOS ALCOHOLICOS Y VINAGRE"|3|148826.4|95128
73|76|"ORAN"|22|"BEBIDAS, LIQUIDOS ALCOHOLICOS Y VINAGRE"|1|61522|39292
75|76|"ORAN"|22|"BEBIDAS, LIQUIDOS ALCOHOLICOS Y VINAGRE"|2|92283|58938
76|76|"ORAN"|22|"BEBIDAS, LIQUIDOS ALCOHOLICOS Y VINAGRE"|1|61522|39292
78|76|"ORAN"|22|"BEBIDAS, LIQUIDOS ALCOHOLICOS Y VINAGRE"|2|92161.4|58938
79|76|"ORAN"|22|"BEBIDAS, LIQUIDOS ALCOHOLICOS Y VINAGRE"|2|89499.3|57387
81|76|"ORAN"|22|"BEBIDAS, LIQUIDOS ALCOHOLICOS Y VINAGRE"|2|91918.2|58292
82|76|"ORAN"|22|"BEBIDAS, LIQUIDOS ALCOHOLICOS Y VINAGRE"|1|91918.2|57000
83|76|"ORAN"|22|"BEBIDAS, LIQUIDOS ALCOHOLICOS Y VINAGRE"|1|61278.8|38000
84|76|"ORAN"|22|"BEBIDAS, LIQUIDOS ALCOHOLICOS Y VINAGRE"|2|122557.6|76000
87|76|"ORAN"|22|"BEBIDAS, LIQUIDOS ALCOHOLICOS Y VINAGRE"|1|91918.2|57000
88|76|"ORAN"|22|"BEBIDAS, LIQUIDOS ALCOHOLICOS Y VINAGRE"|1|61278.8|38000
89|76|"ORAN"|22|"BEBIDAS, LIQUIDOS ALCOHOLICOS Y VINAGRE"|1|91918.2|57000
91|76|"ORAN"|22|"BEBIDAS, LIQUIDOS ALCOHOLICOS Y VINAGRE"|1|61248.4|38000
92|76|"ORAN"|22|"BEBIDAS, LIQUIDOS ALCOHOLICOS Y VINAGRE"|1|61248.4|38000
93|76|"ORAN"|22|"BEBIDAS, LIQUIDOS ALCOHOLICOS Y VINAGRE"|1|61248.4|38000
95|76|"ORAN"|22|"BEBIDAS, LIQUIDOS ALCOHOLICOS Y VINAGRE"|1|91872.6|57000
96|76|"ORAN"|22|"BEBIDAS, LIQUIDOS ALCOHOLICOS Y VINAGRE"|3|183775.2|114000
97|76|"ORAN"|22|"BEBIDAS, LIQUIDOS ALCOHOLICOS Y VINAGRE"|2|153197|95000
99|76|"ORAN"|22|"BEBIDAS, LIQUIDOS ALCOHOLICOS Y VINAGRE"|1|61278.8|38000
101|76|"ORAN"|22|"BEBIDAS, LIQUIDOS ALCOHOLICOS Y VINAGRE"|1|61278.8|38000
