"semana"|"aduana"|"aduana_desc"|"mercaderia"|"mercaderia_desc"|"cantidad"|"kilos"|"importe"
68|91|"BS.AS. NORTE"|7|"HORTALIZAS, PLANTAS, RAICES Y TUBERCULOS ALIMENTICIOS"|2|68740|39923.6
69|91|"BS.AS. NORTE"|7|"HORTALIZAS, PLANTAS, RAICES Y TUBERCULOS ALIMENTICIOS"|20|1290776|935301.53
70|91|"BS.AS. NORTE"|7|"HORTALIZAS, PLANTAS, RAICES Y TUBERCULOS ALIMENTICIOS"|19|1720660|1131893.55
71|91|"BS.AS. NORTE"|7|"HORTALIZAS, PLANTAS, RAICES Y TUBERCULOS ALIMENTICIOS"|19|1402320|934282.21
72|91|"BS.AS. NORTE"|7|"HORTALIZAS, PLANTAS, RAICES Y TUBERCULOS ALIMENTICIOS"|13|847140|630156.38
73|91|"BS.AS. NORTE"|7|"HORTALIZAS, PLANTAS, RAICES Y TUBERCULOS ALIMENTICIOS"|13|949880|667208.92
74|91|"BS.AS. NORTE"|7|"HORTALIZAS, PLANTAS, RAICES Y TUBERCULOS ALIMENTICIOS"|20|880650|587625.58
75|91|"BS.AS. NORTE"|7|"HORTALIZAS, PLANTAS, RAICES Y TUBERCULOS ALIMENTICIOS"|9|465612.5|324304.29
76|91|"BS.AS. NORTE"|7|"HORTALIZAS, PLANTAS, RAICES Y TUBERCULOS ALIMENTICIOS"|19|938671.8|617896.09
77|91|"BS.AS. NORTE"|7|"HORTALIZAS, PLANTAS, RAICES Y TUBERCULOS ALIMENTICIOS"|30|1469180|1204273.12
78|91|"BS.AS. NORTE"|7|"HORTALIZAS, PLANTAS, RAICES Y TUBERCULOS ALIMENTICIOS"|13|767500|755656.96
79|91|"BS.AS. NORTE"|7|"HORTALIZAS, PLANTAS, RAICES Y TUBERCULOS ALIMENTICIOS"|12|818040|530801.53
80|91|"BS.AS. NORTE"|7|"HORTALIZAS, PLANTAS, RAICES Y TUBERCULOS ALIMENTICIOS"|22|1370327.5|1130507.96
81|91|"BS.AS. NORTE"|7|"HORTALIZAS, PLANTAS, RAICES Y TUBERCULOS ALIMENTICIOS"|20|960846|744891.13
82|91|"BS.AS. NORTE"|7|"HORTALIZAS, PLANTAS, RAICES Y TUBERCULOS ALIMENTICIOS"|26|1707120|1167765.51
83|91|"BS.AS. NORTE"|7|"HORTALIZAS, PLANTAS, RAICES Y TUBERCULOS ALIMENTICIOS"|23|1339440|926464.15
84|91|"BS.AS. NORTE"|7|"HORTALIZAS, PLANTAS, RAICES Y TUBERCULOS ALIMENTICIOS"|38|1791194|1554078.81
85|91|"BS.AS. NORTE"|7|"HORTALIZAS, PLANTAS, RAICES Y TUBERCULOS ALIMENTICIOS"|24|1675424|1247060.06
86|91|"BS.AS. NORTE"|7|"HORTALIZAS, PLANTAS, RAICES Y TUBERCULOS ALIMENTICIOS"|23|1550513|1160374.87
87|91|"BS.AS. NORTE"|7|"HORTALIZAS, PLANTAS, RAICES Y TUBERCULOS ALIMENTICIOS"|30|2541448|1982813.08
88|91|"BS.AS. NORTE"|7|"HORTALIZAS, PLANTAS, RAICES Y TUBERCULOS ALIMENTICIOS"|25|1473436|1436269.1
89|91|"BS.AS. NORTE"|7|"HORTALIZAS, PLANTAS, RAICES Y TUBERCULOS ALIMENTICIOS"|40|3160140|2416720.18
90|91|"BS.AS. NORTE"|7|"HORTALIZAS, PLANTAS, RAICES Y TUBERCULOS ALIMENTICIOS"|33|2369770|1458628.1
91|91|"BS.AS. NORTE"|7|"HORTALIZAS, PLANTAS, RAICES Y TUBERCULOS ALIMENTICIOS"|38|3747759|2719890.45
92|91|"BS.AS. NORTE"|7|"HORTALIZAS, PLANTAS, RAICES Y TUBERCULOS ALIMENTICIOS"|38|3952496|2398693.15
93|91|"BS.AS. NORTE"|7|"HORTALIZAS, PLANTAS, RAICES Y TUBERCULOS ALIMENTICIOS"|27|2778700|1507233.05
94|91|"BS.AS. NORTE"|7|"HORTALIZAS, PLANTAS, RAICES Y TUBERCULOS ALIMENTICIOS"|43|4132890|2516107.75
95|91|"BS.AS. NORTE"|7|"HORTALIZAS, PLANTAS, RAICES Y TUBERCULOS ALIMENTICIOS"|52|6241475|4009207.59
96|91|"BS.AS. NORTE"|7|"HORTALIZAS, PLANTAS, RAICES Y TUBERCULOS ALIMENTICIOS"|30|2081430|1499320.34
97|91|"BS.AS. NORTE"|7|"HORTALIZAS, PLANTAS, RAICES Y TUBERCULOS ALIMENTICIOS"|39|2409045.7|1845941.46
98|91|"BS.AS. NORTE"|7|"HORTALIZAS, PLANTAS, RAICES Y TUBERCULOS ALIMENTICIOS"|44|3860490|2819663.97
99|91|"BS.AS. NORTE"|7|"HORTALIZAS, PLANTAS, RAICES Y TUBERCULOS ALIMENTICIOS"|54|6849070|3780003.9
100|91|"BS.AS. NORTE"|7|"HORTALIZAS, PLANTAS, RAICES Y TUBERCULOS ALIMENTICIOS"|22|1954706|1441285.4
101|91|"BS.AS. NORTE"|7|"HORTALIZAS, PLANTAS, RAICES Y TUBERCULOS ALIMENTICIOS"|18|806810|819615.33
102|91|"BS.AS. NORTE"|7|"HORTALIZAS, PLANTAS, RAICES Y TUBERCULOS ALIMENTICIOS"|46|4026226|2944669.44
103|91|"BS.AS. NORTE"|7|"HORTALIZAS, PLANTAS, RAICES Y TUBERCULOS ALIMENTICIOS"|36|2340830.82|1619402.7
104|91|"BS.AS. NORTE"|7|"HORTALIZAS, PLANTAS, RAICES Y TUBERCULOS ALIMENTICIOS"|30|2712250|1547636.86
