"semana"|"aduana"|"aduana_desc"|"mercaderia"|"mercaderia_desc"|"cantidad"|"kilos"|"importe"
71|92|"BS.AS. SUR"|66|"PARAGUAS, SOMBRILLAS, QUITASOLES, BASTONES, BASTONES ASIENTO"|4|1213.4|9971.6
72|92|"BS.AS. SUR"|66|"PARAGUAS, SOMBRILLAS, QUITASOLES, BASTONES, BASTONES ASIENTO"|1|3.13|95
73|92|"BS.AS. SUR"|66|"PARAGUAS, SOMBRILLAS, QUITASOLES, BASTONES, BASTONES ASIENTO"|1|44.17|542.88
79|92|"BS.AS. SUR"|66|"PARAGUAS, SOMBRILLAS, QUITASOLES, BASTONES, BASTONES ASIENTO"|1|26|425
84|92|"BS.AS. SUR"|66|"PARAGUAS, SOMBRILLAS, QUITASOLES, BASTONES, BASTONES ASIENTO"|1|24.41|528
92|92|"BS.AS. SUR"|66|"PARAGUAS, SOMBRILLAS, QUITASOLES, BASTONES, BASTONES ASIENTO"|1|1217|9802
96|92|"BS.AS. SUR"|66|"PARAGUAS, SOMBRILLAS, QUITASOLES, BASTONES, BASTONES ASIENTO"|4|43.2|737.17
103|92|"BS.AS. SUR"|66|"PARAGUAS, SOMBRILLAS, QUITASOLES, BASTONES, BASTONES ASIENTO"|1|1410.8|19292.6
