"semana"|"aduana"|"aduana_desc"|"mercaderia"|"mercaderia_desc"|"cantidad"|"kilos"|"importe"
68|92|"BS.AS. SUR"|29|"PRODUCTOS QUIMICOS ORGANICOS"|2|23440|52416
69|92|"BS.AS. SUR"|29|"PRODUCTOS QUIMICOS ORGANICOS"|39|89638|199446.71
70|92|"BS.AS. SUR"|29|"PRODUCTOS QUIMICOS ORGANICOS"|29|108475.98|203049.16
71|92|"BS.AS. SUR"|29|"PRODUCTOS QUIMICOS ORGANICOS"|30|204925.66|353075.79
72|92|"BS.AS. SUR"|29|"PRODUCTOS QUIMICOS ORGANICOS"|32|61922.88|135863.65
73|92|"BS.AS. SUR"|29|"PRODUCTOS QUIMICOS ORGANICOS"|19|122669.9|228644.99
74|92|"BS.AS. SUR"|29|"PRODUCTOS QUIMICOS ORGANICOS"|24|265585.84|439183.8
75|92|"BS.AS. SUR"|29|"PRODUCTOS QUIMICOS ORGANICOS"|23|17586.56|91074.18
76|92|"BS.AS. SUR"|29|"PRODUCTOS QUIMICOS ORGANICOS"|59|154870.82|257711.17
77|92|"BS.AS. SUR"|29|"PRODUCTOS QUIMICOS ORGANICOS"|22|57215.1|150025.39
78|92|"BS.AS. SUR"|29|"PRODUCTOS QUIMICOS ORGANICOS"|30|117574.5|168068.56
79|92|"BS.AS. SUR"|29|"PRODUCTOS QUIMICOS ORGANICOS"|20|111625.52|225758.66
80|92|"BS.AS. SUR"|29|"PRODUCTOS QUIMICOS ORGANICOS"|37|223850.39|313592.91
81|92|"BS.AS. SUR"|29|"PRODUCTOS QUIMICOS ORGANICOS"|36|230766.95|333558.44
82|92|"BS.AS. SUR"|29|"PRODUCTOS QUIMICOS ORGANICOS"|32|241779.21|444918.27
83|92|"BS.AS. SUR"|29|"PRODUCTOS QUIMICOS ORGANICOS"|45|107669.64|149555.94
84|92|"BS.AS. SUR"|29|"PRODUCTOS QUIMICOS ORGANICOS"|26|288740.42|419597.39
85|92|"BS.AS. SUR"|29|"PRODUCTOS QUIMICOS ORGANICOS"|24|77238.68|108334.9
86|92|"BS.AS. SUR"|29|"PRODUCTOS QUIMICOS ORGANICOS"|26|187620.61|370392.3
87|92|"BS.AS. SUR"|29|"PRODUCTOS QUIMICOS ORGANICOS"|27|193112.68|271029.86
88|92|"BS.AS. SUR"|29|"PRODUCTOS QUIMICOS ORGANICOS"|41|148642.48|282002.6
89|92|"BS.AS. SUR"|29|"PRODUCTOS QUIMICOS ORGANICOS"|37|284265.24|386252.88
90|92|"BS.AS. SUR"|29|"PRODUCTOS QUIMICOS ORGANICOS"|80|235332.92|348565.36
91|92|"BS.AS. SUR"|29|"PRODUCTOS QUIMICOS ORGANICOS"|66|121204.77|252723.51
92|92|"BS.AS. SUR"|29|"PRODUCTOS QUIMICOS ORGANICOS"|41|97560.14|320706.82
93|92|"BS.AS. SUR"|29|"PRODUCTOS QUIMICOS ORGANICOS"|22|34082.69|47990.03
94|92|"BS.AS. SUR"|29|"PRODUCTOS QUIMICOS ORGANICOS"|16|16213.01|76382.69
95|92|"BS.AS. SUR"|29|"PRODUCTOS QUIMICOS ORGANICOS"|28|31800.3|178863.71
96|92|"BS.AS. SUR"|29|"PRODUCTOS QUIMICOS ORGANICOS"|35|61339.79|146518.6
97|92|"BS.AS. SUR"|29|"PRODUCTOS QUIMICOS ORGANICOS"|31|54891.58|101442.68
98|92|"BS.AS. SUR"|29|"PRODUCTOS QUIMICOS ORGANICOS"|39|34782.36|94523.38
99|92|"BS.AS. SUR"|29|"PRODUCTOS QUIMICOS ORGANICOS"|46|20444.41|85939.36
100|92|"BS.AS. SUR"|29|"PRODUCTOS QUIMICOS ORGANICOS"|21|6108.04|50900.19
101|92|"BS.AS. SUR"|29|"PRODUCTOS QUIMICOS ORGANICOS"|30|36089.7|92607.91
102|92|"BS.AS. SUR"|29|"PRODUCTOS QUIMICOS ORGANICOS"|54|43273.97|134210.45
103|92|"BS.AS. SUR"|29|"PRODUCTOS QUIMICOS ORGANICOS"|29|28700.32|114830.64
104|92|"BS.AS. SUR"|29|"PRODUCTOS QUIMICOS ORGANICOS"|2|2300|19020
