"semana"|"aduana"|"aduana_desc"|"mercaderia"|"mercaderia_desc"|"cantidad"|"kilos"|"importe"
1|79|"LA RIOJA"|41|"PIELES (EXCEPTO LA PELETERIA) Y CUEROS"|7|45734|1170104.62
2|79|"LA RIOJA"|41|"PIELES (EXCEPTO LA PELETERIA) Y CUEROS"|13|246155|1619946.25
3|79|"LA RIOJA"|41|"PIELES (EXCEPTO LA PELETERIA) Y CUEROS"|10|122299|1405312.32
4|79|"LA RIOJA"|41|"PIELES (EXCEPTO LA PELETERIA) Y CUEROS"|4|146666|740177.19
5|79|"LA RIOJA"|41|"PIELES (EXCEPTO LA PELETERIA) Y CUEROS"|13|164303|2665836.91
6|79|"LA RIOJA"|41|"PIELES (EXCEPTO LA PELETERIA) Y CUEROS"|5|62322|657412.22
7|79|"LA RIOJA"|41|"PIELES (EXCEPTO LA PELETERIA) Y CUEROS"|6|134479|1158142.96
8|79|"LA RIOJA"|41|"PIELES (EXCEPTO LA PELETERIA) Y CUEROS"|10|177934|1444597.99
9|79|"LA RIOJA"|41|"PIELES (EXCEPTO LA PELETERIA) Y CUEROS"|4|123917|934357.9
10|79|"LA RIOJA"|41|"PIELES (EXCEPTO LA PELETERIA) Y CUEROS"|13|125857|1480049.98
11|79|"LA RIOJA"|41|"PIELES (EXCEPTO LA PELETERIA) Y CUEROS"|5|19290|661542.26
12|79|"LA RIOJA"|41|"PIELES (EXCEPTO LA PELETERIA) Y CUEROS"|7|147418|946921.55
13|79|"LA RIOJA"|41|"PIELES (EXCEPTO LA PELETERIA) Y CUEROS"|12|250561|1888405.63
14|79|"LA RIOJA"|41|"PIELES (EXCEPTO LA PELETERIA) Y CUEROS"|10|126413|1416023.25
15|79|"LA RIOJA"|41|"PIELES (EXCEPTO LA PELETERIA) Y CUEROS"|8|140835|1464239.69
16|79|"LA RIOJA"|41|"PIELES (EXCEPTO LA PELETERIA) Y CUEROS"|4|118673|707588.79
17|79|"LA RIOJA"|41|"PIELES (EXCEPTO LA PELETERIA) Y CUEROS"|19|202857|2213800.02
18|79|"LA RIOJA"|41|"PIELES (EXCEPTO LA PELETERIA) Y CUEROS"|6|64872|890068.06
19|79|"LA RIOJA"|41|"PIELES (EXCEPTO LA PELETERIA) Y CUEROS"|5|140596|689005.46
20|79|"LA RIOJA"|41|"PIELES (EXCEPTO LA PELETERIA) Y CUEROS"|9|221485|1525622.44
21|79|"LA RIOJA"|41|"PIELES (EXCEPTO LA PELETERIA) Y CUEROS"|7|126270|821996.57
22|79|"LA RIOJA"|41|"PIELES (EXCEPTO LA PELETERIA) Y CUEROS"|8|185988|1650861.21
23|79|"LA RIOJA"|41|"PIELES (EXCEPTO LA PELETERIA) Y CUEROS"|6|124322|840143.57
24|79|"LA RIOJA"|41|"PIELES (EXCEPTO LA PELETERIA) Y CUEROS"|5|107798|365979.6
25|79|"LA RIOJA"|41|"PIELES (EXCEPTO LA PELETERIA) Y CUEROS"|8|102623|1486307.12
26|79|"LA RIOJA"|41|"PIELES (EXCEPTO LA PELETERIA) Y CUEROS"|17|138468|2503724.43
27|79|"LA RIOJA"|41|"PIELES (EXCEPTO LA PELETERIA) Y CUEROS"|9|159886|1341827.32
28|79|"LA RIOJA"|41|"PIELES (EXCEPTO LA PELETERIA) Y CUEROS"|10|137216|1615330.3
29|79|"LA RIOJA"|41|"PIELES (EXCEPTO LA PELETERIA) Y CUEROS"|7|174795|1185905.25
30|79|"LA RIOJA"|41|"PIELES (EXCEPTO LA PELETERIA) Y CUEROS"|8|164026|1644549.88
31|79|"LA RIOJA"|41|"PIELES (EXCEPTO LA PELETERIA) Y CUEROS"|12|86078|1417502.36
32|79|"LA RIOJA"|41|"PIELES (EXCEPTO LA PELETERIA) Y CUEROS"|7|134986|1102183.52
33|79|"LA RIOJA"|41|"PIELES (EXCEPTO LA PELETERIA) Y CUEROS"|4|143016|721837.03
34|79|"LA RIOJA"|41|"PIELES (EXCEPTO LA PELETERIA) Y CUEROS"|3|140687|769715.91
35|79|"LA RIOJA"|41|"PIELES (EXCEPTO LA PELETERIA) Y CUEROS"|21|207731|2449859.28
36|79|"LA RIOJA"|41|"PIELES (EXCEPTO LA PELETERIA) Y CUEROS"|19|140448|1549513.88
37|79|"LA RIOJA"|41|"PIELES (EXCEPTO LA PELETERIA) Y CUEROS"|17|220968|1243671.75
38|79|"LA RIOJA"|41|"PIELES (EXCEPTO LA PELETERIA) Y CUEROS"|4|67607|787887.1
39|79|"LA RIOJA"|41|"PIELES (EXCEPTO LA PELETERIA) Y CUEROS"|3|62918|139012.78
40|79|"LA RIOJA"|41|"PIELES (EXCEPTO LA PELETERIA) Y CUEROS"|14|171312|1585643.52
41|79|"LA RIOJA"|41|"PIELES (EXCEPTO LA PELETERIA) Y CUEROS"|2|62384|103073.4
42|79|"LA RIOJA"|41|"PIELES (EXCEPTO LA PELETERIA) Y CUEROS"|8|168492|865817.99
43|79|"LA RIOJA"|41|"PIELES (EXCEPTO LA PELETERIA) Y CUEROS"|11|109686|389997.94
44|79|"LA RIOJA"|41|"PIELES (EXCEPTO LA PELETERIA) Y CUEROS"|17|201643|1899410.29
45|79|"LA RIOJA"|41|"PIELES (EXCEPTO LA PELETERIA) Y CUEROS"|10|108296|354899.65
46|79|"LA RIOJA"|41|"PIELES (EXCEPTO LA PELETERIA) Y CUEROS"|7|121005|627106.12
47|79|"LA RIOJA"|41|"PIELES (EXCEPTO LA PELETERIA) Y CUEROS"|18|118406|1258014.08
48|79|"LA RIOJA"|41|"PIELES (EXCEPTO LA PELETERIA) Y CUEROS"|19|201827|1817266.62
49|79|"LA RIOJA"|41|"PIELES (EXCEPTO LA PELETERIA) Y CUEROS"|8|122860|1236062.16
50|79|"LA RIOJA"|41|"PIELES (EXCEPTO LA PELETERIA) Y CUEROS"|5|135473|559036.17
51|79|"LA RIOJA"|41|"PIELES (EXCEPTO LA PELETERIA) Y CUEROS"|17|158757|1584088.67
52|79|"LA RIOJA"|41|"PIELES (EXCEPTO LA PELETERIA) Y CUEROS"|15|133535|586119.19
53|79|"LA RIOJA"|41|"PIELES (EXCEPTO LA PELETERIA) Y CUEROS"|4|44233|167592.52
54|79|"LA RIOJA"|41|"PIELES (EXCEPTO LA PELETERIA) Y CUEROS"|7|169381|949786.34
55|79|"LA RIOJA"|41|"PIELES (EXCEPTO LA PELETERIA) Y CUEROS"|9|117431|1139390.19
56|79|"LA RIOJA"|41|"PIELES (EXCEPTO LA PELETERIA) Y CUEROS"|18|136556|1066655.89
57|79|"LA RIOJA"|41|"PIELES (EXCEPTO LA PELETERIA) Y CUEROS"|20|186292|2344915.74
58|79|"LA RIOJA"|41|"PIELES (EXCEPTO LA PELETERIA) Y CUEROS"|8|111095|847505.39
59|79|"LA RIOJA"|41|"PIELES (EXCEPTO LA PELETERIA) Y CUEROS"|1|41798|70256.6
60|79|"LA RIOJA"|41|"PIELES (EXCEPTO LA PELETERIA) Y CUEROS"|10|169608|1314415.58
61|79|"LA RIOJA"|41|"PIELES (EXCEPTO LA PELETERIA) Y CUEROS"|8|152958|1000981.37
62|79|"LA RIOJA"|41|"PIELES (EXCEPTO LA PELETERIA) Y CUEROS"|14|108370|795560.81
63|79|"LA RIOJA"|41|"PIELES (EXCEPTO LA PELETERIA) Y CUEROS"|10|145143|718046.86
64|79|"LA RIOJA"|41|"PIELES (EXCEPTO LA PELETERIA) Y CUEROS"|4|176886|508690.7
65|79|"LA RIOJA"|41|"PIELES (EXCEPTO LA PELETERIA) Y CUEROS"|11|139414|1063325.46
66|79|"LA RIOJA"|41|"PIELES (EXCEPTO LA PELETERIA) Y CUEROS"|4|97847|630360.35
67|79|"LA RIOJA"|41|"PIELES (EXCEPTO LA PELETERIA) Y CUEROS"|6|173869|860876.16
68|79|"LA RIOJA"|41|"PIELES (EXCEPTO LA PELETERIA) Y CUEROS"|10|154128|851374.56
69|79|"LA RIOJA"|41|"PIELES (EXCEPTO LA PELETERIA) Y CUEROS"|7|139032|997264.11
70|79|"LA RIOJA"|41|"PIELES (EXCEPTO LA PELETERIA) Y CUEROS"|15|149628|1376205.3
71|79|"LA RIOJA"|41|"PIELES (EXCEPTO LA PELETERIA) Y CUEROS"|3|10328|244775.62
72|79|"LA RIOJA"|41|"PIELES (EXCEPTO LA PELETERIA) Y CUEROS"|9|58222|789011.46
73|79|"LA RIOJA"|41|"PIELES (EXCEPTO LA PELETERIA) Y CUEROS"|7|71470|335850.36
74|79|"LA RIOJA"|41|"PIELES (EXCEPTO LA PELETERIA) Y CUEROS"|7|159087|1071582.64
75|79|"LA RIOJA"|41|"PIELES (EXCEPTO LA PELETERIA) Y CUEROS"|7|72053|329544.9
76|79|"LA RIOJA"|41|"PIELES (EXCEPTO LA PELETERIA) Y CUEROS"|6|44016|170416.95
77|79|"LA RIOJA"|41|"PIELES (EXCEPTO LA PELETERIA) Y CUEROS"|13|203727|703455.87
78|79|"LA RIOJA"|41|"PIELES (EXCEPTO LA PELETERIA) Y CUEROS"|15|242888|714733.12
79|79|"LA RIOJA"|41|"PIELES (EXCEPTO LA PELETERIA) Y CUEROS"|8|101018|1158254.78
80|79|"LA RIOJA"|41|"PIELES (EXCEPTO LA PELETERIA) Y CUEROS"|8|88738|902220.86
81|79|"LA RIOJA"|41|"PIELES (EXCEPTO LA PELETERIA) Y CUEROS"|3|44496|152890.16
82|79|"LA RIOJA"|41|"PIELES (EXCEPTO LA PELETERIA) Y CUEROS"|20|173845|1130878.93
83|79|"LA RIOJA"|41|"PIELES (EXCEPTO LA PELETERIA) Y CUEROS"|9|53704|755183.34
84|79|"LA RIOJA"|41|"PIELES (EXCEPTO LA PELETERIA) Y CUEROS"|3|83300|127493.2
85|79|"LA RIOJA"|41|"PIELES (EXCEPTO LA PELETERIA) Y CUEROS"|10|74710|402681.04
86|79|"LA RIOJA"|41|"PIELES (EXCEPTO LA PELETERIA) Y CUEROS"|9|121188|550692.41
87|79|"LA RIOJA"|41|"PIELES (EXCEPTO LA PELETERIA) Y CUEROS"|8|84586|1069422.03
88|79|"LA RIOJA"|41|"PIELES (EXCEPTO LA PELETERIA) Y CUEROS"|9|142994|612914.77
89|79|"LA RIOJA"|41|"PIELES (EXCEPTO LA PELETERIA) Y CUEROS"|14|95928|899800.06
90|79|"LA RIOJA"|41|"PIELES (EXCEPTO LA PELETERIA) Y CUEROS"|10|153957|693394.5
91|79|"LA RIOJA"|41|"PIELES (EXCEPTO LA PELETERIA) Y CUEROS"|10|204085|883115.81
92|79|"LA RIOJA"|41|"PIELES (EXCEPTO LA PELETERIA) Y CUEROS"|9|88764|271815.74
93|79|"LA RIOJA"|41|"PIELES (EXCEPTO LA PELETERIA) Y CUEROS"|12|144631|872876.95
94|79|"LA RIOJA"|41|"PIELES (EXCEPTO LA PELETERIA) Y CUEROS"|5|44489|127685.82
95|79|"LA RIOJA"|41|"PIELES (EXCEPTO LA PELETERIA) Y CUEROS"|12|126540|810823.52
96|79|"LA RIOJA"|41|"PIELES (EXCEPTO LA PELETERIA) Y CUEROS"|15|78793|954157.69
97|79|"LA RIOJA"|41|"PIELES (EXCEPTO LA PELETERIA) Y CUEROS"|18|240601|1505646.17
98|79|"LA RIOJA"|41|"PIELES (EXCEPTO LA PELETERIA) Y CUEROS"|7|116681|589564.48
99|79|"LA RIOJA"|41|"PIELES (EXCEPTO LA PELETERIA) Y CUEROS"|18|215684|722833.92
100|79|"LA RIOJA"|41|"PIELES (EXCEPTO LA PELETERIA) Y CUEROS"|11|86468|618055.67
101|79|"LA RIOJA"|41|"PIELES (EXCEPTO LA PELETERIA) Y CUEROS"|9|106819|444875.92
102|79|"LA RIOJA"|41|"PIELES (EXCEPTO LA PELETERIA) Y CUEROS"|2|8831|257913.53
103|79|"LA RIOJA"|41|"PIELES (EXCEPTO LA PELETERIA) Y CUEROS"|12|44898|771770.85
104|79|"LA RIOJA"|41|"PIELES (EXCEPTO LA PELETERIA) Y CUEROS"|15|105181|1232764.3
