"semana"|"aduana"|"aduana_desc"|"mercaderia"|"mercaderia_desc"|"cantidad"|"kilos"|"importe"
68|92|"BS.AS. SUR"|22|"BEBIDAS, LIQUIDOS ALCOHOLICOS Y VINAGRE"|24|49185|161174.79
69|92|"BS.AS. SUR"|22|"BEBIDAS, LIQUIDOS ALCOHOLICOS Y VINAGRE"|87|251181.6|914561.52
70|92|"BS.AS. SUR"|22|"BEBIDAS, LIQUIDOS ALCOHOLICOS Y VINAGRE"|81|318700|1048855.52
71|92|"BS.AS. SUR"|22|"BEBIDAS, LIQUIDOS ALCOHOLICOS Y VINAGRE"|103|505867.49|1296919.13
72|92|"BS.AS. SUR"|22|"BEBIDAS, LIQUIDOS ALCOHOLICOS Y VINAGRE"|101|242197.2|1011234.7
73|92|"BS.AS. SUR"|22|"BEBIDAS, LIQUIDOS ALCOHOLICOS Y VINAGRE"|97|276228.66|720138.6
74|92|"BS.AS. SUR"|22|"BEBIDAS, LIQUIDOS ALCOHOLICOS Y VINAGRE"|103|306974.5|1155164.36
75|92|"BS.AS. SUR"|22|"BEBIDAS, LIQUIDOS ALCOHOLICOS Y VINAGRE"|84|291779.25|876888.9
76|92|"BS.AS. SUR"|22|"BEBIDAS, LIQUIDOS ALCOHOLICOS Y VINAGRE"|153|320275.15|1485100.58
77|92|"BS.AS. SUR"|22|"BEBIDAS, LIQUIDOS ALCOHOLICOS Y VINAGRE"|123|387781.03|1165760.37
78|92|"BS.AS. SUR"|22|"BEBIDAS, LIQUIDOS ALCOHOLICOS Y VINAGRE"|110|332888.2|856670.92
79|92|"BS.AS. SUR"|22|"BEBIDAS, LIQUIDOS ALCOHOLICOS Y VINAGRE"|117|347870.94|643201.61
80|92|"BS.AS. SUR"|22|"BEBIDAS, LIQUIDOS ALCOHOLICOS Y VINAGRE"|77|191502.1|690478.22
81|92|"BS.AS. SUR"|22|"BEBIDAS, LIQUIDOS ALCOHOLICOS Y VINAGRE"|158|378142.824|898148.23
82|92|"BS.AS. SUR"|22|"BEBIDAS, LIQUIDOS ALCOHOLICOS Y VINAGRE"|207|555322.5|2009973.66
83|92|"BS.AS. SUR"|22|"BEBIDAS, LIQUIDOS ALCOHOLICOS Y VINAGRE"|63|286403.62|578468.2
84|92|"BS.AS. SUR"|22|"BEBIDAS, LIQUIDOS ALCOHOLICOS Y VINAGRE"|156|269833.5|1074347.19
85|92|"BS.AS. SUR"|22|"BEBIDAS, LIQUIDOS ALCOHOLICOS Y VINAGRE"|72|146422.9|661648.1
86|92|"BS.AS. SUR"|22|"BEBIDAS, LIQUIDOS ALCOHOLICOS Y VINAGRE"|119|317737.93|1266516.49
87|92|"BS.AS. SUR"|22|"BEBIDAS, LIQUIDOS ALCOHOLICOS Y VINAGRE"|75|312111.5|726938.98
88|92|"BS.AS. SUR"|22|"BEBIDAS, LIQUIDOS ALCOHOLICOS Y VINAGRE"|107|296425.48|1292867.96
89|92|"BS.AS. SUR"|22|"BEBIDAS, LIQUIDOS ALCOHOLICOS Y VINAGRE"|131|211571.25|1009708.46
90|92|"BS.AS. SUR"|22|"BEBIDAS, LIQUIDOS ALCOHOLICOS Y VINAGRE"|116|229150.66|1037975.98
91|92|"BS.AS. SUR"|22|"BEBIDAS, LIQUIDOS ALCOHOLICOS Y VINAGRE"|161|405188.64|1456587.74
92|92|"BS.AS. SUR"|22|"BEBIDAS, LIQUIDOS ALCOHOLICOS Y VINAGRE"|99|459697.5|1988449.39
93|92|"BS.AS. SUR"|22|"BEBIDAS, LIQUIDOS ALCOHOLICOS Y VINAGRE"|94|329063.268|1191524.43
94|92|"BS.AS. SUR"|22|"BEBIDAS, LIQUIDOS ALCOHOLICOS Y VINAGRE"|160|561557.12|1607384.69
95|92|"BS.AS. SUR"|22|"BEBIDAS, LIQUIDOS ALCOHOLICOS Y VINAGRE"|138|401139.13|1375012.48
96|92|"BS.AS. SUR"|22|"BEBIDAS, LIQUIDOS ALCOHOLICOS Y VINAGRE"|84|207698.11|686943.35
97|92|"BS.AS. SUR"|22|"BEBIDAS, LIQUIDOS ALCOHOLICOS Y VINAGRE"|105|273785.83|873205.8
98|92|"BS.AS. SUR"|22|"BEBIDAS, LIQUIDOS ALCOHOLICOS Y VINAGRE"|139|366046|1271520.79
99|92|"BS.AS. SUR"|22|"BEBIDAS, LIQUIDOS ALCOHOLICOS Y VINAGRE"|97|301012.532|727705.78
100|92|"BS.AS. SUR"|22|"BEBIDAS, LIQUIDOS ALCOHOLICOS Y VINAGRE"|80|314646.8|689836.34
101|92|"BS.AS. SUR"|22|"BEBIDAS, LIQUIDOS ALCOHOLICOS Y VINAGRE"|36|182434.5|500259.26
102|92|"BS.AS. SUR"|22|"BEBIDAS, LIQUIDOS ALCOHOLICOS Y VINAGRE"|77|175889|416859.59
103|92|"BS.AS. SUR"|22|"BEBIDAS, LIQUIDOS ALCOHOLICOS Y VINAGRE"|193|468815.5|1148204.77
104|92|"BS.AS. SUR"|22|"BEBIDAS, LIQUIDOS ALCOHOLICOS Y VINAGRE"|30|45442|145040.59
