"semana"|"aduana"|"aduana_desc"|"mercaderia"|"mercaderia_desc"|"cantidad"|"kilos"|"importe"
21|84|"SANTO TOME"|42|"MANUFACTURAS DE CUERO; ARTICULOS DE TALABARTERIA O GUARNICIO"|1|25|645
40|84|"SANTO TOME"|42|"MANUFACTURAS DE CUERO; ARTICULOS DE TALABARTERIA O GUARNICIO"|1|2.5|94
69|84|"SANTO TOME"|42|"MANUFACTURAS DE CUERO; ARTICULOS DE TALABARTERIA O GUARNICIO"|1|18|464.4
71|84|"SANTO TOME"|42|"MANUFACTURAS DE CUERO; ARTICULOS DE TALABARTERIA O GUARNICIO"|1|18|464.4
74|84|"SANTO TOME"|42|"MANUFACTURAS DE CUERO; ARTICULOS DE TALABARTERIA O GUARNICIO"|1|14|361.2
97|84|"SANTO TOME"|42|"MANUFACTURAS DE CUERO; ARTICULOS DE TALABARTERIA O GUARNICIO"|1|4.5|169.2
103|84|"SANTO TOME"|42|"MANUFACTURAS DE CUERO; ARTICULOS DE TALABARTERIA O GUARNICIO"|1|12|309.6
