"semana"|"aduana"|"aduana_desc"|"mercaderia"|"mercaderia_desc"|"cantidad"|"kilos"|"importe"
14|49|"RIO GRANDE"|88|"AERONAVES, VEHICULOS ESPACIALES Y SUS PARTES"|1|11|21151
34|49|"RIO GRANDE"|88|"AERONAVES, VEHICULOS ESPACIALES Y SUS PARTES"|2|10|11365
48|49|"RIO GRANDE"|88|"AERONAVES, VEHICULOS ESPACIALES Y SUS PARTES"|2|15|6747
53|49|"RIO GRANDE"|88|"AERONAVES, VEHICULOS ESPACIALES Y SUS PARTES"|1|17|4482
78|49|"RIO GRANDE"|88|"AERONAVES, VEHICULOS ESPACIALES Y SUS PARTES"|1|2|3405.33
86|49|"RIO GRANDE"|88|"AERONAVES, VEHICULOS ESPACIALES Y SUS PARTES"|3|77.33|23096.67
90|49|"RIO GRANDE"|88|"AERONAVES, VEHICULOS ESPACIALES Y SUS PARTES"|2|42|4427.94
98|49|"RIO GRANDE"|88|"AERONAVES, VEHICULOS ESPACIALES Y SUS PARTES"|1|7.05|2345.7
103|49|"RIO GRANDE"|88|"AERONAVES, VEHICULOS ESPACIALES Y SUS PARTES"|4|203.87|14268.55
