"semana"|"aduana"|"aduana_desc"|"mercaderia"|"mercaderia_desc"|"cantidad"|"kilos"|"importe"
68|91|"BS.AS. NORTE"|48|"PAPEL Y CARTON; MANUFACTURAS DE PASTA DE CELULOSA, DE PAPEL "|2|2294.95|16646.52
69|91|"BS.AS. NORTE"|48|"PAPEL Y CARTON; MANUFACTURAS DE PASTA DE CELULOSA, DE PAPEL "|34|113924.43|334874.45
70|91|"BS.AS. NORTE"|48|"PAPEL Y CARTON; MANUFACTURAS DE PASTA DE CELULOSA, DE PAPEL "|21|73209.88|245812.6
71|91|"BS.AS. NORTE"|48|"PAPEL Y CARTON; MANUFACTURAS DE PASTA DE CELULOSA, DE PAPEL "|30|43365.98|176900.7
72|91|"BS.AS. NORTE"|48|"PAPEL Y CARTON; MANUFACTURAS DE PASTA DE CELULOSA, DE PAPEL "|29|67111.87|275672.38
73|91|"BS.AS. NORTE"|48|"PAPEL Y CARTON; MANUFACTURAS DE PASTA DE CELULOSA, DE PAPEL "|40|131373.96|487579.58
74|91|"BS.AS. NORTE"|48|"PAPEL Y CARTON; MANUFACTURAS DE PASTA DE CELULOSA, DE PAPEL "|27|100561.13|679915.93
75|91|"BS.AS. NORTE"|48|"PAPEL Y CARTON; MANUFACTURAS DE PASTA DE CELULOSA, DE PAPEL "|28|33662.14|84251.74
76|91|"BS.AS. NORTE"|48|"PAPEL Y CARTON; MANUFACTURAS DE PASTA DE CELULOSA, DE PAPEL "|54|179881.83|663839.12
77|91|"BS.AS. NORTE"|48|"PAPEL Y CARTON; MANUFACTURAS DE PASTA DE CELULOSA, DE PAPEL "|41|118855.07|612145.16
78|91|"BS.AS. NORTE"|48|"PAPEL Y CARTON; MANUFACTURAS DE PASTA DE CELULOSA, DE PAPEL "|41|142134.57|485404.81
79|91|"BS.AS. NORTE"|48|"PAPEL Y CARTON; MANUFACTURAS DE PASTA DE CELULOSA, DE PAPEL "|35|125014.36|374751.06
80|91|"BS.AS. NORTE"|48|"PAPEL Y CARTON; MANUFACTURAS DE PASTA DE CELULOSA, DE PAPEL "|20|103180.89|544552.21
81|91|"BS.AS. NORTE"|48|"PAPEL Y CARTON; MANUFACTURAS DE PASTA DE CELULOSA, DE PAPEL "|32|83524.84|363114.72
82|91|"BS.AS. NORTE"|48|"PAPEL Y CARTON; MANUFACTURAS DE PASTA DE CELULOSA, DE PAPEL "|21|86943.53|269820.15
83|91|"BS.AS. NORTE"|48|"PAPEL Y CARTON; MANUFACTURAS DE PASTA DE CELULOSA, DE PAPEL "|28|52571.59|161086.57
84|91|"BS.AS. NORTE"|48|"PAPEL Y CARTON; MANUFACTURAS DE PASTA DE CELULOSA, DE PAPEL "|34|47803.47|151713.29
85|91|"BS.AS. NORTE"|48|"PAPEL Y CARTON; MANUFACTURAS DE PASTA DE CELULOSA, DE PAPEL "|10|72589.36|355097.92
86|91|"BS.AS. NORTE"|48|"PAPEL Y CARTON; MANUFACTURAS DE PASTA DE CELULOSA, DE PAPEL "|38|97019.22|297026.35
87|91|"BS.AS. NORTE"|48|"PAPEL Y CARTON; MANUFACTURAS DE PASTA DE CELULOSA, DE PAPEL "|41|88900.32|335424.28
88|91|"BS.AS. NORTE"|48|"PAPEL Y CARTON; MANUFACTURAS DE PASTA DE CELULOSA, DE PAPEL "|30|100688.72|296538.49
89|91|"BS.AS. NORTE"|48|"PAPEL Y CARTON; MANUFACTURAS DE PASTA DE CELULOSA, DE PAPEL "|28|42476.46|220885.68
90|91|"BS.AS. NORTE"|48|"PAPEL Y CARTON; MANUFACTURAS DE PASTA DE CELULOSA, DE PAPEL "|27|77478.95|317471.38
91|91|"BS.AS. NORTE"|48|"PAPEL Y CARTON; MANUFACTURAS DE PASTA DE CELULOSA, DE PAPEL "|30|66887.4|313603.81
92|91|"BS.AS. NORTE"|48|"PAPEL Y CARTON; MANUFACTURAS DE PASTA DE CELULOSA, DE PAPEL "|26|60807.49|227116.7
93|91|"BS.AS. NORTE"|48|"PAPEL Y CARTON; MANUFACTURAS DE PASTA DE CELULOSA, DE PAPEL "|29|14445.5|78748.2
94|91|"BS.AS. NORTE"|48|"PAPEL Y CARTON; MANUFACTURAS DE PASTA DE CELULOSA, DE PAPEL "|26|86555.15|240040.41
95|91|"BS.AS. NORTE"|48|"PAPEL Y CARTON; MANUFACTURAS DE PASTA DE CELULOSA, DE PAPEL "|34|70491.79|246696.98
96|91|"BS.AS. NORTE"|48|"PAPEL Y CARTON; MANUFACTURAS DE PASTA DE CELULOSA, DE PAPEL "|34|96696.18|291078.72
97|91|"BS.AS. NORTE"|48|"PAPEL Y CARTON; MANUFACTURAS DE PASTA DE CELULOSA, DE PAPEL "|21|38804.2|211591.74
98|91|"BS.AS. NORTE"|48|"PAPEL Y CARTON; MANUFACTURAS DE PASTA DE CELULOSA, DE PAPEL "|26|79738.37|380192.24
99|91|"BS.AS. NORTE"|48|"PAPEL Y CARTON; MANUFACTURAS DE PASTA DE CELULOSA, DE PAPEL "|25|64376.24|209322
100|91|"BS.AS. NORTE"|48|"PAPEL Y CARTON; MANUFACTURAS DE PASTA DE CELULOSA, DE PAPEL "|22|57557.93|156889.34
101|91|"BS.AS. NORTE"|48|"PAPEL Y CARTON; MANUFACTURAS DE PASTA DE CELULOSA, DE PAPEL "|18|10098.38|53288.1
102|91|"BS.AS. NORTE"|48|"PAPEL Y CARTON; MANUFACTURAS DE PASTA DE CELULOSA, DE PAPEL "|42|40035.63|310827.8
103|91|"BS.AS. NORTE"|48|"PAPEL Y CARTON; MANUFACTURAS DE PASTA DE CELULOSA, DE PAPEL "|28|74832.42|208972.4
104|91|"BS.AS. NORTE"|48|"PAPEL Y CARTON; MANUFACTURAS DE PASTA DE CELULOSA, DE PAPEL "|7|142.69|2735.93
