"semana"|"aduana"|"aduana_desc"|"mercaderia"|"mercaderia_desc"|"cantidad"|"kilos"|"importe"
69|92|"BS.AS. SUR"|82|"HERRAMIENTAS Y UTILES, ARTICULOS DE CUCHILLERIA Y CUBIERTOS "|25|41610.48|192356.14
70|92|"BS.AS. SUR"|82|"HERRAMIENTAS Y UTILES, ARTICULOS DE CUCHILLERIA Y CUBIERTOS "|72|30144.82|226325.8
71|92|"BS.AS. SUR"|82|"HERRAMIENTAS Y UTILES, ARTICULOS DE CUCHILLERIA Y CUBIERTOS "|59|41819.91|235981.67
72|92|"BS.AS. SUR"|82|"HERRAMIENTAS Y UTILES, ARTICULOS DE CUCHILLERIA Y CUBIERTOS "|11|23027.02|115745.2
73|92|"BS.AS. SUR"|82|"HERRAMIENTAS Y UTILES, ARTICULOS DE CUCHILLERIA Y CUBIERTOS "|31|39617.66|147945.11
74|92|"BS.AS. SUR"|82|"HERRAMIENTAS Y UTILES, ARTICULOS DE CUCHILLERIA Y CUBIERTOS "|48|19903.12|71220.36
75|92|"BS.AS. SUR"|82|"HERRAMIENTAS Y UTILES, ARTICULOS DE CUCHILLERIA Y CUBIERTOS "|17|37241.14|130513.43
76|92|"BS.AS. SUR"|82|"HERRAMIENTAS Y UTILES, ARTICULOS DE CUCHILLERIA Y CUBIERTOS "|60|27357.98|213133.17
77|92|"BS.AS. SUR"|82|"HERRAMIENTAS Y UTILES, ARTICULOS DE CUCHILLERIA Y CUBIERTOS "|35|19490.48|68951.49
78|92|"BS.AS. SUR"|82|"HERRAMIENTAS Y UTILES, ARTICULOS DE CUCHILLERIA Y CUBIERTOS "|60|44144.07|164747.91
79|92|"BS.AS. SUR"|82|"HERRAMIENTAS Y UTILES, ARTICULOS DE CUCHILLERIA Y CUBIERTOS "|23|23402.75|80666.07
80|92|"BS.AS. SUR"|82|"HERRAMIENTAS Y UTILES, ARTICULOS DE CUCHILLERIA Y CUBIERTOS "|28|18892.29|58230.31
81|92|"BS.AS. SUR"|82|"HERRAMIENTAS Y UTILES, ARTICULOS DE CUCHILLERIA Y CUBIERTOS "|29|18811.53|59793.49
82|92|"BS.AS. SUR"|82|"HERRAMIENTAS Y UTILES, ARTICULOS DE CUCHILLERIA Y CUBIERTOS "|28|39960.93|162689
83|92|"BS.AS. SUR"|82|"HERRAMIENTAS Y UTILES, ARTICULOS DE CUCHILLERIA Y CUBIERTOS "|28|7078.83|54394.93
84|92|"BS.AS. SUR"|82|"HERRAMIENTAS Y UTILES, ARTICULOS DE CUCHILLERIA Y CUBIERTOS "|26|24935.42|95039.09
85|92|"BS.AS. SUR"|82|"HERRAMIENTAS Y UTILES, ARTICULOS DE CUCHILLERIA Y CUBIERTOS "|19|19577.35|69796.8
86|92|"BS.AS. SUR"|82|"HERRAMIENTAS Y UTILES, ARTICULOS DE CUCHILLERIA Y CUBIERTOS "|33|24774.21|96285.2
87|92|"BS.AS. SUR"|82|"HERRAMIENTAS Y UTILES, ARTICULOS DE CUCHILLERIA Y CUBIERTOS "|18|19659.59|87101.58
88|92|"BS.AS. SUR"|82|"HERRAMIENTAS Y UTILES, ARTICULOS DE CUCHILLERIA Y CUBIERTOS "|20|19975.6|138050.97
89|92|"BS.AS. SUR"|82|"HERRAMIENTAS Y UTILES, ARTICULOS DE CUCHILLERIA Y CUBIERTOS "|32|19447.78|71018.75
90|92|"BS.AS. SUR"|82|"HERRAMIENTAS Y UTILES, ARTICULOS DE CUCHILLERIA Y CUBIERTOS "|14|17589.01|54375.24
91|92|"BS.AS. SUR"|82|"HERRAMIENTAS Y UTILES, ARTICULOS DE CUCHILLERIA Y CUBIERTOS "|39|23547.37|237742.81
92|92|"BS.AS. SUR"|82|"HERRAMIENTAS Y UTILES, ARTICULOS DE CUCHILLERIA Y CUBIERTOS "|20|19421.08|64354.13
93|92|"BS.AS. SUR"|82|"HERRAMIENTAS Y UTILES, ARTICULOS DE CUCHILLERIA Y CUBIERTOS "|12|18773.34|58036.52
94|92|"BS.AS. SUR"|82|"HERRAMIENTAS Y UTILES, ARTICULOS DE CUCHILLERIA Y CUBIERTOS "|40|19717.28|76835.14
95|92|"BS.AS. SUR"|82|"HERRAMIENTAS Y UTILES, ARTICULOS DE CUCHILLERIA Y CUBIERTOS "|46|4224.95|48795.85
96|92|"BS.AS. SUR"|82|"HERRAMIENTAS Y UTILES, ARTICULOS DE CUCHILLERIA Y CUBIERTOS "|31|20979.98|133557.15
97|92|"BS.AS. SUR"|82|"HERRAMIENTAS Y UTILES, ARTICULOS DE CUCHILLERIA Y CUBIERTOS "|8|18749.09|56881.11
98|92|"BS.AS. SUR"|82|"HERRAMIENTAS Y UTILES, ARTICULOS DE CUCHILLERIA Y CUBIERTOS "|49|1656.59|36778.76
99|92|"BS.AS. SUR"|82|"HERRAMIENTAS Y UTILES, ARTICULOS DE CUCHILLERIA Y CUBIERTOS "|19|24707.33|89230.71
100|92|"BS.AS. SUR"|82|"HERRAMIENTAS Y UTILES, ARTICULOS DE CUCHILLERIA Y CUBIERTOS "|22|25053.42|86692.47
101|92|"BS.AS. SUR"|82|"HERRAMIENTAS Y UTILES, ARTICULOS DE CUCHILLERIA Y CUBIERTOS "|17|22398.9|70103.85
102|92|"BS.AS. SUR"|82|"HERRAMIENTAS Y UTILES, ARTICULOS DE CUCHILLERIA Y CUBIERTOS "|48|37340.4|174715.45
103|92|"BS.AS. SUR"|82|"HERRAMIENTAS Y UTILES, ARTICULOS DE CUCHILLERIA Y CUBIERTOS "|95|24023.8|86509.04
104|92|"BS.AS. SUR"|82|"HERRAMIENTAS Y UTILES, ARTICULOS DE CUCHILLERIA Y CUBIERTOS "|7|192.88|2388.15
