"semana"|"aduana"|"aduana_desc"|"mercaderia"|"mercaderia_desc"|"cantidad"|"kilos"|"importe"
1|84|"SANTO TOME"|7|"HORTALIZAS, PLANTAS, RAICES Y TUBERCULOS ALIMENTICIOS"|4|101000|107020
2|84|"SANTO TOME"|7|"HORTALIZAS, PLANTAS, RAICES Y TUBERCULOS ALIMENTICIOS"|4|127840|138989.6
3|84|"SANTO TOME"|7|"HORTALIZAS, PLANTAS, RAICES Y TUBERCULOS ALIMENTICIOS"|5|234600|165444
4|84|"SANTO TOME"|7|"HORTALIZAS, PLANTAS, RAICES Y TUBERCULOS ALIMENTICIOS"|6|207920|148924.8
5|84|"SANTO TOME"|7|"HORTALIZAS, PLANTAS, RAICES Y TUBERCULOS ALIMENTICIOS"|2|102000|75270
6|84|"SANTO TOME"|7|"HORTALIZAS, PLANTAS, RAICES Y TUBERCULOS ALIMENTICIOS"|6|229000|177650
7|84|"SANTO TOME"|7|"HORTALIZAS, PLANTAS, RAICES Y TUBERCULOS ALIMENTICIOS"|7|280760|217094.4
8|84|"SANTO TOME"|7|"HORTALIZAS, PLANTAS, RAICES Y TUBERCULOS ALIMENTICIOS"|5|178760|130324.4
9|84|"SANTO TOME"|7|"HORTALIZAS, PLANTAS, RAICES Y TUBERCULOS ALIMENTICIOS"|8|267680|207079.2
10|84|"SANTO TOME"|7|"HORTALIZAS, PLANTAS, RAICES Y TUBERCULOS ALIMENTICIOS"|9|268920|114449.8
11|84|"SANTO TOME"|7|"HORTALIZAS, PLANTAS, RAICES Y TUBERCULOS ALIMENTICIOS"|4|180760|109395.9
12|84|"SANTO TOME"|7|"HORTALIZAS, PLANTAS, RAICES Y TUBERCULOS ALIMENTICIOS"|37|1505680|531193.1
13|84|"SANTO TOME"|7|"HORTALIZAS, PLANTAS, RAICES Y TUBERCULOS ALIMENTICIOS"|31|1123500|365655
14|84|"SANTO TOME"|7|"HORTALIZAS, PLANTAS, RAICES Y TUBERCULOS ALIMENTICIOS"|45|1764820|561690.5
15|84|"SANTO TOME"|7|"HORTALIZAS, PLANTAS, RAICES Y TUBERCULOS ALIMENTICIOS"|36|1460110|475872.4
16|84|"SANTO TOME"|7|"HORTALIZAS, PLANTAS, RAICES Y TUBERCULOS ALIMENTICIOS"|35|1205940|312551.5
17|84|"SANTO TOME"|7|"HORTALIZAS, PLANTAS, RAICES Y TUBERCULOS ALIMENTICIOS"|56|2189720|587914.5
18|84|"SANTO TOME"|7|"HORTALIZAS, PLANTAS, RAICES Y TUBERCULOS ALIMENTICIOS"|56|2997028|762390.5
19|84|"SANTO TOME"|7|"HORTALIZAS, PLANTAS, RAICES Y TUBERCULOS ALIMENTICIOS"|65|3199420|907886.2
20|84|"SANTO TOME"|7|"HORTALIZAS, PLANTAS, RAICES Y TUBERCULOS ALIMENTICIOS"|67|2987520|890919.1
21|84|"SANTO TOME"|7|"HORTALIZAS, PLANTAS, RAICES Y TUBERCULOS ALIMENTICIOS"|34|1092960|408856.2
22|84|"SANTO TOME"|7|"HORTALIZAS, PLANTAS, RAICES Y TUBERCULOS ALIMENTICIOS"|35|1384360|409391.12
23|84|"SANTO TOME"|7|"HORTALIZAS, PLANTAS, RAICES Y TUBERCULOS ALIMENTICIOS"|26|1170390|489780.3
24|84|"SANTO TOME"|7|"HORTALIZAS, PLANTAS, RAICES Y TUBERCULOS ALIMENTICIOS"|18|535260|182434.2
25|84|"SANTO TOME"|7|"HORTALIZAS, PLANTAS, RAICES Y TUBERCULOS ALIMENTICIOS"|24|975620|320281.8
26|84|"SANTO TOME"|7|"HORTALIZAS, PLANTAS, RAICES Y TUBERCULOS ALIMENTICIOS"|37|1777420|464866.6
27|84|"SANTO TOME"|7|"HORTALIZAS, PLANTAS, RAICES Y TUBERCULOS ALIMENTICIOS"|28|1397600|354203
28|84|"SANTO TOME"|7|"HORTALIZAS, PLANTAS, RAICES Y TUBERCULOS ALIMENTICIOS"|23|975140|373580.3
29|84|"SANTO TOME"|7|"HORTALIZAS, PLANTAS, RAICES Y TUBERCULOS ALIMENTICIOS"|13|708420|242312.3
30|84|"SANTO TOME"|7|"HORTALIZAS, PLANTAS, RAICES Y TUBERCULOS ALIMENTICIOS"|22|959800|409402.5
31|84|"SANTO TOME"|7|"HORTALIZAS, PLANTAS, RAICES Y TUBERCULOS ALIMENTICIOS"|18|700840|431924.95
32|84|"SANTO TOME"|7|"HORTALIZAS, PLANTAS, RAICES Y TUBERCULOS ALIMENTICIOS"|10|437340|276346.2
33|84|"SANTO TOME"|7|"HORTALIZAS, PLANTAS, RAICES Y TUBERCULOS ALIMENTICIOS"|10|323000|165615
34|84|"SANTO TOME"|7|"HORTALIZAS, PLANTAS, RAICES Y TUBERCULOS ALIMENTICIOS"|11|502000|341720
35|84|"SANTO TOME"|7|"HORTALIZAS, PLANTAS, RAICES Y TUBERCULOS ALIMENTICIOS"|6|244180|159529.9
36|84|"SANTO TOME"|7|"HORTALIZAS, PLANTAS, RAICES Y TUBERCULOS ALIMENTICIOS"|7|425000|259160
37|84|"SANTO TOME"|7|"HORTALIZAS, PLANTAS, RAICES Y TUBERCULOS ALIMENTICIOS"|8|354220|249369.9
38|84|"SANTO TOME"|7|"HORTALIZAS, PLANTAS, RAICES Y TUBERCULOS ALIMENTICIOS"|4|203000|174000
39|84|"SANTO TOME"|7|"HORTALIZAS, PLANTAS, RAICES Y TUBERCULOS ALIMENTICIOS"|9|386840|430471.2
40|84|"SANTO TOME"|7|"HORTALIZAS, PLANTAS, RAICES Y TUBERCULOS ALIMENTICIOS"|12|477660|424826.8
41|84|"SANTO TOME"|7|"HORTALIZAS, PLANTAS, RAICES Y TUBERCULOS ALIMENTICIOS"|4|203000|171100
42|84|"SANTO TOME"|7|"HORTALIZAS, PLANTAS, RAICES Y TUBERCULOS ALIMENTICIOS"|8|493000|401650
43|84|"SANTO TOME"|7|"HORTALIZAS, PLANTAS, RAICES Y TUBERCULOS ALIMENTICIOS"|4|261000|190530
44|84|"SANTO TOME"|7|"HORTALIZAS, PLANTAS, RAICES Y TUBERCULOS ALIMENTICIOS"|6|319000|253750
45|84|"SANTO TOME"|7|"HORTALIZAS, PLANTAS, RAICES Y TUBERCULOS ALIMENTICIOS"|6|361700|230839
46|84|"SANTO TOME"|7|"HORTALIZAS, PLANTAS, RAICES Y TUBERCULOS ALIMENTICIOS"|4|165000|98340
47|84|"SANTO TOME"|7|"HORTALIZAS, PLANTAS, RAICES Y TUBERCULOS ALIMENTICIOS"|7|374000|256080
48|84|"SANTO TOME"|7|"HORTALIZAS, PLANTAS, RAICES Y TUBERCULOS ALIMENTICIOS"|12|555520|333098.4
49|84|"SANTO TOME"|7|"HORTALIZAS, PLANTAS, RAICES Y TUBERCULOS ALIMENTICIOS"|8|464000|324800
50|84|"SANTO TOME"|7|"HORTALIZAS, PLANTAS, RAICES Y TUBERCULOS ALIMENTICIOS"|4|138840|80599.2
51|84|"SANTO TOME"|7|"HORTALIZAS, PLANTAS, RAICES Y TUBERCULOS ALIMENTICIOS"|8|365680|200504.8
52|84|"SANTO TOME"|7|"HORTALIZAS, PLANTAS, RAICES Y TUBERCULOS ALIMENTICIOS"|4|98000|94800
53|84|"SANTO TOME"|7|"HORTALIZAS, PLANTAS, RAICES Y TUBERCULOS ALIMENTICIOS"|6|265840|178042.4
54|84|"SANTO TOME"|7|"HORTALIZAS, PLANTAS, RAICES Y TUBERCULOS ALIMENTICIOS"|29|934000|816420
55|84|"SANTO TOME"|7|"HORTALIZAS, PLANTAS, RAICES Y TUBERCULOS ALIMENTICIOS"|38|1133680|1080726.2
56|84|"SANTO TOME"|7|"HORTALIZAS, PLANTAS, RAICES Y TUBERCULOS ALIMENTICIOS"|49|1513000|1378600
57|84|"SANTO TOME"|7|"HORTALIZAS, PLANTAS, RAICES Y TUBERCULOS ALIMENTICIOS"|34|977840|934095.6
58|84|"SANTO TOME"|7|"HORTALIZAS, PLANTAS, RAICES Y TUBERCULOS ALIMENTICIOS"|30|831000|772420
59|84|"SANTO TOME"|7|"HORTALIZAS, PLANTAS, RAICES Y TUBERCULOS ALIMENTICIOS"|32|835000|973140
60|84|"SANTO TOME"|7|"HORTALIZAS, PLANTAS, RAICES Y TUBERCULOS ALIMENTICIOS"|32|878760|843658.4
61|84|"SANTO TOME"|7|"HORTALIZAS, PLANTAS, RAICES Y TUBERCULOS ALIMENTICIOS"|36|1886560|868919.5
62|84|"SANTO TOME"|7|"HORTALIZAS, PLANTAS, RAICES Y TUBERCULOS ALIMENTICIOS"|63|2732720|1116800.44
63|84|"SANTO TOME"|7|"HORTALIZAS, PLANTAS, RAICES Y TUBERCULOS ALIMENTICIOS"|52|1644500|988061
64|84|"SANTO TOME"|7|"HORTALIZAS, PLANTAS, RAICES Y TUBERCULOS ALIMENTICIOS"|42|1391560|644700.4
65|84|"SANTO TOME"|7|"HORTALIZAS, PLANTAS, RAICES Y TUBERCULOS ALIMENTICIOS"|57|2381440|651247.72
66|84|"SANTO TOME"|7|"HORTALIZAS, PLANTAS, RAICES Y TUBERCULOS ALIMENTICIOS"|45|1858480|483308.9
67|84|"SANTO TOME"|7|"HORTALIZAS, PLANTAS, RAICES Y TUBERCULOS ALIMENTICIOS"|62|2801460|672004
68|84|"SANTO TOME"|7|"HORTALIZAS, PLANTAS, RAICES Y TUBERCULOS ALIMENTICIOS"|39|1767870|529823.4
69|84|"SANTO TOME"|7|"HORTALIZAS, PLANTAS, RAICES Y TUBERCULOS ALIMENTICIOS"|45|2533820|569427.5
70|84|"SANTO TOME"|7|"HORTALIZAS, PLANTAS, RAICES Y TUBERCULOS ALIMENTICIOS"|32|1366980|393547.1
71|84|"SANTO TOME"|7|"HORTALIZAS, PLANTAS, RAICES Y TUBERCULOS ALIMENTICIOS"|54|2003640|528261.8
72|84|"SANTO TOME"|7|"HORTALIZAS, PLANTAS, RAICES Y TUBERCULOS ALIMENTICIOS"|72|3443700|943654.8
73|84|"SANTO TOME"|7|"HORTALIZAS, PLANTAS, RAICES Y TUBERCULOS ALIMENTICIOS"|39|1457350|389093.2
74|84|"SANTO TOME"|7|"HORTALIZAS, PLANTAS, RAICES Y TUBERCULOS ALIMENTICIOS"|33|1181660|416114
75|84|"SANTO TOME"|7|"HORTALIZAS, PLANTAS, RAICES Y TUBERCULOS ALIMENTICIOS"|24|647420|250944.8
76|84|"SANTO TOME"|7|"HORTALIZAS, PLANTAS, RAICES Y TUBERCULOS ALIMENTICIOS"|29|986000|376220
77|84|"SANTO TOME"|7|"HORTALIZAS, PLANTAS, RAICES Y TUBERCULOS ALIMENTICIOS"|16|572680|242660.2
78|84|"SANTO TOME"|7|"HORTALIZAS, PLANTAS, RAICES Y TUBERCULOS ALIMENTICIOS"|14|518740|235076
79|84|"SANTO TOME"|7|"HORTALIZAS, PLANTAS, RAICES Y TUBERCULOS ALIMENTICIOS"|16|673240|301772.4
80|84|"SANTO TOME"|7|"HORTALIZAS, PLANTAS, RAICES Y TUBERCULOS ALIMENTICIOS"|10|335000|155720
81|84|"SANTO TOME"|7|"HORTALIZAS, PLANTAS, RAICES Y TUBERCULOS ALIMENTICIOS"|14|656460|288330.4
82|84|"SANTO TOME"|7|"HORTALIZAS, PLANTAS, RAICES Y TUBERCULOS ALIMENTICIOS"|7|312920|131454.4
83|84|"SANTO TOME"|7|"HORTALIZAS, PLANTAS, RAICES Y TUBERCULOS ALIMENTICIOS"|4|251840|108748.8
84|84|"SANTO TOME"|7|"HORTALIZAS, PLANTAS, RAICES Y TUBERCULOS ALIMENTICIOS"|6|445840|177468.8
85|84|"SANTO TOME"|7|"HORTALIZAS, PLANTAS, RAICES Y TUBERCULOS ALIMENTICIOS"|4|254840|105908.8
86|84|"SANTO TOME"|7|"HORTALIZAS, PLANTAS, RAICES Y TUBERCULOS ALIMENTICIOS"|7|387840|151948.8
87|84|"SANTO TOME"|7|"HORTALIZAS, PLANTAS, RAICES Y TUBERCULOS ALIMENTICIOS"|5|278000|109840
88|84|"SANTO TOME"|7|"HORTALIZAS, PLANTAS, RAICES Y TUBERCULOS ALIMENTICIOS"|3|161680|58697.6
90|84|"SANTO TOME"|7|"HORTALIZAS, PLANTAS, RAICES Y TUBERCULOS ALIMENTICIOS"|3|116000|51040
91|84|"SANTO TOME"|7|"HORTALIZAS, PLANTAS, RAICES Y TUBERCULOS ALIMENTICIOS"|4|167840|59508.8
92|84|"SANTO TOME"|7|"HORTALIZAS, PLANTAS, RAICES Y TUBERCULOS ALIMENTICIOS"|2|145000|53650
93|84|"SANTO TOME"|7|"HORTALIZAS, PLANTAS, RAICES Y TUBERCULOS ALIMENTICIOS"|2|103680|33177.6
94|84|"SANTO TOME"|7|"HORTALIZAS, PLANTAS, RAICES Y TUBERCULOS ALIMENTICIOS"|6|293520|95146.4
95|84|"SANTO TOME"|7|"HORTALIZAS, PLANTAS, RAICES Y TUBERCULOS ALIMENTICIOS"|4|197000|70290
96|84|"SANTO TOME"|7|"HORTALIZAS, PLANTAS, RAICES Y TUBERCULOS ALIMENTICIOS"|3|158000|53460
97|84|"SANTO TOME"|7|"HORTALIZAS, PLANTAS, RAICES Y TUBERCULOS ALIMENTICIOS"|3|187600|62932
98|84|"SANTO TOME"|7|"HORTALIZAS, PLANTAS, RAICES Y TUBERCULOS ALIMENTICIOS"|7|379760|160723.2
99|84|"SANTO TOME"|7|"HORTALIZAS, PLANTAS, RAICES Y TUBERCULOS ALIMENTICIOS"|7|377000|139490
100|84|"SANTO TOME"|7|"HORTALIZAS, PLANTAS, RAICES Y TUBERCULOS ALIMENTICIOS"|7|295760|164063.2
101|84|"SANTO TOME"|7|"HORTALIZAS, PLANTAS, RAICES Y TUBERCULOS ALIMENTICIOS"|7|318000|247380
102|84|"SANTO TOME"|7|"HORTALIZAS, PLANTAS, RAICES Y TUBERCULOS ALIMENTICIOS"|10|346000|341980
103|84|"SANTO TOME"|7|"HORTALIZAS, PLANTAS, RAICES Y TUBERCULOS ALIMENTICIOS"|23|594840|825250.4
104|84|"SANTO TOME"|7|"HORTALIZAS, PLANTAS, RAICES Y TUBERCULOS ALIMENTICIOS"|7|212000|191260
