"semana"|"aduana"|"aduana_desc"|"mercaderia"|"mercaderia_desc"|"cantidad"|"kilos"|"importe"
73|92|"BS.AS. SUR"|53|"LAS DEMAS FIBRAS TEXTILES VEGETALES; HILADOS DE PAPEL Y TEJI"|1|13.54|444
74|92|"BS.AS. SUR"|53|"LAS DEMAS FIBRAS TEXTILES VEGETALES; HILADOS DE PAPEL Y TEJI"|1|0.34|5.66
77|92|"BS.AS. SUR"|53|"LAS DEMAS FIBRAS TEXTILES VEGETALES; HILADOS DE PAPEL Y TEJI"|1|142.89|4549
78|92|"BS.AS. SUR"|53|"LAS DEMAS FIBRAS TEXTILES VEGETALES; HILADOS DE PAPEL Y TEJI"|1|58.6|5676
88|92|"BS.AS. SUR"|53|"LAS DEMAS FIBRAS TEXTILES VEGETALES; HILADOS DE PAPEL Y TEJI"|2|95.23|673.89
98|92|"BS.AS. SUR"|53|"LAS DEMAS FIBRAS TEXTILES VEGETALES; HILADOS DE PAPEL Y TEJI"|1|5.49|77.79
100|92|"BS.AS. SUR"|53|"LAS DEMAS FIBRAS TEXTILES VEGETALES; HILADOS DE PAPEL Y TEJI"|2|1794.86|5662.22
