"semana"|"aduana"|"aduana_desc"|"mercaderia"|"mercaderia_desc"|"cantidad"|"kilos"|"importe"
4|80|"SAN ANTONIO OESTE"|26|"MINERALES METALIFEROS, ESCORIAS Y CENIZAS"|1|49221189.56|3418860.5
14|80|"SAN ANTONIO OESTE"|26|"MINERALES METALIFEROS, ESCORIAS Y CENIZAS"|2|41386490.8|4924992.31
16|80|"SAN ANTONIO OESTE"|26|"MINERALES METALIFEROS, ESCORIAS Y CENIZAS"|1|25014404.08|3001728
26|80|"SAN ANTONIO OESTE"|26|"MINERALES METALIFEROS, ESCORIAS Y CENIZAS"|1|51213065.16|2606488.97
27|80|"SAN ANTONIO OESTE"|26|"MINERALES METALIFEROS, ESCORIAS Y CENIZAS"|2|97995389.34|8367280.88
41|80|"SAN ANTONIO OESTE"|26|"MINERALES METALIFEROS, ESCORIAS Y CENIZAS"|1|48739368|2226579.63
49|80|"SAN ANTONIO OESTE"|26|"MINERALES METALIFEROS, ESCORIAS Y CENIZAS"|1|45475642.5|4258793.69
57|80|"SAN ANTONIO OESTE"|26|"MINERALES METALIFEROS, ESCORIAS Y CENIZAS"|1|30349897.67|2748365.54
63|80|"SAN ANTONIO OESTE"|26|"MINERALES METALIFEROS, ESCORIAS Y CENIZAS"|1|54301855.26|1545438.14
70|80|"SAN ANTONIO OESTE"|26|"MINERALES METALIFEROS, ESCORIAS Y CENIZAS"|2|78139646.23|3215454.2
78|80|"SAN ANTONIO OESTE"|26|"MINERALES METALIFEROS, ESCORIAS Y CENIZAS"|1|29612222.64|2161690.6
98|80|"SAN ANTONIO OESTE"|26|"MINERALES METALIFEROS, ESCORIAS Y CENIZAS"|1|21166456.7|984240.39
