"semana"|"aduana"|"aduana_desc"|"mercaderia"|"mercaderia_desc"|"cantidad"|"kilos"|"importe"
13|76|"ORAN"|44|"MADERA, CARBON VEGETAL Y MANUFACTURAS DE MADERA"|1|23710.32|17186.56
35|76|"ORAN"|44|"MADERA, CARBON VEGETAL Y MANUFACTURAS DE MADERA"|3|77580|18950
37|76|"ORAN"|44|"MADERA, CARBON VEGETAL Y MANUFACTURAS DE MADERA"|1|74478|36409.23
45|76|"ORAN"|44|"MADERA, CARBON VEGETAL Y MANUFACTURAS DE MADERA"|1|25000|6600
54|76|"ORAN"|44|"MADERA, CARBON VEGETAL Y MANUFACTURAS DE MADERA"|7|14620|2437.6
61|76|"ORAN"|44|"MADERA, CARBON VEGETAL Y MANUFACTURAS DE MADERA"|2|75260|38326.08
65|76|"ORAN"|44|"MADERA, CARBON VEGETAL Y MANUFACTURAS DE MADERA"|1|1000|11620
94|76|"ORAN"|44|"MADERA, CARBON VEGETAL Y MANUFACTURAS DE MADERA"|1|74478|33101.64
101|76|"ORAN"|44|"MADERA, CARBON VEGETAL Y MANUFACTURAS DE MADERA"|1|38770|8042.4
