"semana"|"aduana"|"aduana_desc"|"mercaderia"|"mercaderia_desc"|"cantidad"|"kilos"|"importe"
68|92|"BS.AS. SUR"|38|"PRODUCTOS DIVERSOS DE LA INDUSTRIA QUIMICA"|10|355854.59|399137.63
69|92|"BS.AS. SUR"|38|"PRODUCTOS DIVERSOS DE LA INDUSTRIA QUIMICA"|100|985694.05|1567901.95
70|92|"BS.AS. SUR"|38|"PRODUCTOS DIVERSOS DE LA INDUSTRIA QUIMICA"|83|1288004.26|2198059.59
71|92|"BS.AS. SUR"|38|"PRODUCTOS DIVERSOS DE LA INDUSTRIA QUIMICA"|124|1894581.9|2408305.72
72|92|"BS.AS. SUR"|38|"PRODUCTOS DIVERSOS DE LA INDUSTRIA QUIMICA"|99|2074170.84|2183668.14
73|92|"BS.AS. SUR"|38|"PRODUCTOS DIVERSOS DE LA INDUSTRIA QUIMICA"|87|1980277.03|2368086.83
74|92|"BS.AS. SUR"|38|"PRODUCTOS DIVERSOS DE LA INDUSTRIA QUIMICA"|99|1374932.98|1595945.64
75|92|"BS.AS. SUR"|38|"PRODUCTOS DIVERSOS DE LA INDUSTRIA QUIMICA"|90|1612268.06|2790303.3
76|92|"BS.AS. SUR"|38|"PRODUCTOS DIVERSOS DE LA INDUSTRIA QUIMICA"|111|1876711.71|3226311.6
77|92|"BS.AS. SUR"|38|"PRODUCTOS DIVERSOS DE LA INDUSTRIA QUIMICA"|98|2368425.34|2434616.07
78|92|"BS.AS. SUR"|38|"PRODUCTOS DIVERSOS DE LA INDUSTRIA QUIMICA"|115|1644418.34|2676219.87
79|92|"BS.AS. SUR"|38|"PRODUCTOS DIVERSOS DE LA INDUSTRIA QUIMICA"|62|1333062.72|1154155.84
80|92|"BS.AS. SUR"|38|"PRODUCTOS DIVERSOS DE LA INDUSTRIA QUIMICA"|69|1343568.48|1495911.32
81|92|"BS.AS. SUR"|38|"PRODUCTOS DIVERSOS DE LA INDUSTRIA QUIMICA"|123|1652615.82|3528150.18
82|92|"BS.AS. SUR"|38|"PRODUCTOS DIVERSOS DE LA INDUSTRIA QUIMICA"|118|1208830.53|3645383.82
83|92|"BS.AS. SUR"|38|"PRODUCTOS DIVERSOS DE LA INDUSTRIA QUIMICA"|82|1289543.65|2559409.19
84|92|"BS.AS. SUR"|38|"PRODUCTOS DIVERSOS DE LA INDUSTRIA QUIMICA"|84|1609795.47|2018776.17
85|92|"BS.AS. SUR"|38|"PRODUCTOS DIVERSOS DE LA INDUSTRIA QUIMICA"|97|1341351.29|3204628.72
86|92|"BS.AS. SUR"|38|"PRODUCTOS DIVERSOS DE LA INDUSTRIA QUIMICA"|111|1416740.38|4206502.93
87|92|"BS.AS. SUR"|38|"PRODUCTOS DIVERSOS DE LA INDUSTRIA QUIMICA"|89|1363929.71|1670543.27
88|92|"BS.AS. SUR"|38|"PRODUCTOS DIVERSOS DE LA INDUSTRIA QUIMICA"|87|1284205.35|2157191.46
89|92|"BS.AS. SUR"|38|"PRODUCTOS DIVERSOS DE LA INDUSTRIA QUIMICA"|88|1482022.27|1879871.49
90|92|"BS.AS. SUR"|38|"PRODUCTOS DIVERSOS DE LA INDUSTRIA QUIMICA"|136|1939837.12|3544647.9
91|92|"BS.AS. SUR"|38|"PRODUCTOS DIVERSOS DE LA INDUSTRIA QUIMICA"|85|948845.62|8187065.97
92|92|"BS.AS. SUR"|38|"PRODUCTOS DIVERSOS DE LA INDUSTRIA QUIMICA"|90|1695615.93|2341300.2
93|92|"BS.AS. SUR"|38|"PRODUCTOS DIVERSOS DE LA INDUSTRIA QUIMICA"|83|1238280.48|1879935.92
94|92|"BS.AS. SUR"|38|"PRODUCTOS DIVERSOS DE LA INDUSTRIA QUIMICA"|84|1384845.97|6533230.95
95|92|"BS.AS. SUR"|38|"PRODUCTOS DIVERSOS DE LA INDUSTRIA QUIMICA"|119|1589274.33|2815475.93
96|92|"BS.AS. SUR"|38|"PRODUCTOS DIVERSOS DE LA INDUSTRIA QUIMICA"|73|1216788.55|1467696.5
97|92|"BS.AS. SUR"|38|"PRODUCTOS DIVERSOS DE LA INDUSTRIA QUIMICA"|106|1322652.18|2981096.49
98|92|"BS.AS. SUR"|38|"PRODUCTOS DIVERSOS DE LA INDUSTRIA QUIMICA"|104|1475120.63|1791576.55
99|92|"BS.AS. SUR"|38|"PRODUCTOS DIVERSOS DE LA INDUSTRIA QUIMICA"|98|1367437.64|2965893.68
100|92|"BS.AS. SUR"|38|"PRODUCTOS DIVERSOS DE LA INDUSTRIA QUIMICA"|87|1802952.99|2386697.89
101|92|"BS.AS. SUR"|38|"PRODUCTOS DIVERSOS DE LA INDUSTRIA QUIMICA"|81|1652393.32|1852527.97
102|92|"BS.AS. SUR"|38|"PRODUCTOS DIVERSOS DE LA INDUSTRIA QUIMICA"|106|1489462.3|1723300.68
103|92|"BS.AS. SUR"|38|"PRODUCTOS DIVERSOS DE LA INDUSTRIA QUIMICA"|101|1082722.28|1735573.06
104|92|"BS.AS. SUR"|38|"PRODUCTOS DIVERSOS DE LA INDUSTRIA QUIMICA"|28|901970.02|768586.33
