"semana"|"aduana"|"aduana_desc"|"mercaderia"|"mercaderia_desc"|"cantidad"|"kilos"|"importe"
1|83|"SAN LUIS"|20|"PREPARACIONES DE HORTALIZAS, FRUTAS U OTROS FRUTOS O DEMAS P"|15|932007|1550097.2
2|83|"SAN LUIS"|20|"PREPARACIONES DE HORTALIZAS, FRUTAS U OTROS FRUTOS O DEMAS P"|17|990224.57|1629102.67
3|83|"SAN LUIS"|20|"PREPARACIONES DE HORTALIZAS, FRUTAS U OTROS FRUTOS O DEMAS P"|22|1373357.89|2150565.97
4|83|"SAN LUIS"|20|"PREPARACIONES DE HORTALIZAS, FRUTAS U OTROS FRUTOS O DEMAS P"|20|948153|1582341.54
5|83|"SAN LUIS"|20|"PREPARACIONES DE HORTALIZAS, FRUTAS U OTROS FRUTOS O DEMAS P"|11|516551.8|820588.24
6|83|"SAN LUIS"|20|"PREPARACIONES DE HORTALIZAS, FRUTAS U OTROS FRUTOS O DEMAS P"|23|698166.49|1142483
7|83|"SAN LUIS"|20|"PREPARACIONES DE HORTALIZAS, FRUTAS U OTROS FRUTOS O DEMAS P"|14|153754.93|298791.65
8|83|"SAN LUIS"|20|"PREPARACIONES DE HORTALIZAS, FRUTAS U OTROS FRUTOS O DEMAS P"|18|768231.76|1304805.11
9|83|"SAN LUIS"|20|"PREPARACIONES DE HORTALIZAS, FRUTAS U OTROS FRUTOS O DEMAS P"|10|270185.36|468504.52
10|83|"SAN LUIS"|20|"PREPARACIONES DE HORTALIZAS, FRUTAS U OTROS FRUTOS O DEMAS P"|20|722250|1235599.55
11|83|"SAN LUIS"|20|"PREPARACIONES DE HORTALIZAS, FRUTAS U OTROS FRUTOS O DEMAS P"|27|467984.35|817775.63
12|83|"SAN LUIS"|20|"PREPARACIONES DE HORTALIZAS, FRUTAS U OTROS FRUTOS O DEMAS P"|23|842388.88|1450664.27
13|83|"SAN LUIS"|20|"PREPARACIONES DE HORTALIZAS, FRUTAS U OTROS FRUTOS O DEMAS P"|22|663817.36|1042458.34
14|83|"SAN LUIS"|20|"PREPARACIONES DE HORTALIZAS, FRUTAS U OTROS FRUTOS O DEMAS P"|16|512107.52|864636.31
15|83|"SAN LUIS"|20|"PREPARACIONES DE HORTALIZAS, FRUTAS U OTROS FRUTOS O DEMAS P"|19|405895.59|637167.79
16|83|"SAN LUIS"|20|"PREPARACIONES DE HORTALIZAS, FRUTAS U OTROS FRUTOS O DEMAS P"|4|76300|119060.46
17|83|"SAN LUIS"|20|"PREPARACIONES DE HORTALIZAS, FRUTAS U OTROS FRUTOS O DEMAS P"|21|639052.64|1159270.04
18|83|"SAN LUIS"|20|"PREPARACIONES DE HORTALIZAS, FRUTAS U OTROS FRUTOS O DEMAS P"|3|14668.32|30875.35
19|83|"SAN LUIS"|20|"PREPARACIONES DE HORTALIZAS, FRUTAS U OTROS FRUTOS O DEMAS P"|27|348422.54|643812.47
20|83|"SAN LUIS"|20|"PREPARACIONES DE HORTALIZAS, FRUTAS U OTROS FRUTOS O DEMAS P"|14|354964.16|636292.14
21|83|"SAN LUIS"|20|"PREPARACIONES DE HORTALIZAS, FRUTAS U OTROS FRUTOS O DEMAS P"|8|307356.08|565777.15
22|83|"SAN LUIS"|20|"PREPARACIONES DE HORTALIZAS, FRUTAS U OTROS FRUTOS O DEMAS P"|10|392120|694849.06
23|83|"SAN LUIS"|20|"PREPARACIONES DE HORTALIZAS, FRUTAS U OTROS FRUTOS O DEMAS P"|15|296438.5|528867.17
24|83|"SAN LUIS"|20|"PREPARACIONES DE HORTALIZAS, FRUTAS U OTROS FRUTOS O DEMAS P"|15|284810.05|499084.7
25|83|"SAN LUIS"|20|"PREPARACIONES DE HORTALIZAS, FRUTAS U OTROS FRUTOS O DEMAS P"|11|218305.61|396316.67
26|83|"SAN LUIS"|20|"PREPARACIONES DE HORTALIZAS, FRUTAS U OTROS FRUTOS O DEMAS P"|13|267776.42|536674.19
27|83|"SAN LUIS"|20|"PREPARACIONES DE HORTALIZAS, FRUTAS U OTROS FRUTOS O DEMAS P"|17|251566.1|469359.14
28|83|"SAN LUIS"|20|"PREPARACIONES DE HORTALIZAS, FRUTAS U OTROS FRUTOS O DEMAS P"|15|318122.38|570209.46
29|83|"SAN LUIS"|20|"PREPARACIONES DE HORTALIZAS, FRUTAS U OTROS FRUTOS O DEMAS P"|17|311588.63|585235.16
30|83|"SAN LUIS"|20|"PREPARACIONES DE HORTALIZAS, FRUTAS U OTROS FRUTOS O DEMAS P"|9|212390.88|390304.08
31|83|"SAN LUIS"|20|"PREPARACIONES DE HORTALIZAS, FRUTAS U OTROS FRUTOS O DEMAS P"|10|249992|459998.21
32|83|"SAN LUIS"|20|"PREPARACIONES DE HORTALIZAS, FRUTAS U OTROS FRUTOS O DEMAS P"|5|236280|419781.18
33|83|"SAN LUIS"|20|"PREPARACIONES DE HORTALIZAS, FRUTAS U OTROS FRUTOS O DEMAS P"|11|210222.6|407589.46
34|83|"SAN LUIS"|20|"PREPARACIONES DE HORTALIZAS, FRUTAS U OTROS FRUTOS O DEMAS P"|8|67442.48|137163.68
35|83|"SAN LUIS"|20|"PREPARACIONES DE HORTALIZAS, FRUTAS U OTROS FRUTOS O DEMAS P"|10|266032.64|477967.25
36|83|"SAN LUIS"|20|"PREPARACIONES DE HORTALIZAS, FRUTAS U OTROS FRUTOS O DEMAS P"|11|309668.72|509741.87
37|83|"SAN LUIS"|20|"PREPARACIONES DE HORTALIZAS, FRUTAS U OTROS FRUTOS O DEMAS P"|6|355600|614627.82
38|83|"SAN LUIS"|20|"PREPARACIONES DE HORTALIZAS, FRUTAS U OTROS FRUTOS O DEMAS P"|12|332077.28|608461.8
39|83|"SAN LUIS"|20|"PREPARACIONES DE HORTALIZAS, FRUTAS U OTROS FRUTOS O DEMAS P"|14|188500.72|341755.74
40|83|"SAN LUIS"|20|"PREPARACIONES DE HORTALIZAS, FRUTAS U OTROS FRUTOS O DEMAS P"|21|473439.48|918484.82
41|83|"SAN LUIS"|20|"PREPARACIONES DE HORTALIZAS, FRUTAS U OTROS FRUTOS O DEMAS P"|12|247387.04|448947.29
42|83|"SAN LUIS"|20|"PREPARACIONES DE HORTALIZAS, FRUTAS U OTROS FRUTOS O DEMAS P"|5|94727.6|178834.78
43|83|"SAN LUIS"|20|"PREPARACIONES DE HORTALIZAS, FRUTAS U OTROS FRUTOS O DEMAS P"|12|288815.52|493016.48
44|83|"SAN LUIS"|20|"PREPARACIONES DE HORTALIZAS, FRUTAS U OTROS FRUTOS O DEMAS P"|14|156362.12|332168.95
45|83|"SAN LUIS"|20|"PREPARACIONES DE HORTALIZAS, FRUTAS U OTROS FRUTOS O DEMAS P"|12|221670|431035.67
46|83|"SAN LUIS"|20|"PREPARACIONES DE HORTALIZAS, FRUTAS U OTROS FRUTOS O DEMAS P"|4|163600|316291.21
47|83|"SAN LUIS"|20|"PREPARACIONES DE HORTALIZAS, FRUTAS U OTROS FRUTOS O DEMAS P"|1|20563|47376
48|83|"SAN LUIS"|20|"PREPARACIONES DE HORTALIZAS, FRUTAS U OTROS FRUTOS O DEMAS P"|7|244800|424229.64
49|83|"SAN LUIS"|20|"PREPARACIONES DE HORTALIZAS, FRUTAS U OTROS FRUTOS O DEMAS P"|1|24000|39360
50|83|"SAN LUIS"|20|"PREPARACIONES DE HORTALIZAS, FRUTAS U OTROS FRUTOS O DEMAS P"|4|62000|123870.44
51|83|"SAN LUIS"|20|"PREPARACIONES DE HORTALIZAS, FRUTAS U OTROS FRUTOS O DEMAS P"|11|234973|457887.61
52|83|"SAN LUIS"|20|"PREPARACIONES DE HORTALIZAS, FRUTAS U OTROS FRUTOS O DEMAS P"|5|160560|297135.08
53|83|"SAN LUIS"|20|"PREPARACIONES DE HORTALIZAS, FRUTAS U OTROS FRUTOS O DEMAS P"|9|406780|718338.02
54|83|"SAN LUIS"|20|"PREPARACIONES DE HORTALIZAS, FRUTAS U OTROS FRUTOS O DEMAS P"|7|204040|372010.54
55|83|"SAN LUIS"|20|"PREPARACIONES DE HORTALIZAS, FRUTAS U OTROS FRUTOS O DEMAS P"|9|399340|741042.63
56|83|"SAN LUIS"|20|"PREPARACIONES DE HORTALIZAS, FRUTAS U OTROS FRUTOS O DEMAS P"|8|381960|712836.82
57|83|"SAN LUIS"|20|"PREPARACIONES DE HORTALIZAS, FRUTAS U OTROS FRUTOS O DEMAS P"|6|120950|207340.09
58|83|"SAN LUIS"|20|"PREPARACIONES DE HORTALIZAS, FRUTAS U OTROS FRUTOS O DEMAS P"|14|436450|790106.2
59|83|"SAN LUIS"|20|"PREPARACIONES DE HORTALIZAS, FRUTAS U OTROS FRUTOS O DEMAS P"|6|197680.56|352125.5
60|83|"SAN LUIS"|20|"PREPARACIONES DE HORTALIZAS, FRUTAS U OTROS FRUTOS O DEMAS P"|16|344625.52|656250.96
61|83|"SAN LUIS"|20|"PREPARACIONES DE HORTALIZAS, FRUTAS U OTROS FRUTOS O DEMAS P"|20|365756.44|719003.7
62|83|"SAN LUIS"|20|"PREPARACIONES DE HORTALIZAS, FRUTAS U OTROS FRUTOS O DEMAS P"|6|76318|148903.7
63|83|"SAN LUIS"|20|"PREPARACIONES DE HORTALIZAS, FRUTAS U OTROS FRUTOS O DEMAS P"|11|181609.52|335556.52
64|83|"SAN LUIS"|20|"PREPARACIONES DE HORTALIZAS, FRUTAS U OTROS FRUTOS O DEMAS P"|14|225214.32|403937.97
65|83|"SAN LUIS"|20|"PREPARACIONES DE HORTALIZAS, FRUTAS U OTROS FRUTOS O DEMAS P"|16|297940.96|604641.41
66|83|"SAN LUIS"|20|"PREPARACIONES DE HORTALIZAS, FRUTAS U OTROS FRUTOS O DEMAS P"|15|302140.44|546224.46
67|83|"SAN LUIS"|20|"PREPARACIONES DE HORTALIZAS, FRUTAS U OTROS FRUTOS O DEMAS P"|10|198774.4|389957.14
68|83|"SAN LUIS"|20|"PREPARACIONES DE HORTALIZAS, FRUTAS U OTROS FRUTOS O DEMAS P"|7|159849.6|276581.22
69|83|"SAN LUIS"|20|"PREPARACIONES DE HORTALIZAS, FRUTAS U OTROS FRUTOS O DEMAS P"|15|296823|552147.47
70|83|"SAN LUIS"|20|"PREPARACIONES DE HORTALIZAS, FRUTAS U OTROS FRUTOS O DEMAS P"|6|126860.72|213335.9
71|83|"SAN LUIS"|20|"PREPARACIONES DE HORTALIZAS, FRUTAS U OTROS FRUTOS O DEMAS P"|8|200563.2|384566.84
72|83|"SAN LUIS"|20|"PREPARACIONES DE HORTALIZAS, FRUTAS U OTROS FRUTOS O DEMAS P"|2|25719.6|41749.5
73|83|"SAN LUIS"|20|"PREPARACIONES DE HORTALIZAS, FRUTAS U OTROS FRUTOS O DEMAS P"|2|6219.84|9901
74|83|"SAN LUIS"|20|"PREPARACIONES DE HORTALIZAS, FRUTAS U OTROS FRUTOS O DEMAS P"|13|346481.72|540124.14
75|83|"SAN LUIS"|20|"PREPARACIONES DE HORTALIZAS, FRUTAS U OTROS FRUTOS O DEMAS P"|7|118098.4|237966.32
76|83|"SAN LUIS"|20|"PREPARACIONES DE HORTALIZAS, FRUTAS U OTROS FRUTOS O DEMAS P"|20|359568.92|637156.01
77|83|"SAN LUIS"|20|"PREPARACIONES DE HORTALIZAS, FRUTAS U OTROS FRUTOS O DEMAS P"|16|452988.08|844511.34
78|83|"SAN LUIS"|20|"PREPARACIONES DE HORTALIZAS, FRUTAS U OTROS FRUTOS O DEMAS P"|19|539179.44|859598.98
79|83|"SAN LUIS"|20|"PREPARACIONES DE HORTALIZAS, FRUTAS U OTROS FRUTOS O DEMAS P"|18|414760|736579.84
80|83|"SAN LUIS"|20|"PREPARACIONES DE HORTALIZAS, FRUTAS U OTROS FRUTOS O DEMAS P"|1|46000|82202
81|83|"SAN LUIS"|20|"PREPARACIONES DE HORTALIZAS, FRUTAS U OTROS FRUTOS O DEMAS P"|13|429310.08|765724.45
82|83|"SAN LUIS"|20|"PREPARACIONES DE HORTALIZAS, FRUTAS U OTROS FRUTOS O DEMAS P"|10|301560|562849.86
83|83|"SAN LUIS"|20|"PREPARACIONES DE HORTALIZAS, FRUTAS U OTROS FRUTOS O DEMAS P"|9|286114|498273.64
84|83|"SAN LUIS"|20|"PREPARACIONES DE HORTALIZAS, FRUTAS U OTROS FRUTOS O DEMAS P"|12|447462.08|812576.99
85|83|"SAN LUIS"|20|"PREPARACIONES DE HORTALIZAS, FRUTAS U OTROS FRUTOS O DEMAS P"|3|156215.52|293641.04
86|83|"SAN LUIS"|20|"PREPARACIONES DE HORTALIZAS, FRUTAS U OTROS FRUTOS O DEMAS P"|8|293110|560485.17
87|83|"SAN LUIS"|20|"PREPARACIONES DE HORTALIZAS, FRUTAS U OTROS FRUTOS O DEMAS P"|12|470909.32|810142.44
88|83|"SAN LUIS"|20|"PREPARACIONES DE HORTALIZAS, FRUTAS U OTROS FRUTOS O DEMAS P"|8|198916.8|355109.15
89|83|"SAN LUIS"|20|"PREPARACIONES DE HORTALIZAS, FRUTAS U OTROS FRUTOS O DEMAS P"|10|257240|428107.75
90|83|"SAN LUIS"|20|"PREPARACIONES DE HORTALIZAS, FRUTAS U OTROS FRUTOS O DEMAS P"|12|361919.24|620116.48
91|83|"SAN LUIS"|20|"PREPARACIONES DE HORTALIZAS, FRUTAS U OTROS FRUTOS O DEMAS P"|5|89355.12|174793.08
92|83|"SAN LUIS"|20|"PREPARACIONES DE HORTALIZAS, FRUTAS U OTROS FRUTOS O DEMAS P"|10|213420|406414.39
93|83|"SAN LUIS"|20|"PREPARACIONES DE HORTALIZAS, FRUTAS U OTROS FRUTOS O DEMAS P"|9|273425.44|538035.94
94|83|"SAN LUIS"|20|"PREPARACIONES DE HORTALIZAS, FRUTAS U OTROS FRUTOS O DEMAS P"|3|159890|312560.14
95|83|"SAN LUIS"|20|"PREPARACIONES DE HORTALIZAS, FRUTAS U OTROS FRUTOS O DEMAS P"|11|224392.56|419398.63
96|83|"SAN LUIS"|20|"PREPARACIONES DE HORTALIZAS, FRUTAS U OTROS FRUTOS O DEMAS P"|9|406277.76|697601.65
97|83|"SAN LUIS"|20|"PREPARACIONES DE HORTALIZAS, FRUTAS U OTROS FRUTOS O DEMAS P"|5|76401.52|128265.9
98|83|"SAN LUIS"|20|"PREPARACIONES DE HORTALIZAS, FRUTAS U OTROS FRUTOS O DEMAS P"|11|287807.6|510782
99|83|"SAN LUIS"|20|"PREPARACIONES DE HORTALIZAS, FRUTAS U OTROS FRUTOS O DEMAS P"|13|411362.4|646311.42
100|83|"SAN LUIS"|20|"PREPARACIONES DE HORTALIZAS, FRUTAS U OTROS FRUTOS O DEMAS P"|12|411098.8|645511.69
101|83|"SAN LUIS"|20|"PREPARACIONES DE HORTALIZAS, FRUTAS U OTROS FRUTOS O DEMAS P"|9|263788.24|457549.19
102|83|"SAN LUIS"|20|"PREPARACIONES DE HORTALIZAS, FRUTAS U OTROS FRUTOS O DEMAS P"|12|308789.12|504767.77
103|83|"SAN LUIS"|20|"PREPARACIONES DE HORTALIZAS, FRUTAS U OTROS FRUTOS O DEMAS P"|15|631940|1067012.47
104|83|"SAN LUIS"|20|"PREPARACIONES DE HORTALIZAS, FRUTAS U OTROS FRUTOS O DEMAS P"|6|232880|378088.24
