"semana"|"aduana"|"aduana_desc"|"mercaderia"|"mercaderia_desc"|"cantidad"|"kilos"|"importe"
2|89|"SANTIAGO DEL ESTERO"|5|"LOS DEMAS PRODUCTOS DE ORIGEN ANIMAL, NO EXPRESADOS NI COMPR"|2|53000|60420
3|89|"SANTIAGO DEL ESTERO"|5|"LOS DEMAS PRODUCTOS DE ORIGEN ANIMAL, NO EXPRESADOS NI COMPR"|1|26500|30210
8|89|"SANTIAGO DEL ESTERO"|5|"LOS DEMAS PRODUCTOS DE ORIGEN ANIMAL, NO EXPRESADOS NI COMPR"|2|44000|50600
13|89|"SANTIAGO DEL ESTERO"|5|"LOS DEMAS PRODUCTOS DE ORIGEN ANIMAL, NO EXPRESADOS NI COMPR"|1|26500|29812.5
14|89|"SANTIAGO DEL ESTERO"|5|"LOS DEMAS PRODUCTOS DE ORIGEN ANIMAL, NO EXPRESADOS NI COMPR"|1|26500|29547.5
27|89|"SANTIAGO DEL ESTERO"|5|"LOS DEMAS PRODUCTOS DE ORIGEN ANIMAL, NO EXPRESADOS NI COMPR"|1|10000|11250
35|89|"SANTIAGO DEL ESTERO"|5|"LOS DEMAS PRODUCTOS DE ORIGEN ANIMAL, NO EXPRESADOS NI COMPR"|3|79500|87450
36|89|"SANTIAGO DEL ESTERO"|5|"LOS DEMAS PRODUCTOS DE ORIGEN ANIMAL, NO EXPRESADOS NI COMPR"|2|39000|45500
39|89|"SANTIAGO DEL ESTERO"|5|"LOS DEMAS PRODUCTOS DE ORIGEN ANIMAL, NO EXPRESADOS NI COMPR"|2|53000|63600
40|89|"SANTIAGO DEL ESTERO"|5|"LOS DEMAS PRODUCTOS DE ORIGEN ANIMAL, NO EXPRESADOS NI COMPR"|2|53000|63600
44|89|"SANTIAGO DEL ESTERO"|5|"LOS DEMAS PRODUCTOS DE ORIGEN ANIMAL, NO EXPRESADOS NI COMPR"|1|26000|31200
46|89|"SANTIAGO DEL ESTERO"|5|"LOS DEMAS PRODUCTOS DE ORIGEN ANIMAL, NO EXPRESADOS NI COMPR"|1|11000|12650
49|89|"SANTIAGO DEL ESTERO"|5|"LOS DEMAS PRODUCTOS DE ORIGEN ANIMAL, NO EXPRESADOS NI COMPR"|2|53000|63600
50|89|"SANTIAGO DEL ESTERO"|5|"LOS DEMAS PRODUCTOS DE ORIGEN ANIMAL, NO EXPRESADOS NI COMPR"|2|53000|63600
67|89|"SANTIAGO DEL ESTERO"|5|"LOS DEMAS PRODUCTOS DE ORIGEN ANIMAL, NO EXPRESADOS NI COMPR"|1|26500|27295
70|89|"SANTIAGO DEL ESTERO"|5|"LOS DEMAS PRODUCTOS DE ORIGEN ANIMAL, NO EXPRESADOS NI COMPR"|2|54000|55620
74|89|"SANTIAGO DEL ESTERO"|5|"LOS DEMAS PRODUCTOS DE ORIGEN ANIMAL, NO EXPRESADOS NI COMPR"|1|27000|27810
76|89|"SANTIAGO DEL ESTERO"|5|"LOS DEMAS PRODUCTOS DE ORIGEN ANIMAL, NO EXPRESADOS NI COMPR"|1|26000|26780
81|89|"SANTIAGO DEL ESTERO"|5|"LOS DEMAS PRODUCTOS DE ORIGEN ANIMAL, NO EXPRESADOS NI COMPR"|1|27000|28350
82|89|"SANTIAGO DEL ESTERO"|5|"LOS DEMAS PRODUCTOS DE ORIGEN ANIMAL, NO EXPRESADOS NI COMPR"|1|27000|28350
84|89|"SANTIAGO DEL ESTERO"|5|"LOS DEMAS PRODUCTOS DE ORIGEN ANIMAL, NO EXPRESADOS NI COMPR"|1|26500|29150
