"semana"|"aduana"|"aduana_desc"|"mercaderia"|"mercaderia_desc"|"cantidad"|"kilos"|"importe"
1|79|"LA RIOJA"|39|"PLASTICO Y SUS MANUFACTURAS"|1|24686.35|56778.6
4|79|"LA RIOJA"|39|"PLASTICO Y SUS MANUFACTURAS"|1|252.9|1448
5|79|"LA RIOJA"|39|"PLASTICO Y SUS MANUFACTURAS"|1|252.9|1448
6|79|"LA RIOJA"|39|"PLASTICO Y SUS MANUFACTURAS"|4|758.7|4344
7|79|"LA RIOJA"|39|"PLASTICO Y SUS MANUFACTURAS"|2|379.35|2172
8|79|"LA RIOJA"|39|"PLASTICO Y SUS MANUFACTURAS"|3|565.89|3204.73
9|79|"LA RIOJA"|39|"PLASTICO Y SUS MANUFACTURAS"|1|110|622.14
10|79|"LA RIOJA"|39|"PLASTICO Y SUS MANUFACTURAS"|3|758.7|4344
11|79|"LA RIOJA"|39|"PLASTICO Y SUS MANUFACTURAS"|2|1011.6|5792
12|79|"LA RIOJA"|39|"PLASTICO Y SUS MANUFACTURAS"|4|692.34|3928.73
13|79|"LA RIOJA"|39|"PLASTICO Y SUS MANUFACTURAS"|5|691.78|3849.11
14|79|"LA RIOJA"|39|"PLASTICO Y SUS MANUFACTURAS"|3|428.06|2503.62
15|79|"LA RIOJA"|39|"PLASTICO Y SUS MANUFACTURAS"|2|505.8|2896
17|79|"LA RIOJA"|39|"PLASTICO Y SUS MANUFACTURAS"|2|379.35|2172
18|79|"LA RIOJA"|39|"PLASTICO Y SUS MANUFACTURAS"|1|252.9|1448
19|79|"LA RIOJA"|39|"PLASTICO Y SUS MANUFACTURAS"|4|556.54|3414.83
20|79|"LA RIOJA"|39|"PLASTICO Y SUS MANUFACTURAS"|2|505.8|2896
21|79|"LA RIOJA"|39|"PLASTICO Y SUS MANUFACTURAS"|3|758.7|4344
22|79|"LA RIOJA"|39|"PLASTICO Y SUS MANUFACTURAS"|4|846.77|5217.34
23|79|"LA RIOJA"|39|"PLASTICO Y SUS MANUFACTURAS"|2|505.8|2896
24|79|"LA RIOJA"|39|"PLASTICO Y SUS MANUFACTURAS"|4|758.7|4344
25|79|"LA RIOJA"|39|"PLASTICO Y SUS MANUFACTURAS"|1|101.6|649.74
26|79|"LA RIOJA"|39|"PLASTICO Y SUS MANUFACTURAS"|4|553.52|3410.72
27|79|"LA RIOJA"|39|"PLASTICO Y SUS MANUFACTURAS"|3|1138.05|6516
28|79|"LA RIOJA"|39|"PLASTICO Y SUS MANUFACTURAS"|1|1264.5|7240
29|79|"LA RIOJA"|39|"PLASTICO Y SUS MANUFACTURAS"|1|25073.35|60176.04
30|79|"LA RIOJA"|39|"PLASTICO Y SUS MANUFACTURAS"|2|651.93|3890.86
31|79|"LA RIOJA"|39|"PLASTICO Y SUS MANUFACTURAS"|4|26099.84|66442.12
33|79|"LA RIOJA"|39|"PLASTICO Y SUS MANUFACTURAS"|3|1011.6|5792
34|79|"LA RIOJA"|39|"PLASTICO Y SUS MANUFACTURAS"|2|26055.2|65055.6
35|79|"LA RIOJA"|39|"PLASTICO Y SUS MANUFACTURAS"|3|579.3|3369.05
36|79|"LA RIOJA"|39|"PLASTICO Y SUS MANUFACTURAS"|3|885.15|5068
37|79|"LA RIOJA"|39|"PLASTICO Y SUS MANUFACTURAS"|1|24879.05|59709.72
39|79|"LA RIOJA"|39|"PLASTICO Y SUS MANUFACTURAS"|2|350.32|2111.24
40|79|"LA RIOJA"|39|"PLASTICO Y SUS MANUFACTURAS"|4|1517.4|8688
41|79|"LA RIOJA"|39|"PLASTICO Y SUS MANUFACTURAS"|1|252.9|1448
43|79|"LA RIOJA"|39|"PLASTICO Y SUS MANUFACTURAS"|5|1251.98|7026.94
44|79|"LA RIOJA"|39|"PLASTICO Y SUS MANUFACTURAS"|1|120.19|617.47
45|79|"LA RIOJA"|39|"PLASTICO Y SUS MANUFACTURAS"|1|25102.4|60245.76
46|79|"LA RIOJA"|39|"PLASTICO Y SUS MANUFACTURAS"|2|692.34|3928.74
47|79|"LA RIOJA"|39|"PLASTICO Y SUS MANUFACTURAS"|2|505.8|2896
48|79|"LA RIOJA"|39|"PLASTICO Y SUS MANUFACTURAS"|2|505.8|2896
49|79|"LA RIOJA"|39|"PLASTICO Y SUS MANUFACTURAS"|1|25097.15|60233.16
50|79|"LA RIOJA"|39|"PLASTICO Y SUS MANUFACTURAS"|2|632.25|3620
55|79|"LA RIOJA"|39|"PLASTICO Y SUS MANUFACTURAS"|3|758.7|4344
56|79|"LA RIOJA"|39|"PLASTICO Y SUS MANUFACTURAS"|3|1011.6|5792
57|79|"LA RIOJA"|39|"PLASTICO Y SUS MANUFACTURAS"|1|505.8|2896
59|79|"LA RIOJA"|39|"PLASTICO Y SUS MANUFACTURAS"|1|505.8|2896
60|79|"LA RIOJA"|39|"PLASTICO Y SUS MANUFACTURAS"|3|632.25|3620
61|79|"LA RIOJA"|39|"PLASTICO Y SUS MANUFACTURAS"|3|758.7|4344
63|79|"LA RIOJA"|39|"PLASTICO Y SUS MANUFACTURAS"|2|379.35|2172
66|79|"LA RIOJA"|39|"PLASTICO Y SUS MANUFACTURAS"|4|505.8|2896
68|79|"LA RIOJA"|39|"PLASTICO Y SUS MANUFACTURAS"|1|126.45|724
69|79|"LA RIOJA"|39|"PLASTICO Y SUS MANUFACTURAS"|1|379.35|2172
72|79|"LA RIOJA"|39|"PLASTICO Y SUS MANUFACTURAS"|2|758.7|4344
73|79|"LA RIOJA"|39|"PLASTICO Y SUS MANUFACTURAS"|3|632.25|3620
74|79|"LA RIOJA"|39|"PLASTICO Y SUS MANUFACTURAS"|1|505.8|2896
75|79|"LA RIOJA"|39|"PLASTICO Y SUS MANUFACTURAS"|5|852.9|4535.3
76|79|"LA RIOJA"|39|"PLASTICO Y SUS MANUFACTURAS"|3|1011.6|5792
77|79|"LA RIOJA"|39|"PLASTICO Y SUS MANUFACTURAS"|5|1005.15|5685.46
78|79|"LA RIOJA"|39|"PLASTICO Y SUS MANUFACTURAS"|1|180|959.04
80|79|"LA RIOJA"|39|"PLASTICO Y SUS MANUFACTURAS"|2|366.45|1924
81|79|"LA RIOJA"|39|"PLASTICO Y SUS MANUFACTURAS"|8|1538.7|8335.48
82|79|"LA RIOJA"|39|"PLASTICO Y SUS MANUFACTURAS"|6|1500|7387.73
83|79|"LA RIOJA"|39|"PLASTICO Y SUS MANUFACTURAS"|8|1838.7|9920.4
84|79|"LA RIOJA"|39|"PLASTICO Y SUS MANUFACTURAS"|4|732.9|3911.2
85|79|"LA RIOJA"|39|"PLASTICO Y SUS MANUFACTURAS"|4|1138.05|6516
86|79|"LA RIOJA"|39|"PLASTICO Y SUS MANUFACTURAS"|1|360|1847.4
87|79|"LA RIOJA"|39|"PLASTICO Y SUS MANUFACTURAS"|6|1898.7|10317.7
88|79|"LA RIOJA"|39|"PLASTICO Y SUS MANUFACTURAS"|4|1579.35|8512.42
89|79|"LA RIOJA"|39|"PLASTICO Y SUS MANUFACTURAS"|4|1212.9|6497.88
90|79|"LA RIOJA"|39|"PLASTICO Y SUS MANUFACTURAS"|2|758.7|4344
91|79|"LA RIOJA"|39|"PLASTICO Y SUS MANUFACTURAS"|3|1138.05|6516
92|79|"LA RIOJA"|39|"PLASTICO Y SUS MANUFACTURAS"|4|878.7|4977.44
93|79|"LA RIOJA"|39|"PLASTICO Y SUS MANUFACTURAS"|5|1425.15|7886.52
94|79|"LA RIOJA"|39|"PLASTICO Y SUS MANUFACTURAS"|8|2138.7|11444.79
95|79|"LA RIOJA"|39|"PLASTICO Y SUS MANUFACTURAS"|2|540|2778.57
96|79|"LA RIOJA"|39|"PLASTICO Y SUS MANUFACTURAS"|1|60|308.73
97|79|"LA RIOJA"|39|"PLASTICO Y SUS MANUFACTURAS"|1|60|316.73
98|79|"LA RIOJA"|39|"PLASTICO Y SUS MANUFACTURAS"|2|432.9|2371.7
99|79|"LA RIOJA"|39|"PLASTICO Y SUS MANUFACTURAS"|1|105.6|600
100|79|"LA RIOJA"|39|"PLASTICO Y SUS MANUFACTURAS"|4|1029.85|6678.7
101|79|"LA RIOJA"|39|"PLASTICO Y SUS MANUFACTURAS"|1|120|617.46
