"semana"|"aduana"|"aduana_desc"|"mercaderia"|"mercaderia_desc"|"cantidad"|"kilos"|"importe"
1|86|"OBERA"|9|"CAFE, TE, YERBA MATE Y ESPECIAS"|22|889808.27|1508536.04
2|86|"OBERA"|9|"CAFE, TE, YERBA MATE Y ESPECIAS"|34|1459375.28|2169973.04
3|86|"OBERA"|9|"CAFE, TE, YERBA MATE Y ESPECIAS"|30|1235617.64|2732581.72
4|86|"OBERA"|9|"CAFE, TE, YERBA MATE Y ESPECIAS"|37|1595204.58|2736281.36
5|86|"OBERA"|9|"CAFE, TE, YERBA MATE Y ESPECIAS"|25|1115351.7|1702651.84
6|86|"OBERA"|9|"CAFE, TE, YERBA MATE Y ESPECIAS"|41|1603521.68|3031766.6
7|86|"OBERA"|9|"CAFE, TE, YERBA MATE Y ESPECIAS"|19|672890|872651.53
8|86|"OBERA"|9|"CAFE, TE, YERBA MATE Y ESPECIAS"|54|1973073.04|3077794
9|86|"OBERA"|9|"CAFE, TE, YERBA MATE Y ESPECIAS"|28|1271104.1|2374358.27
10|86|"OBERA"|9|"CAFE, TE, YERBA MATE Y ESPECIAS"|55|1840300.64|2819300.4
11|86|"OBERA"|9|"CAFE, TE, YERBA MATE Y ESPECIAS"|54|2290100.66|3827126.4
12|86|"OBERA"|9|"CAFE, TE, YERBA MATE Y ESPECIAS"|32|1167690|1797648.54
13|86|"OBERA"|9|"CAFE, TE, YERBA MATE Y ESPECIAS"|58|2041442.28|3064749.8
14|86|"OBERA"|9|"CAFE, TE, YERBA MATE Y ESPECIAS"|39|1339485|2322843.6
15|86|"OBERA"|9|"CAFE, TE, YERBA MATE Y ESPECIAS"|33|1090010|1751332.5
16|86|"OBERA"|9|"CAFE, TE, YERBA MATE Y ESPECIAS"|33|1128358.19|2162955.44
17|86|"OBERA"|9|"CAFE, TE, YERBA MATE Y ESPECIAS"|50|1917841.93|2983115.88
18|86|"OBERA"|9|"CAFE, TE, YERBA MATE Y ESPECIAS"|29|1080340.09|1645143.88
19|86|"OBERA"|9|"CAFE, TE, YERBA MATE Y ESPECIAS"|53|2061833.47|3260290.64
20|86|"OBERA"|9|"CAFE, TE, YERBA MATE Y ESPECIAS"|66|2186900|3237745.3
21|86|"OBERA"|9|"CAFE, TE, YERBA MATE Y ESPECIAS"|55|1741970|2470657.35
22|86|"OBERA"|9|"CAFE, TE, YERBA MATE Y ESPECIAS"|45|1450812.97|1918214.32
23|86|"OBERA"|9|"CAFE, TE, YERBA MATE Y ESPECIAS"|41|1455530|2293780.61
24|86|"OBERA"|9|"CAFE, TE, YERBA MATE Y ESPECIAS"|27|635698|1102360.4
25|86|"OBERA"|9|"CAFE, TE, YERBA MATE Y ESPECIAS"|29|1020563.24|1389407.56
26|86|"OBERA"|9|"CAFE, TE, YERBA MATE Y ESPECIAS"|24|812450|1126736.5
27|86|"OBERA"|9|"CAFE, TE, YERBA MATE Y ESPECIAS"|46|1502766.09|2749431.14
28|86|"OBERA"|9|"CAFE, TE, YERBA MATE Y ESPECIAS"|26|922238|1599147.92
29|86|"OBERA"|9|"CAFE, TE, YERBA MATE Y ESPECIAS"|36|1154676.29|1785982.23
30|86|"OBERA"|9|"CAFE, TE, YERBA MATE Y ESPECIAS"|41|1335390|1796281.6
31|86|"OBERA"|9|"CAFE, TE, YERBA MATE Y ESPECIAS"|38|1266648|1847653.1
32|86|"OBERA"|9|"CAFE, TE, YERBA MATE Y ESPECIAS"|39|1397650|1928465.9
33|86|"OBERA"|9|"CAFE, TE, YERBA MATE Y ESPECIAS"|29|1019430.09|1708937.48
34|86|"OBERA"|9|"CAFE, TE, YERBA MATE Y ESPECIAS"|34|1091800|1549431.6
35|86|"OBERA"|9|"CAFE, TE, YERBA MATE Y ESPECIAS"|47|1685628.6|2044637.5
36|86|"OBERA"|9|"CAFE, TE, YERBA MATE Y ESPECIAS"|34|1223023.15|1840257.12
37|86|"OBERA"|9|"CAFE, TE, YERBA MATE Y ESPECIAS"|42|1403005.85|2169843.58
38|86|"OBERA"|9|"CAFE, TE, YERBA MATE Y ESPECIAS"|25|827550|1132145.1
39|86|"OBERA"|9|"CAFE, TE, YERBA MATE Y ESPECIAS"|29|935982|1407128
40|86|"OBERA"|9|"CAFE, TE, YERBA MATE Y ESPECIAS"|52|2030620|2985796
41|86|"OBERA"|9|"CAFE, TE, YERBA MATE Y ESPECIAS"|36|1348733.06|1951865.5
42|86|"OBERA"|9|"CAFE, TE, YERBA MATE Y ESPECIAS"|32|1226190|2280075.83
43|86|"OBERA"|9|"CAFE, TE, YERBA MATE Y ESPECIAS"|11|336786.53|547092.66
44|86|"OBERA"|9|"CAFE, TE, YERBA MATE Y ESPECIAS"|40|1429615.94|2520570
45|86|"OBERA"|9|"CAFE, TE, YERBA MATE Y ESPECIAS"|21|944456|1777708
46|86|"OBERA"|9|"CAFE, TE, YERBA MATE Y ESPECIAS"|34|1339240|1842419.2
47|86|"OBERA"|9|"CAFE, TE, YERBA MATE Y ESPECIAS"|32|1015908.73|1712475.72
48|86|"OBERA"|9|"CAFE, TE, YERBA MATE Y ESPECIAS"|34|1027965.7|1395528.86
49|86|"OBERA"|9|"CAFE, TE, YERBA MATE Y ESPECIAS"|30|873970.24|1835606.32
50|86|"OBERA"|9|"CAFE, TE, YERBA MATE Y ESPECIAS"|25|1083609|1776328.02
51|86|"OBERA"|9|"CAFE, TE, YERBA MATE Y ESPECIAS"|21|721738.8|1170120
52|86|"OBERA"|9|"CAFE, TE, YERBA MATE Y ESPECIAS"|7|374814.4|570656
53|86|"OBERA"|9|"CAFE, TE, YERBA MATE Y ESPECIAS"|12|330990|512900.2
54|86|"OBERA"|9|"CAFE, TE, YERBA MATE Y ESPECIAS"|50|1696382.71|2661775.74
55|86|"OBERA"|9|"CAFE, TE, YERBA MATE Y ESPECIAS"|54|1846744.4|2929108.84
56|86|"OBERA"|9|"CAFE, TE, YERBA MATE Y ESPECIAS"|48|1332468|1943751.3
57|86|"OBERA"|9|"CAFE, TE, YERBA MATE Y ESPECIAS"|48|1596005.24|2349060.26
58|86|"OBERA"|9|"CAFE, TE, YERBA MATE Y ESPECIAS"|48|1480670|1810365
59|86|"OBERA"|9|"CAFE, TE, YERBA MATE Y ESPECIAS"|37|1300728.82|1617567.52
60|86|"OBERA"|9|"CAFE, TE, YERBA MATE Y ESPECIAS"|42|1392569.84|1962708.9
61|86|"OBERA"|9|"CAFE, TE, YERBA MATE Y ESPECIAS"|59|1808694.76|2683202.29
62|86|"OBERA"|9|"CAFE, TE, YERBA MATE Y ESPECIAS"|36|1396464.4|1752905.57
63|86|"OBERA"|9|"CAFE, TE, YERBA MATE Y ESPECIAS"|44|1314816|1720818.44
64|86|"OBERA"|9|"CAFE, TE, YERBA MATE Y ESPECIAS"|42|1341560.94|2002651.42
65|86|"OBERA"|9|"CAFE, TE, YERBA MATE Y ESPECIAS"|44|1496888.64|1846064.8
66|86|"OBERA"|9|"CAFE, TE, YERBA MATE Y ESPECIAS"|42|1244523.85|1817513.32
67|86|"OBERA"|9|"CAFE, TE, YERBA MATE Y ESPECIAS"|42|1362460|1716654
68|86|"OBERA"|9|"CAFE, TE, YERBA MATE Y ESPECIAS"|57|1684620|2406320.62
69|86|"OBERA"|9|"CAFE, TE, YERBA MATE Y ESPECIAS"|45|1774513.61|2165031.36
70|86|"OBERA"|9|"CAFE, TE, YERBA MATE Y ESPECIAS"|53|1854145.85|2557490.36
71|86|"OBERA"|9|"CAFE, TE, YERBA MATE Y ESPECIAS"|42|1331882.26|1892065.8
72|86|"OBERA"|9|"CAFE, TE, YERBA MATE Y ESPECIAS"|40|1270800.52|1680905.8
73|86|"OBERA"|9|"CAFE, TE, YERBA MATE Y ESPECIAS"|45|1403286.03|2076783.6
74|86|"OBERA"|9|"CAFE, TE, YERBA MATE Y ESPECIAS"|73|2205305.76|2883785.2
75|86|"OBERA"|9|"CAFE, TE, YERBA MATE Y ESPECIAS"|32|1005080|1417267.2
76|86|"OBERA"|9|"CAFE, TE, YERBA MATE Y ESPECIAS"|48|1710349.76|2374682.4
77|86|"OBERA"|9|"CAFE, TE, YERBA MATE Y ESPECIAS"|27|814870|1211765.66
78|86|"OBERA"|9|"CAFE, TE, YERBA MATE Y ESPECIAS"|35|1051040.6|1442812.26
79|86|"OBERA"|9|"CAFE, TE, YERBA MATE Y ESPECIAS"|61|2035964|2765029.68
80|86|"OBERA"|9|"CAFE, TE, YERBA MATE Y ESPECIAS"|26|870171.61|1271030.76
81|86|"OBERA"|9|"CAFE, TE, YERBA MATE Y ESPECIAS"|33|1186096|1294738.08
82|86|"OBERA"|9|"CAFE, TE, YERBA MATE Y ESPECIAS"|42|1395016|1898670.5
83|86|"OBERA"|9|"CAFE, TE, YERBA MATE Y ESPECIAS"|38|1265048.16|1688702.2
84|86|"OBERA"|9|"CAFE, TE, YERBA MATE Y ESPECIAS"|60|1796919.61|2541264.72
85|86|"OBERA"|9|"CAFE, TE, YERBA MATE Y ESPECIAS"|23|786440|821868
86|86|"OBERA"|9|"CAFE, TE, YERBA MATE Y ESPECIAS"|64|1960472.52|2615361.5
87|86|"OBERA"|9|"CAFE, TE, YERBA MATE Y ESPECIAS"|33|1023610.85|1168426.71
88|86|"OBERA"|9|"CAFE, TE, YERBA MATE Y ESPECIAS"|36|1132975.76|1529037.8
89|86|"OBERA"|9|"CAFE, TE, YERBA MATE Y ESPECIAS"|23|1010445.76|1501211.98
90|86|"OBERA"|9|"CAFE, TE, YERBA MATE Y ESPECIAS"|36|1226367.66|1445422.61
91|86|"OBERA"|9|"CAFE, TE, YERBA MATE Y ESPECIAS"|45|1661586.61|2083331.46
92|86|"OBERA"|9|"CAFE, TE, YERBA MATE Y ESPECIAS"|32|1164160|1558412
93|86|"OBERA"|9|"CAFE, TE, YERBA MATE Y ESPECIAS"|24|955731.52|1229660.44
94|86|"OBERA"|9|"CAFE, TE, YERBA MATE Y ESPECIAS"|36|1355104|1883982.26
95|86|"OBERA"|9|"CAFE, TE, YERBA MATE Y ESPECIAS"|37|1375335.94|1623071.99
96|86|"OBERA"|9|"CAFE, TE, YERBA MATE Y ESPECIAS"|21|690420.18|818292.52
97|86|"OBERA"|9|"CAFE, TE, YERBA MATE Y ESPECIAS"|32|1140731.21|1701802.82
98|86|"OBERA"|9|"CAFE, TE, YERBA MATE Y ESPECIAS"|16|668150|824253.21
99|86|"OBERA"|9|"CAFE, TE, YERBA MATE Y ESPECIAS"|44|1599500.64|2324320
100|86|"OBERA"|9|"CAFE, TE, YERBA MATE Y ESPECIAS"|19|612638.73|841478.96
101|86|"OBERA"|9|"CAFE, TE, YERBA MATE Y ESPECIAS"|7|229800|332264
102|86|"OBERA"|9|"CAFE, TE, YERBA MATE Y ESPECIAS"|20|734150|963626.8
103|86|"OBERA"|9|"CAFE, TE, YERBA MATE Y ESPECIAS"|21|825851.52|1100759.2
104|86|"OBERA"|9|"CAFE, TE, YERBA MATE Y ESPECIAS"|19|838320|1191975.6
