"semana"|"aduana"|"aduana_desc"|"mercaderia"|"mercaderia_desc"|"cantidad"|"kilos"|"importe"
67|91|"BS.AS. NORTE"|19|"PREPARACIONES A BASE DE CEREALES, HARINA, ALMIDON, FECULA O "|5|11799.2|31880
68|91|"BS.AS. NORTE"|19|"PREPARACIONES A BASE DE CEREALES, HARINA, ALMIDON, FECULA O "|15|114993.42|504466.72
69|91|"BS.AS. NORTE"|19|"PREPARACIONES A BASE DE CEREALES, HARINA, ALMIDON, FECULA O "|59|602847.32|2618504.55
70|91|"BS.AS. NORTE"|19|"PREPARACIONES A BASE DE CEREALES, HARINA, ALMIDON, FECULA O "|47|310714.64|1307351.08
71|91|"BS.AS. NORTE"|19|"PREPARACIONES A BASE DE CEREALES, HARINA, ALMIDON, FECULA O "|85|560864.87|1469733.55
72|91|"BS.AS. NORTE"|19|"PREPARACIONES A BASE DE CEREALES, HARINA, ALMIDON, FECULA O "|77|577447.6|2667800.43
73|91|"BS.AS. NORTE"|19|"PREPARACIONES A BASE DE CEREALES, HARINA, ALMIDON, FECULA O "|54|420495.52|1854851.88
74|91|"BS.AS. NORTE"|19|"PREPARACIONES A BASE DE CEREALES, HARINA, ALMIDON, FECULA O "|60|542776.8|2010526.91
75|91|"BS.AS. NORTE"|19|"PREPARACIONES A BASE DE CEREALES, HARINA, ALMIDON, FECULA O "|60|519134.74|1878354.47
76|91|"BS.AS. NORTE"|19|"PREPARACIONES A BASE DE CEREALES, HARINA, ALMIDON, FECULA O "|73|689028.89|3261034.73
77|91|"BS.AS. NORTE"|19|"PREPARACIONES A BASE DE CEREALES, HARINA, ALMIDON, FECULA O "|58|407910.9|2128790.79
78|91|"BS.AS. NORTE"|19|"PREPARACIONES A BASE DE CEREALES, HARINA, ALMIDON, FECULA O "|67|351096.52|1600628.98
79|91|"BS.AS. NORTE"|19|"PREPARACIONES A BASE DE CEREALES, HARINA, ALMIDON, FECULA O "|82|523884.99|1901507.48
80|91|"BS.AS. NORTE"|19|"PREPARACIONES A BASE DE CEREALES, HARINA, ALMIDON, FECULA O "|81|439210|1988184.73
81|91|"BS.AS. NORTE"|19|"PREPARACIONES A BASE DE CEREALES, HARINA, ALMIDON, FECULA O "|69|415821.28|1253354.96
82|91|"BS.AS. NORTE"|19|"PREPARACIONES A BASE DE CEREALES, HARINA, ALMIDON, FECULA O "|75|843443.54|2961269.16
83|91|"BS.AS. NORTE"|19|"PREPARACIONES A BASE DE CEREALES, HARINA, ALMIDON, FECULA O "|66|612840.55|2604166.66
84|91|"BS.AS. NORTE"|19|"PREPARACIONES A BASE DE CEREALES, HARINA, ALMIDON, FECULA O "|59|353536.49|1705939.52
85|91|"BS.AS. NORTE"|19|"PREPARACIONES A BASE DE CEREALES, HARINA, ALMIDON, FECULA O "|64|341218.49|1215912.48
86|91|"BS.AS. NORTE"|19|"PREPARACIONES A BASE DE CEREALES, HARINA, ALMIDON, FECULA O "|79|472201.28|1760968.2
87|91|"BS.AS. NORTE"|19|"PREPARACIONES A BASE DE CEREALES, HARINA, ALMIDON, FECULA O "|63|858251.5|2558428.23
88|91|"BS.AS. NORTE"|19|"PREPARACIONES A BASE DE CEREALES, HARINA, ALMIDON, FECULA O "|70|652425.17|2786321.47
89|91|"BS.AS. NORTE"|19|"PREPARACIONES A BASE DE CEREALES, HARINA, ALMIDON, FECULA O "|65|637697.34|2169179.25
90|91|"BS.AS. NORTE"|19|"PREPARACIONES A BASE DE CEREALES, HARINA, ALMIDON, FECULA O "|69|476816.1|1754278.22
91|91|"BS.AS. NORTE"|19|"PREPARACIONES A BASE DE CEREALES, HARINA, ALMIDON, FECULA O "|83|653682.52|1596452.59
92|91|"BS.AS. NORTE"|19|"PREPARACIONES A BASE DE CEREALES, HARINA, ALMIDON, FECULA O "|73|712850.88|2587206.16
93|91|"BS.AS. NORTE"|19|"PREPARACIONES A BASE DE CEREALES, HARINA, ALMIDON, FECULA O "|52|369197.96|1893944.18
94|91|"BS.AS. NORTE"|19|"PREPARACIONES A BASE DE CEREALES, HARINA, ALMIDON, FECULA O "|85|642201.13|2726792.02
95|91|"BS.AS. NORTE"|19|"PREPARACIONES A BASE DE CEREALES, HARINA, ALMIDON, FECULA O "|60|489956.56|1951193.01
96|91|"BS.AS. NORTE"|19|"PREPARACIONES A BASE DE CEREALES, HARINA, ALMIDON, FECULA O "|76|556779.31|1216162.58
97|91|"BS.AS. NORTE"|19|"PREPARACIONES A BASE DE CEREALES, HARINA, ALMIDON, FECULA O "|84|562417.2|2569675.88
98|91|"BS.AS. NORTE"|19|"PREPARACIONES A BASE DE CEREALES, HARINA, ALMIDON, FECULA O "|67|439040.47|1839339.23
99|91|"BS.AS. NORTE"|19|"PREPARACIONES A BASE DE CEREALES, HARINA, ALMIDON, FECULA O "|46|361029.62|1531226.58
100|91|"BS.AS. NORTE"|19|"PREPARACIONES A BASE DE CEREALES, HARINA, ALMIDON, FECULA O "|90|713540.29|1796495.64
101|91|"BS.AS. NORTE"|19|"PREPARACIONES A BASE DE CEREALES, HARINA, ALMIDON, FECULA O "|47|447529.9|1318087.82
102|91|"BS.AS. NORTE"|19|"PREPARACIONES A BASE DE CEREALES, HARINA, ALMIDON, FECULA O "|100|843085.03|2822565.97
103|91|"BS.AS. NORTE"|19|"PREPARACIONES A BASE DE CEREALES, HARINA, ALMIDON, FECULA O "|58|818145.72|2150295.47
104|91|"BS.AS. NORTE"|19|"PREPARACIONES A BASE DE CEREALES, HARINA, ALMIDON, FECULA O "|16|219122.95|468081.43
