"semana"|"aduana"|"aduana_desc"|"mercaderia"|"mercaderia_desc"|"cantidad"|"kilos"|"importe"
69|91|"BS.AS. NORTE"|28|"PRODUCTOS QUIMICOS INORGANICOS; COMPUESTOS INORGANICOS U ORG"|6|101300|118006.2
70|91|"BS.AS. NORTE"|28|"PRODUCTOS QUIMICOS INORGANICOS; COMPUESTOS INORGANICOS U ORG"|22|380457.2|204596.55
71|91|"BS.AS. NORTE"|28|"PRODUCTOS QUIMICOS INORGANICOS; COMPUESTOS INORGANICOS U ORG"|6|108758.4|233422.11
72|91|"BS.AS. NORTE"|28|"PRODUCTOS QUIMICOS INORGANICOS; COMPUESTOS INORGANICOS U ORG"|7|131321.71|124995.47
73|91|"BS.AS. NORTE"|28|"PRODUCTOS QUIMICOS INORGANICOS; COMPUESTOS INORGANICOS U ORG"|3|41220|106697.6
74|91|"BS.AS. NORTE"|28|"PRODUCTOS QUIMICOS INORGANICOS; COMPUESTOS INORGANICOS U ORG"|3|55800|54491
75|91|"BS.AS. NORTE"|28|"PRODUCTOS QUIMICOS INORGANICOS; COMPUESTOS INORGANICOS U ORG"|2|17800|34430
76|91|"BS.AS. NORTE"|28|"PRODUCTOS QUIMICOS INORGANICOS; COMPUESTOS INORGANICOS U ORG"|11|475240|241841.82
77|91|"BS.AS. NORTE"|28|"PRODUCTOS QUIMICOS INORGANICOS; COMPUESTOS INORGANICOS U ORG"|5|66073|59059.75
78|91|"BS.AS. NORTE"|28|"PRODUCTOS QUIMICOS INORGANICOS; COMPUESTOS INORGANICOS U ORG"|4|82256|63068
79|91|"BS.AS. NORTE"|28|"PRODUCTOS QUIMICOS INORGANICOS; COMPUESTOS INORGANICOS U ORG"|8|454940|97478
80|91|"BS.AS. NORTE"|28|"PRODUCTOS QUIMICOS INORGANICOS; COMPUESTOS INORGANICOS U ORG"|3|372240|109350.07
81|91|"BS.AS. NORTE"|28|"PRODUCTOS QUIMICOS INORGANICOS; COMPUESTOS INORGANICOS U ORG"|6|145000|139654.29
82|91|"BS.AS. NORTE"|28|"PRODUCTOS QUIMICOS INORGANICOS; COMPUESTOS INORGANICOS U ORG"|6|853340|242693.74
83|91|"BS.AS. NORTE"|28|"PRODUCTOS QUIMICOS INORGANICOS; COMPUESTOS INORGANICOS U ORG"|3|22599.6|32132.44
84|91|"BS.AS. NORTE"|28|"PRODUCTOS QUIMICOS INORGANICOS; COMPUESTOS INORGANICOS U ORG"|4|53000|39160
85|91|"BS.AS. NORTE"|28|"PRODUCTOS QUIMICOS INORGANICOS; COMPUESTOS INORGANICOS U ORG"|6|430840|123086
86|91|"BS.AS. NORTE"|28|"PRODUCTOS QUIMICOS INORGANICOS; COMPUESTOS INORGANICOS U ORG"|9|454470|263225.51
87|91|"BS.AS. NORTE"|28|"PRODUCTOS QUIMICOS INORGANICOS; COMPUESTOS INORGANICOS U ORG"|2|20006|4553
88|91|"BS.AS. NORTE"|28|"PRODUCTOS QUIMICOS INORGANICOS; COMPUESTOS INORGANICOS U ORG"|5|420560|156033.5
89|91|"BS.AS. NORTE"|28|"PRODUCTOS QUIMICOS INORGANICOS; COMPUESTOS INORGANICOS U ORG"|11|499275.58|112981.98
90|91|"BS.AS. NORTE"|28|"PRODUCTOS QUIMICOS INORGANICOS; COMPUESTOS INORGANICOS U ORG"|15|593740|143059.65
91|91|"BS.AS. NORTE"|28|"PRODUCTOS QUIMICOS INORGANICOS; COMPUESTOS INORGANICOS U ORG"|13|556975|147317.24
92|91|"BS.AS. NORTE"|28|"PRODUCTOS QUIMICOS INORGANICOS; COMPUESTOS INORGANICOS U ORG"|14|643440|155228
93|91|"BS.AS. NORTE"|28|"PRODUCTOS QUIMICOS INORGANICOS; COMPUESTOS INORGANICOS U ORG"|6|79500|55990
94|91|"BS.AS. NORTE"|28|"PRODUCTOS QUIMICOS INORGANICOS; COMPUESTOS INORGANICOS U ORG"|10|192508.9|53494.28
95|91|"BS.AS. NORTE"|28|"PRODUCTOS QUIMICOS INORGANICOS; COMPUESTOS INORGANICOS U ORG"|17|1000065|460590.96
96|91|"BS.AS. NORTE"|28|"PRODUCTOS QUIMICOS INORGANICOS; COMPUESTOS INORGANICOS U ORG"|15|539780|117421.29
97|91|"BS.AS. NORTE"|28|"PRODUCTOS QUIMICOS INORGANICOS; COMPUESTOS INORGANICOS U ORG"|20|670807.9|365230.85
98|91|"BS.AS. NORTE"|28|"PRODUCTOS QUIMICOS INORGANICOS; COMPUESTOS INORGANICOS U ORG"|13|589650|233391.5
99|91|"BS.AS. NORTE"|28|"PRODUCTOS QUIMICOS INORGANICOS; COMPUESTOS INORGANICOS U ORG"|20|771050|483681.68
100|91|"BS.AS. NORTE"|28|"PRODUCTOS QUIMICOS INORGANICOS; COMPUESTOS INORGANICOS U ORG"|16|385640|413934
101|91|"BS.AS. NORTE"|28|"PRODUCTOS QUIMICOS INORGANICOS; COMPUESTOS INORGANICOS U ORG"|9|162593.21|66181.87
102|91|"BS.AS. NORTE"|28|"PRODUCTOS QUIMICOS INORGANICOS; COMPUESTOS INORGANICOS U ORG"|29|895440|218861.81
103|91|"BS.AS. NORTE"|28|"PRODUCTOS QUIMICOS INORGANICOS; COMPUESTOS INORGANICOS U ORG"|10|516530|250089.74
104|91|"BS.AS. NORTE"|28|"PRODUCTOS QUIMICOS INORGANICOS; COMPUESTOS INORGANICOS U ORG"|5|114200|157521.57
