"semana"|"aduana"|"aduana_desc"|"mercaderia"|"mercaderia_desc"|"cantidad"|"kilos"|"importe"
5|66|"TINOGASTA"|71|"PERLAS NATURALES (FINAS)* O CULTIVADAS, PIEDRAS PRECIOSAS O "|1|135.08|4601257.81
8|66|"TINOGASTA"|71|"PERLAS NATURALES (FINAS)* O CULTIVADAS, PIEDRAS PRECIOSAS O "|1|167.59|5915773.99
9|66|"TINOGASTA"|71|"PERLAS NATURALES (FINAS)* O CULTIVADAS, PIEDRAS PRECIOSAS O "|1|277.07|10009809.91
15|66|"TINOGASTA"|71|"PERLAS NATURALES (FINAS)* O CULTIVADAS, PIEDRAS PRECIOSAS O "|1|143.2|5101492.87
25|66|"TINOGASTA"|71|"PERLAS NATURALES (FINAS)* O CULTIVADAS, PIEDRAS PRECIOSAS O "|1|143.11|5192717.61
57|66|"TINOGASTA"|71|"PERLAS NATURALES (FINAS)* O CULTIVADAS, PIEDRAS PRECIOSAS O "|2|270.9|9276563.47
63|66|"TINOGASTA"|71|"PERLAS NATURALES (FINAS)* O CULTIVADAS, PIEDRAS PRECIOSAS O "|3|504.02|16467550.03
