"semana"|"aduana"|"aduana_desc"|"mercaderia"|"mercaderia_desc"|"cantidad"|"kilos"|"importe"
68|92|"BS.AS. SUR"|70|"VIDRIO Y SUS MANUFACTURAS"|9|133848.47|78123.77
69|92|"BS.AS. SUR"|70|"VIDRIO Y SUS MANUFACTURAS"|76|766928.61|601733.25
70|92|"BS.AS. SUR"|70|"VIDRIO Y SUS MANUFACTURAS"|106|933118.46|714422.63
71|92|"BS.AS. SUR"|70|"VIDRIO Y SUS MANUFACTURAS"|85|774588.33|588538.98
72|92|"BS.AS. SUR"|70|"VIDRIO Y SUS MANUFACTURAS"|124|747785.54|504664.52
73|92|"BS.AS. SUR"|70|"VIDRIO Y SUS MANUFACTURAS"|80|474386.27|382986.54
74|92|"BS.AS. SUR"|70|"VIDRIO Y SUS MANUFACTURAS"|97|497396.95|472608.94
75|92|"BS.AS. SUR"|70|"VIDRIO Y SUS MANUFACTURAS"|106|731813.07|634247.73
76|92|"BS.AS. SUR"|70|"VIDRIO Y SUS MANUFACTURAS"|75|761329.26|535221.33
77|92|"BS.AS. SUR"|70|"VIDRIO Y SUS MANUFACTURAS"|106|774785.43|523626.19
78|92|"BS.AS. SUR"|70|"VIDRIO Y SUS MANUFACTURAS"|86|742483.42|540171.82
79|92|"BS.AS. SUR"|70|"VIDRIO Y SUS MANUFACTURAS"|69|807648.01|523697.22
80|92|"BS.AS. SUR"|70|"VIDRIO Y SUS MANUFACTURAS"|33|322010.37|213822.96
81|92|"BS.AS. SUR"|70|"VIDRIO Y SUS MANUFACTURAS"|110|937085.59|577440.4
82|92|"BS.AS. SUR"|70|"VIDRIO Y SUS MANUFACTURAS"|93|688043.15|558292.31
83|92|"BS.AS. SUR"|70|"VIDRIO Y SUS MANUFACTURAS"|95|929808.7|652346.29
84|92|"BS.AS. SUR"|70|"VIDRIO Y SUS MANUFACTURAS"|69|511068.53|316132.45
85|92|"BS.AS. SUR"|70|"VIDRIO Y SUS MANUFACTURAS"|133|779026.42|582541.51
86|92|"BS.AS. SUR"|70|"VIDRIO Y SUS MANUFACTURAS"|83|714529.6|495604.31
87|92|"BS.AS. SUR"|70|"VIDRIO Y SUS MANUFACTURAS"|79|647792.95|493563.93
88|92|"BS.AS. SUR"|70|"VIDRIO Y SUS MANUFACTURAS"|102|448586.85|352258.69
89|92|"BS.AS. SUR"|70|"VIDRIO Y SUS MANUFACTURAS"|93|705940.33|671704.7
90|92|"BS.AS. SUR"|70|"VIDRIO Y SUS MANUFACTURAS"|76|847539.75|591094.44
91|92|"BS.AS. SUR"|70|"VIDRIO Y SUS MANUFACTURAS"|78|775134.51|687096.1
92|92|"BS.AS. SUR"|70|"VIDRIO Y SUS MANUFACTURAS"|73|929415.37|658505.38
93|92|"BS.AS. SUR"|70|"VIDRIO Y SUS MANUFACTURAS"|74|580002.05|428092.49
94|92|"BS.AS. SUR"|70|"VIDRIO Y SUS MANUFACTURAS"|60|467952.46|358624.42
95|92|"BS.AS. SUR"|70|"VIDRIO Y SUS MANUFACTURAS"|95|648324.16|425449.19
96|92|"BS.AS. SUR"|70|"VIDRIO Y SUS MANUFACTURAS"|65|559715.96|353218.65
97|92|"BS.AS. SUR"|70|"VIDRIO Y SUS MANUFACTURAS"|81|549356.29|406141.86
98|92|"BS.AS. SUR"|70|"VIDRIO Y SUS MANUFACTURAS"|88|643915.54|426470.55
99|92|"BS.AS. SUR"|70|"VIDRIO Y SUS MANUFACTURAS"|96|726244.64|523229.88
100|92|"BS.AS. SUR"|70|"VIDRIO Y SUS MANUFACTURAS"|66|603967.34|365914.65
101|92|"BS.AS. SUR"|70|"VIDRIO Y SUS MANUFACTURAS"|65|572635.11|468640.71
102|92|"BS.AS. SUR"|70|"VIDRIO Y SUS MANUFACTURAS"|125|947778.89|722519.77
103|92|"BS.AS. SUR"|70|"VIDRIO Y SUS MANUFACTURAS"|71|764710.18|430866.35
104|92|"BS.AS. SUR"|70|"VIDRIO Y SUS MANUFACTURAS"|29|228172.76|147130.31
