"semana"|"aduana"|"aduana_desc"|"mercaderia"|"mercaderia_desc"|"cantidad"|"kilos"|"importe"
79|91|"BS.AS. NORTE"|66|"PARAGUAS, SOMBRILLAS, QUITASOLES, BASTONES, BASTONES ASIENTO"|1|2.21|19.22
83|91|"BS.AS. NORTE"|66|"PARAGUAS, SOMBRILLAS, QUITASOLES, BASTONES, BASTONES ASIENTO"|1|278.46|2421.72
90|91|"BS.AS. NORTE"|66|"PARAGUAS, SOMBRILLAS, QUITASOLES, BASTONES, BASTONES ASIENTO"|1|79.56|735.12
92|91|"BS.AS. NORTE"|66|"PARAGUAS, SOMBRILLAS, QUITASOLES, BASTONES, BASTONES ASIENTO"|1|278.46|2421.72
99|91|"BS.AS. NORTE"|66|"PARAGUAS, SOMBRILLAS, QUITASOLES, BASTONES, BASTONES ASIENTO"|1|278.46|2421.72
104|91|"BS.AS. NORTE"|66|"PARAGUAS, SOMBRILLAS, QUITASOLES, BASTONES, BASTONES ASIENTO"|1|27.33|825.6
