"semana"|"aduana"|"aduana_desc"|"mercaderia"|"mercaderia_desc"|"cantidad"|"kilos"|"importe"
69|92|"BS.AS. SUR"|25|"SAL; AZUFRE; TIERRAS Y PIEDRAS; YESOS, CALES Y CEMENTOS"|17|266281.35|164251.88
70|92|"BS.AS. SUR"|25|"SAL; AZUFRE; TIERRAS Y PIEDRAS; YESOS, CALES Y CEMENTOS"|9|350885|138730.1
71|92|"BS.AS. SUR"|25|"SAL; AZUFRE; TIERRAS Y PIEDRAS; YESOS, CALES Y CEMENTOS"|7|381420.05|162478.24
72|92|"BS.AS. SUR"|25|"SAL; AZUFRE; TIERRAS Y PIEDRAS; YESOS, CALES Y CEMENTOS"|11|369915|209383.15
73|92|"BS.AS. SUR"|25|"SAL; AZUFRE; TIERRAS Y PIEDRAS; YESOS, CALES Y CEMENTOS"|16|276018.54|128917.67
74|92|"BS.AS. SUR"|25|"SAL; AZUFRE; TIERRAS Y PIEDRAS; YESOS, CALES Y CEMENTOS"|5|58450|25346.52
75|92|"BS.AS. SUR"|25|"SAL; AZUFRE; TIERRAS Y PIEDRAS; YESOS, CALES Y CEMENTOS"|6|55154.03|31248.41
76|92|"BS.AS. SUR"|25|"SAL; AZUFRE; TIERRAS Y PIEDRAS; YESOS, CALES Y CEMENTOS"|18|356427|148134.33
77|92|"BS.AS. SUR"|25|"SAL; AZUFRE; TIERRAS Y PIEDRAS; YESOS, CALES Y CEMENTOS"|10|249881.54|84187.08
78|92|"BS.AS. SUR"|25|"SAL; AZUFRE; TIERRAS Y PIEDRAS; YESOS, CALES Y CEMENTOS"|15|166250|78806.98
79|92|"BS.AS. SUR"|25|"SAL; AZUFRE; TIERRAS Y PIEDRAS; YESOS, CALES Y CEMENTOS"|9|335607.52|114869.26
80|92|"BS.AS. SUR"|25|"SAL; AZUFRE; TIERRAS Y PIEDRAS; YESOS, CALES Y CEMENTOS"|13|254274.8|140172.5
81|92|"BS.AS. SUR"|25|"SAL; AZUFRE; TIERRAS Y PIEDRAS; YESOS, CALES Y CEMENTOS"|4|3732.19|9354.4
82|92|"BS.AS. SUR"|25|"SAL; AZUFRE; TIERRAS Y PIEDRAS; YESOS, CALES Y CEMENTOS"|13|424805.06|141068.01
83|92|"BS.AS. SUR"|25|"SAL; AZUFRE; TIERRAS Y PIEDRAS; YESOS, CALES Y CEMENTOS"|11|112246.21|54875.24
84|92|"BS.AS. SUR"|25|"SAL; AZUFRE; TIERRAS Y PIEDRAS; YESOS, CALES Y CEMENTOS"|12|349933.73|108681.22
85|92|"BS.AS. SUR"|25|"SAL; AZUFRE; TIERRAS Y PIEDRAS; YESOS, CALES Y CEMENTOS"|12|396485|141960.5
86|92|"BS.AS. SUR"|25|"SAL; AZUFRE; TIERRAS Y PIEDRAS; YESOS, CALES Y CEMENTOS"|10|243232|134547.83
87|92|"BS.AS. SUR"|25|"SAL; AZUFRE; TIERRAS Y PIEDRAS; YESOS, CALES Y CEMENTOS"|19|183636.4|68320.8
88|92|"BS.AS. SUR"|25|"SAL; AZUFRE; TIERRAS Y PIEDRAS; YESOS, CALES Y CEMENTOS"|19|485805|225612.92
89|92|"BS.AS. SUR"|25|"SAL; AZUFRE; TIERRAS Y PIEDRAS; YESOS, CALES Y CEMENTOS"|12|490657.48|198565.84
90|92|"BS.AS. SUR"|25|"SAL; AZUFRE; TIERRAS Y PIEDRAS; YESOS, CALES Y CEMENTOS"|11|323227|149633.6
91|92|"BS.AS. SUR"|25|"SAL; AZUFRE; TIERRAS Y PIEDRAS; YESOS, CALES Y CEMENTOS"|11|187945|80548.64
92|92|"BS.AS. SUR"|25|"SAL; AZUFRE; TIERRAS Y PIEDRAS; YESOS, CALES Y CEMENTOS"|16|331206.7|124740.18
93|92|"BS.AS. SUR"|25|"SAL; AZUFRE; TIERRAS Y PIEDRAS; YESOS, CALES Y CEMENTOS"|13|128884.8|81297.57
94|92|"BS.AS. SUR"|25|"SAL; AZUFRE; TIERRAS Y PIEDRAS; YESOS, CALES Y CEMENTOS"|10|281212.6|121880.95
95|92|"BS.AS. SUR"|25|"SAL; AZUFRE; TIERRAS Y PIEDRAS; YESOS, CALES Y CEMENTOS"|10|228991.92|99957.4
96|92|"BS.AS. SUR"|25|"SAL; AZUFRE; TIERRAS Y PIEDRAS; YESOS, CALES Y CEMENTOS"|9|122902.03|48102.57
97|92|"BS.AS. SUR"|25|"SAL; AZUFRE; TIERRAS Y PIEDRAS; YESOS, CALES Y CEMENTOS"|8|190310|74675.7
98|92|"BS.AS. SUR"|25|"SAL; AZUFRE; TIERRAS Y PIEDRAS; YESOS, CALES Y CEMENTOS"|16|371589|126173.97
99|92|"BS.AS. SUR"|25|"SAL; AZUFRE; TIERRAS Y PIEDRAS; YESOS, CALES Y CEMENTOS"|15|142975|78930.22
100|92|"BS.AS. SUR"|25|"SAL; AZUFRE; TIERRAS Y PIEDRAS; YESOS, CALES Y CEMENTOS"|5|154520|61096.8
101|92|"BS.AS. SUR"|25|"SAL; AZUFRE; TIERRAS Y PIEDRAS; YESOS, CALES Y CEMENTOS"|6|330814.75|118935
102|92|"BS.AS. SUR"|25|"SAL; AZUFRE; TIERRAS Y PIEDRAS; YESOS, CALES Y CEMENTOS"|17|342940.98|181104.36
103|92|"BS.AS. SUR"|25|"SAL; AZUFRE; TIERRAS Y PIEDRAS; YESOS, CALES Y CEMENTOS"|7|141730|49222.65
104|92|"BS.AS. SUR"|25|"SAL; AZUFRE; TIERRAS Y PIEDRAS; YESOS, CALES Y CEMENTOS"|1|110000|33499.4
