"semana"|"aduana"|"aduana_desc"|"mercaderia"|"mercaderia_desc"|"cantidad"|"kilos"|"importe"
69|91|"BS.AS. NORTE"|9|"CAFE, TE, YERBA MATE Y ESPECIAS"|3|1330|10945
70|91|"BS.AS. NORTE"|9|"CAFE, TE, YERBA MATE Y ESPECIAS"|5|1199.6|7236.57
71|91|"BS.AS. NORTE"|9|"CAFE, TE, YERBA MATE Y ESPECIAS"|3|9919.08|49562.86
72|91|"BS.AS. NORTE"|9|"CAFE, TE, YERBA MATE Y ESPECIAS"|1|6651|31160.46
73|91|"BS.AS. NORTE"|9|"CAFE, TE, YERBA MATE Y ESPECIAS"|2|60020|58223.6
74|91|"BS.AS. NORTE"|9|"CAFE, TE, YERBA MATE Y ESPECIAS"|1|40000|27600
75|91|"BS.AS. NORTE"|9|"CAFE, TE, YERBA MATE Y ESPECIAS"|1|40020|44823.6
76|91|"BS.AS. NORTE"|9|"CAFE, TE, YERBA MATE Y ESPECIAS"|2|41565|54871.6
77|91|"BS.AS. NORTE"|9|"CAFE, TE, YERBA MATE Y ESPECIAS"|14|15601.27|68942.2
78|91|"BS.AS. NORTE"|9|"CAFE, TE, YERBA MATE Y ESPECIAS"|14|63550.26|173577.95
79|91|"BS.AS. NORTE"|9|"CAFE, TE, YERBA MATE Y ESPECIAS"|1|3970.26|19468
80|91|"BS.AS. NORTE"|9|"CAFE, TE, YERBA MATE Y ESPECIAS"|1|8280|36621
81|91|"BS.AS. NORTE"|9|"CAFE, TE, YERBA MATE Y ESPECIAS"|4|35627.4|98127.78
82|91|"BS.AS. NORTE"|9|"CAFE, TE, YERBA MATE Y ESPECIAS"|2|4018.75|19605.5
83|91|"BS.AS. NORTE"|9|"CAFE, TE, YERBA MATE Y ESPECIAS"|2|57120|33065.6
84|91|"BS.AS. NORTE"|9|"CAFE, TE, YERBA MATE Y ESPECIAS"|1|2250|8707.5
85|91|"BS.AS. NORTE"|9|"CAFE, TE, YERBA MATE Y ESPECIAS"|5|20116|57056.82
86|91|"BS.AS. NORTE"|9|"CAFE, TE, YERBA MATE Y ESPECIAS"|2|24960|97042.8
87|91|"BS.AS. NORTE"|9|"CAFE, TE, YERBA MATE Y ESPECIAS"|1|9000|40470
89|91|"BS.AS. NORTE"|9|"CAFE, TE, YERBA MATE Y ESPECIAS"|1|22480|79579.2
92|91|"BS.AS. NORTE"|9|"CAFE, TE, YERBA MATE Y ESPECIAS"|3|36340|146301.24
94|91|"BS.AS. NORTE"|9|"CAFE, TE, YERBA MATE Y ESPECIAS"|1|2530|8850.5
95|91|"BS.AS. NORTE"|9|"CAFE, TE, YERBA MATE Y ESPECIAS"|4|6717.32|34815.09
96|91|"BS.AS. NORTE"|9|"CAFE, TE, YERBA MATE Y ESPECIAS"|2|12072|52936.16
97|91|"BS.AS. NORTE"|9|"CAFE, TE, YERBA MATE Y ESPECIAS"|6|33959.99|121055.4
98|91|"BS.AS. NORTE"|9|"CAFE, TE, YERBA MATE Y ESPECIAS"|4|6287.4|22180.89
99|91|"BS.AS. NORTE"|9|"CAFE, TE, YERBA MATE Y ESPECIAS"|1|63.5|345.96
100|91|"BS.AS. NORTE"|9|"CAFE, TE, YERBA MATE Y ESPECIAS"|5|31660.5|130439.77
101|91|"BS.AS. NORTE"|9|"CAFE, TE, YERBA MATE Y ESPECIAS"|3|97604.76|61857.84
102|91|"BS.AS. NORTE"|9|"CAFE, TE, YERBA MATE Y ESPECIAS"|5|357853.6|254444.88
103|91|"BS.AS. NORTE"|9|"CAFE, TE, YERBA MATE Y ESPECIAS"|3|207182|149700.6
104|91|"BS.AS. NORTE"|9|"CAFE, TE, YERBA MATE Y ESPECIAS"|3|3850.71|13411.8
