"semana"|"aduana"|"aduana_desc"|"mercaderia"|"mercaderia_desc"|"cantidad"|"kilos"|"importe"
1|84|"SANTO TOME"|84|"REACTORES NUCLEARES, CALDERAS, MAQUINAS, APARATOS Y ARTEFACT"|7|12782.49|278335.2
2|84|"SANTO TOME"|84|"REACTORES NUCLEARES, CALDERAS, MAQUINAS, APARATOS Y ARTEFACT"|27|24872.26|391462.86
3|84|"SANTO TOME"|84|"REACTORES NUCLEARES, CALDERAS, MAQUINAS, APARATOS Y ARTEFACT"|19|27130.42|619545.93
4|84|"SANTO TOME"|84|"REACTORES NUCLEARES, CALDERAS, MAQUINAS, APARATOS Y ARTEFACT"|30|21095.57|531006.14
5|84|"SANTO TOME"|84|"REACTORES NUCLEARES, CALDERAS, MAQUINAS, APARATOS Y ARTEFACT"|18|25509.72|673561.25
6|84|"SANTO TOME"|84|"REACTORES NUCLEARES, CALDERAS, MAQUINAS, APARATOS Y ARTEFACT"|27|67911.23|1613492.83
7|84|"SANTO TOME"|84|"REACTORES NUCLEARES, CALDERAS, MAQUINAS, APARATOS Y ARTEFACT"|43|99823.13|2352017.5
8|84|"SANTO TOME"|84|"REACTORES NUCLEARES, CALDERAS, MAQUINAS, APARATOS Y ARTEFACT"|25|106021.96|2405947.22
9|84|"SANTO TOME"|84|"REACTORES NUCLEARES, CALDERAS, MAQUINAS, APARATOS Y ARTEFACT"|50|65592.32|1645545.7
10|84|"SANTO TOME"|84|"REACTORES NUCLEARES, CALDERAS, MAQUINAS, APARATOS Y ARTEFACT"|34|34283.35|846440.21
11|84|"SANTO TOME"|84|"REACTORES NUCLEARES, CALDERAS, MAQUINAS, APARATOS Y ARTEFACT"|33|88043.18|2129595.01
12|84|"SANTO TOME"|84|"REACTORES NUCLEARES, CALDERAS, MAQUINAS, APARATOS Y ARTEFACT"|26|27823.54|745409.01
13|84|"SANTO TOME"|84|"REACTORES NUCLEARES, CALDERAS, MAQUINAS, APARATOS Y ARTEFACT"|42|71961.71|1780878.83
14|84|"SANTO TOME"|84|"REACTORES NUCLEARES, CALDERAS, MAQUINAS, APARATOS Y ARTEFACT"|22|23832.45|674801.68
15|84|"SANTO TOME"|84|"REACTORES NUCLEARES, CALDERAS, MAQUINAS, APARATOS Y ARTEFACT"|32|22135.92|609489.25
16|84|"SANTO TOME"|84|"REACTORES NUCLEARES, CALDERAS, MAQUINAS, APARATOS Y ARTEFACT"|23|16918.75|469704.11
17|84|"SANTO TOME"|84|"REACTORES NUCLEARES, CALDERAS, MAQUINAS, APARATOS Y ARTEFACT"|20|35130.14|817026.25
18|84|"SANTO TOME"|84|"REACTORES NUCLEARES, CALDERAS, MAQUINAS, APARATOS Y ARTEFACT"|27|30651.85|792918.29
19|84|"SANTO TOME"|84|"REACTORES NUCLEARES, CALDERAS, MAQUINAS, APARATOS Y ARTEFACT"|40|42190.69|1023478.65
20|84|"SANTO TOME"|84|"REACTORES NUCLEARES, CALDERAS, MAQUINAS, APARATOS Y ARTEFACT"|16|21270.12|353570.8
21|84|"SANTO TOME"|84|"REACTORES NUCLEARES, CALDERAS, MAQUINAS, APARATOS Y ARTEFACT"|29|51311.21|1037064.03
22|84|"SANTO TOME"|84|"REACTORES NUCLEARES, CALDERAS, MAQUINAS, APARATOS Y ARTEFACT"|26|39075.69|1078085.53
23|84|"SANTO TOME"|84|"REACTORES NUCLEARES, CALDERAS, MAQUINAS, APARATOS Y ARTEFACT"|35|28772.18|725781.58
24|84|"SANTO TOME"|84|"REACTORES NUCLEARES, CALDERAS, MAQUINAS, APARATOS Y ARTEFACT"|21|16244.49|452752.94
25|84|"SANTO TOME"|84|"REACTORES NUCLEARES, CALDERAS, MAQUINAS, APARATOS Y ARTEFACT"|20|24538.76|561192.68
26|84|"SANTO TOME"|84|"REACTORES NUCLEARES, CALDERAS, MAQUINAS, APARATOS Y ARTEFACT"|21|30773.83|958895.7
27|84|"SANTO TOME"|84|"REACTORES NUCLEARES, CALDERAS, MAQUINAS, APARATOS Y ARTEFACT"|21|18541.52|454651.76
28|84|"SANTO TOME"|84|"REACTORES NUCLEARES, CALDERAS, MAQUINAS, APARATOS Y ARTEFACT"|25|21901.29|573850.23
29|84|"SANTO TOME"|84|"REACTORES NUCLEARES, CALDERAS, MAQUINAS, APARATOS Y ARTEFACT"|24|26468.69|625086.6
30|84|"SANTO TOME"|84|"REACTORES NUCLEARES, CALDERAS, MAQUINAS, APARATOS Y ARTEFACT"|25|24479.49|552225.93
31|84|"SANTO TOME"|84|"REACTORES NUCLEARES, CALDERAS, MAQUINAS, APARATOS Y ARTEFACT"|18|15975.366|392363.09
32|84|"SANTO TOME"|84|"REACTORES NUCLEARES, CALDERAS, MAQUINAS, APARATOS Y ARTEFACT"|30|40290.7|965975.76
33|84|"SANTO TOME"|84|"REACTORES NUCLEARES, CALDERAS, MAQUINAS, APARATOS Y ARTEFACT"|12|7304.44|163329.53
34|84|"SANTO TOME"|84|"REACTORES NUCLEARES, CALDERAS, MAQUINAS, APARATOS Y ARTEFACT"|27|40292.49|919435.69
35|84|"SANTO TOME"|84|"REACTORES NUCLEARES, CALDERAS, MAQUINAS, APARATOS Y ARTEFACT"|33|39017.01|790836.05
36|84|"SANTO TOME"|84|"REACTORES NUCLEARES, CALDERAS, MAQUINAS, APARATOS Y ARTEFACT"|23|38605.9|555675.33
37|84|"SANTO TOME"|84|"REACTORES NUCLEARES, CALDERAS, MAQUINAS, APARATOS Y ARTEFACT"|22|29131.88|510491.41
38|84|"SANTO TOME"|84|"REACTORES NUCLEARES, CALDERAS, MAQUINAS, APARATOS Y ARTEFACT"|33|48270.69|765573.79
39|84|"SANTO TOME"|84|"REACTORES NUCLEARES, CALDERAS, MAQUINAS, APARATOS Y ARTEFACT"|42|61291.84|1261315.09
40|84|"SANTO TOME"|84|"REACTORES NUCLEARES, CALDERAS, MAQUINAS, APARATOS Y ARTEFACT"|32|45430.27|893343.52
41|84|"SANTO TOME"|84|"REACTORES NUCLEARES, CALDERAS, MAQUINAS, APARATOS Y ARTEFACT"|31|70388.21|938759.38
42|84|"SANTO TOME"|84|"REACTORES NUCLEARES, CALDERAS, MAQUINAS, APARATOS Y ARTEFACT"|38|60477.46|879940.98
43|84|"SANTO TOME"|84|"REACTORES NUCLEARES, CALDERAS, MAQUINAS, APARATOS Y ARTEFACT"|53|85144.43|1363881.71
44|84|"SANTO TOME"|84|"REACTORES NUCLEARES, CALDERAS, MAQUINAS, APARATOS Y ARTEFACT"|39|45316.46|891873.42
45|84|"SANTO TOME"|84|"REACTORES NUCLEARES, CALDERAS, MAQUINAS, APARATOS Y ARTEFACT"|33|48283.27|1050214.17
46|84|"SANTO TOME"|84|"REACTORES NUCLEARES, CALDERAS, MAQUINAS, APARATOS Y ARTEFACT"|18|36081.01|735028.71
47|84|"SANTO TOME"|84|"REACTORES NUCLEARES, CALDERAS, MAQUINAS, APARATOS Y ARTEFACT"|18|59079.31|725623.96
48|84|"SANTO TOME"|84|"REACTORES NUCLEARES, CALDERAS, MAQUINAS, APARATOS Y ARTEFACT"|13|31872.63|307891.66
49|84|"SANTO TOME"|84|"REACTORES NUCLEARES, CALDERAS, MAQUINAS, APARATOS Y ARTEFACT"|14|39671.51|316254.9
50|84|"SANTO TOME"|84|"REACTORES NUCLEARES, CALDERAS, MAQUINAS, APARATOS Y ARTEFACT"|23|44285.44|975686.26
51|84|"SANTO TOME"|84|"REACTORES NUCLEARES, CALDERAS, MAQUINAS, APARATOS Y ARTEFACT"|10|10414.68|276060.29
52|84|"SANTO TOME"|84|"REACTORES NUCLEARES, CALDERAS, MAQUINAS, APARATOS Y ARTEFACT"|1|12108|31441.2
53|84|"SANTO TOME"|84|"REACTORES NUCLEARES, CALDERAS, MAQUINAS, APARATOS Y ARTEFACT"|3|3774|43017.92
54|84|"SANTO TOME"|84|"REACTORES NUCLEARES, CALDERAS, MAQUINAS, APARATOS Y ARTEFACT"|10|12481.5|81368.67
55|84|"SANTO TOME"|84|"REACTORES NUCLEARES, CALDERAS, MAQUINAS, APARATOS Y ARTEFACT"|10|22303.03|97152.49
56|84|"SANTO TOME"|84|"REACTORES NUCLEARES, CALDERAS, MAQUINAS, APARATOS Y ARTEFACT"|11|9819.49|273864
57|84|"SANTO TOME"|84|"REACTORES NUCLEARES, CALDERAS, MAQUINAS, APARATOS Y ARTEFACT"|16|17275.9|174306.5
58|84|"SANTO TOME"|84|"REACTORES NUCLEARES, CALDERAS, MAQUINAS, APARATOS Y ARTEFACT"|10|7347.09|133203.33
59|84|"SANTO TOME"|84|"REACTORES NUCLEARES, CALDERAS, MAQUINAS, APARATOS Y ARTEFACT"|3|3563.31|75189.44
60|84|"SANTO TOME"|84|"REACTORES NUCLEARES, CALDERAS, MAQUINAS, APARATOS Y ARTEFACT"|35|20166.3|534430.97
61|84|"SANTO TOME"|84|"REACTORES NUCLEARES, CALDERAS, MAQUINAS, APARATOS Y ARTEFACT"|24|36222.39|489692.02
62|84|"SANTO TOME"|84|"REACTORES NUCLEARES, CALDERAS, MAQUINAS, APARATOS Y ARTEFACT"|32|20703.4|478227.98
63|84|"SANTO TOME"|84|"REACTORES NUCLEARES, CALDERAS, MAQUINAS, APARATOS Y ARTEFACT"|16|31653.55|319046.73
64|84|"SANTO TOME"|84|"REACTORES NUCLEARES, CALDERAS, MAQUINAS, APARATOS Y ARTEFACT"|11|10812.56|225030.16
65|84|"SANTO TOME"|84|"REACTORES NUCLEARES, CALDERAS, MAQUINAS, APARATOS Y ARTEFACT"|18|12597.78|304090.5
66|84|"SANTO TOME"|84|"REACTORES NUCLEARES, CALDERAS, MAQUINAS, APARATOS Y ARTEFACT"|5|4426.77|94451.06
67|84|"SANTO TOME"|84|"REACTORES NUCLEARES, CALDERAS, MAQUINAS, APARATOS Y ARTEFACT"|15|13220.85|312505.16
68|84|"SANTO TOME"|84|"REACTORES NUCLEARES, CALDERAS, MAQUINAS, APARATOS Y ARTEFACT"|19|14481.36|339250.19
69|84|"SANTO TOME"|84|"REACTORES NUCLEARES, CALDERAS, MAQUINAS, APARATOS Y ARTEFACT"|13|6951.22|215619.2
70|84|"SANTO TOME"|84|"REACTORES NUCLEARES, CALDERAS, MAQUINAS, APARATOS Y ARTEFACT"|9|10292.33|259774.46
71|84|"SANTO TOME"|84|"REACTORES NUCLEARES, CALDERAS, MAQUINAS, APARATOS Y ARTEFACT"|18|10338.15|247676.94
72|84|"SANTO TOME"|84|"REACTORES NUCLEARES, CALDERAS, MAQUINAS, APARATOS Y ARTEFACT"|24|15093.6|367208.2
73|84|"SANTO TOME"|84|"REACTORES NUCLEARES, CALDERAS, MAQUINAS, APARATOS Y ARTEFACT"|29|22495.2|579054.12
74|84|"SANTO TOME"|84|"REACTORES NUCLEARES, CALDERAS, MAQUINAS, APARATOS Y ARTEFACT"|38|31269.492|854018.6
75|84|"SANTO TOME"|84|"REACTORES NUCLEARES, CALDERAS, MAQUINAS, APARATOS Y ARTEFACT"|17|8296.3|194463.23
76|84|"SANTO TOME"|84|"REACTORES NUCLEARES, CALDERAS, MAQUINAS, APARATOS Y ARTEFACT"|27|20531.05|399739.55
77|84|"SANTO TOME"|84|"REACTORES NUCLEARES, CALDERAS, MAQUINAS, APARATOS Y ARTEFACT"|8|11787.44|219997.86
78|84|"SANTO TOME"|84|"REACTORES NUCLEARES, CALDERAS, MAQUINAS, APARATOS Y ARTEFACT"|9|5510.28|151550.65
79|84|"SANTO TOME"|84|"REACTORES NUCLEARES, CALDERAS, MAQUINAS, APARATOS Y ARTEFACT"|10|12827.1|173001.45
80|84|"SANTO TOME"|84|"REACTORES NUCLEARES, CALDERAS, MAQUINAS, APARATOS Y ARTEFACT"|15|25692.69|358093.82
81|84|"SANTO TOME"|84|"REACTORES NUCLEARES, CALDERAS, MAQUINAS, APARATOS Y ARTEFACT"|15|11959.49|251989.1
82|84|"SANTO TOME"|84|"REACTORES NUCLEARES, CALDERAS, MAQUINAS, APARATOS Y ARTEFACT"|24|36718.84|688191.87
83|84|"SANTO TOME"|84|"REACTORES NUCLEARES, CALDERAS, MAQUINAS, APARATOS Y ARTEFACT"|24|24790.18|412532.36
84|84|"SANTO TOME"|84|"REACTORES NUCLEARES, CALDERAS, MAQUINAS, APARATOS Y ARTEFACT"|15|30193.54|301590.37
85|84|"SANTO TOME"|84|"REACTORES NUCLEARES, CALDERAS, MAQUINAS, APARATOS Y ARTEFACT"|11|16994.14|215027.57
86|84|"SANTO TOME"|84|"REACTORES NUCLEARES, CALDERAS, MAQUINAS, APARATOS Y ARTEFACT"|28|18826.84|433607.17
87|84|"SANTO TOME"|84|"REACTORES NUCLEARES, CALDERAS, MAQUINAS, APARATOS Y ARTEFACT"|21|20556.39|466219.54
88|84|"SANTO TOME"|84|"REACTORES NUCLEARES, CALDERAS, MAQUINAS, APARATOS Y ARTEFACT"|19|17935.74|254655.6
89|84|"SANTO TOME"|84|"REACTORES NUCLEARES, CALDERAS, MAQUINAS, APARATOS Y ARTEFACT"|23|45857.85|536799.11
90|84|"SANTO TOME"|84|"REACTORES NUCLEARES, CALDERAS, MAQUINAS, APARATOS Y ARTEFACT"|15|26274.48|232166.58
91|84|"SANTO TOME"|84|"REACTORES NUCLEARES, CALDERAS, MAQUINAS, APARATOS Y ARTEFACT"|16|17161.92|313631.14
92|84|"SANTO TOME"|84|"REACTORES NUCLEARES, CALDERAS, MAQUINAS, APARATOS Y ARTEFACT"|24|16605.28|334477.64
93|84|"SANTO TOME"|84|"REACTORES NUCLEARES, CALDERAS, MAQUINAS, APARATOS Y ARTEFACT"|15|24224.08|394069.84
94|84|"SANTO TOME"|84|"REACTORES NUCLEARES, CALDERAS, MAQUINAS, APARATOS Y ARTEFACT"|27|28100.82|499797.79
95|84|"SANTO TOME"|84|"REACTORES NUCLEARES, CALDERAS, MAQUINAS, APARATOS Y ARTEFACT"|22|36634.97|368297.87
96|84|"SANTO TOME"|84|"REACTORES NUCLEARES, CALDERAS, MAQUINAS, APARATOS Y ARTEFACT"|12|8511.46|256292.7
97|84|"SANTO TOME"|84|"REACTORES NUCLEARES, CALDERAS, MAQUINAS, APARATOS Y ARTEFACT"|24|26833.05|489514.01
98|84|"SANTO TOME"|84|"REACTORES NUCLEARES, CALDERAS, MAQUINAS, APARATOS Y ARTEFACT"|13|28364.93|748796.08
99|84|"SANTO TOME"|84|"REACTORES NUCLEARES, CALDERAS, MAQUINAS, APARATOS Y ARTEFACT"|17|21591.45|549988.12
100|84|"SANTO TOME"|84|"REACTORES NUCLEARES, CALDERAS, MAQUINAS, APARATOS Y ARTEFACT"|9|10897.35|311869.2
101|84|"SANTO TOME"|84|"REACTORES NUCLEARES, CALDERAS, MAQUINAS, APARATOS Y ARTEFACT"|11|9018.92|228730
102|84|"SANTO TOME"|84|"REACTORES NUCLEARES, CALDERAS, MAQUINAS, APARATOS Y ARTEFACT"|13|32748.94|730661
103|84|"SANTO TOME"|84|"REACTORES NUCLEARES, CALDERAS, MAQUINAS, APARATOS Y ARTEFACT"|3|7620.24|216037.8
