"semana"|"aduana"|"aduana_desc"|"mercaderia"|"mercaderia_desc"|"cantidad"|"kilos"|"importe"
71|91|"BS.AS. NORTE"|91|"APARATOS DE RELOJERIA Y SUS PARTES"|1|126.88|2382.94
74|91|"BS.AS. NORTE"|91|"APARATOS DE RELOJERIA Y SUS PARTES"|1|1|13.8
79|91|"BS.AS. NORTE"|91|"APARATOS DE RELOJERIA Y SUS PARTES"|1|1.04|13.8
80|91|"BS.AS. NORTE"|91|"APARATOS DE RELOJERIA Y SUS PARTES"|1|2.83|41.4
81|91|"BS.AS. NORTE"|91|"APARATOS DE RELOJERIA Y SUS PARTES"|1|1530|17415.1
88|91|"BS.AS. NORTE"|91|"APARATOS DE RELOJERIA Y SUS PARTES"|1|2415.8|25588.53
