"semana"|"aduana"|"aduana_desc"|"mercaderia"|"mercaderia_desc"|"cantidad"|"kilos"|"importe"
68|92|"BS.AS. SUR"|85|"MAQUINAS, APARATOS Y MATERIAL ELECTRICO, Y SUS PARTES; APARA"|21|5637.08|61682.07
69|92|"BS.AS. SUR"|85|"MAQUINAS, APARATOS Y MATERIAL ELECTRICO, Y SUS PARTES; APARA"|90|119687.15|1306867.8
70|92|"BS.AS. SUR"|85|"MAQUINAS, APARATOS Y MATERIAL ELECTRICO, Y SUS PARTES; APARA"|101|247743.677|4572824.54
71|92|"BS.AS. SUR"|85|"MAQUINAS, APARATOS Y MATERIAL ELECTRICO, Y SUS PARTES; APARA"|139|198731.11|1785514.12
72|92|"BS.AS. SUR"|85|"MAQUINAS, APARATOS Y MATERIAL ELECTRICO, Y SUS PARTES; APARA"|88|129788.7|1557117.06
73|92|"BS.AS. SUR"|85|"MAQUINAS, APARATOS Y MATERIAL ELECTRICO, Y SUS PARTES; APARA"|89|86241.72|1013764.93
74|92|"BS.AS. SUR"|85|"MAQUINAS, APARATOS Y MATERIAL ELECTRICO, Y SUS PARTES; APARA"|175|132406.675|1655699.25
75|92|"BS.AS. SUR"|85|"MAQUINAS, APARATOS Y MATERIAL ELECTRICO, Y SUS PARTES; APARA"|118|74665.31|1128241.22
76|92|"BS.AS. SUR"|85|"MAQUINAS, APARATOS Y MATERIAL ELECTRICO, Y SUS PARTES; APARA"|91|52066.09|741663.03
77|92|"BS.AS. SUR"|85|"MAQUINAS, APARATOS Y MATERIAL ELECTRICO, Y SUS PARTES; APARA"|88|72665.85|1084359.19
78|92|"BS.AS. SUR"|85|"MAQUINAS, APARATOS Y MATERIAL ELECTRICO, Y SUS PARTES; APARA"|125|96191.2|878626.16
79|92|"BS.AS. SUR"|85|"MAQUINAS, APARATOS Y MATERIAL ELECTRICO, Y SUS PARTES; APARA"|78|104026.73|863553.84
80|92|"BS.AS. SUR"|85|"MAQUINAS, APARATOS Y MATERIAL ELECTRICO, Y SUS PARTES; APARA"|88|87298.23|827790.63
81|92|"BS.AS. SUR"|85|"MAQUINAS, APARATOS Y MATERIAL ELECTRICO, Y SUS PARTES; APARA"|125|91644.41|836317.36
82|92|"BS.AS. SUR"|85|"MAQUINAS, APARATOS Y MATERIAL ELECTRICO, Y SUS PARTES; APARA"|144|92050.1|1158386.6
83|92|"BS.AS. SUR"|85|"MAQUINAS, APARATOS Y MATERIAL ELECTRICO, Y SUS PARTES; APARA"|111|166795.22|1331407.85
84|92|"BS.AS. SUR"|85|"MAQUINAS, APARATOS Y MATERIAL ELECTRICO, Y SUS PARTES; APARA"|89|48808.19|607982.51
85|92|"BS.AS. SUR"|85|"MAQUINAS, APARATOS Y MATERIAL ELECTRICO, Y SUS PARTES; APARA"|77|129959.71|1219371.73
86|92|"BS.AS. SUR"|85|"MAQUINAS, APARATOS Y MATERIAL ELECTRICO, Y SUS PARTES; APARA"|153|142080.03|2478916.62
87|92|"BS.AS. SUR"|85|"MAQUINAS, APARATOS Y MATERIAL ELECTRICO, Y SUS PARTES; APARA"|104|80230.6|880303.26
88|92|"BS.AS. SUR"|85|"MAQUINAS, APARATOS Y MATERIAL ELECTRICO, Y SUS PARTES; APARA"|88|57501.824|666600.01
89|92|"BS.AS. SUR"|85|"MAQUINAS, APARATOS Y MATERIAL ELECTRICO, Y SUS PARTES; APARA"|104|139300.25|1518256.77
90|92|"BS.AS. SUR"|85|"MAQUINAS, APARATOS Y MATERIAL ELECTRICO, Y SUS PARTES; APARA"|78|106628.94|990439.41
91|92|"BS.AS. SUR"|85|"MAQUINAS, APARATOS Y MATERIAL ELECTRICO, Y SUS PARTES; APARA"|69|115302.88|941385.43
92|92|"BS.AS. SUR"|85|"MAQUINAS, APARATOS Y MATERIAL ELECTRICO, Y SUS PARTES; APARA"|87|89505.15|1150170.91
93|92|"BS.AS. SUR"|85|"MAQUINAS, APARATOS Y MATERIAL ELECTRICO, Y SUS PARTES; APARA"|69|63189.5|939958.49
94|92|"BS.AS. SUR"|85|"MAQUINAS, APARATOS Y MATERIAL ELECTRICO, Y SUS PARTES; APARA"|110|127849.48|1181481.61
95|92|"BS.AS. SUR"|85|"MAQUINAS, APARATOS Y MATERIAL ELECTRICO, Y SUS PARTES; APARA"|135|109295.8|1089105.85
96|92|"BS.AS. SUR"|85|"MAQUINAS, APARATOS Y MATERIAL ELECTRICO, Y SUS PARTES; APARA"|121|101201.83|999520.01
97|92|"BS.AS. SUR"|85|"MAQUINAS, APARATOS Y MATERIAL ELECTRICO, Y SUS PARTES; APARA"|71|143178.585|1500126.26
98|92|"BS.AS. SUR"|85|"MAQUINAS, APARATOS Y MATERIAL ELECTRICO, Y SUS PARTES; APARA"|103|88992.44|971069.7
99|92|"BS.AS. SUR"|85|"MAQUINAS, APARATOS Y MATERIAL ELECTRICO, Y SUS PARTES; APARA"|96|50156.49|771157.07
100|92|"BS.AS. SUR"|85|"MAQUINAS, APARATOS Y MATERIAL ELECTRICO, Y SUS PARTES; APARA"|98|122675.1|1104924.93
101|92|"BS.AS. SUR"|85|"MAQUINAS, APARATOS Y MATERIAL ELECTRICO, Y SUS PARTES; APARA"|49|107337.364|1016933.57
102|92|"BS.AS. SUR"|85|"MAQUINAS, APARATOS Y MATERIAL ELECTRICO, Y SUS PARTES; APARA"|155|151295.12|1595397.72
103|92|"BS.AS. SUR"|85|"MAQUINAS, APARATOS Y MATERIAL ELECTRICO, Y SUS PARTES; APARA"|100|260610.82|2634742.29
104|92|"BS.AS. SUR"|85|"MAQUINAS, APARATOS Y MATERIAL ELECTRICO, Y SUS PARTES; APARA"|31|12649.04|165438.64
