"semana"|"aduana"|"aduana_desc"|"mercaderia"|"mercaderia_desc"|"cantidad"|"kilos"|"importe"
1|88|"GENERAL DEHEZA"|4|"LECHE Y PRODUCTOS LACTEOS; HUEVOS DE AVE; MIEL NATURAL; PROD"|55|3353976|16407328.43
2|88|"GENERAL DEHEZA"|4|"LECHE Y PRODUCTOS LACTEOS; HUEVOS DE AVE; MIEL NATURAL; PROD"|42|2443047|10291884.53
3|88|"GENERAL DEHEZA"|4|"LECHE Y PRODUCTOS LACTEOS; HUEVOS DE AVE; MIEL NATURAL; PROD"|53|1326407|6217257.17
4|88|"GENERAL DEHEZA"|4|"LECHE Y PRODUCTOS LACTEOS; HUEVOS DE AVE; MIEL NATURAL; PROD"|63|2192996|10024517.29
5|88|"GENERAL DEHEZA"|4|"LECHE Y PRODUCTOS LACTEOS; HUEVOS DE AVE; MIEL NATURAL; PROD"|45|2557223|11976694.11
6|88|"GENERAL DEHEZA"|4|"LECHE Y PRODUCTOS LACTEOS; HUEVOS DE AVE; MIEL NATURAL; PROD"|31|3141272|15173239.89
7|88|"GENERAL DEHEZA"|4|"LECHE Y PRODUCTOS LACTEOS; HUEVOS DE AVE; MIEL NATURAL; PROD"|28|976160|4987539.5
8|88|"GENERAL DEHEZA"|4|"LECHE Y PRODUCTOS LACTEOS; HUEVOS DE AVE; MIEL NATURAL; PROD"|63|2212262|10813069.6
9|88|"GENERAL DEHEZA"|4|"LECHE Y PRODUCTOS LACTEOS; HUEVOS DE AVE; MIEL NATURAL; PROD"|32|1116855|5262139.85
10|88|"GENERAL DEHEZA"|4|"LECHE Y PRODUCTOS LACTEOS; HUEVOS DE AVE; MIEL NATURAL; PROD"|25|965417|4591218.68
11|88|"GENERAL DEHEZA"|4|"LECHE Y PRODUCTOS LACTEOS; HUEVOS DE AVE; MIEL NATURAL; PROD"|36|1329114|5998989.73
12|88|"GENERAL DEHEZA"|4|"LECHE Y PRODUCTOS LACTEOS; HUEVOS DE AVE; MIEL NATURAL; PROD"|26|1025897|4683283.87
13|88|"GENERAL DEHEZA"|4|"LECHE Y PRODUCTOS LACTEOS; HUEVOS DE AVE; MIEL NATURAL; PROD"|42|998395|4403302.35
14|88|"GENERAL DEHEZA"|4|"LECHE Y PRODUCTOS LACTEOS; HUEVOS DE AVE; MIEL NATURAL; PROD"|32|1481859|6580694.55
15|88|"GENERAL DEHEZA"|4|"LECHE Y PRODUCTOS LACTEOS; HUEVOS DE AVE; MIEL NATURAL; PROD"|60|3670974|16791950.83
16|88|"GENERAL DEHEZA"|4|"LECHE Y PRODUCTOS LACTEOS; HUEVOS DE AVE; MIEL NATURAL; PROD"|28|960996|4781971.87
17|88|"GENERAL DEHEZA"|4|"LECHE Y PRODUCTOS LACTEOS; HUEVOS DE AVE; MIEL NATURAL; PROD"|44|1535569|7081214.19
18|88|"GENERAL DEHEZA"|4|"LECHE Y PRODUCTOS LACTEOS; HUEVOS DE AVE; MIEL NATURAL; PROD"|19|1080819|4996606.35
19|88|"GENERAL DEHEZA"|4|"LECHE Y PRODUCTOS LACTEOS; HUEVOS DE AVE; MIEL NATURAL; PROD"|35|2522729|12547249.79
20|88|"GENERAL DEHEZA"|4|"LECHE Y PRODUCTOS LACTEOS; HUEVOS DE AVE; MIEL NATURAL; PROD"|38|836839|4145607.31
21|88|"GENERAL DEHEZA"|4|"LECHE Y PRODUCTOS LACTEOS; HUEVOS DE AVE; MIEL NATURAL; PROD"|45|1268742|6507941.68
22|88|"GENERAL DEHEZA"|4|"LECHE Y PRODUCTOS LACTEOS; HUEVOS DE AVE; MIEL NATURAL; PROD"|62|4864425|24025992.07
23|88|"GENERAL DEHEZA"|4|"LECHE Y PRODUCTOS LACTEOS; HUEVOS DE AVE; MIEL NATURAL; PROD"|9|835799|2794233.3
24|88|"GENERAL DEHEZA"|4|"LECHE Y PRODUCTOS LACTEOS; HUEVOS DE AVE; MIEL NATURAL; PROD"|12|552506|2511461.99
25|88|"GENERAL DEHEZA"|4|"LECHE Y PRODUCTOS LACTEOS; HUEVOS DE AVE; MIEL NATURAL; PROD"|39|1436070|6626238.22
26|88|"GENERAL DEHEZA"|4|"LECHE Y PRODUCTOS LACTEOS; HUEVOS DE AVE; MIEL NATURAL; PROD"|39|1721052|6416904.96
27|88|"GENERAL DEHEZA"|4|"LECHE Y PRODUCTOS LACTEOS; HUEVOS DE AVE; MIEL NATURAL; PROD"|51|2134494|9899889.17
28|88|"GENERAL DEHEZA"|4|"LECHE Y PRODUCTOS LACTEOS; HUEVOS DE AVE; MIEL NATURAL; PROD"|38|1511377|6910982.01
29|88|"GENERAL DEHEZA"|4|"LECHE Y PRODUCTOS LACTEOS; HUEVOS DE AVE; MIEL NATURAL; PROD"|50|1405520|6329288.89
30|88|"GENERAL DEHEZA"|4|"LECHE Y PRODUCTOS LACTEOS; HUEVOS DE AVE; MIEL NATURAL; PROD"|40|1656300|7441707.48
31|88|"GENERAL DEHEZA"|4|"LECHE Y PRODUCTOS LACTEOS; HUEVOS DE AVE; MIEL NATURAL; PROD"|53|1287866|5963035.46
32|88|"GENERAL DEHEZA"|4|"LECHE Y PRODUCTOS LACTEOS; HUEVOS DE AVE; MIEL NATURAL; PROD"|43|1339717|6077705.03
33|88|"GENERAL DEHEZA"|4|"LECHE Y PRODUCTOS LACTEOS; HUEVOS DE AVE; MIEL NATURAL; PROD"|37|1207363|5156358.59
34|88|"GENERAL DEHEZA"|4|"LECHE Y PRODUCTOS LACTEOS; HUEVOS DE AVE; MIEL NATURAL; PROD"|56|2375977|10155021.47
35|88|"GENERAL DEHEZA"|4|"LECHE Y PRODUCTOS LACTEOS; HUEVOS DE AVE; MIEL NATURAL; PROD"|41|1930464|9430040.55
36|88|"GENERAL DEHEZA"|4|"LECHE Y PRODUCTOS LACTEOS; HUEVOS DE AVE; MIEL NATURAL; PROD"|46|1219656|5674272.8
37|88|"GENERAL DEHEZA"|4|"LECHE Y PRODUCTOS LACTEOS; HUEVOS DE AVE; MIEL NATURAL; PROD"|48|1578379|8139539.52
38|88|"GENERAL DEHEZA"|4|"LECHE Y PRODUCTOS LACTEOS; HUEVOS DE AVE; MIEL NATURAL; PROD"|35|1063313|4516122.52
39|88|"GENERAL DEHEZA"|4|"LECHE Y PRODUCTOS LACTEOS; HUEVOS DE AVE; MIEL NATURAL; PROD"|64|2825086|12841731.83
40|88|"GENERAL DEHEZA"|4|"LECHE Y PRODUCTOS LACTEOS; HUEVOS DE AVE; MIEL NATURAL; PROD"|35|1377798|6633172.99
41|88|"GENERAL DEHEZA"|4|"LECHE Y PRODUCTOS LACTEOS; HUEVOS DE AVE; MIEL NATURAL; PROD"|42|1523416|7618541.45
42|88|"GENERAL DEHEZA"|4|"LECHE Y PRODUCTOS LACTEOS; HUEVOS DE AVE; MIEL NATURAL; PROD"|20|650142|3215345.85
43|88|"GENERAL DEHEZA"|4|"LECHE Y PRODUCTOS LACTEOS; HUEVOS DE AVE; MIEL NATURAL; PROD"|45|1658493|7734227.82
44|88|"GENERAL DEHEZA"|4|"LECHE Y PRODUCTOS LACTEOS; HUEVOS DE AVE; MIEL NATURAL; PROD"|52|1878630|8892321.27
45|88|"GENERAL DEHEZA"|4|"LECHE Y PRODUCTOS LACTEOS; HUEVOS DE AVE; MIEL NATURAL; PROD"|43|1456101|6606021.96
46|88|"GENERAL DEHEZA"|4|"LECHE Y PRODUCTOS LACTEOS; HUEVOS DE AVE; MIEL NATURAL; PROD"|21|819986|3902762.75
47|88|"GENERAL DEHEZA"|4|"LECHE Y PRODUCTOS LACTEOS; HUEVOS DE AVE; MIEL NATURAL; PROD"|72|2296110|9445520.52
48|88|"GENERAL DEHEZA"|4|"LECHE Y PRODUCTOS LACTEOS; HUEVOS DE AVE; MIEL NATURAL; PROD"|27|955137|3305387.3
49|88|"GENERAL DEHEZA"|4|"LECHE Y PRODUCTOS LACTEOS; HUEVOS DE AVE; MIEL NATURAL; PROD"|27|807732|3627811.71
50|88|"GENERAL DEHEZA"|4|"LECHE Y PRODUCTOS LACTEOS; HUEVOS DE AVE; MIEL NATURAL; PROD"|27|1315647|5712410.91
51|88|"GENERAL DEHEZA"|4|"LECHE Y PRODUCTOS LACTEOS; HUEVOS DE AVE; MIEL NATURAL; PROD"|16|371199|1656841.53
52|88|"GENERAL DEHEZA"|4|"LECHE Y PRODUCTOS LACTEOS; HUEVOS DE AVE; MIEL NATURAL; PROD"|4|65982|269831.59
53|88|"GENERAL DEHEZA"|4|"LECHE Y PRODUCTOS LACTEOS; HUEVOS DE AVE; MIEL NATURAL; PROD"|34|1031805|4411021.09
54|88|"GENERAL DEHEZA"|4|"LECHE Y PRODUCTOS LACTEOS; HUEVOS DE AVE; MIEL NATURAL; PROD"|21|596417|2252615.36
55|88|"GENERAL DEHEZA"|4|"LECHE Y PRODUCTOS LACTEOS; HUEVOS DE AVE; MIEL NATURAL; PROD"|23|315585|1648512.85
56|88|"GENERAL DEHEZA"|4|"LECHE Y PRODUCTOS LACTEOS; HUEVOS DE AVE; MIEL NATURAL; PROD"|54|2165657|7244475.53
57|88|"GENERAL DEHEZA"|4|"LECHE Y PRODUCTOS LACTEOS; HUEVOS DE AVE; MIEL NATURAL; PROD"|25|1193832|4235398.88
58|88|"GENERAL DEHEZA"|4|"LECHE Y PRODUCTOS LACTEOS; HUEVOS DE AVE; MIEL NATURAL; PROD"|14|277962|1225842.6
59|88|"GENERAL DEHEZA"|4|"LECHE Y PRODUCTOS LACTEOS; HUEVOS DE AVE; MIEL NATURAL; PROD"|17|389520|2016046.96
60|88|"GENERAL DEHEZA"|4|"LECHE Y PRODUCTOS LACTEOS; HUEVOS DE AVE; MIEL NATURAL; PROD"|41|905132|4245921.93
61|88|"GENERAL DEHEZA"|4|"LECHE Y PRODUCTOS LACTEOS; HUEVOS DE AVE; MIEL NATURAL; PROD"|38|997622|4000061.98
62|88|"GENERAL DEHEZA"|4|"LECHE Y PRODUCTOS LACTEOS; HUEVOS DE AVE; MIEL NATURAL; PROD"|13|488752|1489482.79
63|88|"GENERAL DEHEZA"|4|"LECHE Y PRODUCTOS LACTEOS; HUEVOS DE AVE; MIEL NATURAL; PROD"|36|1047791|3807663.62
64|88|"GENERAL DEHEZA"|4|"LECHE Y PRODUCTOS LACTEOS; HUEVOS DE AVE; MIEL NATURAL; PROD"|18|484950|1779171.95
65|88|"GENERAL DEHEZA"|4|"LECHE Y PRODUCTOS LACTEOS; HUEVOS DE AVE; MIEL NATURAL; PROD"|34|890235|2676397.57
66|88|"GENERAL DEHEZA"|4|"LECHE Y PRODUCTOS LACTEOS; HUEVOS DE AVE; MIEL NATURAL; PROD"|31|1344826|4189469.98
67|88|"GENERAL DEHEZA"|4|"LECHE Y PRODUCTOS LACTEOS; HUEVOS DE AVE; MIEL NATURAL; PROD"|15|336005|1140247.12
68|88|"GENERAL DEHEZA"|4|"LECHE Y PRODUCTOS LACTEOS; HUEVOS DE AVE; MIEL NATURAL; PROD"|16|355120|1444067.49
69|88|"GENERAL DEHEZA"|4|"LECHE Y PRODUCTOS LACTEOS; HUEVOS DE AVE; MIEL NATURAL; PROD"|16|564751|2347030.13
70|88|"GENERAL DEHEZA"|4|"LECHE Y PRODUCTOS LACTEOS; HUEVOS DE AVE; MIEL NATURAL; PROD"|18|666825|1853967.27
71|88|"GENERAL DEHEZA"|4|"LECHE Y PRODUCTOS LACTEOS; HUEVOS DE AVE; MIEL NATURAL; PROD"|28|597514|2646946.44
72|88|"GENERAL DEHEZA"|4|"LECHE Y PRODUCTOS LACTEOS; HUEVOS DE AVE; MIEL NATURAL; PROD"|17|333445|1717251.72
73|88|"GENERAL DEHEZA"|4|"LECHE Y PRODUCTOS LACTEOS; HUEVOS DE AVE; MIEL NATURAL; PROD"|27|434040|1503996.05
74|88|"GENERAL DEHEZA"|4|"LECHE Y PRODUCTOS LACTEOS; HUEVOS DE AVE; MIEL NATURAL; PROD"|23|592877|1919638.07
75|88|"GENERAL DEHEZA"|4|"LECHE Y PRODUCTOS LACTEOS; HUEVOS DE AVE; MIEL NATURAL; PROD"|17|405421|1375153.31
76|88|"GENERAL DEHEZA"|4|"LECHE Y PRODUCTOS LACTEOS; HUEVOS DE AVE; MIEL NATURAL; PROD"|26|676803|1915870.63
77|88|"GENERAL DEHEZA"|4|"LECHE Y PRODUCTOS LACTEOS; HUEVOS DE AVE; MIEL NATURAL; PROD"|23|735410|2461352.38
78|88|"GENERAL DEHEZA"|4|"LECHE Y PRODUCTOS LACTEOS; HUEVOS DE AVE; MIEL NATURAL; PROD"|23|479782|1726597.46
79|88|"GENERAL DEHEZA"|4|"LECHE Y PRODUCTOS LACTEOS; HUEVOS DE AVE; MIEL NATURAL; PROD"|18|320226|1100945.08
80|88|"GENERAL DEHEZA"|4|"LECHE Y PRODUCTOS LACTEOS; HUEVOS DE AVE; MIEL NATURAL; PROD"|8|149032|742438.95
81|88|"GENERAL DEHEZA"|4|"LECHE Y PRODUCTOS LACTEOS; HUEVOS DE AVE; MIEL NATURAL; PROD"|16|551283|1949896.93
82|88|"GENERAL DEHEZA"|4|"LECHE Y PRODUCTOS LACTEOS; HUEVOS DE AVE; MIEL NATURAL; PROD"|11|303034|870798.6
83|88|"GENERAL DEHEZA"|4|"LECHE Y PRODUCTOS LACTEOS; HUEVOS DE AVE; MIEL NATURAL; PROD"|35|762987|2560506.37
84|88|"GENERAL DEHEZA"|4|"LECHE Y PRODUCTOS LACTEOS; HUEVOS DE AVE; MIEL NATURAL; PROD"|11|170000|506848
85|88|"GENERAL DEHEZA"|4|"LECHE Y PRODUCTOS LACTEOS; HUEVOS DE AVE; MIEL NATURAL; PROD"|19|591500|1816298.5
86|88|"GENERAL DEHEZA"|4|"LECHE Y PRODUCTOS LACTEOS; HUEVOS DE AVE; MIEL NATURAL; PROD"|13|247868|1198402.92
87|88|"GENERAL DEHEZA"|4|"LECHE Y PRODUCTOS LACTEOS; HUEVOS DE AVE; MIEL NATURAL; PROD"|20|498000|1540772
88|88|"GENERAL DEHEZA"|4|"LECHE Y PRODUCTOS LACTEOS; HUEVOS DE AVE; MIEL NATURAL; PROD"|4|143360|619436
89|88|"GENERAL DEHEZA"|4|"LECHE Y PRODUCTOS LACTEOS; HUEVOS DE AVE; MIEL NATURAL; PROD"|19|527612|1905182.52
90|88|"GENERAL DEHEZA"|4|"LECHE Y PRODUCTOS LACTEOS; HUEVOS DE AVE; MIEL NATURAL; PROD"|30|1889733|4125079.24
91|88|"GENERAL DEHEZA"|4|"LECHE Y PRODUCTOS LACTEOS; HUEVOS DE AVE; MIEL NATURAL; PROD"|18|609804|1818020.27
92|88|"GENERAL DEHEZA"|4|"LECHE Y PRODUCTOS LACTEOS; HUEVOS DE AVE; MIEL NATURAL; PROD"|12|603000|1399590
93|88|"GENERAL DEHEZA"|4|"LECHE Y PRODUCTOS LACTEOS; HUEVOS DE AVE; MIEL NATURAL; PROD"|30|1377640|3383015.25
94|88|"GENERAL DEHEZA"|4|"LECHE Y PRODUCTOS LACTEOS; HUEVOS DE AVE; MIEL NATURAL; PROD"|14|1553004|3574657.7
95|88|"GENERAL DEHEZA"|4|"LECHE Y PRODUCTOS LACTEOS; HUEVOS DE AVE; MIEL NATURAL; PROD"|23|1517970|3619832.33
96|88|"GENERAL DEHEZA"|4|"LECHE Y PRODUCTOS LACTEOS; HUEVOS DE AVE; MIEL NATURAL; PROD"|36|2466121|10986900.7
97|88|"GENERAL DEHEZA"|4|"LECHE Y PRODUCTOS LACTEOS; HUEVOS DE AVE; MIEL NATURAL; PROD"|44|3474173|9286771.2
98|88|"GENERAL DEHEZA"|4|"LECHE Y PRODUCTOS LACTEOS; HUEVOS DE AVE; MIEL NATURAL; PROD"|28|1679384|4516482.2
99|88|"GENERAL DEHEZA"|4|"LECHE Y PRODUCTOS LACTEOS; HUEVOS DE AVE; MIEL NATURAL; PROD"|12|684495|2019138.19
100|88|"GENERAL DEHEZA"|4|"LECHE Y PRODUCTOS LACTEOS; HUEVOS DE AVE; MIEL NATURAL; PROD"|30|2261765|5495165.42
101|88|"GENERAL DEHEZA"|4|"LECHE Y PRODUCTOS LACTEOS; HUEVOS DE AVE; MIEL NATURAL; PROD"|29|1430342|4124529.65
102|88|"GENERAL DEHEZA"|4|"LECHE Y PRODUCTOS LACTEOS; HUEVOS DE AVE; MIEL NATURAL; PROD"|18|469361|1803248.31
103|88|"GENERAL DEHEZA"|4|"LECHE Y PRODUCTOS LACTEOS; HUEVOS DE AVE; MIEL NATURAL; PROD"|13|1185720|3059273.64
104|88|"GENERAL DEHEZA"|4|"LECHE Y PRODUCTOS LACTEOS; HUEVOS DE AVE; MIEL NATURAL; PROD"|10|374815|1724855.95
