"semana"|"aduana"|"aduana_desc"|"mercaderia"|"mercaderia_desc"|"cantidad"|"kilos"|"importe"
68|92|"BS.AS. SUR"|12|"SEMILLAS Y FRUTOS OLEAGINOSOS; SEMILLAS Y FRUTOS DIVERSOS; P"|2|133960|134120
69|92|"BS.AS. SUR"|12|"SEMILLAS Y FRUTOS OLEAGINOSOS; SEMILLAS Y FRUTOS DIVERSOS; P"|19|432396|643130.78
70|92|"BS.AS. SUR"|12|"SEMILLAS Y FRUTOS OLEAGINOSOS; SEMILLAS Y FRUTOS DIVERSOS; P"|7|134471.8|208237.4
71|92|"BS.AS. SUR"|12|"SEMILLAS Y FRUTOS OLEAGINOSOS; SEMILLAS Y FRUTOS DIVERSOS; P"|27|1580159|944994.39
72|92|"BS.AS. SUR"|12|"SEMILLAS Y FRUTOS OLEAGINOSOS; SEMILLAS Y FRUTOS DIVERSOS; P"|27|890389.5|947883.15
73|92|"BS.AS. SUR"|12|"SEMILLAS Y FRUTOS OLEAGINOSOS; SEMILLAS Y FRUTOS DIVERSOS; P"|49|1275472.8|1917545.29
74|92|"BS.AS. SUR"|12|"SEMILLAS Y FRUTOS OLEAGINOSOS; SEMILLAS Y FRUTOS DIVERSOS; P"|25|1150095.63|1523777.52
75|92|"BS.AS. SUR"|12|"SEMILLAS Y FRUTOS OLEAGINOSOS; SEMILLAS Y FRUTOS DIVERSOS; P"|29|1124344|1288157.67
76|92|"BS.AS. SUR"|12|"SEMILLAS Y FRUTOS OLEAGINOSOS; SEMILLAS Y FRUTOS DIVERSOS; P"|51|1539194.4|1917797.36
77|92|"BS.AS. SUR"|12|"SEMILLAS Y FRUTOS OLEAGINOSOS; SEMILLAS Y FRUTOS DIVERSOS; P"|41|1504424|1498697.86
78|92|"BS.AS. SUR"|12|"SEMILLAS Y FRUTOS OLEAGINOSOS; SEMILLAS Y FRUTOS DIVERSOS; P"|29|872279|1048909.45
79|92|"BS.AS. SUR"|12|"SEMILLAS Y FRUTOS OLEAGINOSOS; SEMILLAS Y FRUTOS DIVERSOS; P"|22|1129554|1241468.61
80|92|"BS.AS. SUR"|12|"SEMILLAS Y FRUTOS OLEAGINOSOS; SEMILLAS Y FRUTOS DIVERSOS; P"|27|1322710|1489389.62
81|92|"BS.AS. SUR"|12|"SEMILLAS Y FRUTOS OLEAGINOSOS; SEMILLAS Y FRUTOS DIVERSOS; P"|23|1045110|1137587.84
82|92|"BS.AS. SUR"|12|"SEMILLAS Y FRUTOS OLEAGINOSOS; SEMILLAS Y FRUTOS DIVERSOS; P"|35|1869593.7|2076270.36
83|92|"BS.AS. SUR"|12|"SEMILLAS Y FRUTOS OLEAGINOSOS; SEMILLAS Y FRUTOS DIVERSOS; P"|31|1186440.4|1388742.15
84|92|"BS.AS. SUR"|12|"SEMILLAS Y FRUTOS OLEAGINOSOS; SEMILLAS Y FRUTOS DIVERSOS; P"|38|2018740.25|1976470.96
85|92|"BS.AS. SUR"|12|"SEMILLAS Y FRUTOS OLEAGINOSOS; SEMILLAS Y FRUTOS DIVERSOS; P"|28|942565.6|1025878.48
86|92|"BS.AS. SUR"|12|"SEMILLAS Y FRUTOS OLEAGINOSOS; SEMILLAS Y FRUTOS DIVERSOS; P"|51|1808651.33|2170558.33
87|92|"BS.AS. SUR"|12|"SEMILLAS Y FRUTOS OLEAGINOSOS; SEMILLAS Y FRUTOS DIVERSOS; P"|39|1371857.64|1442624.61
88|92|"BS.AS. SUR"|12|"SEMILLAS Y FRUTOS OLEAGINOSOS; SEMILLAS Y FRUTOS DIVERSOS; P"|29|1473708.8|1544430.89
89|92|"BS.AS. SUR"|12|"SEMILLAS Y FRUTOS OLEAGINOSOS; SEMILLAS Y FRUTOS DIVERSOS; P"|26|1214530|1144528.33
90|92|"BS.AS. SUR"|12|"SEMILLAS Y FRUTOS OLEAGINOSOS; SEMILLAS Y FRUTOS DIVERSOS; P"|32|1200780|1461954.87
91|92|"BS.AS. SUR"|12|"SEMILLAS Y FRUTOS OLEAGINOSOS; SEMILLAS Y FRUTOS DIVERSOS; P"|19|646227|608167.1
92|92|"BS.AS. SUR"|12|"SEMILLAS Y FRUTOS OLEAGINOSOS; SEMILLAS Y FRUTOS DIVERSOS; P"|40|3002315|2068091.88
93|92|"BS.AS. SUR"|12|"SEMILLAS Y FRUTOS OLEAGINOSOS; SEMILLAS Y FRUTOS DIVERSOS; P"|28|867608.5|938220.1
94|92|"BS.AS. SUR"|12|"SEMILLAS Y FRUTOS OLEAGINOSOS; SEMILLAS Y FRUTOS DIVERSOS; P"|38|1176273.75|1218490.32
95|92|"BS.AS. SUR"|12|"SEMILLAS Y FRUTOS OLEAGINOSOS; SEMILLAS Y FRUTOS DIVERSOS; P"|34|1451770.54|1526426.31
96|92|"BS.AS. SUR"|12|"SEMILLAS Y FRUTOS OLEAGINOSOS; SEMILLAS Y FRUTOS DIVERSOS; P"|28|1380533|1296761.97
97|92|"BS.AS. SUR"|12|"SEMILLAS Y FRUTOS OLEAGINOSOS; SEMILLAS Y FRUTOS DIVERSOS; P"|32|3023811|2076095.63
98|92|"BS.AS. SUR"|12|"SEMILLAS Y FRUTOS OLEAGINOSOS; SEMILLAS Y FRUTOS DIVERSOS; P"|33|1359575|1305428.33
99|92|"BS.AS. SUR"|12|"SEMILLAS Y FRUTOS OLEAGINOSOS; SEMILLAS Y FRUTOS DIVERSOS; P"|42|1506489|1528623.35
100|92|"BS.AS. SUR"|12|"SEMILLAS Y FRUTOS OLEAGINOSOS; SEMILLAS Y FRUTOS DIVERSOS; P"|34|685437.84|682286.83
101|92|"BS.AS. SUR"|12|"SEMILLAS Y FRUTOS OLEAGINOSOS; SEMILLAS Y FRUTOS DIVERSOS; P"|12|815410|419919.75
102|92|"BS.AS. SUR"|12|"SEMILLAS Y FRUTOS OLEAGINOSOS; SEMILLAS Y FRUTOS DIVERSOS; P"|28|914111.4|1072405.29
103|92|"BS.AS. SUR"|12|"SEMILLAS Y FRUTOS OLEAGINOSOS; SEMILLAS Y FRUTOS DIVERSOS; P"|33|2318763.8|1640325.62
104|92|"BS.AS. SUR"|12|"SEMILLAS Y FRUTOS OLEAGINOSOS; SEMILLAS Y FRUTOS DIVERSOS; P"|14|620136|600260.75
