"semana"|"aduana"|"aduana_desc"|"mercaderia"|"mercaderia_desc"|"cantidad"|"kilos"|"importe"
69|92|"BS.AS. SUR"|96|"MANUFACTURAS DIVERSAS"|19|20061.62|114431.6
70|92|"BS.AS. SUR"|96|"MANUFACTURAS DIVERSAS"|8|179.55|4026.19
71|92|"BS.AS. SUR"|96|"MANUFACTURAS DIVERSAS"|21|2796.67|39030.78
72|92|"BS.AS. SUR"|96|"MANUFACTURAS DIVERSAS"|14|8614.94|128092.86
73|92|"BS.AS. SUR"|96|"MANUFACTURAS DIVERSAS"|33|32143.87|186727.81
74|92|"BS.AS. SUR"|96|"MANUFACTURAS DIVERSAS"|34|11309.37|51103.94
75|92|"BS.AS. SUR"|96|"MANUFACTURAS DIVERSAS"|16|48296.83|180465.29
76|92|"BS.AS. SUR"|96|"MANUFACTURAS DIVERSAS"|22|8229.7|127763.92
77|92|"BS.AS. SUR"|96|"MANUFACTURAS DIVERSAS"|33|67114.85|504810.29
78|92|"BS.AS. SUR"|96|"MANUFACTURAS DIVERSAS"|16|28314.31|532188.09
79|92|"BS.AS. SUR"|96|"MANUFACTURAS DIVERSAS"|9|6494.85|197513.04
80|92|"BS.AS. SUR"|96|"MANUFACTURAS DIVERSAS"|15|36523.02|481547.56
81|92|"BS.AS. SUR"|96|"MANUFACTURAS DIVERSAS"|20|62531.93|312436.31
82|92|"BS.AS. SUR"|96|"MANUFACTURAS DIVERSAS"|22|18572.97|111492.58
83|92|"BS.AS. SUR"|96|"MANUFACTURAS DIVERSAS"|22|62870.69|315614.71
84|92|"BS.AS. SUR"|96|"MANUFACTURAS DIVERSAS"|24|20664.47|580369.4
85|92|"BS.AS. SUR"|96|"MANUFACTURAS DIVERSAS"|20|15559.65|100121.6
86|92|"BS.AS. SUR"|96|"MANUFACTURAS DIVERSAS"|37|22878.46|133999.86
87|92|"BS.AS. SUR"|96|"MANUFACTURAS DIVERSAS"|18|36570.65|188708.97
88|92|"BS.AS. SUR"|96|"MANUFACTURAS DIVERSAS"|29|30850.58|166781.81
89|92|"BS.AS. SUR"|96|"MANUFACTURAS DIVERSAS"|19|23565.31|127231.26
90|92|"BS.AS. SUR"|96|"MANUFACTURAS DIVERSAS"|25|33679.49|59996.62
91|92|"BS.AS. SUR"|96|"MANUFACTURAS DIVERSAS"|13|19533.58|114394.03
92|92|"BS.AS. SUR"|96|"MANUFACTURAS DIVERSAS"|22|1373.13|41656.41
93|92|"BS.AS. SUR"|96|"MANUFACTURAS DIVERSAS"|9|38334.85|178160.83
94|92|"BS.AS. SUR"|96|"MANUFACTURAS DIVERSAS"|17|29901.06|125026.83
95|92|"BS.AS. SUR"|96|"MANUFACTURAS DIVERSAS"|30|26159.84|141253.88
96|92|"BS.AS. SUR"|96|"MANUFACTURAS DIVERSAS"|18|25472.36|115370.45
97|92|"BS.AS. SUR"|96|"MANUFACTURAS DIVERSAS"|20|2922.12|67310.66
98|92|"BS.AS. SUR"|96|"MANUFACTURAS DIVERSAS"|41|67119.84|238744.67
99|92|"BS.AS. SUR"|96|"MANUFACTURAS DIVERSAS"|16|7476.09|67585.3
100|92|"BS.AS. SUR"|96|"MANUFACTURAS DIVERSAS"|21|3003.6|33024.92
101|92|"BS.AS. SUR"|96|"MANUFACTURAS DIVERSAS"|13|21464.76|107757.26
102|92|"BS.AS. SUR"|96|"MANUFACTURAS DIVERSAS"|33|21722.18|488441.63
103|92|"BS.AS. SUR"|96|"MANUFACTURAS DIVERSAS"|36|21943.62|121160.48
104|92|"BS.AS. SUR"|96|"MANUFACTURAS DIVERSAS"|10|58.91|2960.47
