"semana"|"aduana"|"aduana_desc"|"mercaderia"|"mercaderia_desc"|"cantidad"|"kilos"|"importe"
68|91|"BS.AS. NORTE"|32|"EXTRACTOS CURTIENTES O TINTOREOS; TANINOS Y SUS DERIVADOS; P"|1|236.72|1767.37
69|91|"BS.AS. NORTE"|32|"EXTRACTOS CURTIENTES O TINTOREOS; TANINOS Y SUS DERIVADOS; P"|56|428013.9|915008.2
70|91|"BS.AS. NORTE"|32|"EXTRACTOS CURTIENTES O TINTOREOS; TANINOS Y SUS DERIVADOS; P"|24|142056.22|383356.18
71|91|"BS.AS. NORTE"|32|"EXTRACTOS CURTIENTES O TINTOREOS; TANINOS Y SUS DERIVADOS; P"|45|273016.23|564619.81
72|91|"BS.AS. NORTE"|32|"EXTRACTOS CURTIENTES O TINTOREOS; TANINOS Y SUS DERIVADOS; P"|47|172224.62|488055.69
73|91|"BS.AS. NORTE"|32|"EXTRACTOS CURTIENTES O TINTOREOS; TANINOS Y SUS DERIVADOS; P"|30|150988.83|467511.94
74|91|"BS.AS. NORTE"|32|"EXTRACTOS CURTIENTES O TINTOREOS; TANINOS Y SUS DERIVADOS; P"|38|349632.06|544674.56
75|91|"BS.AS. NORTE"|32|"EXTRACTOS CURTIENTES O TINTOREOS; TANINOS Y SUS DERIVADOS; P"|30|169058.43|370075.19
76|91|"BS.AS. NORTE"|32|"EXTRACTOS CURTIENTES O TINTOREOS; TANINOS Y SUS DERIVADOS; P"|47|189850.75|592901.22
77|91|"BS.AS. NORTE"|32|"EXTRACTOS CURTIENTES O TINTOREOS; TANINOS Y SUS DERIVADOS; P"|41|286322.9|435322.42
78|91|"BS.AS. NORTE"|32|"EXTRACTOS CURTIENTES O TINTOREOS; TANINOS Y SUS DERIVADOS; P"|37|78277.62|350969.81
79|91|"BS.AS. NORTE"|32|"EXTRACTOS CURTIENTES O TINTOREOS; TANINOS Y SUS DERIVADOS; P"|37|339690.19|603135.54
80|91|"BS.AS. NORTE"|32|"EXTRACTOS CURTIENTES O TINTOREOS; TANINOS Y SUS DERIVADOS; P"|33|333181.51|641901.23
81|91|"BS.AS. NORTE"|32|"EXTRACTOS CURTIENTES O TINTOREOS; TANINOS Y SUS DERIVADOS; P"|53|233511.57|410880.92
82|91|"BS.AS. NORTE"|32|"EXTRACTOS CURTIENTES O TINTOREOS; TANINOS Y SUS DERIVADOS; P"|31|97152.32|370060.07
83|91|"BS.AS. NORTE"|32|"EXTRACTOS CURTIENTES O TINTOREOS; TANINOS Y SUS DERIVADOS; P"|32|199692.41|340207.39
84|91|"BS.AS. NORTE"|32|"EXTRACTOS CURTIENTES O TINTOREOS; TANINOS Y SUS DERIVADOS; P"|24|327895.11|341467.51
85|91|"BS.AS. NORTE"|32|"EXTRACTOS CURTIENTES O TINTOREOS; TANINOS Y SUS DERIVADOS; P"|24|135408.69|325284.11
86|91|"BS.AS. NORTE"|32|"EXTRACTOS CURTIENTES O TINTOREOS; TANINOS Y SUS DERIVADOS; P"|14|45909.69|128643.72
87|91|"BS.AS. NORTE"|32|"EXTRACTOS CURTIENTES O TINTOREOS; TANINOS Y SUS DERIVADOS; P"|59|1317519.29|3441509.72
88|91|"BS.AS. NORTE"|32|"EXTRACTOS CURTIENTES O TINTOREOS; TANINOS Y SUS DERIVADOS; P"|21|123462.78|349092.82
89|91|"BS.AS. NORTE"|32|"EXTRACTOS CURTIENTES O TINTOREOS; TANINOS Y SUS DERIVADOS; P"|33|336842.35|487858.43
90|91|"BS.AS. NORTE"|32|"EXTRACTOS CURTIENTES O TINTOREOS; TANINOS Y SUS DERIVADOS; P"|37|264424.58|338579.91
91|91|"BS.AS. NORTE"|32|"EXTRACTOS CURTIENTES O TINTOREOS; TANINOS Y SUS DERIVADOS; P"|31|147172.59|435993.67
92|91|"BS.AS. NORTE"|32|"EXTRACTOS CURTIENTES O TINTOREOS; TANINOS Y SUS DERIVADOS; P"|33|164131.83|502241.85
93|91|"BS.AS. NORTE"|32|"EXTRACTOS CURTIENTES O TINTOREOS; TANINOS Y SUS DERIVADOS; P"|28|185428.02|238082.63
94|91|"BS.AS. NORTE"|32|"EXTRACTOS CURTIENTES O TINTOREOS; TANINOS Y SUS DERIVADOS; P"|45|745781.84|1782053.23
95|91|"BS.AS. NORTE"|32|"EXTRACTOS CURTIENTES O TINTOREOS; TANINOS Y SUS DERIVADOS; P"|32|324886.45|797683.56
96|91|"BS.AS. NORTE"|32|"EXTRACTOS CURTIENTES O TINTOREOS; TANINOS Y SUS DERIVADOS; P"|25|208226.77|333397.23
97|91|"BS.AS. NORTE"|32|"EXTRACTOS CURTIENTES O TINTOREOS; TANINOS Y SUS DERIVADOS; P"|41|160225.65|436822.92
98|91|"BS.AS. NORTE"|32|"EXTRACTOS CURTIENTES O TINTOREOS; TANINOS Y SUS DERIVADOS; P"|55|1053421.65|2886527.15
99|91|"BS.AS. NORTE"|32|"EXTRACTOS CURTIENTES O TINTOREOS; TANINOS Y SUS DERIVADOS; P"|28|147352.07|429552.87
100|91|"BS.AS. NORTE"|32|"EXTRACTOS CURTIENTES O TINTOREOS; TANINOS Y SUS DERIVADOS; P"|14|47494.26|149183.92
101|91|"BS.AS. NORTE"|32|"EXTRACTOS CURTIENTES O TINTOREOS; TANINOS Y SUS DERIVADOS; P"|18|177687.98|229131.76
102|91|"BS.AS. NORTE"|32|"EXTRACTOS CURTIENTES O TINTOREOS; TANINOS Y SUS DERIVADOS; P"|29|687096.72|2196559.83
103|91|"BS.AS. NORTE"|32|"EXTRACTOS CURTIENTES O TINTOREOS; TANINOS Y SUS DERIVADOS; P"|10|216880.63|237004.04
104|91|"BS.AS. NORTE"|32|"EXTRACTOS CURTIENTES O TINTOREOS; TANINOS Y SUS DERIVADOS; P"|18|94016.31|196591.47
