"semana"|"aduana"|"aduana_desc"|"mercaderia"|"mercaderia_desc"|"cantidad"|"kilos"|"importe"
68|91|"BS.AS. NORTE"|51|"LANA Y PELO FINO U ORDINARIO; HILADOS Y TEJIDOS DE CRIN"|2|48486|111229.26
69|91|"BS.AS. NORTE"|51|"LANA Y PELO FINO U ORDINARIO; HILADOS Y TEJIDOS DE CRIN"|30|675889|3779585.26
70|91|"BS.AS. NORTE"|51|"LANA Y PELO FINO U ORDINARIO; HILADOS Y TEJIDOS DE CRIN"|23|387186.06|2224437.04
71|91|"BS.AS. NORTE"|51|"LANA Y PELO FINO U ORDINARIO; HILADOS Y TEJIDOS DE CRIN"|20|463124|2232265.64
72|91|"BS.AS. NORTE"|51|"LANA Y PELO FINO U ORDINARIO; HILADOS Y TEJIDOS DE CRIN"|24|478329|2203628.88
73|91|"BS.AS. NORTE"|51|"LANA Y PELO FINO U ORDINARIO; HILADOS Y TEJIDOS DE CRIN"|23|511017|2465674.47
74|91|"BS.AS. NORTE"|51|"LANA Y PELO FINO U ORDINARIO; HILADOS Y TEJIDOS DE CRIN"|14|292675|1608466.64
75|91|"BS.AS. NORTE"|51|"LANA Y PELO FINO U ORDINARIO; HILADOS Y TEJIDOS DE CRIN"|12|320246|1480795.88
76|91|"BS.AS. NORTE"|51|"LANA Y PELO FINO U ORDINARIO; HILADOS Y TEJIDOS DE CRIN"|27|726370|3683929.35
77|91|"BS.AS. NORTE"|51|"LANA Y PELO FINO U ORDINARIO; HILADOS Y TEJIDOS DE CRIN"|14|324388|1945896.94
78|91|"BS.AS. NORTE"|51|"LANA Y PELO FINO U ORDINARIO; HILADOS Y TEJIDOS DE CRIN"|14|321813.1|1952558.43
79|91|"BS.AS. NORTE"|51|"LANA Y PELO FINO U ORDINARIO; HILADOS Y TEJIDOS DE CRIN"|15|342694|1719458.94
80|91|"BS.AS. NORTE"|51|"LANA Y PELO FINO U ORDINARIO; HILADOS Y TEJIDOS DE CRIN"|11|238511|968618.15
81|91|"BS.AS. NORTE"|51|"LANA Y PELO FINO U ORDINARIO; HILADOS Y TEJIDOS DE CRIN"|10|243392|1096065.86
82|91|"BS.AS. NORTE"|51|"LANA Y PELO FINO U ORDINARIO; HILADOS Y TEJIDOS DE CRIN"|11|228169|1534303.37
83|91|"BS.AS. NORTE"|51|"LANA Y PELO FINO U ORDINARIO; HILADOS Y TEJIDOS DE CRIN"|11|198008|1523647.41
84|91|"BS.AS. NORTE"|51|"LANA Y PELO FINO U ORDINARIO; HILADOS Y TEJIDOS DE CRIN"|28|390601|2939843.78
85|91|"BS.AS. NORTE"|51|"LANA Y PELO FINO U ORDINARIO; HILADOS Y TEJIDOS DE CRIN"|6|166857|1193130.57
86|91|"BS.AS. NORTE"|51|"LANA Y PELO FINO U ORDINARIO; HILADOS Y TEJIDOS DE CRIN"|11|303503|1926802.35
87|91|"BS.AS. NORTE"|51|"LANA Y PELO FINO U ORDINARIO; HILADOS Y TEJIDOS DE CRIN"|18|312001|1704084.09
88|91|"BS.AS. NORTE"|51|"LANA Y PELO FINO U ORDINARIO; HILADOS Y TEJIDOS DE CRIN"|16|299099|2401508.31
89|91|"BS.AS. NORTE"|51|"LANA Y PELO FINO U ORDINARIO; HILADOS Y TEJIDOS DE CRIN"|8|214906|1248826.37
90|91|"BS.AS. NORTE"|51|"LANA Y PELO FINO U ORDINARIO; HILADOS Y TEJIDOS DE CRIN"|8|155819|1341029.49
91|91|"BS.AS. NORTE"|51|"LANA Y PELO FINO U ORDINARIO; HILADOS Y TEJIDOS DE CRIN"|7|122664|1064090.75
92|91|"BS.AS. NORTE"|51|"LANA Y PELO FINO U ORDINARIO; HILADOS Y TEJIDOS DE CRIN"|15|269936|1557584.09
93|91|"BS.AS. NORTE"|51|"LANA Y PELO FINO U ORDINARIO; HILADOS Y TEJIDOS DE CRIN"|13|342089|2531126.75
94|91|"BS.AS. NORTE"|51|"LANA Y PELO FINO U ORDINARIO; HILADOS Y TEJIDOS DE CRIN"|12|221464|1819715.02
95|91|"BS.AS. NORTE"|51|"LANA Y PELO FINO U ORDINARIO; HILADOS Y TEJIDOS DE CRIN"|18|282365|1811858.24
96|91|"BS.AS. NORTE"|51|"LANA Y PELO FINO U ORDINARIO; HILADOS Y TEJIDOS DE CRIN"|12|185141|1219574.17
97|91|"BS.AS. NORTE"|51|"LANA Y PELO FINO U ORDINARIO; HILADOS Y TEJIDOS DE CRIN"|4|88080|583301.81
98|91|"BS.AS. NORTE"|51|"LANA Y PELO FINO U ORDINARIO; HILADOS Y TEJIDOS DE CRIN"|2|45922|384651.73
99|91|"BS.AS. NORTE"|51|"LANA Y PELO FINO U ORDINARIO; HILADOS Y TEJIDOS DE CRIN"|2|49880|210333.52
100|91|"BS.AS. NORTE"|51|"LANA Y PELO FINO U ORDINARIO; HILADOS Y TEJIDOS DE CRIN"|5|94472|406632.94
102|91|"BS.AS. NORTE"|51|"LANA Y PELO FINO U ORDINARIO; HILADOS Y TEJIDOS DE CRIN"|3|62026.3|245144.44
103|91|"BS.AS. NORTE"|51|"LANA Y PELO FINO U ORDINARIO; HILADOS Y TEJIDOS DE CRIN"|3|51763|154812
