"semana"|"aduana"|"aduana_desc"|"mercaderia"|"mercaderia_desc"|"cantidad"|"kilos"|"importe"
67|92|"BS.AS. SUR"|30|"PRODUCTOS FARMACEUTICOS"|1|22000|89487.2
68|92|"BS.AS. SUR"|30|"PRODUCTOS FARMACEUTICOS"|20|36072.15|337491.64
69|92|"BS.AS. SUR"|30|"PRODUCTOS FARMACEUTICOS"|139|238040.53|4350654.34
70|92|"BS.AS. SUR"|30|"PRODUCTOS FARMACEUTICOS"|117|170601.47|4154859.34
71|92|"BS.AS. SUR"|30|"PRODUCTOS FARMACEUTICOS"|98|192140.83|4184295.02
72|92|"BS.AS. SUR"|30|"PRODUCTOS FARMACEUTICOS"|110|183247.52|2902317.17
73|92|"BS.AS. SUR"|30|"PRODUCTOS FARMACEUTICOS"|57|144955.04|2478557.18
74|92|"BS.AS. SUR"|30|"PRODUCTOS FARMACEUTICOS"|140|125063.29|2421890.36
75|92|"BS.AS. SUR"|30|"PRODUCTOS FARMACEUTICOS"|69|78073.13|1195111.03
76|92|"BS.AS. SUR"|30|"PRODUCTOS FARMACEUTICOS"|126|147526.67|4807926.86
77|92|"BS.AS. SUR"|30|"PRODUCTOS FARMACEUTICOS"|126|196730.06|5275989.71
78|92|"BS.AS. SUR"|30|"PRODUCTOS FARMACEUTICOS"|124|194735.6|2272023.94
79|92|"BS.AS. SUR"|30|"PRODUCTOS FARMACEUTICOS"|170|66294.65|2446860.08
80|92|"BS.AS. SUR"|30|"PRODUCTOS FARMACEUTICOS"|68|142196.12|4325713.67
81|92|"BS.AS. SUR"|30|"PRODUCTOS FARMACEUTICOS"|104|95754.73|2725735.96
82|92|"BS.AS. SUR"|30|"PRODUCTOS FARMACEUTICOS"|110|230176.51|3637766.53
83|92|"BS.AS. SUR"|30|"PRODUCTOS FARMACEUTICOS"|152|188435.6|4750624.61
84|92|"BS.AS. SUR"|30|"PRODUCTOS FARMACEUTICOS"|115|141741.77|2754267.85
85|92|"BS.AS. SUR"|30|"PRODUCTOS FARMACEUTICOS"|124|117755.86|2998761.49
86|92|"BS.AS. SUR"|30|"PRODUCTOS FARMACEUTICOS"|165|152774.82|2694098.18
87|92|"BS.AS. SUR"|30|"PRODUCTOS FARMACEUTICOS"|70|164010.44|2216822.56
88|92|"BS.AS. SUR"|30|"PRODUCTOS FARMACEUTICOS"|109|192142.83|3674339.58
89|92|"BS.AS. SUR"|30|"PRODUCTOS FARMACEUTICOS"|95|105901.99|2860018.66
90|92|"BS.AS. SUR"|30|"PRODUCTOS FARMACEUTICOS"|128|130019.58|1990001.14
91|92|"BS.AS. SUR"|30|"PRODUCTOS FARMACEUTICOS"|153|160061.12|3403092.91
92|92|"BS.AS. SUR"|30|"PRODUCTOS FARMACEUTICOS"|87|151289.19|3945838.5
93|92|"BS.AS. SUR"|30|"PRODUCTOS FARMACEUTICOS"|37|57268.74|1605827.11
94|92|"BS.AS. SUR"|30|"PRODUCTOS FARMACEUTICOS"|95|207045.5|3690708.11
95|92|"BS.AS. SUR"|30|"PRODUCTOS FARMACEUTICOS"|54|54995.62|2004579.14
96|92|"BS.AS. SUR"|30|"PRODUCTOS FARMACEUTICOS"|113|129727.26|3167251.62
97|92|"BS.AS. SUR"|30|"PRODUCTOS FARMACEUTICOS"|122|146900.87|4537222.52
98|92|"BS.AS. SUR"|30|"PRODUCTOS FARMACEUTICOS"|150|117515.56|3399532.52
99|92|"BS.AS. SUR"|30|"PRODUCTOS FARMACEUTICOS"|102|255285.89|5158843.3
100|92|"BS.AS. SUR"|30|"PRODUCTOS FARMACEUTICOS"|102|108768.42|4289747.56
101|92|"BS.AS. SUR"|30|"PRODUCTOS FARMACEUTICOS"|67|77239.45|1943197.98
102|92|"BS.AS. SUR"|30|"PRODUCTOS FARMACEUTICOS"|102|119585.43|3546233.99
103|92|"BS.AS. SUR"|30|"PRODUCTOS FARMACEUTICOS"|81|115613.86|1530925.93
104|92|"BS.AS. SUR"|30|"PRODUCTOS FARMACEUTICOS"|57|129112.06|2010992.13
