"semana"|"aduana"|"aduana_desc"|"mercaderia"|"mercaderia_desc"|"cantidad"|"kilos"|"importe"
26|79|"LA RIOJA"|34|"JABON, AGENTES DE SUPERFICIE ORGANICOS, PREPARACIONES PARA L"|1|1911.44|12935.22
38|79|"LA RIOJA"|34|"JABON, AGENTES DE SUPERFICIE ORGANICOS, PREPARACIONES PARA L"|1|1900.72|12935.22
82|79|"LA RIOJA"|34|"JABON, AGENTES DE SUPERFICIE ORGANICOS, PREPARACIONES PARA L"|1|2113.92|11598.24
90|79|"LA RIOJA"|34|"JABON, AGENTES DE SUPERFICIE ORGANICOS, PREPARACIONES PARA L"|1|482.21|3555.76
