"semana"|"aduana"|"aduana_desc"|"mercaderia"|"mercaderia_desc"|"cantidad"|"kilos"|"importe"
68|92|"BS.AS. SUR"|27|"COMBUSTIBLES MINERALES, ACEITES MINERALES Y PRODUCTOS DE SU "|1|141900|89218.21
69|92|"BS.AS. SUR"|27|"COMBUSTIBLES MINERALES, ACEITES MINERALES Y PRODUCTOS DE SU "|13|15493703.63|6357577.22
70|92|"BS.AS. SUR"|27|"COMBUSTIBLES MINERALES, ACEITES MINERALES Y PRODUCTOS DE SU "|6|3280293|2304778.28
71|92|"BS.AS. SUR"|27|"COMBUSTIBLES MINERALES, ACEITES MINERALES Y PRODUCTOS DE SU "|10|1207113.09|1045957.74
72|92|"BS.AS. SUR"|27|"COMBUSTIBLES MINERALES, ACEITES MINERALES Y PRODUCTOS DE SU "|18|469262.79|550601.26
73|92|"BS.AS. SUR"|27|"COMBUSTIBLES MINERALES, ACEITES MINERALES Y PRODUCTOS DE SU "|15|815135.18|686292.19
74|92|"BS.AS. SUR"|27|"COMBUSTIBLES MINERALES, ACEITES MINERALES Y PRODUCTOS DE SU "|23|4665507.42|2724233.62
75|92|"BS.AS. SUR"|27|"COMBUSTIBLES MINERALES, ACEITES MINERALES Y PRODUCTOS DE SU "|14|379903.1|405106.78
76|92|"BS.AS. SUR"|27|"COMBUSTIBLES MINERALES, ACEITES MINERALES Y PRODUCTOS DE SU "|18|631821.57|579210.6
77|92|"BS.AS. SUR"|27|"COMBUSTIBLES MINERALES, ACEITES MINERALES Y PRODUCTOS DE SU "|17|598766|531072.3
78|92|"BS.AS. SUR"|27|"COMBUSTIBLES MINERALES, ACEITES MINERALES Y PRODUCTOS DE SU "|25|913972|1061963.51
79|92|"BS.AS. SUR"|27|"COMBUSTIBLES MINERALES, ACEITES MINERALES Y PRODUCTOS DE SU "|18|16589073.26|8167479.32
80|92|"BS.AS. SUR"|27|"COMBUSTIBLES MINERALES, ACEITES MINERALES Y PRODUCTOS DE SU "|12|392937.72|409811.68
81|92|"BS.AS. SUR"|27|"COMBUSTIBLES MINERALES, ACEITES MINERALES Y PRODUCTOS DE SU "|18|639171|616657.19
82|92|"BS.AS. SUR"|27|"COMBUSTIBLES MINERALES, ACEITES MINERALES Y PRODUCTOS DE SU "|21|840778|728949.94
83|92|"BS.AS. SUR"|27|"COMBUSTIBLES MINERALES, ACEITES MINERALES Y PRODUCTOS DE SU "|35|989068.82|966584.36
84|92|"BS.AS. SUR"|27|"COMBUSTIBLES MINERALES, ACEITES MINERALES Y PRODUCTOS DE SU "|25|763428.64|986917.09
85|92|"BS.AS. SUR"|27|"COMBUSTIBLES MINERALES, ACEITES MINERALES Y PRODUCTOS DE SU "|30|602056.21|696383.91
86|92|"BS.AS. SUR"|27|"COMBUSTIBLES MINERALES, ACEITES MINERALES Y PRODUCTOS DE SU "|36|1666784.31|1397990.71
87|92|"BS.AS. SUR"|27|"COMBUSTIBLES MINERALES, ACEITES MINERALES Y PRODUCTOS DE SU "|28|3262025|2068559.36
88|92|"BS.AS. SUR"|27|"COMBUSTIBLES MINERALES, ACEITES MINERALES Y PRODUCTOS DE SU "|15|455920|678528.17
89|92|"BS.AS. SUR"|27|"COMBUSTIBLES MINERALES, ACEITES MINERALES Y PRODUCTOS DE SU "|12|1487673.85|1339852.44
90|92|"BS.AS. SUR"|27|"COMBUSTIBLES MINERALES, ACEITES MINERALES Y PRODUCTOS DE SU "|13|376753.18|461970.36
91|92|"BS.AS. SUR"|27|"COMBUSTIBLES MINERALES, ACEITES MINERALES Y PRODUCTOS DE SU "|12|1423020|1051782.64
92|92|"BS.AS. SUR"|27|"COMBUSTIBLES MINERALES, ACEITES MINERALES Y PRODUCTOS DE SU "|11|19682984|4822397.65
93|92|"BS.AS. SUR"|27|"COMBUSTIBLES MINERALES, ACEITES MINERALES Y PRODUCTOS DE SU "|12|2226431.18|745483.16
94|92|"BS.AS. SUR"|27|"COMBUSTIBLES MINERALES, ACEITES MINERALES Y PRODUCTOS DE SU "|7|10593237|4774361.49
95|92|"BS.AS. SUR"|27|"COMBUSTIBLES MINERALES, ACEITES MINERALES Y PRODUCTOS DE SU "|7|199223.52|217682.03
96|92|"BS.AS. SUR"|27|"COMBUSTIBLES MINERALES, ACEITES MINERALES Y PRODUCTOS DE SU "|30|6522110.22|3250340.87
97|92|"BS.AS. SUR"|27|"COMBUSTIBLES MINERALES, ACEITES MINERALES Y PRODUCTOS DE SU "|31|659599.8|697778.9
98|92|"BS.AS. SUR"|27|"COMBUSTIBLES MINERALES, ACEITES MINERALES Y PRODUCTOS DE SU "|10|2443946.28|1328924.29
99|92|"BS.AS. SUR"|27|"COMBUSTIBLES MINERALES, ACEITES MINERALES Y PRODUCTOS DE SU "|10|297734.38|308675.44
100|92|"BS.AS. SUR"|27|"COMBUSTIBLES MINERALES, ACEITES MINERALES Y PRODUCTOS DE SU "|14|3743005.87|1639180.68
101|92|"BS.AS. SUR"|27|"COMBUSTIBLES MINERALES, ACEITES MINERALES Y PRODUCTOS DE SU "|16|96115.2|126101.41
102|92|"BS.AS. SUR"|27|"COMBUSTIBLES MINERALES, ACEITES MINERALES Y PRODUCTOS DE SU "|10|23849873.35|5996506.73
103|92|"BS.AS. SUR"|27|"COMBUSTIBLES MINERALES, ACEITES MINERALES Y PRODUCTOS DE SU "|11|7279923.36|2061753.73
104|92|"BS.AS. SUR"|27|"COMBUSTIBLES MINERALES, ACEITES MINERALES Y PRODUCTOS DE SU "|5|4296454.14|2569104.6
