"semana"|"aduana"|"aduana_desc"|"mercaderia"|"mercaderia_desc"|"cantidad"|"kilos"|"importe"
69|91|"BS.AS. NORTE"|29|"PRODUCTOS QUIMICOS ORGANICOS"|20|280764.9|374622.62
70|91|"BS.AS. NORTE"|29|"PRODUCTOS QUIMICOS ORGANICOS"|6|137792|432828.39
71|91|"BS.AS. NORTE"|29|"PRODUCTOS QUIMICOS ORGANICOS"|14|231899|350711.58
72|91|"BS.AS. NORTE"|29|"PRODUCTOS QUIMICOS ORGANICOS"|10|211767.34|348969.52
73|91|"BS.AS. NORTE"|29|"PRODUCTOS QUIMICOS ORGANICOS"|16|123650.98|201932.28
74|91|"BS.AS. NORTE"|29|"PRODUCTOS QUIMICOS ORGANICOS"|10|172759.48|237061.74
75|91|"BS.AS. NORTE"|29|"PRODUCTOS QUIMICOS ORGANICOS"|8|69369|223846.83
76|91|"BS.AS. NORTE"|29|"PRODUCTOS QUIMICOS ORGANICOS"|12|153261|451847.4
77|91|"BS.AS. NORTE"|29|"PRODUCTOS QUIMICOS ORGANICOS"|7|23848.1|61227.7
78|91|"BS.AS. NORTE"|29|"PRODUCTOS QUIMICOS ORGANICOS"|10|144950.15|196456.39
79|91|"BS.AS. NORTE"|29|"PRODUCTOS QUIMICOS ORGANICOS"|17|209510.3|266275.01
80|91|"BS.AS. NORTE"|29|"PRODUCTOS QUIMICOS ORGANICOS"|10|437350|556379.26
81|91|"BS.AS. NORTE"|29|"PRODUCTOS QUIMICOS ORGANICOS"|7|181830|322673.52
82|91|"BS.AS. NORTE"|29|"PRODUCTOS QUIMICOS ORGANICOS"|17|162871.54|230057.64
83|91|"BS.AS. NORTE"|29|"PRODUCTOS QUIMICOS ORGANICOS"|5|21350|34799.13
84|91|"BS.AS. NORTE"|29|"PRODUCTOS QUIMICOS ORGANICOS"|6|3755.3|79108.34
85|91|"BS.AS. NORTE"|29|"PRODUCTOS QUIMICOS ORGANICOS"|14|423360.79|940744.32
86|91|"BS.AS. NORTE"|29|"PRODUCTOS QUIMICOS ORGANICOS"|15|331790.23|455177.39
87|91|"BS.AS. NORTE"|29|"PRODUCTOS QUIMICOS ORGANICOS"|9|173673.6|736840.65
88|91|"BS.AS. NORTE"|29|"PRODUCTOS QUIMICOS ORGANICOS"|3|6672.04|17026.63
89|91|"BS.AS. NORTE"|29|"PRODUCTOS QUIMICOS ORGANICOS"|8|117567.78|292093.77
90|91|"BS.AS. NORTE"|29|"PRODUCTOS QUIMICOS ORGANICOS"|16|234617.65|308036.1
91|91|"BS.AS. NORTE"|29|"PRODUCTOS QUIMICOS ORGANICOS"|7|169605|304374.86
92|91|"BS.AS. NORTE"|29|"PRODUCTOS QUIMICOS ORGANICOS"|6|86874.37|74323.02
93|91|"BS.AS. NORTE"|29|"PRODUCTOS QUIMICOS ORGANICOS"|8|169010|285061.64
94|91|"BS.AS. NORTE"|29|"PRODUCTOS QUIMICOS ORGANICOS"|4|140931.39|168361.99
95|91|"BS.AS. NORTE"|29|"PRODUCTOS QUIMICOS ORGANICOS"|10|46145.02|110666.61
96|91|"BS.AS. NORTE"|29|"PRODUCTOS QUIMICOS ORGANICOS"|7|111187.1|1115158.14
97|91|"BS.AS. NORTE"|29|"PRODUCTOS QUIMICOS ORGANICOS"|5|84460|90888.65
98|91|"BS.AS. NORTE"|29|"PRODUCTOS QUIMICOS ORGANICOS"|15|238254.88|275397.14
99|91|"BS.AS. NORTE"|29|"PRODUCTOS QUIMICOS ORGANICOS"|11|335127.5|414813.44
100|91|"BS.AS. NORTE"|29|"PRODUCTOS QUIMICOS ORGANICOS"|21|621927.07|1099838.78
101|91|"BS.AS. NORTE"|29|"PRODUCTOS QUIMICOS ORGANICOS"|10|165201.95|269655.5
102|91|"BS.AS. NORTE"|29|"PRODUCTOS QUIMICOS ORGANICOS"|15|372017.12|489600.82
103|91|"BS.AS. NORTE"|29|"PRODUCTOS QUIMICOS ORGANICOS"|9|202459|243631.59
104|91|"BS.AS. NORTE"|29|"PRODUCTOS QUIMICOS ORGANICOS"|6|221064|207245.62
