"semana"|"aduana"|"aduana_desc"|"mercaderia"|"mercaderia_desc"|"cantidad"|"kilos"|"importe"
21|84|"SANTO TOME"|96|"MANUFACTURAS DIVERSAS"|1|31.05|240.3
40|84|"SANTO TOME"|96|"MANUFACTURAS DIVERSAS"|1|17.25|207
69|84|"SANTO TOME"|96|"MANUFACTURAS DIVERSAS"|1|20.7|248.4
71|84|"SANTO TOME"|96|"MANUFACTURAS DIVERSAS"|1|20.7|248.4
74|84|"SANTO TOME"|96|"MANUFACTURAS DIVERSAS"|1|17.25|207
97|84|"SANTO TOME"|96|"MANUFACTURAS DIVERSAS"|1|13.8|165.6
103|84|"SANTO TOME"|96|"MANUFACTURAS DIVERSAS"|1|13.8|106.8
