"semana"|"aduana"|"aduana_desc"|"mercaderia"|"mercaderia_desc"|"cantidad"|"kilos"|"importe"
67|92|"BS.AS. SUR"|68|"MANUFACTURAS DE PIEDRA, YESO FRAGUABLE, CEMENTO, AMIANTO (AS"|2|47310.12|42335.56
68|92|"BS.AS. SUR"|68|"MANUFACTURAS DE PIEDRA, YESO FRAGUABLE, CEMENTO, AMIANTO (AS"|7|101354.8|87900.38
69|92|"BS.AS. SUR"|68|"MANUFACTURAS DE PIEDRA, YESO FRAGUABLE, CEMENTO, AMIANTO (AS"|73|1290828.52|820336.13
70|92|"BS.AS. SUR"|68|"MANUFACTURAS DE PIEDRA, YESO FRAGUABLE, CEMENTO, AMIANTO (AS"|38|878763.6|488028.87
71|92|"BS.AS. SUR"|68|"MANUFACTURAS DE PIEDRA, YESO FRAGUABLE, CEMENTO, AMIANTO (AS"|35|536131.85|528487.19
72|92|"BS.AS. SUR"|68|"MANUFACTURAS DE PIEDRA, YESO FRAGUABLE, CEMENTO, AMIANTO (AS"|29|582543.91|382510.15
73|92|"BS.AS. SUR"|68|"MANUFACTURAS DE PIEDRA, YESO FRAGUABLE, CEMENTO, AMIANTO (AS"|53|871163.84|545415.39
74|92|"BS.AS. SUR"|68|"MANUFACTURAS DE PIEDRA, YESO FRAGUABLE, CEMENTO, AMIANTO (AS"|68|977292.49|971146.64
75|92|"BS.AS. SUR"|68|"MANUFACTURAS DE PIEDRA, YESO FRAGUABLE, CEMENTO, AMIANTO (AS"|27|605070.8|335063.36
76|92|"BS.AS. SUR"|68|"MANUFACTURAS DE PIEDRA, YESO FRAGUABLE, CEMENTO, AMIANTO (AS"|38|880183.27|457580.43
77|92|"BS.AS. SUR"|68|"MANUFACTURAS DE PIEDRA, YESO FRAGUABLE, CEMENTO, AMIANTO (AS"|50|1350230.66|964377.79
78|92|"BS.AS. SUR"|68|"MANUFACTURAS DE PIEDRA, YESO FRAGUABLE, CEMENTO, AMIANTO (AS"|55|446680.12|397821.83
79|92|"BS.AS. SUR"|68|"MANUFACTURAS DE PIEDRA, YESO FRAGUABLE, CEMENTO, AMIANTO (AS"|25|635026.31|364266.75
80|92|"BS.AS. SUR"|68|"MANUFACTURAS DE PIEDRA, YESO FRAGUABLE, CEMENTO, AMIANTO (AS"|53|678628.29|554720.96
81|92|"BS.AS. SUR"|68|"MANUFACTURAS DE PIEDRA, YESO FRAGUABLE, CEMENTO, AMIANTO (AS"|33|1122615.59|494458.59
82|92|"BS.AS. SUR"|68|"MANUFACTURAS DE PIEDRA, YESO FRAGUABLE, CEMENTO, AMIANTO (AS"|46|595811.82|513359.31
83|92|"BS.AS. SUR"|68|"MANUFACTURAS DE PIEDRA, YESO FRAGUABLE, CEMENTO, AMIANTO (AS"|36|906090.44|610677.09
84|92|"BS.AS. SUR"|68|"MANUFACTURAS DE PIEDRA, YESO FRAGUABLE, CEMENTO, AMIANTO (AS"|26|616084.24|397618.28
85|92|"BS.AS. SUR"|68|"MANUFACTURAS DE PIEDRA, YESO FRAGUABLE, CEMENTO, AMIANTO (AS"|47|422335.18|324794.61
86|92|"BS.AS. SUR"|68|"MANUFACTURAS DE PIEDRA, YESO FRAGUABLE, CEMENTO, AMIANTO (AS"|54|1036720.26|645571.12
87|92|"BS.AS. SUR"|68|"MANUFACTURAS DE PIEDRA, YESO FRAGUABLE, CEMENTO, AMIANTO (AS"|36|888519.65|831910.96
88|92|"BS.AS. SUR"|68|"MANUFACTURAS DE PIEDRA, YESO FRAGUABLE, CEMENTO, AMIANTO (AS"|58|817317.41|562677.93
89|92|"BS.AS. SUR"|68|"MANUFACTURAS DE PIEDRA, YESO FRAGUABLE, CEMENTO, AMIANTO (AS"|43|1070103.32|839244.47
90|92|"BS.AS. SUR"|68|"MANUFACTURAS DE PIEDRA, YESO FRAGUABLE, CEMENTO, AMIANTO (AS"|32|692169.99|351785.29
91|92|"BS.AS. SUR"|68|"MANUFACTURAS DE PIEDRA, YESO FRAGUABLE, CEMENTO, AMIANTO (AS"|64|606009.06|660426.51
92|92|"BS.AS. SUR"|68|"MANUFACTURAS DE PIEDRA, YESO FRAGUABLE, CEMENTO, AMIANTO (AS"|17|493578.33|319859.41
93|92|"BS.AS. SUR"|68|"MANUFACTURAS DE PIEDRA, YESO FRAGUABLE, CEMENTO, AMIANTO (AS"|29|438245.57|336629.65
94|92|"BS.AS. SUR"|68|"MANUFACTURAS DE PIEDRA, YESO FRAGUABLE, CEMENTO, AMIANTO (AS"|37|840006.26|492345.89
95|92|"BS.AS. SUR"|68|"MANUFACTURAS DE PIEDRA, YESO FRAGUABLE, CEMENTO, AMIANTO (AS"|27|699913.5|501430.6
96|92|"BS.AS. SUR"|68|"MANUFACTURAS DE PIEDRA, YESO FRAGUABLE, CEMENTO, AMIANTO (AS"|45|543650.36|529176.16
97|92|"BS.AS. SUR"|68|"MANUFACTURAS DE PIEDRA, YESO FRAGUABLE, CEMENTO, AMIANTO (AS"|29|710793.21|524899.82
98|92|"BS.AS. SUR"|68|"MANUFACTURAS DE PIEDRA, YESO FRAGUABLE, CEMENTO, AMIANTO (AS"|36|598898.87|489788.85
99|92|"BS.AS. SUR"|68|"MANUFACTURAS DE PIEDRA, YESO FRAGUABLE, CEMENTO, AMIANTO (AS"|26|606626.38|493131.35
100|92|"BS.AS. SUR"|68|"MANUFACTURAS DE PIEDRA, YESO FRAGUABLE, CEMENTO, AMIANTO (AS"|46|617325.8|379677.46
101|92|"BS.AS. SUR"|68|"MANUFACTURAS DE PIEDRA, YESO FRAGUABLE, CEMENTO, AMIANTO (AS"|23|370656.02|343415.17
102|92|"BS.AS. SUR"|68|"MANUFACTURAS DE PIEDRA, YESO FRAGUABLE, CEMENTO, AMIANTO (AS"|41|834970.36|500270.09
103|92|"BS.AS. SUR"|68|"MANUFACTURAS DE PIEDRA, YESO FRAGUABLE, CEMENTO, AMIANTO (AS"|21|349278.22|308618.46
104|92|"BS.AS. SUR"|68|"MANUFACTURAS DE PIEDRA, YESO FRAGUABLE, CEMENTO, AMIANTO (AS"|2|27124|20169.56
