"semana"|"aduana"|"aduana_desc"|"mercaderia"|"mercaderia_desc"|"cantidad"|"kilos"|"importe"
3|88|"GENERAL DEHEZA"|87|"VEHICULOS AUTOMOVILES, TRACTORES, VELOCIPEDOS Y DEMAS VEHICU"|2|9092.09|63396
7|88|"GENERAL DEHEZA"|87|"VEHICULOS AUTOMOVILES, TRACTORES, VELOCIPEDOS Y DEMAS VEHICU"|1|7500|50202.48
8|88|"GENERAL DEHEZA"|87|"VEHICULOS AUTOMOVILES, TRACTORES, VELOCIPEDOS Y DEMAS VEHICU"|2|14530|49200
11|88|"GENERAL DEHEZA"|87|"VEHICULOS AUTOMOVILES, TRACTORES, VELOCIPEDOS Y DEMAS VEHICU"|3|9703.27|50205.54
13|88|"GENERAL DEHEZA"|87|"VEHICULOS AUTOMOVILES, TRACTORES, VELOCIPEDOS Y DEMAS VEHICU"|11|43394|204364.69
14|88|"GENERAL DEHEZA"|87|"VEHICULOS AUTOMOVILES, TRACTORES, VELOCIPEDOS Y DEMAS VEHICU"|2|13090|58176
15|88|"GENERAL DEHEZA"|87|"VEHICULOS AUTOMOVILES, TRACTORES, VELOCIPEDOS Y DEMAS VEHICU"|2|23046|103322
16|88|"GENERAL DEHEZA"|87|"VEHICULOS AUTOMOVILES, TRACTORES, VELOCIPEDOS Y DEMAS VEHICU"|1|10000|22391.6
17|88|"GENERAL DEHEZA"|87|"VEHICULOS AUTOMOVILES, TRACTORES, VELOCIPEDOS Y DEMAS VEHICU"|5|53306.24|213268.03
19|88|"GENERAL DEHEZA"|87|"VEHICULOS AUTOMOVILES, TRACTORES, VELOCIPEDOS Y DEMAS VEHICU"|1|7500|16793.7
21|88|"GENERAL DEHEZA"|87|"VEHICULOS AUTOMOVILES, TRACTORES, VELOCIPEDOS Y DEMAS VEHICU"|2|13592.76|64812.53
22|88|"GENERAL DEHEZA"|87|"VEHICULOS AUTOMOVILES, TRACTORES, VELOCIPEDOS Y DEMAS VEHICU"|2|18000|62731.7
23|88|"GENERAL DEHEZA"|87|"VEHICULOS AUTOMOVILES, TRACTORES, VELOCIPEDOS Y DEMAS VEHICU"|1|9400|50225
25|88|"GENERAL DEHEZA"|87|"VEHICULOS AUTOMOVILES, TRACTORES, VELOCIPEDOS Y DEMAS VEHICU"|2|30246|136924
34|88|"GENERAL DEHEZA"|87|"VEHICULOS AUTOMOVILES, TRACTORES, VELOCIPEDOS Y DEMAS VEHICU"|2|101.09|1467.25
35|88|"GENERAL DEHEZA"|87|"VEHICULOS AUTOMOVILES, TRACTORES, VELOCIPEDOS Y DEMAS VEHICU"|2|11094|44900
46|88|"GENERAL DEHEZA"|87|"VEHICULOS AUTOMOVILES, TRACTORES, VELOCIPEDOS Y DEMAS VEHICU"|1|2500|4500
50|88|"GENERAL DEHEZA"|87|"VEHICULOS AUTOMOVILES, TRACTORES, VELOCIPEDOS Y DEMAS VEHICU"|3|29214.89|140203.23
55|88|"GENERAL DEHEZA"|87|"VEHICULOS AUTOMOVILES, TRACTORES, VELOCIPEDOS Y DEMAS VEHICU"|3|19795.65|100608.27
60|88|"GENERAL DEHEZA"|87|"VEHICULOS AUTOMOVILES, TRACTORES, VELOCIPEDOS Y DEMAS VEHICU"|2|23964|109097
62|88|"GENERAL DEHEZA"|87|"VEHICULOS AUTOMOVILES, TRACTORES, VELOCIPEDOS Y DEMAS VEHICU"|1|18500|98209
63|88|"GENERAL DEHEZA"|87|"VEHICULOS AUTOMOVILES, TRACTORES, VELOCIPEDOS Y DEMAS VEHICU"|2|831.37|18354.41
66|88|"GENERAL DEHEZA"|87|"VEHICULOS AUTOMOVILES, TRACTORES, VELOCIPEDOS Y DEMAS VEHICU"|1|10500|45512
67|88|"GENERAL DEHEZA"|87|"VEHICULOS AUTOMOVILES, TRACTORES, VELOCIPEDOS Y DEMAS VEHICU"|1|10100|50673
69|88|"GENERAL DEHEZA"|87|"VEHICULOS AUTOMOVILES, TRACTORES, VELOCIPEDOS Y DEMAS VEHICU"|1|9782.3|39593.3
74|88|"GENERAL DEHEZA"|87|"VEHICULOS AUTOMOVILES, TRACTORES, VELOCIPEDOS Y DEMAS VEHICU"|2|5885.71|18930.74
75|88|"GENERAL DEHEZA"|87|"VEHICULOS AUTOMOVILES, TRACTORES, VELOCIPEDOS Y DEMAS VEHICU"|1|5492.73|23899.13
79|88|"GENERAL DEHEZA"|87|"VEHICULOS AUTOMOVILES, TRACTORES, VELOCIPEDOS Y DEMAS VEHICU"|1|1500|12721
86|88|"GENERAL DEHEZA"|87|"VEHICULOS AUTOMOVILES, TRACTORES, VELOCIPEDOS Y DEMAS VEHICU"|1|2500|3000
90|88|"GENERAL DEHEZA"|87|"VEHICULOS AUTOMOVILES, TRACTORES, VELOCIPEDOS Y DEMAS VEHICU"|1|987.4|14518
