"semana"|"aduana"|"aduana_desc"|"mercaderia"|"mercaderia_desc"|"cantidad"|"kilos"|"importe"
6|89|"SANTIAGO DEL ESTERO"|41|"PIELES (EXCEPTO LA PELETERIA) Y CUEROS"|1|12600|55000
7|89|"SANTIAGO DEL ESTERO"|41|"PIELES (EXCEPTO LA PELETERIA) Y CUEROS"|1|18500|33300
9|89|"SANTIAGO DEL ESTERO"|41|"PIELES (EXCEPTO LA PELETERIA) Y CUEROS"|1|11720|42000
15|89|"SANTIAGO DEL ESTERO"|41|"PIELES (EXCEPTO LA PELETERIA) Y CUEROS"|6|6742|144400
19|89|"SANTIAGO DEL ESTERO"|41|"PIELES (EXCEPTO LA PELETERIA) Y CUEROS"|2|9130|32875
20|89|"SANTIAGO DEL ESTERO"|41|"PIELES (EXCEPTO LA PELETERIA) Y CUEROS"|1|65|7000
25|89|"SANTIAGO DEL ESTERO"|41|"PIELES (EXCEPTO LA PELETERIA) Y CUEROS"|1|471|35000
37|89|"SANTIAGO DEL ESTERO"|41|"PIELES (EXCEPTO LA PELETERIA) Y CUEROS"|1|234|49500
38|89|"SANTIAGO DEL ESTERO"|41|"PIELES (EXCEPTO LA PELETERIA) Y CUEROS"|1|5600|60000
40|89|"SANTIAGO DEL ESTERO"|41|"PIELES (EXCEPTO LA PELETERIA) Y CUEROS"|1|12320|33600
46|89|"SANTIAGO DEL ESTERO"|41|"PIELES (EXCEPTO LA PELETERIA) Y CUEROS"|2|12200|21000
48|89|"SANTIAGO DEL ESTERO"|41|"PIELES (EXCEPTO LA PELETERIA) Y CUEROS"|2|265|40500
59|89|"SANTIAGO DEL ESTERO"|41|"PIELES (EXCEPTO LA PELETERIA) Y CUEROS"|1|148|33000
74|89|"SANTIAGO DEL ESTERO"|41|"PIELES (EXCEPTO LA PELETERIA) Y CUEROS"|2|2245|44000
76|89|"SANTIAGO DEL ESTERO"|41|"PIELES (EXCEPTO LA PELETERIA) Y CUEROS"|5|818|145514
84|89|"SANTIAGO DEL ESTERO"|41|"PIELES (EXCEPTO LA PELETERIA) Y CUEROS"|1|138|28675
95|89|"SANTIAGO DEL ESTERO"|41|"PIELES (EXCEPTO LA PELETERIA) Y CUEROS"|2|6200|83160
100|89|"SANTIAGO DEL ESTERO"|41|"PIELES (EXCEPTO LA PELETERIA) Y CUEROS"|3|84|19800
