"fecha_oficia"|"aduana"|"aduana_desc"|"mercaderia"|"mercaderia_desc"|"cantidad"|"kilos"|"importe"
20140101|82|"BERNARDO DE YRIGOYEN"|47|"PASTA DE MADERA O DE LAS DEMAS MATERIAS FIBROSAS CELULOSICAS"|15|1320682|1004275.75
20140201|82|"BERNARDO DE YRIGOYEN"|47|"PASTA DE MADERA O DE LAS DEMAS MATERIAS FIBROSAS CELULOSICAS"|9|594710|450283.72
20140301|82|"BERNARDO DE YRIGOYEN"|47|"PASTA DE MADERA O DE LAS DEMAS MATERIAS FIBROSAS CELULOSICAS"|54|3770480|2756747.7
20140401|82|"BERNARDO DE YRIGOYEN"|47|"PASTA DE MADERA O DE LAS DEMAS MATERIAS FIBROSAS CELULOSICAS"|40|2355084|1692294.47
20140501|82|"BERNARDO DE YRIGOYEN"|47|"PASTA DE MADERA O DE LAS DEMAS MATERIAS FIBROSAS CELULOSICAS"|51|2979324|2143223.69
20140601|82|"BERNARDO DE YRIGOYEN"|47|"PASTA DE MADERA O DE LAS DEMAS MATERIAS FIBROSAS CELULOSICAS"|22|1976023|1436581.28
20140701|82|"BERNARDO DE YRIGOYEN"|47|"PASTA DE MADERA O DE LAS DEMAS MATERIAS FIBROSAS CELULOSICAS"|28|2780704|2026191.85
20140801|82|"BERNARDO DE YRIGOYEN"|47|"PASTA DE MADERA O DE LAS DEMAS MATERIAS FIBROSAS CELULOSICAS"|26|2695582|1996544.98
20140901|82|"BERNARDO DE YRIGOYEN"|47|"PASTA DE MADERA O DE LAS DEMAS MATERIAS FIBROSAS CELULOSICAS"|7|652616|488375.6
20141001|82|"BERNARDO DE YRIGOYEN"|47|"PASTA DE MADERA O DE LAS DEMAS MATERIAS FIBROSAS CELULOSICAS"|9|907986|701693.16
20141101|82|"BERNARDO DE YRIGOYEN"|47|"PASTA DE MADERA O DE LAS DEMAS MATERIAS FIBROSAS CELULOSICAS"|10|794490|608665.52
20141201|82|"BERNARDO DE YRIGOYEN"|47|"PASTA DE MADERA O DE LAS DEMAS MATERIAS FIBROSAS CELULOSICAS"|10|851240|652142.2
20150101|82|"BERNARDO DE YRIGOYEN"|47|"PASTA DE MADERA O DE LAS DEMAS MATERIAS FIBROSAS CELULOSICAS"|12|1078236|839317.5
20150201|82|"BERNARDO DE YRIGOYEN"|47|"PASTA DE MADERA O DE LAS DEMAS MATERIAS FIBROSAS CELULOSICAS"|16|1418732|1102175.76
20150301|82|"BERNARDO DE YRIGOYEN"|47|"PASTA DE MADERA O DE LAS DEMAS MATERIAS FIBROSAS CELULOSICAS"|12|904006|702102.96
20150401|82|"BERNARDO DE YRIGOYEN"|47|"PASTA DE MADERA O DE LAS DEMAS MATERIAS FIBROSAS CELULOSICAS"|2|113498|88173.6
20150501|82|"BERNARDO DE YRIGOYEN"|47|"PASTA DE MADERA O DE LAS DEMAS MATERIAS FIBROSAS CELULOSICAS"|3|255372|196256.21
20150601|82|"BERNARDO DE YRIGOYEN"|47|"PASTA DE MADERA O DE LAS DEMAS MATERIAS FIBROSAS CELULOSICAS"|8|649629|501374.19
20150701|82|"BERNARDO DE YRIGOYEN"|47|"PASTA DE MADERA O DE LAS DEMAS MATERIAS FIBROSAS CELULOSICAS"|9|567493|437982.86
20150801|82|"BERNARDO DE YRIGOYEN"|47|"PASTA DE MADERA O DE LAS DEMAS MATERIAS FIBROSAS CELULOSICAS"|2|223014|175740.22
20151001|82|"BERNARDO DE YRIGOYEN"|47|"PASTA DE MADERA O DE LAS DEMAS MATERIAS FIBROSAS CELULOSICAS"|2|167260|133061.38
20151101|82|"BERNARDO DE YRIGOYEN"|47|"PASTA DE MADERA O DE LAS DEMAS MATERIAS FIBROSAS CELULOSICAS"|4|278768|222861.74
20151201|82|"BERNARDO DE YRIGOYEN"|47|"PASTA DE MADERA O DE LAS DEMAS MATERIAS FIBROSAS CELULOSICAS"|2|223014|174274.82
