"fecha_oficia"|"aduana"|"aduana_desc"|"mercaderia"|"mercaderia_desc"|"cantidad"|"kilos"|"importe"
20141001|78|"SAN RAFAEL"|72|"METALES COMUNES Y MANUFACTURAS DE ESTOS METALES"|2|123000|167610
20141101|78|"SAN RAFAEL"|72|"METALES COMUNES Y MANUFACTURAS DE ESTOS METALES"|4|147995|202756.93
20141201|78|"SAN RAFAEL"|72|"METALES COMUNES Y MANUFACTURAS DE ESTOS METALES"|5|141850|189287.05
20150101|78|"SAN RAFAEL"|72|"METALES COMUNES Y MANUFACTURAS DE ESTOS METALES"|9|195185.96|299782.2
20150201|78|"SAN RAFAEL"|72|"METALES COMUNES Y MANUFACTURAS DE ESTOS METALES"|10|293910|400340.8
20150301|78|"SAN RAFAEL"|72|"METALES COMUNES Y MANUFACTURAS DE ESTOS METALES"|12|365880|501074
20150401|78|"SAN RAFAEL"|72|"METALES COMUNES Y MANUFACTURAS DE ESTOS METALES"|7|182760|255106
20150501|78|"SAN RAFAEL"|72|"METALES COMUNES Y MANUFACTURAS DE ESTOS METALES"|10|260960|366268
20150601|78|"SAN RAFAEL"|72|"METALES COMUNES Y MANUFACTURAS DE ESTOS METALES"|7|215220|288405.75
20150701|78|"SAN RAFAEL"|72|"METALES COMUNES Y MANUFACTURAS DE ESTOS METALES"|12|312000|411840
20150801|78|"SAN RAFAEL"|72|"METALES COMUNES Y MANUFACTURAS DE ESTOS METALES"|6|131060|174976
