"fecha_oficia"|"aduana"|"aduana_desc"|"mercaderia"|"mercaderia_desc"|"cantidad"|"kilos"|"importe"
20140101|1|"BS.AS.(CAPITAL)"|5|"LOS DEMAS PRODUCTOS DE ORIGEN ANIMAL, NO EXPRESADOS NI COMPR"|199|6402798.57|6128812.64
20140201|1|"BS.AS.(CAPITAL)"|5|"LOS DEMAS PRODUCTOS DE ORIGEN ANIMAL, NO EXPRESADOS NI COMPR"|146|4885920.39|4321010.35
20140301|1|"BS.AS.(CAPITAL)"|5|"LOS DEMAS PRODUCTOS DE ORIGEN ANIMAL, NO EXPRESADOS NI COMPR"|135|4332497.5|4156182.59
20140401|1|"BS.AS.(CAPITAL)"|5|"LOS DEMAS PRODUCTOS DE ORIGEN ANIMAL, NO EXPRESADOS NI COMPR"|156|4907181.35|4405697.98
20140501|1|"BS.AS.(CAPITAL)"|5|"LOS DEMAS PRODUCTOS DE ORIGEN ANIMAL, NO EXPRESADOS NI COMPR"|134|4074804|3748355.53
20140601|1|"BS.AS.(CAPITAL)"|5|"LOS DEMAS PRODUCTOS DE ORIGEN ANIMAL, NO EXPRESADOS NI COMPR"|144|4225360|4050813.29
20140701|1|"BS.AS.(CAPITAL)"|5|"LOS DEMAS PRODUCTOS DE ORIGEN ANIMAL, NO EXPRESADOS NI COMPR"|158|4955045|4605494.85
20140801|1|"BS.AS.(CAPITAL)"|5|"LOS DEMAS PRODUCTOS DE ORIGEN ANIMAL, NO EXPRESADOS NI COMPR"|126|4243223.03|4045989.71
20140901|1|"BS.AS.(CAPITAL)"|5|"LOS DEMAS PRODUCTOS DE ORIGEN ANIMAL, NO EXPRESADOS NI COMPR"|189|5876588|5815333.91
20141001|1|"BS.AS.(CAPITAL)"|5|"LOS DEMAS PRODUCTOS DE ORIGEN ANIMAL, NO EXPRESADOS NI COMPR"|212|6771844.22|7115309.38
20141101|1|"BS.AS.(CAPITAL)"|5|"LOS DEMAS PRODUCTOS DE ORIGEN ANIMAL, NO EXPRESADOS NI COMPR"|217|6615211.61|6833803.6
20141201|1|"BS.AS.(CAPITAL)"|5|"LOS DEMAS PRODUCTOS DE ORIGEN ANIMAL, NO EXPRESADOS NI COMPR"|165|5862344.45|5197282.09
20150101|1|"BS.AS.(CAPITAL)"|5|"LOS DEMAS PRODUCTOS DE ORIGEN ANIMAL, NO EXPRESADOS NI COMPR"|211|6356337.8|5512982
20150201|1|"BS.AS.(CAPITAL)"|5|"LOS DEMAS PRODUCTOS DE ORIGEN ANIMAL, NO EXPRESADOS NI COMPR"|149|4557119.5|3881357.99
20150301|1|"BS.AS.(CAPITAL)"|5|"LOS DEMAS PRODUCTOS DE ORIGEN ANIMAL, NO EXPRESADOS NI COMPR"|146|4888420.7|4136049.39
20150401|1|"BS.AS.(CAPITAL)"|5|"LOS DEMAS PRODUCTOS DE ORIGEN ANIMAL, NO EXPRESADOS NI COMPR"|125|3807575.7|3318096.22
20150501|1|"BS.AS.(CAPITAL)"|5|"LOS DEMAS PRODUCTOS DE ORIGEN ANIMAL, NO EXPRESADOS NI COMPR"|18|531830|508293
20150601|1|"BS.AS.(CAPITAL)"|5|"LOS DEMAS PRODUCTOS DE ORIGEN ANIMAL, NO EXPRESADOS NI COMPR"|8|217800|218100
