"fecha_oficia"|"aduana"|"aduana_desc"|"mercaderia"|"mercaderia_desc"|"cantidad"|"kilos"|"importe"
20140101|78|"SAN RAFAEL"|25|"SAL; AZUFRE; TIERRAS Y PIEDRAS; YESOS, CALES Y CEMENTOS"|3|53000|8420
20140201|78|"SAN RAFAEL"|25|"SAL; AZUFRE; TIERRAS Y PIEDRAS; YESOS, CALES Y CEMENTOS"|3|100090|8375.06
20140301|78|"SAN RAFAEL"|25|"SAL; AZUFRE; TIERRAS Y PIEDRAS; YESOS, CALES Y CEMENTOS"|4|56000|11428.5
20140401|78|"SAN RAFAEL"|25|"SAL; AZUFRE; TIERRAS Y PIEDRAS; YESOS, CALES Y CEMENTOS"|1|1e+05|6500
20140501|78|"SAN RAFAEL"|25|"SAL; AZUFRE; TIERRAS Y PIEDRAS; YESOS, CALES Y CEMENTOS"|3|53000|9212
20140601|78|"SAN RAFAEL"|25|"SAL; AZUFRE; TIERRAS Y PIEDRAS; YESOS, CALES Y CEMENTOS"|4|227320|27639.38
20140701|78|"SAN RAFAEL"|25|"SAL; AZUFRE; TIERRAS Y PIEDRAS; YESOS, CALES Y CEMENTOS"|3|53000|8840
20140901|78|"SAN RAFAEL"|25|"SAL; AZUFRE; TIERRAS Y PIEDRAS; YESOS, CALES Y CEMENTOS"|3|53000|9734.5
20141001|78|"SAN RAFAEL"|25|"SAL; AZUFRE; TIERRAS Y PIEDRAS; YESOS, CALES Y CEMENTOS"|3|128000|11227.5
20141101|78|"SAN RAFAEL"|25|"SAL; AZUFRE; TIERRAS Y PIEDRAS; YESOS, CALES Y CEMENTOS"|2|28000|5622
20141201|78|"SAN RAFAEL"|25|"SAL; AZUFRE; TIERRAS Y PIEDRAS; YESOS, CALES Y CEMENTOS"|3|128000|12224.5
20150101|78|"SAN RAFAEL"|25|"SAL; AZUFRE; TIERRAS Y PIEDRAS; YESOS, CALES Y CEMENTOS"|2|125000|10150
20150201|78|"SAN RAFAEL"|25|"SAL; AZUFRE; TIERRAS Y PIEDRAS; YESOS, CALES Y CEMENTOS"|3|47711|13900.62
20150301|78|"SAN RAFAEL"|25|"SAL; AZUFRE; TIERRAS Y PIEDRAS; YESOS, CALES Y CEMENTOS"|5|81000|14204.5
20150401|78|"SAN RAFAEL"|25|"SAL; AZUFRE; TIERRAS Y PIEDRAS; YESOS, CALES Y CEMENTOS"|6|73440|24656.94
20150601|78|"SAN RAFAEL"|25|"SAL; AZUFRE; TIERRAS Y PIEDRAS; YESOS, CALES Y CEMENTOS"|1|25000|10740
20150701|78|"SAN RAFAEL"|25|"SAL; AZUFRE; TIERRAS Y PIEDRAS; YESOS, CALES Y CEMENTOS"|4|77085|19382.4
20150801|78|"SAN RAFAEL"|25|"SAL; AZUFRE; TIERRAS Y PIEDRAS; YESOS, CALES Y CEMENTOS"|2|28000|6722.4
20150901|78|"SAN RAFAEL"|25|"SAL; AZUFRE; TIERRAS Y PIEDRAS; YESOS, CALES Y CEMENTOS"|3|128000|14967.4
20151001|78|"SAN RAFAEL"|25|"SAL; AZUFRE; TIERRAS Y PIEDRAS; YESOS, CALES Y CEMENTOS"|2|175000|16450
20151101|78|"SAN RAFAEL"|25|"SAL; AZUFRE; TIERRAS Y PIEDRAS; YESOS, CALES Y CEMENTOS"|2|28150|6177.4
20151201|78|"SAN RAFAEL"|25|"SAL; AZUFRE; TIERRAS Y PIEDRAS; YESOS, CALES Y CEMENTOS"|4|278000|28626.7
