"fecha_oficia"|"aduana"|"aduana_desc"|"mercaderia"|"mercaderia_desc"|"cantidad"|"kilos"|"importe"
20150401|92|"BS.AS. SUR"|87|"VEHICULOS AUTOMOVILES, TRACTORES, VELOCIPEDOS Y DEMAS VEHICU"|188|428082.59|3376613.67
20150501|92|"BS.AS. SUR"|87|"VEHICULOS AUTOMOVILES, TRACTORES, VELOCIPEDOS Y DEMAS VEHICU"|493|1033681.71|10837737.48
20150601|92|"BS.AS. SUR"|87|"VEHICULOS AUTOMOVILES, TRACTORES, VELOCIPEDOS Y DEMAS VEHICU"|439|661542.02|6984678.43
20150701|92|"BS.AS. SUR"|87|"VEHICULOS AUTOMOVILES, TRACTORES, VELOCIPEDOS Y DEMAS VEHICU"|517|589797.84|7279224.78
20150801|92|"BS.AS. SUR"|87|"VEHICULOS AUTOMOVILES, TRACTORES, VELOCIPEDOS Y DEMAS VEHICU"|516|844525.69|8388283.3
20150901|92|"BS.AS. SUR"|87|"VEHICULOS AUTOMOVILES, TRACTORES, VELOCIPEDOS Y DEMAS VEHICU"|407|811005.03|7932894.16
20151001|92|"BS.AS. SUR"|87|"VEHICULOS AUTOMOVILES, TRACTORES, VELOCIPEDOS Y DEMAS VEHICU"|404|766485.33|7282785.88
20151101|92|"BS.AS. SUR"|87|"VEHICULOS AUTOMOVILES, TRACTORES, VELOCIPEDOS Y DEMAS VEHICU"|313|489956.05|4201501.34
20151201|92|"BS.AS. SUR"|87|"VEHICULOS AUTOMOVILES, TRACTORES, VELOCIPEDOS Y DEMAS VEHICU"|235|345184.87|3691250.94
