"fecha_oficia"|"aduana"|"aduana_desc"|"mercaderia"|"mercaderia_desc"|"cantidad"|"kilos"|"importe"
20150401|91|"BS.AS. NORTE"|83|"MANUFACTURAS DIVERSAS DE METAL COMUN"|15|3806.04|74448.37
20150501|91|"BS.AS. NORTE"|83|"MANUFACTURAS DIVERSAS DE METAL COMUN"|60|25681.03|295626.23
20150601|91|"BS.AS. NORTE"|83|"MANUFACTURAS DIVERSAS DE METAL COMUN"|46|12875.41|171066.16
20150701|91|"BS.AS. NORTE"|83|"MANUFACTURAS DIVERSAS DE METAL COMUN"|59|9102.93|124728.17
20150801|91|"BS.AS. NORTE"|83|"MANUFACTURAS DIVERSAS DE METAL COMUN"|38|3129.54|95893.54
20150901|91|"BS.AS. NORTE"|83|"MANUFACTURAS DIVERSAS DE METAL COMUN"|62|12694.42|134950.75
20151001|91|"BS.AS. NORTE"|83|"MANUFACTURAS DIVERSAS DE METAL COMUN"|62|9496.06|207036.47
20151101|91|"BS.AS. NORTE"|83|"MANUFACTURAS DIVERSAS DE METAL COMUN"|46|23587.41|265331.05
20151201|91|"BS.AS. NORTE"|83|"MANUFACTURAS DIVERSAS DE METAL COMUN"|44|5989.01|112373.13
