"fecha_oficia"|"aduana"|"aduana_desc"|"mercaderia"|"mercaderia_desc"|"cantidad"|"kilos"|"importe"
20150401|91|"BS.AS. NORTE"|23|"RESIDUOS Y DESPERDICIOS DE LAS INDUSTRIAS ALIMENTARIAS; ALIM"|29|2105589.4|1059316.03
20150501|91|"BS.AS. NORTE"|23|"RESIDUOS Y DESPERDICIOS DE LAS INDUSTRIAS ALIMENTARIAS; ALIM"|81|7503063.4|3225080.16
20150601|91|"BS.AS. NORTE"|23|"RESIDUOS Y DESPERDICIOS DE LAS INDUSTRIAS ALIMENTARIAS; ALIM"|84|8039496.45|5110587.18
20150701|91|"BS.AS. NORTE"|23|"RESIDUOS Y DESPERDICIOS DE LAS INDUSTRIAS ALIMENTARIAS; ALIM"|90|7573159.59|7013798.73
20150801|91|"BS.AS. NORTE"|23|"RESIDUOS Y DESPERDICIOS DE LAS INDUSTRIAS ALIMENTARIAS; ALIM"|84|9986125.2|7686163.46
20150901|91|"BS.AS. NORTE"|23|"RESIDUOS Y DESPERDICIOS DE LAS INDUSTRIAS ALIMENTARIAS; ALIM"|87|9494432.78|8307896.38
20151001|91|"BS.AS. NORTE"|23|"RESIDUOS Y DESPERDICIOS DE LAS INDUSTRIAS ALIMENTARIAS; ALIM"|86|8147963.3|5398600.69
20151101|91|"BS.AS. NORTE"|23|"RESIDUOS Y DESPERDICIOS DE LAS INDUSTRIAS ALIMENTARIAS; ALIM"|87|8769128.49|5353420.13
20151201|91|"BS.AS. NORTE"|23|"RESIDUOS Y DESPERDICIOS DE LAS INDUSTRIAS ALIMENTARIAS; ALIM"|76|10530707.1|4017811.82
