"fecha_oficia"|"aduana"|"aduana_desc"|"mercaderia"|"mercaderia_desc"|"cantidad"|"kilos"|"importe"
20150501|92|"BS.AS. SUR"|92|"INSTRUMENTOS MUSICALES; SUS PARTES Y ACCESORIOS"|2|187.5|8778
20150701|92|"BS.AS. SUR"|92|"INSTRUMENTOS MUSICALES; SUS PARTES Y ACCESORIOS"|5|921.92|48706.18
20150901|92|"BS.AS. SUR"|92|"INSTRUMENTOS MUSICALES; SUS PARTES Y ACCESORIOS"|3|519|12767
20151001|92|"BS.AS. SUR"|92|"INSTRUMENTOS MUSICALES; SUS PARTES Y ACCESORIOS"|1|5.89|39.87
20151201|92|"BS.AS. SUR"|92|"INSTRUMENTOS MUSICALES; SUS PARTES Y ACCESORIOS"|3|209.01|8903.68
