"fecha_oficia"|"aduana"|"aduana_desc"|"mercaderia"|"mercaderia_desc"|"cantidad"|"kilos"|"importe"
20140101|88|"GENERAL DEHEZA"|12|"SEMILLAS Y FRUTOS OLEAGINOSOS; SEMILLAS Y FRUTOS DIVERSOS; P"|425|25471919.18|32078132.04
20140201|88|"GENERAL DEHEZA"|12|"SEMILLAS Y FRUTOS OLEAGINOSOS; SEMILLAS Y FRUTOS DIVERSOS; P"|254|14686486.51|18025234.43
20140301|88|"GENERAL DEHEZA"|12|"SEMILLAS Y FRUTOS OLEAGINOSOS; SEMILLAS Y FRUTOS DIVERSOS; P"|187|11726364.49|14579846.05
20140401|88|"GENERAL DEHEZA"|12|"SEMILLAS Y FRUTOS OLEAGINOSOS; SEMILLAS Y FRUTOS DIVERSOS; P"|179|10017525|12263291.73
20140501|88|"GENERAL DEHEZA"|12|"SEMILLAS Y FRUTOS OLEAGINOSOS; SEMILLAS Y FRUTOS DIVERSOS; P"|230|14226783.96|16864378.62
20140601|88|"GENERAL DEHEZA"|12|"SEMILLAS Y FRUTOS OLEAGINOSOS; SEMILLAS Y FRUTOS DIVERSOS; P"|304|19526931.5|22075435.8
20140701|88|"GENERAL DEHEZA"|12|"SEMILLAS Y FRUTOS OLEAGINOSOS; SEMILLAS Y FRUTOS DIVERSOS; P"|568|34048796.77|37478186.58
20140801|88|"GENERAL DEHEZA"|12|"SEMILLAS Y FRUTOS OLEAGINOSOS; SEMILLAS Y FRUTOS DIVERSOS; P"|602|38181962.98|41696819.25
20140901|88|"GENERAL DEHEZA"|12|"SEMILLAS Y FRUTOS OLEAGINOSOS; SEMILLAS Y FRUTOS DIVERSOS; P"|652|42377878.78|45051497.91
20141001|88|"GENERAL DEHEZA"|12|"SEMILLAS Y FRUTOS OLEAGINOSOS; SEMILLAS Y FRUTOS DIVERSOS; P"|626|36962915.15|39200623.52
20141101|88|"GENERAL DEHEZA"|12|"SEMILLAS Y FRUTOS OLEAGINOSOS; SEMILLAS Y FRUTOS DIVERSOS; P"|469|27069260.98|29717575.04
20141201|88|"GENERAL DEHEZA"|12|"SEMILLAS Y FRUTOS OLEAGINOSOS; SEMILLAS Y FRUTOS DIVERSOS; P"|481|27174480.49|31668948.9
20150101|88|"GENERAL DEHEZA"|12|"SEMILLAS Y FRUTOS OLEAGINOSOS; SEMILLAS Y FRUTOS DIVERSOS; P"|421|25937201.12|29626561.98
20150201|88|"GENERAL DEHEZA"|12|"SEMILLAS Y FRUTOS OLEAGINOSOS; SEMILLAS Y FRUTOS DIVERSOS; P"|382|21700166.14|25496561.33
20150301|88|"GENERAL DEHEZA"|12|"SEMILLAS Y FRUTOS OLEAGINOSOS; SEMILLAS Y FRUTOS DIVERSOS; P"|292|15995530.4|18366848.29
20150401|88|"GENERAL DEHEZA"|12|"SEMILLAS Y FRUTOS OLEAGINOSOS; SEMILLAS Y FRUTOS DIVERSOS; P"|344|22198692.47|22559214.08
20150501|88|"GENERAL DEHEZA"|12|"SEMILLAS Y FRUTOS OLEAGINOSOS; SEMILLAS Y FRUTOS DIVERSOS; P"|352|24612516.19|26555714.16
20150601|88|"GENERAL DEHEZA"|12|"SEMILLAS Y FRUTOS OLEAGINOSOS; SEMILLAS Y FRUTOS DIVERSOS; P"|603|36879829.98|40332178.82
20150701|88|"GENERAL DEHEZA"|12|"SEMILLAS Y FRUTOS OLEAGINOSOS; SEMILLAS Y FRUTOS DIVERSOS; P"|719|48261039.4|52134656.17
20150801|88|"GENERAL DEHEZA"|12|"SEMILLAS Y FRUTOS OLEAGINOSOS; SEMILLAS Y FRUTOS DIVERSOS; P"|832|63053042.51|68670184.5
20150901|88|"GENERAL DEHEZA"|12|"SEMILLAS Y FRUTOS OLEAGINOSOS; SEMILLAS Y FRUTOS DIVERSOS; P"|816|55152558.95|59302381.74
20151001|88|"GENERAL DEHEZA"|12|"SEMILLAS Y FRUTOS OLEAGINOSOS; SEMILLAS Y FRUTOS DIVERSOS; P"|761|47450775.44|50417071.43
20151101|88|"GENERAL DEHEZA"|12|"SEMILLAS Y FRUTOS OLEAGINOSOS; SEMILLAS Y FRUTOS DIVERSOS; P"|725|47800257.55|49876111.5
20151201|88|"GENERAL DEHEZA"|12|"SEMILLAS Y FRUTOS OLEAGINOSOS; SEMILLAS Y FRUTOS DIVERSOS; P"|728|44897030.41|45545830.16
