"fecha_oficia"|"aduana"|"aduana_desc"|"mercaderia"|"mercaderia_desc"|"cantidad"|"kilos"|"importe"
20150401|91|"BS.AS. NORTE"|62|"PRENDAS Y COMPLEMENTOS (ACCESORIOS) DE VESTIR, EXCEPTO LOS D"|22|1654.36|144849.65
20150501|91|"BS.AS. NORTE"|62|"PRENDAS Y COMPLEMENTOS (ACCESORIOS) DE VESTIR, EXCEPTO LOS D"|20|4503.23|287638.03
20150601|91|"BS.AS. NORTE"|62|"PRENDAS Y COMPLEMENTOS (ACCESORIOS) DE VESTIR, EXCEPTO LOS D"|47|1614.42|48783.84
20150701|91|"BS.AS. NORTE"|62|"PRENDAS Y COMPLEMENTOS (ACCESORIOS) DE VESTIR, EXCEPTO LOS D"|28|838.69|37684.88
20150801|91|"BS.AS. NORTE"|62|"PRENDAS Y COMPLEMENTOS (ACCESORIOS) DE VESTIR, EXCEPTO LOS D"|15|8052.37|724823.46
20150901|91|"BS.AS. NORTE"|62|"PRENDAS Y COMPLEMENTOS (ACCESORIOS) DE VESTIR, EXCEPTO LOS D"|75|7845.53|718421.75
20151001|91|"BS.AS. NORTE"|62|"PRENDAS Y COMPLEMENTOS (ACCESORIOS) DE VESTIR, EXCEPTO LOS D"|36|7311.4|641609.84
20151101|91|"BS.AS. NORTE"|62|"PRENDAS Y COMPLEMENTOS (ACCESORIOS) DE VESTIR, EXCEPTO LOS D"|40|2378.76|74141.69
20151201|91|"BS.AS. NORTE"|62|"PRENDAS Y COMPLEMENTOS (ACCESORIOS) DE VESTIR, EXCEPTO LOS D"|69|3360.42|60770.21
