"fecha_oficia"|"aduana"|"aduana_desc"|"mercaderia"|"mercaderia_desc"|"cantidad"|"kilos"|"importe"
20140101|88|"GENERAL DEHEZA"|73|"MANUFACTURAS DE FUNDICION, HIERRO O ACERO"|4|9.75|901.88
20140201|88|"GENERAL DEHEZA"|73|"MANUFACTURAS DE FUNDICION, HIERRO O ACERO"|5|14961.04|33278.44
20140301|88|"GENERAL DEHEZA"|73|"MANUFACTURAS DE FUNDICION, HIERRO O ACERO"|26|497.74|3715.72
20140401|88|"GENERAL DEHEZA"|73|"MANUFACTURAS DE FUNDICION, HIERRO O ACERO"|1|1720|8625
20140501|88|"GENERAL DEHEZA"|73|"MANUFACTURAS DE FUNDICION, HIERRO O ACERO"|2|4.78|63.69
20140601|88|"GENERAL DEHEZA"|73|"MANUFACTURAS DE FUNDICION, HIERRO O ACERO"|3|345.36|32776.64
20140701|88|"GENERAL DEHEZA"|73|"MANUFACTURAS DE FUNDICION, HIERRO O ACERO"|15|11746.39|31552.84
20140801|88|"GENERAL DEHEZA"|73|"MANUFACTURAS DE FUNDICION, HIERRO O ACERO"|23|133.24|2045.27
20140901|88|"GENERAL DEHEZA"|73|"MANUFACTURAS DE FUNDICION, HIERRO O ACERO"|16|4752.97|43383.25
20141101|88|"GENERAL DEHEZA"|73|"MANUFACTURAS DE FUNDICION, HIERRO O ACERO"|1|3.66|44
20150101|88|"GENERAL DEHEZA"|73|"MANUFACTURAS DE FUNDICION, HIERRO O ACERO"|6|65.33|1321.68
20150201|88|"GENERAL DEHEZA"|73|"MANUFACTURAS DE FUNDICION, HIERRO O ACERO"|5|360.2|1418.88
20150301|88|"GENERAL DEHEZA"|73|"MANUFACTURAS DE FUNDICION, HIERRO O ACERO"|4|106.5|710.21
20150401|88|"GENERAL DEHEZA"|73|"MANUFACTURAS DE FUNDICION, HIERRO O ACERO"|15|424.45|5856.59
20150501|88|"GENERAL DEHEZA"|73|"MANUFACTURAS DE FUNDICION, HIERRO O ACERO"|3|299.22|1370.24
20150601|88|"GENERAL DEHEZA"|73|"MANUFACTURAS DE FUNDICION, HIERRO O ACERO"|1|1527.53|39900
20150701|88|"GENERAL DEHEZA"|73|"MANUFACTURAS DE FUNDICION, HIERRO O ACERO"|8|5423.94|240368.77
20150801|88|"GENERAL DEHEZA"|73|"MANUFACTURAS DE FUNDICION, HIERRO O ACERO"|20|138.41|1095.77
20150901|88|"GENERAL DEHEZA"|73|"MANUFACTURAS DE FUNDICION, HIERRO O ACERO"|2|2758.04|96400
20151001|88|"GENERAL DEHEZA"|73|"MANUFACTURAS DE FUNDICION, HIERRO O ACERO"|1|0.7|37.3
20151101|88|"GENERAL DEHEZA"|73|"MANUFACTURAS DE FUNDICION, HIERRO O ACERO"|8|311.09|1733.96
