"fecha_oficia"|"aduana"|"aduana_desc"|"mercaderia"|"mercaderia_desc"|"cantidad"|"kilos"|"importe"
20150501|92|"BS.AS. SUR"|53|"LAS DEMAS FIBRAS TEXTILES VEGETALES; HILADOS DE PAPEL Y TEJI"|2|13.88|449.66
20150601|92|"BS.AS. SUR"|53|"LAS DEMAS FIBRAS TEXTILES VEGETALES; HILADOS DE PAPEL Y TEJI"|2|201.49|10225
20150901|92|"BS.AS. SUR"|53|"LAS DEMAS FIBRAS TEXTILES VEGETALES; HILADOS DE PAPEL Y TEJI"|2|95.23|673.89
20151101|92|"BS.AS. SUR"|53|"LAS DEMAS FIBRAS TEXTILES VEGETALES; HILADOS DE PAPEL Y TEJI"|1|5.49|77.79
20151201|92|"BS.AS. SUR"|53|"LAS DEMAS FIBRAS TEXTILES VEGETALES; HILADOS DE PAPEL Y TEJI"|2|1794.86|5662.22
