"fecha_oficia"|"aduana"|"aduana_desc"|"mercaderia"|"mercaderia_desc"|"cantidad"|"kilos"|"importe"
20140101|83|"SAN LUIS"|16|"PREPARACIONES DE CARNE, PESCADO O DE CRUSTACEOS, MOLUSCOS O "|18|119100.02|315285.37
20140201|83|"SAN LUIS"|16|"PREPARACIONES DE CARNE, PESCADO O DE CRUSTACEOS, MOLUSCOS O "|15|126718.13|386282.6
20140301|83|"SAN LUIS"|16|"PREPARACIONES DE CARNE, PESCADO O DE CRUSTACEOS, MOLUSCOS O "|13|109789.34|321399.73
20140401|83|"SAN LUIS"|16|"PREPARACIONES DE CARNE, PESCADO O DE CRUSTACEOS, MOLUSCOS O "|14|107502.29|417500.4
20140501|83|"SAN LUIS"|16|"PREPARACIONES DE CARNE, PESCADO O DE CRUSTACEOS, MOLUSCOS O "|15|163174.73|539257.52
20140601|83|"SAN LUIS"|16|"PREPARACIONES DE CARNE, PESCADO O DE CRUSTACEOS, MOLUSCOS O "|9|115316.36|342558.12
20140701|83|"SAN LUIS"|16|"PREPARACIONES DE CARNE, PESCADO O DE CRUSTACEOS, MOLUSCOS O "|8|142596.62|503901.14
20140801|83|"SAN LUIS"|16|"PREPARACIONES DE CARNE, PESCADO O DE CRUSTACEOS, MOLUSCOS O "|9|120302.89|387053.83
20140901|83|"SAN LUIS"|16|"PREPARACIONES DE CARNE, PESCADO O DE CRUSTACEOS, MOLUSCOS O "|10|163347|573422.51
20141001|83|"SAN LUIS"|16|"PREPARACIONES DE CARNE, PESCADO O DE CRUSTACEOS, MOLUSCOS O "|11|183734.66|663884.54
20141101|83|"SAN LUIS"|16|"PREPARACIONES DE CARNE, PESCADO O DE CRUSTACEOS, MOLUSCOS O "|12|170763.62|613763.22
20141201|83|"SAN LUIS"|16|"PREPARACIONES DE CARNE, PESCADO O DE CRUSTACEOS, MOLUSCOS O "|7|83546.17|302591.93
20150101|83|"SAN LUIS"|16|"PREPARACIONES DE CARNE, PESCADO O DE CRUSTACEOS, MOLUSCOS O "|5|66540.04|261573.32
20150201|83|"SAN LUIS"|16|"PREPARACIONES DE CARNE, PESCADO O DE CRUSTACEOS, MOLUSCOS O "|7|135513.59|411051.5
20150301|83|"SAN LUIS"|16|"PREPARACIONES DE CARNE, PESCADO O DE CRUSTACEOS, MOLUSCOS O "|9|163446.46|584135.41
20150401|83|"SAN LUIS"|16|"PREPARACIONES DE CARNE, PESCADO O DE CRUSTACEOS, MOLUSCOS O "|8|129371.98|397337.16
20150501|83|"SAN LUIS"|16|"PREPARACIONES DE CARNE, PESCADO O DE CRUSTACEOS, MOLUSCOS O "|6|128698.9|382778.91
20150601|83|"SAN LUIS"|16|"PREPARACIONES DE CARNE, PESCADO O DE CRUSTACEOS, MOLUSCOS O "|8|122508.86|348604.01
20150701|83|"SAN LUIS"|16|"PREPARACIONES DE CARNE, PESCADO O DE CRUSTACEOS, MOLUSCOS O "|3|30731.1|98157.47
20150801|83|"SAN LUIS"|16|"PREPARACIONES DE CARNE, PESCADO O DE CRUSTACEOS, MOLUSCOS O "|8|138730.4|369488.33
20150901|83|"SAN LUIS"|16|"PREPARACIONES DE CARNE, PESCADO O DE CRUSTACEOS, MOLUSCOS O "|8|150153.19|364286.87
20151001|83|"SAN LUIS"|16|"PREPARACIONES DE CARNE, PESCADO O DE CRUSTACEOS, MOLUSCOS O "|8|116419.9|263477.84
20151101|83|"SAN LUIS"|16|"PREPARACIONES DE CARNE, PESCADO O DE CRUSTACEOS, MOLUSCOS O "|5|57711.02|181714.15
20151201|83|"SAN LUIS"|16|"PREPARACIONES DE CARNE, PESCADO O DE CRUSTACEOS, MOLUSCOS O "|7|142842.14|315413.03
