"fecha_oficia"|"aduana"|"aduana_desc"|"mercaderia"|"mercaderia_desc"|"cantidad"|"kilos"|"importe"
20150401|92|"BS.AS. SUR"|24|"TABACO Y SUCEDANEOS DEL TABACO, ELABORADOS"|4|75477.97|573520.03
20150501|92|"BS.AS. SUR"|24|"TABACO Y SUCEDANEOS DEL TABACO, ELABORADOS"|22|298687.27|3168456.38
20150601|92|"BS.AS. SUR"|24|"TABACO Y SUCEDANEOS DEL TABACO, ELABORADOS"|22|496033.06|3591818.25
20150701|92|"BS.AS. SUR"|24|"TABACO Y SUCEDANEOS DEL TABACO, ELABORADOS"|23|660591.13|4839026.53
20150801|92|"BS.AS. SUR"|24|"TABACO Y SUCEDANEOS DEL TABACO, ELABORADOS"|29|522762.3|4197889.71
20150901|92|"BS.AS. SUR"|24|"TABACO Y SUCEDANEOS DEL TABACO, ELABORADOS"|38|716172.47|5513500.17
20151001|92|"BS.AS. SUR"|24|"TABACO Y SUCEDANEOS DEL TABACO, ELABORADOS"|19|448696.77|2881510.67
20151101|92|"BS.AS. SUR"|24|"TABACO Y SUCEDANEOS DEL TABACO, ELABORADOS"|19|323463.1|2583897.79
20151201|92|"BS.AS. SUR"|24|"TABACO Y SUCEDANEOS DEL TABACO, ELABORADOS"|19|314856.07|2517360.95
