"fecha_oficia"|"aduana"|"aduana_desc"|"mercaderia"|"mercaderia_desc"|"cantidad"|"kilos"|"importe"
20140101|88|"GENERAL DEHEZA"|85|"MAQUINAS, APARATOS Y MATERIAL ELECTRICO, Y SUS PARTES; APARA"|3|21.29|282.93
20140201|88|"GENERAL DEHEZA"|85|"MAQUINAS, APARATOS Y MATERIAL ELECTRICO, Y SUS PARTES; APARA"|8|22542.5|230348.5
20140301|88|"GENERAL DEHEZA"|85|"MAQUINAS, APARATOS Y MATERIAL ELECTRICO, Y SUS PARTES; APARA"|1|101733.6|842282.77
20140401|88|"GENERAL DEHEZA"|85|"MAQUINAS, APARATOS Y MATERIAL ELECTRICO, Y SUS PARTES; APARA"|1|450|26000
20140501|88|"GENERAL DEHEZA"|85|"MAQUINAS, APARATOS Y MATERIAL ELECTRICO, Y SUS PARTES; APARA"|1|6.64|80
20140601|88|"GENERAL DEHEZA"|85|"MAQUINAS, APARATOS Y MATERIAL ELECTRICO, Y SUS PARTES; APARA"|4|4835|10100
20140701|88|"GENERAL DEHEZA"|85|"MAQUINAS, APARATOS Y MATERIAL ELECTRICO, Y SUS PARTES; APARA"|8|54|1077.94
20141001|88|"GENERAL DEHEZA"|85|"MAQUINAS, APARATOS Y MATERIAL ELECTRICO, Y SUS PARTES; APARA"|4|4835|10100
20150701|88|"GENERAL DEHEZA"|85|"MAQUINAS, APARATOS Y MATERIAL ELECTRICO, Y SUS PARTES; APARA"|1|1709.59|79600
