"fecha_oficia"|"aduana"|"aduana_desc"|"mercaderia"|"mercaderia_desc"|"cantidad"|"kilos"|"importe"
20140201|88|"GENERAL DEHEZA"|40|"CAUCHO Y SUS MANUFACTURAS"|2|25.26|532.1
20140301|88|"GENERAL DEHEZA"|40|"CAUCHO Y SUS MANUFACTURAS"|5|80.44|736.7
20140401|88|"GENERAL DEHEZA"|40|"CAUCHO Y SUS MANUFACTURAS"|2|1.8|350.75
20140501|88|"GENERAL DEHEZA"|40|"CAUCHO Y SUS MANUFACTURAS"|1|6.93|92.38
20140701|88|"GENERAL DEHEZA"|40|"CAUCHO Y SUS MANUFACTURAS"|1|30|167.68
20140801|88|"GENERAL DEHEZA"|40|"CAUCHO Y SUS MANUFACTURAS"|5|43.16|1116.2
20140901|88|"GENERAL DEHEZA"|40|"CAUCHO Y SUS MANUFACTURAS"|1|5.92|94.74
20141101|88|"GENERAL DEHEZA"|40|"CAUCHO Y SUS MANUFACTURAS"|1|17.98|216
20150101|88|"GENERAL DEHEZA"|40|"CAUCHO Y SUS MANUFACTURAS"|2|5.83|117.84
20150201|88|"GENERAL DEHEZA"|40|"CAUCHO Y SUS MANUFACTURAS"|4|809.33|5367.82
20150401|88|"GENERAL DEHEZA"|40|"CAUCHO Y SUS MANUFACTURAS"|1|6.65|80.28
20150501|88|"GENERAL DEHEZA"|40|"CAUCHO Y SUS MANUFACTURAS"|1|373.77|1711.6
20150701|88|"GENERAL DEHEZA"|40|"CAUCHO Y SUS MANUFACTURAS"|2|7.16|250.64
20150801|88|"GENERAL DEHEZA"|40|"CAUCHO Y SUS MANUFACTURAS"|1|0.05|4.92
20150901|88|"GENERAL DEHEZA"|40|"CAUCHO Y SUS MANUFACTURAS"|1|0.72|16.92
20151101|88|"GENERAL DEHEZA"|40|"CAUCHO Y SUS MANUFACTURAS"|2|493.71|2888.55
20151201|88|"GENERAL DEHEZA"|40|"CAUCHO Y SUS MANUFACTURAS"|2|140.95|1299.46
