"fecha_oficia"|"aduana"|"aduana_desc"|"mercaderia"|"mercaderia_desc"|"cantidad"|"kilos"|"importe"
20150401|92|"BS.AS. SUR"|72|"METALES COMUNES Y MANUFACTURAS DE ESTOS METALES"|37|1339508|2218686.25
20150501|92|"BS.AS. SUR"|72|"METALES COMUNES Y MANUFACTURAS DE ESTOS METALES"|143|4256841.93|5030449.21
20150601|92|"BS.AS. SUR"|72|"METALES COMUNES Y MANUFACTURAS DE ESTOS METALES"|137|4485231.51|5214393.03
20150701|92|"BS.AS. SUR"|72|"METALES COMUNES Y MANUFACTURAS DE ESTOS METALES"|115|2725479.31|3505462.32
20150801|92|"BS.AS. SUR"|72|"METALES COMUNES Y MANUFACTURAS DE ESTOS METALES"|120|3313213.78|3099289.77
20150901|92|"BS.AS. SUR"|72|"METALES COMUNES Y MANUFACTURAS DE ESTOS METALES"|144|3952691.89|3164209.33
20151001|92|"BS.AS. SUR"|72|"METALES COMUNES Y MANUFACTURAS DE ESTOS METALES"|84|1765039.26|1816961.04
20151101|92|"BS.AS. SUR"|72|"METALES COMUNES Y MANUFACTURAS DE ESTOS METALES"|94|2834815.47|2491015.91
20151201|92|"BS.AS. SUR"|72|"METALES COMUNES Y MANUFACTURAS DE ESTOS METALES"|71|2181880.8|2352070.31
