"fecha_oficia"|"aduana"|"aduana_desc"|"mercaderia"|"mercaderia_desc"|"cantidad"|"kilos"|"importe"
20140101|84|"SANTO TOME"|76|"ALUMINIO Y SUS MANUFACTURAS"|2|409.19|5869.05
20140201|84|"SANTO TOME"|76|"ALUMINIO Y SUS MANUFACTURAS"|1|33.24|861
20140401|84|"SANTO TOME"|76|"ALUMINIO Y SUS MANUFACTURAS"|2|64.19|1643.6
20140501|84|"SANTO TOME"|76|"ALUMINIO Y SUS MANUFACTURAS"|1|45.25|1862.7
20140601|84|"SANTO TOME"|76|"ALUMINIO Y SUS MANUFACTURAS"|1|44.35|1193.5
20140901|84|"SANTO TOME"|76|"ALUMINIO Y SUS MANUFACTURAS"|1|27.04|156.78
20141001|84|"SANTO TOME"|76|"ALUMINIO Y SUS MANUFACTURAS"|2|128.05|2548.28
