"fecha_oficia"|"aduana"|"aduana_desc"|"mercaderia"|"mercaderia_desc"|"cantidad"|"kilos"|"importe"
20140101|83|"SAN LUIS"|35|"MATERIAS ALBUMINOIDEAS; PRODUCTOS A BASE DE ALMIDON O DE FEC"|1|158400|83603.52
20140201|83|"SAN LUIS"|35|"MATERIAS ALBUMINOIDEAS; PRODUCTOS A BASE DE ALMIDON O DE FEC"|5|355300|216783.6
20140301|83|"SAN LUIS"|35|"MATERIAS ALBUMINOIDEAS; PRODUCTOS A BASE DE ALMIDON O DE FEC"|1|52800|34003.2
20140401|83|"SAN LUIS"|35|"MATERIAS ALBUMINOIDEAS; PRODUCTOS A BASE DE ALMIDON O DE FEC"|9|737950|434246.05
20140501|83|"SAN LUIS"|35|"MATERIAS ALBUMINOIDEAS; PRODUCTOS A BASE DE ALMIDON O DE FEC"|2|165000|90035
20140601|83|"SAN LUIS"|35|"MATERIAS ALBUMINOIDEAS; PRODUCTOS A BASE DE ALMIDON O DE FEC"|2|132000|72468
20140701|83|"SAN LUIS"|35|"MATERIAS ALBUMINOIDEAS; PRODUCTOS A BASE DE ALMIDON O DE FEC"|2|51700|28383.3
20140801|83|"SAN LUIS"|35|"MATERIAS ALBUMINOIDEAS; PRODUCTOS A BASE DE ALMIDON O DE FEC"|6|493900|286199.1
20140901|83|"SAN LUIS"|35|"MATERIAS ALBUMINOIDEAS; PRODUCTOS A BASE DE ALMIDON O DE FEC"|6|382800|226019.2
20141001|83|"SAN LUIS"|35|"MATERIAS ALBUMINOIDEAS; PRODUCTOS A BASE DE ALMIDON O DE FEC"|1|104400|67233.6
20141101|83|"SAN LUIS"|35|"MATERIAS ALBUMINOIDEAS; PRODUCTOS A BASE DE ALMIDON O DE FEC"|4|260700|151253.3
20141201|83|"SAN LUIS"|35|"MATERIAS ALBUMINOIDEAS; PRODUCTOS A BASE DE ALMIDON O DE FEC"|4|440000|254705
20150101|83|"SAN LUIS"|35|"MATERIAS ALBUMINOIDEAS; PRODUCTOS A BASE DE ALMIDON O DE FEC"|3|283800|160822.2
20150201|83|"SAN LUIS"|35|"MATERIAS ALBUMINOIDEAS; PRODUCTOS A BASE DE ALMIDON O DE FEC"|1|55000|30800
20150301|83|"SAN LUIS"|35|"MATERIAS ALBUMINOIDEAS; PRODUCTOS A BASE DE ALMIDON O DE FEC"|8|399000|233880.5
20150401|83|"SAN LUIS"|35|"MATERIAS ALBUMINOIDEAS; PRODUCTOS A BASE DE ALMIDON O DE FEC"|6|533500|305448
20150501|83|"SAN LUIS"|35|"MATERIAS ALBUMINOIDEAS; PRODUCTOS A BASE DE ALMIDON O DE FEC"|3|308000|172606.5
20150601|83|"SAN LUIS"|35|"MATERIAS ALBUMINOIDEAS; PRODUCTOS A BASE DE ALMIDON O DE FEC"|4|316800|168141.6
20150701|83|"SAN LUIS"|35|"MATERIAS ALBUMINOIDEAS; PRODUCTOS A BASE DE ALMIDON O DE FEC"|9|635100|355305.42
20150801|83|"SAN LUIS"|35|"MATERIAS ALBUMINOIDEAS; PRODUCTOS A BASE DE ALMIDON O DE FEC"|3|268400|159122.48
20150901|83|"SAN LUIS"|35|"MATERIAS ALBUMINOIDEAS; PRODUCTOS A BASE DE ALMIDON O DE FEC"|5|396000|231871.64
20151001|83|"SAN LUIS"|35|"MATERIAS ALBUMINOIDEAS; PRODUCTOS A BASE DE ALMIDON O DE FEC"|6|435000|231328.36
20151101|83|"SAN LUIS"|35|"MATERIAS ALBUMINOIDEAS; PRODUCTOS A BASE DE ALMIDON O DE FEC"|5|407000|227513.5
20151201|83|"SAN LUIS"|35|"MATERIAS ALBUMINOIDEAS; PRODUCTOS A BASE DE ALMIDON O DE FEC"|2|93500|49395.5
