"fecha_oficia"|"aduana"|"aduana_desc"|"mercaderia"|"mercaderia_desc"|"cantidad"|"kilos"|"importe"
20140101|85|"VILLA REGINA"|8|"FRUTAS Y FRUTOS COMESTIBLES; CORTEZAS DE AGRIOS(CITRICOS), M"|501|10872121.3|10692905.06
20140201|85|"VILLA REGINA"|8|"FRUTAS Y FRUTOS COMESTIBLES; CORTEZAS DE AGRIOS(CITRICOS), M"|762|16951877.46|16491130.56
20140301|85|"VILLA REGINA"|8|"FRUTAS Y FRUTOS COMESTIBLES; CORTEZAS DE AGRIOS(CITRICOS), M"|858|18404241.72|17618104.97
20140401|85|"VILLA REGINA"|8|"FRUTAS Y FRUTOS COMESTIBLES; CORTEZAS DE AGRIOS(CITRICOS), M"|780|17069411.23|16359728.63
20140501|85|"VILLA REGINA"|8|"FRUTAS Y FRUTOS COMESTIBLES; CORTEZAS DE AGRIOS(CITRICOS), M"|709|15408176.39|14746967.59
20140601|85|"VILLA REGINA"|8|"FRUTAS Y FRUTOS COMESTIBLES; CORTEZAS DE AGRIOS(CITRICOS), M"|578|12213358.27|11963423.48
20140701|85|"VILLA REGINA"|8|"FRUTAS Y FRUTOS COMESTIBLES; CORTEZAS DE AGRIOS(CITRICOS), M"|725|15533736.96|15360532.97
20140801|85|"VILLA REGINA"|8|"FRUTAS Y FRUTOS COMESTIBLES; CORTEZAS DE AGRIOS(CITRICOS), M"|604|13010519.5|12391798.22
20140901|85|"VILLA REGINA"|8|"FRUTAS Y FRUTOS COMESTIBLES; CORTEZAS DE AGRIOS(CITRICOS), M"|448|9508993.7|9008227.39
20141001|85|"VILLA REGINA"|8|"FRUTAS Y FRUTOS COMESTIBLES; CORTEZAS DE AGRIOS(CITRICOS), M"|362|7850730.9|7650034.69
20141101|85|"VILLA REGINA"|8|"FRUTAS Y FRUTOS COMESTIBLES; CORTEZAS DE AGRIOS(CITRICOS), M"|304|6794960.5|6777273.21
20141201|85|"VILLA REGINA"|8|"FRUTAS Y FRUTOS COMESTIBLES; CORTEZAS DE AGRIOS(CITRICOS), M"|190|4011963.7|4152154.24
20150101|85|"VILLA REGINA"|8|"FRUTAS Y FRUTOS COMESTIBLES; CORTEZAS DE AGRIOS(CITRICOS), M"|357|7450360|7055543.9
20150201|85|"VILLA REGINA"|8|"FRUTAS Y FRUTOS COMESTIBLES; CORTEZAS DE AGRIOS(CITRICOS), M"|541|12342158.96|11486175.78
20150301|85|"VILLA REGINA"|8|"FRUTAS Y FRUTOS COMESTIBLES; CORTEZAS DE AGRIOS(CITRICOS), M"|728|16511570.5|14383603.1
20150401|85|"VILLA REGINA"|8|"FRUTAS Y FRUTOS COMESTIBLES; CORTEZAS DE AGRIOS(CITRICOS), M"|638|14712628.5|13331755.4
20150501|85|"VILLA REGINA"|8|"FRUTAS Y FRUTOS COMESTIBLES; CORTEZAS DE AGRIOS(CITRICOS), M"|396|9211501.9|8177168.47
20150601|85|"VILLA REGINA"|8|"FRUTAS Y FRUTOS COMESTIBLES; CORTEZAS DE AGRIOS(CITRICOS), M"|399|8813922.2|7517157.07
20150701|85|"VILLA REGINA"|8|"FRUTAS Y FRUTOS COMESTIBLES; CORTEZAS DE AGRIOS(CITRICOS), M"|497|10546472.2|8851492.07
20150801|85|"VILLA REGINA"|8|"FRUTAS Y FRUTOS COMESTIBLES; CORTEZAS DE AGRIOS(CITRICOS), M"|449|9516940.1|8228268.68
20150901|85|"VILLA REGINA"|8|"FRUTAS Y FRUTOS COMESTIBLES; CORTEZAS DE AGRIOS(CITRICOS), M"|382|8183424.2|6659185.09
20151001|85|"VILLA REGINA"|8|"FRUTAS Y FRUTOS COMESTIBLES; CORTEZAS DE AGRIOS(CITRICOS), M"|327|6984957.09|5523068.46
20151101|85|"VILLA REGINA"|8|"FRUTAS Y FRUTOS COMESTIBLES; CORTEZAS DE AGRIOS(CITRICOS), M"|283|6065209.2|4708442.18
20151201|85|"VILLA REGINA"|8|"FRUTAS Y FRUTOS COMESTIBLES; CORTEZAS DE AGRIOS(CITRICOS), M"|242|5671144.2|4362421.16
