"fecha_oficia"|"aduana"|"aduana_desc"|"mercaderia"|"mercaderia_desc"|"cantidad"|"kilos"|"importe"
20140201|49|"RIO GRANDE"|85|"MAQUINAS, APARATOS Y MATERIAL ELECTRICO, Y SUS PARTES; APARA"|5|319.13|49313.59
20140301|49|"RIO GRANDE"|85|"MAQUINAS, APARATOS Y MATERIAL ELECTRICO, Y SUS PARTES; APARA"|6|99.56|17495.34
20140401|49|"RIO GRANDE"|85|"MAQUINAS, APARATOS Y MATERIAL ELECTRICO, Y SUS PARTES; APARA"|3|354.91|22930.32
20140501|49|"RIO GRANDE"|85|"MAQUINAS, APARATOS Y MATERIAL ELECTRICO, Y SUS PARTES; APARA"|5|1232.5|447312.22
20140601|49|"RIO GRANDE"|85|"MAQUINAS, APARATOS Y MATERIAL ELECTRICO, Y SUS PARTES; APARA"|2|86.1|285123.9
20140701|49|"RIO GRANDE"|85|"MAQUINAS, APARATOS Y MATERIAL ELECTRICO, Y SUS PARTES; APARA"|28|117.54|799433.42
20140801|49|"RIO GRANDE"|85|"MAQUINAS, APARATOS Y MATERIAL ELECTRICO, Y SUS PARTES; APARA"|6|109.86|2375467.78
20140901|49|"RIO GRANDE"|85|"MAQUINAS, APARATOS Y MATERIAL ELECTRICO, Y SUS PARTES; APARA"|24|812.379|893641.73
20141001|49|"RIO GRANDE"|85|"MAQUINAS, APARATOS Y MATERIAL ELECTRICO, Y SUS PARTES; APARA"|5|755.76|260759.34
20141101|49|"RIO GRANDE"|85|"MAQUINAS, APARATOS Y MATERIAL ELECTRICO, Y SUS PARTES; APARA"|5|50.08|1027774.01
20141201|49|"RIO GRANDE"|85|"MAQUINAS, APARATOS Y MATERIAL ELECTRICO, Y SUS PARTES; APARA"|17|218.759|50109.67
20150201|49|"RIO GRANDE"|85|"MAQUINAS, APARATOS Y MATERIAL ELECTRICO, Y SUS PARTES; APARA"|4|80.18|6006.15
20150301|49|"RIO GRANDE"|85|"MAQUINAS, APARATOS Y MATERIAL ELECTRICO, Y SUS PARTES; APARA"|69|38124.613|252835.95
20150401|49|"RIO GRANDE"|85|"MAQUINAS, APARATOS Y MATERIAL ELECTRICO, Y SUS PARTES; APARA"|47|313.072|97501.68
20150501|49|"RIO GRANDE"|85|"MAQUINAS, APARATOS Y MATERIAL ELECTRICO, Y SUS PARTES; APARA"|15|222.783|41880.36
20150601|49|"RIO GRANDE"|85|"MAQUINAS, APARATOS Y MATERIAL ELECTRICO, Y SUS PARTES; APARA"|9|318.55|46526.16
20150701|49|"RIO GRANDE"|85|"MAQUINAS, APARATOS Y MATERIAL ELECTRICO, Y SUS PARTES; APARA"|4|331.67|23969.39
20150801|49|"RIO GRANDE"|85|"MAQUINAS, APARATOS Y MATERIAL ELECTRICO, Y SUS PARTES; APARA"|4|37.46|8980.94
20150901|49|"RIO GRANDE"|85|"MAQUINAS, APARATOS Y MATERIAL ELECTRICO, Y SUS PARTES; APARA"|20|150.5|123305.84
20151001|49|"RIO GRANDE"|85|"MAQUINAS, APARATOS Y MATERIAL ELECTRICO, Y SUS PARTES; APARA"|28|312.23|76593.85
20151101|49|"RIO GRANDE"|85|"MAQUINAS, APARATOS Y MATERIAL ELECTRICO, Y SUS PARTES; APARA"|7|60.143|73851.78
20151201|49|"RIO GRANDE"|85|"MAQUINAS, APARATOS Y MATERIAL ELECTRICO, Y SUS PARTES; APARA"|13|240.93|62598.06
