"fecha_oficia"|"aduana"|"aduana_desc"|"mercaderia"|"mercaderia_desc"|"cantidad"|"kilos"|"importe"
20140101|79|"LA RIOJA"|20|"PREPARACIONES DE HORTALIZAS, FRUTAS U OTROS FRUTOS O DEMAS P"|169|2029449.79|3028470.53
20140201|79|"LA RIOJA"|20|"PREPARACIONES DE HORTALIZAS, FRUTAS U OTROS FRUTOS O DEMAS P"|186|2384442.64|3477431.19
20140301|79|"LA RIOJA"|20|"PREPARACIONES DE HORTALIZAS, FRUTAS U OTROS FRUTOS O DEMAS P"|155|2101140.05|3058537.17
20140401|79|"LA RIOJA"|20|"PREPARACIONES DE HORTALIZAS, FRUTAS U OTROS FRUTOS O DEMAS P"|177|2035174.07|3304014.6
20140501|79|"LA RIOJA"|20|"PREPARACIONES DE HORTALIZAS, FRUTAS U OTROS FRUTOS O DEMAS P"|163|1993312.72|3523376.27
20140601|79|"LA RIOJA"|20|"PREPARACIONES DE HORTALIZAS, FRUTAS U OTROS FRUTOS O DEMAS P"|203|2298393.76|4077125.89
20140701|79|"LA RIOJA"|20|"PREPARACIONES DE HORTALIZAS, FRUTAS U OTROS FRUTOS O DEMAS P"|185|1502580.4|3036719.62
20140801|79|"LA RIOJA"|20|"PREPARACIONES DE HORTALIZAS, FRUTAS U OTROS FRUTOS O DEMAS P"|191|2017681.08|3664223.96
20140901|79|"LA RIOJA"|20|"PREPARACIONES DE HORTALIZAS, FRUTAS U OTROS FRUTOS O DEMAS P"|166|1886729.72|3500873.04
20141001|79|"LA RIOJA"|20|"PREPARACIONES DE HORTALIZAS, FRUTAS U OTROS FRUTOS O DEMAS P"|201|1985441.24|3792738.43
20141101|79|"LA RIOJA"|20|"PREPARACIONES DE HORTALIZAS, FRUTAS U OTROS FRUTOS O DEMAS P"|148|1452005.82|2672657.99
20141201|79|"LA RIOJA"|20|"PREPARACIONES DE HORTALIZAS, FRUTAS U OTROS FRUTOS O DEMAS P"|114|841293.4|1661631.27
20150101|79|"LA RIOJA"|20|"PREPARACIONES DE HORTALIZAS, FRUTAS U OTROS FRUTOS O DEMAS P"|37|440783.02|800203.73
20150201|79|"LA RIOJA"|20|"PREPARACIONES DE HORTALIZAS, FRUTAS U OTROS FRUTOS O DEMAS P"|107|982937.46|1897245.55
20150301|79|"LA RIOJA"|20|"PREPARACIONES DE HORTALIZAS, FRUTAS U OTROS FRUTOS O DEMAS P"|85|723304.4|1242887.5
20150401|79|"LA RIOJA"|20|"PREPARACIONES DE HORTALIZAS, FRUTAS U OTROS FRUTOS O DEMAS P"|112|1391073.88|2187685.11
20150501|79|"LA RIOJA"|20|"PREPARACIONES DE HORTALIZAS, FRUTAS U OTROS FRUTOS O DEMAS P"|90|956361.24|1526892.65
20150601|79|"LA RIOJA"|20|"PREPARACIONES DE HORTALIZAS, FRUTAS U OTROS FRUTOS O DEMAS P"|208|2080113.52|3186507.68
20150701|79|"LA RIOJA"|20|"PREPARACIONES DE HORTALIZAS, FRUTAS U OTROS FRUTOS O DEMAS P"|170|1946953.04|2765532.92
20150801|79|"LA RIOJA"|20|"PREPARACIONES DE HORTALIZAS, FRUTAS U OTROS FRUTOS O DEMAS P"|172|1921055.06|2811810.38
20150901|79|"LA RIOJA"|20|"PREPARACIONES DE HORTALIZAS, FRUTAS U OTROS FRUTOS O DEMAS P"|247|2760286.96|3769267.18
20151001|79|"LA RIOJA"|20|"PREPARACIONES DE HORTALIZAS, FRUTAS U OTROS FRUTOS O DEMAS P"|270|4006523.46|4867222.24
20151101|79|"LA RIOJA"|20|"PREPARACIONES DE HORTALIZAS, FRUTAS U OTROS FRUTOS O DEMAS P"|260|3677455.18|4543308.33
20151201|79|"LA RIOJA"|20|"PREPARACIONES DE HORTALIZAS, FRUTAS U OTROS FRUTOS O DEMAS P"|222|2975688.68|3593791.27
