"fecha_oficia"|"aduana"|"aduana_desc"|"mercaderia"|"mercaderia_desc"|"cantidad"|"kilos"|"importe"
20150401|91|"BS.AS. NORTE"|96|"MANUFACTURAS DIVERSAS"|12|18450.3|152040.25
20150501|91|"BS.AS. NORTE"|96|"MANUFACTURAS DIVERSAS"|63|120600.95|854848.71
20150601|91|"BS.AS. NORTE"|96|"MANUFACTURAS DIVERSAS"|57|92502.61|620895.5
20150701|91|"BS.AS. NORTE"|96|"MANUFACTURAS DIVERSAS"|39|86570.77|534889.75
20150801|91|"BS.AS. NORTE"|96|"MANUFACTURAS DIVERSAS"|42|83847.27|571425.71
20150901|91|"BS.AS. NORTE"|96|"MANUFACTURAS DIVERSAS"|48|67375.01|579750.25
20151001|91|"BS.AS. NORTE"|96|"MANUFACTURAS DIVERSAS"|45|60204.8|496563.08
20151101|91|"BS.AS. NORTE"|96|"MANUFACTURAS DIVERSAS"|38|44224.11|395561
20151201|91|"BS.AS. NORTE"|96|"MANUFACTURAS DIVERSAS"|35|43279.583|294944.22
