"fecha_oficia"|"aduana"|"aduana_desc"|"mercaderia"|"mercaderia_desc"|"cantidad"|"kilos"|"importe"
20140101|83|"SAN LUIS"|84|"REACTORES NUCLEARES, CALDERAS, MAQUINAS, APARATOS Y ARTEFACT"|13|92412.36|366242.18
20140201|83|"SAN LUIS"|84|"REACTORES NUCLEARES, CALDERAS, MAQUINAS, APARATOS Y ARTEFACT"|51|386589.03|1403763.42
20140301|83|"SAN LUIS"|84|"REACTORES NUCLEARES, CALDERAS, MAQUINAS, APARATOS Y ARTEFACT"|31|240940.61|912671.53
20140401|83|"SAN LUIS"|84|"REACTORES NUCLEARES, CALDERAS, MAQUINAS, APARATOS Y ARTEFACT"|20|84365.64|524173.5
20140501|83|"SAN LUIS"|84|"REACTORES NUCLEARES, CALDERAS, MAQUINAS, APARATOS Y ARTEFACT"|45|239156.52|1157098.39
20140601|83|"SAN LUIS"|84|"REACTORES NUCLEARES, CALDERAS, MAQUINAS, APARATOS Y ARTEFACT"|30|245705.66|974698.69
20140701|83|"SAN LUIS"|84|"REACTORES NUCLEARES, CALDERAS, MAQUINAS, APARATOS Y ARTEFACT"|32|100219.93|423157.5
20140801|83|"SAN LUIS"|84|"REACTORES NUCLEARES, CALDERAS, MAQUINAS, APARATOS Y ARTEFACT"|23|108857.38|537434.63
20140901|83|"SAN LUIS"|84|"REACTORES NUCLEARES, CALDERAS, MAQUINAS, APARATOS Y ARTEFACT"|23|259509.25|1396460.94
20141001|83|"SAN LUIS"|84|"REACTORES NUCLEARES, CALDERAS, MAQUINAS, APARATOS Y ARTEFACT"|17|92542.9|469903.82
20141101|83|"SAN LUIS"|84|"REACTORES NUCLEARES, CALDERAS, MAQUINAS, APARATOS Y ARTEFACT"|25|60762.63|320246.06
20141201|83|"SAN LUIS"|84|"REACTORES NUCLEARES, CALDERAS, MAQUINAS, APARATOS Y ARTEFACT"|37|89459.7|400146.46
20150101|83|"SAN LUIS"|84|"REACTORES NUCLEARES, CALDERAS, MAQUINAS, APARATOS Y ARTEFACT"|2|48060|17000
20150201|83|"SAN LUIS"|84|"REACTORES NUCLEARES, CALDERAS, MAQUINAS, APARATOS Y ARTEFACT"|9|46774.92|254089.35
20150301|83|"SAN LUIS"|84|"REACTORES NUCLEARES, CALDERAS, MAQUINAS, APARATOS Y ARTEFACT"|30|149259.39|750559.43
20150401|83|"SAN LUIS"|84|"REACTORES NUCLEARES, CALDERAS, MAQUINAS, APARATOS Y ARTEFACT"|38|160424.23|779091.45
20150501|83|"SAN LUIS"|84|"REACTORES NUCLEARES, CALDERAS, MAQUINAS, APARATOS Y ARTEFACT"|31|78663.17|316514.58
20150601|83|"SAN LUIS"|84|"REACTORES NUCLEARES, CALDERAS, MAQUINAS, APARATOS Y ARTEFACT"|20|57277.4|334703.69
20150701|83|"SAN LUIS"|84|"REACTORES NUCLEARES, CALDERAS, MAQUINAS, APARATOS Y ARTEFACT"|22|75209.45|300746.35
20150801|83|"SAN LUIS"|84|"REACTORES NUCLEARES, CALDERAS, MAQUINAS, APARATOS Y ARTEFACT"|25|98549.52|396153.51
20150901|83|"SAN LUIS"|84|"REACTORES NUCLEARES, CALDERAS, MAQUINAS, APARATOS Y ARTEFACT"|30|158506.24|473760.58
20151001|83|"SAN LUIS"|84|"REACTORES NUCLEARES, CALDERAS, MAQUINAS, APARATOS Y ARTEFACT"|18|84938.48|357590.32
20151101|83|"SAN LUIS"|84|"REACTORES NUCLEARES, CALDERAS, MAQUINAS, APARATOS Y ARTEFACT"|15|149388.94|508541.9
20151201|83|"SAN LUIS"|84|"REACTORES NUCLEARES, CALDERAS, MAQUINAS, APARATOS Y ARTEFACT"|23|71431.71|303095.96
