"fecha_oficia"|"aduana"|"aduana_desc"|"mercaderia"|"mercaderia_desc"|"cantidad"|"kilos"|"importe"
20140101|83|"SAN LUIS"|96|"MANUFACTURAS DIVERSAS"|60|422520.98|2182798.45
20140201|83|"SAN LUIS"|96|"MANUFACTURAS DIVERSAS"|36|185502.29|1010995.19
20140301|83|"SAN LUIS"|96|"MANUFACTURAS DIVERSAS"|52|323910.32|1805734.77
20140401|83|"SAN LUIS"|96|"MANUFACTURAS DIVERSAS"|22|157222.83|919080.38
20140501|83|"SAN LUIS"|96|"MANUFACTURAS DIVERSAS"|59|400769.37|2257463.96
20140601|83|"SAN LUIS"|96|"MANUFACTURAS DIVERSAS"|56|381477.68|2056451.87
20140701|83|"SAN LUIS"|96|"MANUFACTURAS DIVERSAS"|34|263885.41|1380363.29
20140801|83|"SAN LUIS"|96|"MANUFACTURAS DIVERSAS"|34|271325.62|1340118.7
20140901|83|"SAN LUIS"|96|"MANUFACTURAS DIVERSAS"|53|404694.81|1805661.82
20141001|83|"SAN LUIS"|96|"MANUFACTURAS DIVERSAS"|38|249438.55|1123010.47
20141101|83|"SAN LUIS"|96|"MANUFACTURAS DIVERSAS"|32|274252.62|1233862.02
20141201|83|"SAN LUIS"|96|"MANUFACTURAS DIVERSAS"|36|354472.36|1603847.63
20150101|83|"SAN LUIS"|96|"MANUFACTURAS DIVERSAS"|29|221190.43|1001872.31
20150201|83|"SAN LUIS"|96|"MANUFACTURAS DIVERSAS"|41|309315.84|1393808.64
20150301|83|"SAN LUIS"|96|"MANUFACTURAS DIVERSAS"|32|226736.11|1010482.94
20150401|83|"SAN LUIS"|96|"MANUFACTURAS DIVERSAS"|40|218412.46|1094233.13
20150501|83|"SAN LUIS"|96|"MANUFACTURAS DIVERSAS"|42|335579.99|1564864.35
20150601|83|"SAN LUIS"|96|"MANUFACTURAS DIVERSAS"|15|67901.77|313410.65
20150701|83|"SAN LUIS"|96|"MANUFACTURAS DIVERSAS"|22|180258.24|1087175.37
20150801|83|"SAN LUIS"|96|"MANUFACTURAS DIVERSAS"|29|212177.9|1060840.92
20150901|83|"SAN LUIS"|96|"MANUFACTURAS DIVERSAS"|24|227443.15|1126944.13
20151001|83|"SAN LUIS"|96|"MANUFACTURAS DIVERSAS"|10|65873.17|365681.45
20151101|83|"SAN LUIS"|96|"MANUFACTURAS DIVERSAS"|24|230638.48|1306748.5
20151201|83|"SAN LUIS"|96|"MANUFACTURAS DIVERSAS"|18|144085.19|691466.55
