"fecha_oficia"|"aduana"|"aduana_desc"|"mercaderia"|"mercaderia_desc"|"cantidad"|"kilos"|"importe"
20150401|91|"BS.AS. NORTE"|61|"PRENDAS Y COMPLEMENTOS (ACCESORIOS), DE VESTIR, DE PUNTO"|60|5971.85|407230.83
20150501|91|"BS.AS. NORTE"|61|"PRENDAS Y COMPLEMENTOS (ACCESORIOS), DE VESTIR, DE PUNTO"|39|21382.6|471117.85
20150601|91|"BS.AS. NORTE"|61|"PRENDAS Y COMPLEMENTOS (ACCESORIOS), DE VESTIR, DE PUNTO"|139|28754.56|820802.08
20150701|91|"BS.AS. NORTE"|61|"PRENDAS Y COMPLEMENTOS (ACCESORIOS), DE VESTIR, DE PUNTO"|64|34956.14|662382.14
20150801|91|"BS.AS. NORTE"|61|"PRENDAS Y COMPLEMENTOS (ACCESORIOS), DE VESTIR, DE PUNTO"|17|1643.78|44246.27
20150901|91|"BS.AS. NORTE"|61|"PRENDAS Y COMPLEMENTOS (ACCESORIOS), DE VESTIR, DE PUNTO"|123|29435.94|888852.99
20151001|91|"BS.AS. NORTE"|61|"PRENDAS Y COMPLEMENTOS (ACCESORIOS), DE VESTIR, DE PUNTO"|56|8263.51|391951.22
20151101|91|"BS.AS. NORTE"|61|"PRENDAS Y COMPLEMENTOS (ACCESORIOS), DE VESTIR, DE PUNTO"|78|21826.52|677460.18
20151201|91|"BS.AS. NORTE"|61|"PRENDAS Y COMPLEMENTOS (ACCESORIOS), DE VESTIR, DE PUNTO"|117|10606.57|465749.65
