"fecha_oficia"|"aduana"|"aduana_desc"|"mercaderia"|"mercaderia_desc"|"cantidad"|"kilos"|"importe"
20150501|91|"BS.AS. NORTE"|13|"GOMAS, RESINAS Y DEMAS JUGOS Y EXTRACTOS VEGETALES"|3|95695|129241
20150601|91|"BS.AS. NORTE"|13|"GOMAS, RESINAS Y DEMAS JUGOS Y EXTRACTOS VEGETALES"|1|1450|14225
20150701|91|"BS.AS. NORTE"|13|"GOMAS, RESINAS Y DEMAS JUGOS Y EXTRACTOS VEGETALES"|3|22057|101815.19
20150801|91|"BS.AS. NORTE"|13|"GOMAS, RESINAS Y DEMAS JUGOS Y EXTRACTOS VEGETALES"|2|2252.6|17095.38
20150901|91|"BS.AS. NORTE"|13|"GOMAS, RESINAS Y DEMAS JUGOS Y EXTRACTOS VEGETALES"|2|1830|15145.1
20151001|91|"BS.AS. NORTE"|13|"GOMAS, RESINAS Y DEMAS JUGOS Y EXTRACTOS VEGETALES"|2|26|311.5
20151101|91|"BS.AS. NORTE"|13|"GOMAS, RESINAS Y DEMAS JUGOS Y EXTRACTOS VEGETALES"|4|8620|29431.27
20151201|91|"BS.AS. NORTE"|13|"GOMAS, RESINAS Y DEMAS JUGOS Y EXTRACTOS VEGETALES"|4|2304|18110.04
