"fecha_oficia"|"aduana"|"aduana_desc"|"mercaderia"|"mercaderia_desc"|"cantidad"|"kilos"|"importe"
20150401|91|"BS.AS. NORTE"|74|"COBRE Y SUS MANUFACTURAS"|12|66692.17|413135.37
20150501|91|"BS.AS. NORTE"|74|"COBRE Y SUS MANUFACTURAS"|29|9070.33|139822.65
20150601|91|"BS.AS. NORTE"|74|"COBRE Y SUS MANUFACTURAS"|47|109893.69|733417.77
20150701|91|"BS.AS. NORTE"|74|"COBRE Y SUS MANUFACTURAS"|30|107447.45|712338.28
20150801|91|"BS.AS. NORTE"|74|"COBRE Y SUS MANUFACTURAS"|22|63551.73|514762.47
20150901|91|"BS.AS. NORTE"|74|"COBRE Y SUS MANUFACTURAS"|26|24725.89|229628.85
20151001|91|"BS.AS. NORTE"|74|"COBRE Y SUS MANUFACTURAS"|44|101680.85|645106.49
20151101|91|"BS.AS. NORTE"|74|"COBRE Y SUS MANUFACTURAS"|42|105251.86|699401.09
20151201|91|"BS.AS. NORTE"|74|"COBRE Y SUS MANUFACTURAS"|24|39601.98|349065.19
