"fecha_oficia"|"aduana"|"aduana_desc"|"mercaderia"|"mercaderia_desc"|"cantidad"|"kilos"|"importe"
20140201|89|"SANTIAGO DEL ESTERO"|38|"PRODUCTOS DIVERSOS DE LA INDUSTRIA QUIMICA"|2|49500|20691
20140701|89|"SANTIAGO DEL ESTERO"|38|"PRODUCTOS DIVERSOS DE LA INDUSTRIA QUIMICA"|1|16500|6897
20141101|89|"SANTIAGO DEL ESTERO"|38|"PRODUCTOS DIVERSOS DE LA INDUSTRIA QUIMICA"|1|34500|14421
20150101|89|"SANTIAGO DEL ESTERO"|38|"PRODUCTOS DIVERSOS DE LA INDUSTRIA QUIMICA"|1|31050|12978.9
20150201|89|"SANTIAGO DEL ESTERO"|38|"PRODUCTOS DIVERSOS DE LA INDUSTRIA QUIMICA"|2|69000|28842
20150601|89|"SANTIAGO DEL ESTERO"|38|"PRODUCTOS DIVERSOS DE LA INDUSTRIA QUIMICA"|1|16800|7022.4
20150901|89|"SANTIAGO DEL ESTERO"|38|"PRODUCTOS DIVERSOS DE LA INDUSTRIA QUIMICA"|1|17250|7210.5
20151101|89|"SANTIAGO DEL ESTERO"|38|"PRODUCTOS DIVERSOS DE LA INDUSTRIA QUIMICA"|2|25254|10932.36
20151201|89|"SANTIAGO DEL ESTERO"|38|"PRODUCTOS DIVERSOS DE LA INDUSTRIA QUIMICA"|1|15525|6489.45
