"fecha_oficia"|"aduana"|"aduana_desc"|"mercaderia"|"mercaderia_desc"|"cantidad"|"kilos"|"importe"
20140101|83|"SAN LUIS"|32|"EXTRACTOS CURTIENTES O TINTOREOS; TANINOS Y SUS DERIVADOS; P"|1|27500|34530
20140201|83|"SAN LUIS"|32|"EXTRACTOS CURTIENTES O TINTOREOS; TANINOS Y SUS DERIVADOS; P"|3|32900|47130.9
20140301|83|"SAN LUIS"|32|"EXTRACTOS CURTIENTES O TINTOREOS; TANINOS Y SUS DERIVADOS; P"|2|32000|44885.73
20140401|83|"SAN LUIS"|32|"EXTRACTOS CURTIENTES O TINTOREOS; TANINOS Y SUS DERIVADOS; P"|5|113500|136120.56
20140501|83|"SAN LUIS"|32|"EXTRACTOS CURTIENTES O TINTOREOS; TANINOS Y SUS DERIVADOS; P"|3|48000|67335.84
20140601|83|"SAN LUIS"|32|"EXTRACTOS CURTIENTES O TINTOREOS; TANINOS Y SUS DERIVADOS; P"|2|32000|44890.56
20140701|83|"SAN LUIS"|32|"EXTRACTOS CURTIENTES O TINTOREOS; TANINOS Y SUS DERIVADOS; P"|5|112500|150920.56
20140801|83|"SAN LUIS"|32|"EXTRACTOS CURTIENTES O TINTOREOS; TANINOS Y SUS DERIVADOS; P"|3|59000|78370.56
20140901|83|"SAN LUIS"|32|"EXTRACTOS CURTIENTES O TINTOREOS; TANINOS Y SUS DERIVADOS; P"|2|43000|57545.28
20141001|83|"SAN LUIS"|32|"EXTRACTOS CURTIENTES O TINTOREOS; TANINOS Y SUS DERIVADOS; P"|7|165500|225825.56
20141101|83|"SAN LUIS"|32|"EXTRACTOS CURTIENTES O TINTOREOS; TANINOS Y SUS DERIVADOS; P"|2|17800|26225.28
20141201|83|"SAN LUIS"|32|"EXTRACTOS CURTIENTES O TINTOREOS; TANINOS Y SUS DERIVADOS; P"|2|54000|68580
20150101|83|"SAN LUIS"|32|"EXTRACTOS CURTIENTES O TINTOREOS; TANINOS Y SUS DERIVADOS; P"|1|27000|33480
20150201|83|"SAN LUIS"|32|"EXTRACTOS CURTIENTES O TINTOREOS; TANINOS Y SUS DERIVADOS; P"|1|27000|35100
20150301|83|"SAN LUIS"|32|"EXTRACTOS CURTIENTES O TINTOREOS; TANINOS Y SUS DERIVADOS; P"|3|81500|107880
20150401|83|"SAN LUIS"|32|"EXTRACTOS CURTIENTES O TINTOREOS; TANINOS Y SUS DERIVADOS; P"|2|30600|40770
20150501|83|"SAN LUIS"|32|"EXTRACTOS CURTIENTES O TINTOREOS; TANINOS Y SUS DERIVADOS; P"|1|27000|31320
20150601|83|"SAN LUIS"|32|"EXTRACTOS CURTIENTES O TINTOREOS; TANINOS Y SUS DERIVADOS; P"|5|74686|98067.76
20150701|83|"SAN LUIS"|32|"EXTRACTOS CURTIENTES O TINTOREOS; TANINOS Y SUS DERIVADOS; P"|4|96500|124710.17
20150801|83|"SAN LUIS"|32|"EXTRACTOS CURTIENTES O TINTOREOS; TANINOS Y SUS DERIVADOS; P"|2|43000|51205.17
20150901|83|"SAN LUIS"|32|"EXTRACTOS CURTIENTES O TINTOREOS; TANINOS Y SUS DERIVADOS; P"|5|98531|129505.17
20151001|83|"SAN LUIS"|32|"EXTRACTOS CURTIENTES O TINTOREOS; TANINOS Y SUS DERIVADOS; P"|2|42000|50100.13
20151101|83|"SAN LUIS"|32|"EXTRACTOS CURTIENTES O TINTOREOS; TANINOS Y SUS DERIVADOS; P"|5|96000|116518.1
20151201|83|"SAN LUIS"|32|"EXTRACTOS CURTIENTES O TINTOREOS; TANINOS Y SUS DERIVADOS; P"|4|96500|122490
