"fecha_oficia"|"aduana"|"aduana_desc"|"mercaderia"|"mercaderia_desc"|"cantidad"|"kilos"|"importe"
20140101|83|"SAN LUIS"|85|"MAQUINAS, APARATOS Y MATERIAL ELECTRICO, Y SUS PARTES; APARA"|4|274.33|1428
20140201|83|"SAN LUIS"|85|"MAQUINAS, APARATOS Y MATERIAL ELECTRICO, Y SUS PARTES; APARA"|17|6651.04|34405.48
20140301|83|"SAN LUIS"|85|"MAQUINAS, APARATOS Y MATERIAL ELECTRICO, Y SUS PARTES; APARA"|6|4314.16|20900.61
20140401|83|"SAN LUIS"|85|"MAQUINAS, APARATOS Y MATERIAL ELECTRICO, Y SUS PARTES; APARA"|4|201.04|1040.4
20140501|83|"SAN LUIS"|85|"MAQUINAS, APARATOS Y MATERIAL ELECTRICO, Y SUS PARTES; APARA"|17|6130.58|32086.56
20140601|83|"SAN LUIS"|85|"MAQUINAS, APARATOS Y MATERIAL ELECTRICO, Y SUS PARTES; APARA"|1|1.16|26.5
20140701|83|"SAN LUIS"|85|"MAQUINAS, APARATOS Y MATERIAL ELECTRICO, Y SUS PARTES; APARA"|14|9707.85|138701.27
20140801|83|"SAN LUIS"|85|"MAQUINAS, APARATOS Y MATERIAL ELECTRICO, Y SUS PARTES; APARA"|10|6668.2|31952.5
20140901|83|"SAN LUIS"|85|"MAQUINAS, APARATOS Y MATERIAL ELECTRICO, Y SUS PARTES; APARA"|3|1620.9|8383.99
20141001|83|"SAN LUIS"|85|"MAQUINAS, APARATOS Y MATERIAL ELECTRICO, Y SUS PARTES; APARA"|11|5870.07|27189.79
20141101|83|"SAN LUIS"|85|"MAQUINAS, APARATOS Y MATERIAL ELECTRICO, Y SUS PARTES; APARA"|7|9695.07|42954.05
20141201|83|"SAN LUIS"|85|"MAQUINAS, APARATOS Y MATERIAL ELECTRICO, Y SUS PARTES; APARA"|14|8182.25|36941.66
20150101|83|"SAN LUIS"|85|"MAQUINAS, APARATOS Y MATERIAL ELECTRICO, Y SUS PARTES; APARA"|1|120|6000
20150301|83|"SAN LUIS"|85|"MAQUINAS, APARATOS Y MATERIAL ELECTRICO, Y SUS PARTES; APARA"|6|782.11|1922.05
20150501|83|"SAN LUIS"|85|"MAQUINAS, APARATOS Y MATERIAL ELECTRICO, Y SUS PARTES; APARA"|18|8142.3|35956.9
20150601|83|"SAN LUIS"|85|"MAQUINAS, APARATOS Y MATERIAL ELECTRICO, Y SUS PARTES; APARA"|2|1229.64|5757.69
20150701|83|"SAN LUIS"|85|"MAQUINAS, APARATOS Y MATERIAL ELECTRICO, Y SUS PARTES; APARA"|19|12928.56|73874.69
20150801|83|"SAN LUIS"|85|"MAQUINAS, APARATOS Y MATERIAL ELECTRICO, Y SUS PARTES; APARA"|10|3126.38|16577.04
20150901|83|"SAN LUIS"|85|"MAQUINAS, APARATOS Y MATERIAL ELECTRICO, Y SUS PARTES; APARA"|8|2662.43|13484
20151001|83|"SAN LUIS"|85|"MAQUINAS, APARATOS Y MATERIAL ELECTRICO, Y SUS PARTES; APARA"|5|7926.89|36962.4
20151101|83|"SAN LUIS"|85|"MAQUINAS, APARATOS Y MATERIAL ELECTRICO, Y SUS PARTES; APARA"|5|17755.5|87105
20151201|83|"SAN LUIS"|85|"MAQUINAS, APARATOS Y MATERIAL ELECTRICO, Y SUS PARTES; APARA"|12|12373.07|59857.9
