"fecha_oficia"|"aduana"|"aduana_desc"|"mercaderia"|"mercaderia_desc"|"cantidad"|"kilos"|"importe"
20150401|91|"BS.AS. NORTE"|40|"CAUCHO Y SUS MANUFACTURAS"|82|224012.436|1110705.56
20150501|91|"BS.AS. NORTE"|40|"CAUCHO Y SUS MANUFACTURAS"|426|1038992.636|4895363.07
20150601|91|"BS.AS. NORTE"|40|"CAUCHO Y SUS MANUFACTURAS"|403|866620.328|3994505.35
20150701|91|"BS.AS. NORTE"|40|"CAUCHO Y SUS MANUFACTURAS"|371|605556.416|3005156.13
20150801|91|"BS.AS. NORTE"|40|"CAUCHO Y SUS MANUFACTURAS"|299|517785.715|2516504.46
20150901|91|"BS.AS. NORTE"|40|"CAUCHO Y SUS MANUFACTURAS"|331|838611.504|3696889.71
20151001|91|"BS.AS. NORTE"|40|"CAUCHO Y SUS MANUFACTURAS"|267|916501.772|3710422.31
20151101|91|"BS.AS. NORTE"|40|"CAUCHO Y SUS MANUFACTURAS"|314|622711.826|2919681.54
20151201|91|"BS.AS. NORTE"|40|"CAUCHO Y SUS MANUFACTURAS"|218|302684.745|1474957.42
