"fecha_oficia"|"aduana"|"aduana_desc"|"mercaderia"|"mercaderia_desc"|"cantidad"|"kilos"|"importe"
20140101|88|"GENERAL DEHEZA"|4|"LECHE Y PRODUCTOS LACTEOS; HUEVOS DE AVE; MIEL NATURAL; PROD"|235|10189489|47334848.56
20140201|88|"GENERAL DEHEZA"|4|"LECHE Y PRODUCTOS LACTEOS; HUEVOS DE AVE; MIEL NATURAL; PROD"|177|9130709|43818821.81
20140301|88|"GENERAL DEHEZA"|4|"LECHE Y PRODUCTOS LACTEOS; HUEVOS DE AVE; MIEL NATURAL; PROD"|113|3845839|17650807.83
20140401|88|"GENERAL DEHEZA"|4|"LECHE Y PRODUCTOS LACTEOS; HUEVOS DE AVE; MIEL NATURAL; PROD"|183|8296382|37962868.24
20140501|88|"GENERAL DEHEZA"|4|"LECHE Y PRODUCTOS LACTEOS; HUEVOS DE AVE; MIEL NATURAL; PROD"|171|7629575|37842317.7
20140601|88|"GENERAL DEHEZA"|4|"LECHE Y PRODUCTOS LACTEOS; HUEVOS DE AVE; MIEL NATURAL; PROD"|122|7142406|31212467.97
20140701|88|"GENERAL DEHEZA"|4|"LECHE Y PRODUCTOS LACTEOS; HUEVOS DE AVE; MIEL NATURAL; PROD"|204|7346643|33642752.17
20140801|88|"GENERAL DEHEZA"|4|"LECHE Y PRODUCTOS LACTEOS; HUEVOS DE AVE; MIEL NATURAL; PROD"|190|7042924|31303627.92
20140901|88|"GENERAL DEHEZA"|4|"LECHE Y PRODUCTOS LACTEOS; HUEVOS DE AVE; MIEL NATURAL; PROD"|210|7318945|34405715.23
20141001|88|"GENERAL DEHEZA"|4|"LECHE Y PRODUCTOS LACTEOS; HUEVOS DE AVE; MIEL NATURAL; PROD"|174|6591199|31472861.53
20141101|88|"GENERAL DEHEZA"|4|"LECHE Y PRODUCTOS LACTEOS; HUEVOS DE AVE; MIEL NATURAL; PROD"|179|5771614|24886237.38
20141201|88|"GENERAL DEHEZA"|4|"LECHE Y PRODUCTOS LACTEOS; HUEVOS DE AVE; MIEL NATURAL; PROD"|78|2813560|12261098.74
20150101|88|"GENERAL DEHEZA"|4|"LECHE Y PRODUCTOS LACTEOS; HUEVOS DE AVE; MIEL NATURAL; PROD"|151|4964464|18800994.03
20150201|88|"GENERAL DEHEZA"|4|"LECHE Y PRODUCTOS LACTEOS; HUEVOS DE AVE; MIEL NATURAL; PROD"|94|2558598|11087438.22
20150301|88|"GENERAL DEHEZA"|4|"LECHE Y PRODUCTOS LACTEOS; HUEVOS DE AVE; MIEL NATURAL; PROD"|110|3087812|10439850.47
20150401|88|"GENERAL DEHEZA"|4|"LECHE Y PRODUCTOS LACTEOS; HUEVOS DE AVE; MIEL NATURAL; PROD"|103|2942947|10500571.69
20150501|88|"GENERAL DEHEZA"|4|"LECHE Y PRODUCTOS LACTEOS; HUEVOS DE AVE; MIEL NATURAL; PROD"|88|2061967|7730097.1
20150601|88|"GENERAL DEHEZA"|4|"LECHE Y PRODUCTOS LACTEOS; HUEVOS DE AVE; MIEL NATURAL; PROD"|98|2601309|8315567.19
20150701|88|"GENERAL DEHEZA"|4|"LECHE Y PRODUCTOS LACTEOS; HUEVOS DE AVE; MIEL NATURAL; PROD"|80|1932544|6882043.39
20150801|88|"GENERAL DEHEZA"|4|"LECHE Y PRODUCTOS LACTEOS; HUEVOS DE AVE; MIEL NATURAL; PROD"|58|1329368|4378774.42
20150901|88|"GENERAL DEHEZA"|4|"LECHE Y PRODUCTOS LACTEOS; HUEVOS DE AVE; MIEL NATURAL; PROD"|88|3593509|9893490.03
20151001|88|"GENERAL DEHEZA"|4|"LECHE Y PRODUCTOS LACTEOS; HUEVOS DE AVE; MIEL NATURAL; PROD"|90|5459614|13255326.08
20151101|88|"GENERAL DEHEZA"|4|"LECHE Y PRODUCTOS LACTEOS; HUEVOS DE AVE; MIEL NATURAL; PROD"|115|8071143|25932138.82
20151201|88|"GENERAL DEHEZA"|4|"LECHE Y PRODUCTOS LACTEOS; HUEVOS DE AVE; MIEL NATURAL; PROD"|94|5547033|15805995.64
