"fecha_oficia"|"aduana"|"aduana_desc"|"mercaderia"|"mercaderia_desc"|"cantidad"|"kilos"|"importe"
20150401|92|"BS.AS. SUR"|15|"GRASAS Y ACEITES ANIMALES O VEGETALES; PRODUCTOS DE SU DESDO"|36|2422817.22|2111061.13
20150501|92|"BS.AS. SUR"|15|"GRASAS Y ACEITES ANIMALES O VEGETALES; PRODUCTOS DE SU DESDO"|97|6769584.94|4347510.23
20150601|92|"BS.AS. SUR"|15|"GRASAS Y ACEITES ANIMALES O VEGETALES; PRODUCTOS DE SU DESDO"|133|9121461.12|7523257.1
20150701|92|"BS.AS. SUR"|15|"GRASAS Y ACEITES ANIMALES O VEGETALES; PRODUCTOS DE SU DESDO"|187|15315499.53|11861509.06
20150801|92|"BS.AS. SUR"|15|"GRASAS Y ACEITES ANIMALES O VEGETALES; PRODUCTOS DE SU DESDO"|148|10274044.22|8087373.49
20150901|92|"BS.AS. SUR"|15|"GRASAS Y ACEITES ANIMALES O VEGETALES; PRODUCTOS DE SU DESDO"|177|13612214.09|9552176.76
20151001|92|"BS.AS. SUR"|15|"GRASAS Y ACEITES ANIMALES O VEGETALES; PRODUCTOS DE SU DESDO"|144|12546043.43|7208114.24
20151101|92|"BS.AS. SUR"|15|"GRASAS Y ACEITES ANIMALES O VEGETALES; PRODUCTOS DE SU DESDO"|136|11201211.31|6575696.93
20151201|92|"BS.AS. SUR"|15|"GRASAS Y ACEITES ANIMALES O VEGETALES; PRODUCTOS DE SU DESDO"|81|6031054.39|4406539.72
