"fecha_oficia"|"aduana"|"aduana_desc"|"mercaderia"|"mercaderia_desc"|"cantidad"|"kilos"|"importe"
20140301|82|"BERNARDO DE YRIGOYEN"|94|"MUEBLES; MOBILIARIO MEDICOQUIRURGICO; ARTICULOS DE CAMA Y SI"|1|30|160
20140801|82|"BERNARDO DE YRIGOYEN"|94|"MUEBLES; MOBILIARIO MEDICOQUIRURGICO; ARTICULOS DE CAMA Y SI"|1|11250|13665
20150801|82|"BERNARDO DE YRIGOYEN"|94|"MUEBLES; MOBILIARIO MEDICOQUIRURGICO; ARTICULOS DE CAMA Y SI"|1|19950|12023.8
20150901|82|"BERNARDO DE YRIGOYEN"|94|"MUEBLES; MOBILIARIO MEDICOQUIRURGICO; ARTICULOS DE CAMA Y SI"|1|26650|17416.08
