"fecha_oficia"|"aduana"|"aduana_desc"|"mercaderia"|"mercaderia_desc"|"cantidad"|"kilos"|"importe"
20140101|82|"BERNARDO DE YRIGOYEN"|19|"PREPARACIONES A BASE DE CEREALES, HARINA, ALMIDON, FECULA O "|28|1914100|869356.5
20140201|82|"BERNARDO DE YRIGOYEN"|19|"PREPARACIONES A BASE DE CEREALES, HARINA, ALMIDON, FECULA O "|12|881050|395204.6
20140301|82|"BERNARDO DE YRIGOYEN"|19|"PREPARACIONES A BASE DE CEREALES, HARINA, ALMIDON, FECULA O "|2|142800|59229
20140401|82|"BERNARDO DE YRIGOYEN"|19|"PREPARACIONES A BASE DE CEREALES, HARINA, ALMIDON, FECULA O "|4|200100|81750
20140501|82|"BERNARDO DE YRIGOYEN"|19|"PREPARACIONES A BASE DE CEREALES, HARINA, ALMIDON, FECULA O "|2|115200|51590
20140601|82|"BERNARDO DE YRIGOYEN"|19|"PREPARACIONES A BASE DE CEREALES, HARINA, ALMIDON, FECULA O "|7|396600|172680
20140701|82|"BERNARDO DE YRIGOYEN"|19|"PREPARACIONES A BASE DE CEREALES, HARINA, ALMIDON, FECULA O "|2|114400|45760
20140801|82|"BERNARDO DE YRIGOYEN"|19|"PREPARACIONES A BASE DE CEREALES, HARINA, ALMIDON, FECULA O "|7|402800|177650
20140901|82|"BERNARDO DE YRIGOYEN"|19|"PREPARACIONES A BASE DE CEREALES, HARINA, ALMIDON, FECULA O "|15|877020|426637
20141001|82|"BERNARDO DE YRIGOYEN"|19|"PREPARACIONES A BASE DE CEREALES, HARINA, ALMIDON, FECULA O "|25|1774420|737531
20141101|82|"BERNARDO DE YRIGOYEN"|19|"PREPARACIONES A BASE DE CEREALES, HARINA, ALMIDON, FECULA O "|5|236960|96240
20141201|82|"BERNARDO DE YRIGOYEN"|19|"PREPARACIONES A BASE DE CEREALES, HARINA, ALMIDON, FECULA O "|1|84000|25200
20150101|82|"BERNARDO DE YRIGOYEN"|19|"PREPARACIONES A BASE DE CEREALES, HARINA, ALMIDON, FECULA O "|3|171600|48048
20150301|82|"BERNARDO DE YRIGOYEN"|19|"PREPARACIONES A BASE DE CEREALES, HARINA, ALMIDON, FECULA O "|5|286000|77220
20150401|82|"BERNARDO DE YRIGOYEN"|19|"PREPARACIONES A BASE DE CEREALES, HARINA, ALMIDON, FECULA O "|1|57200|14300
20150501|82|"BERNARDO DE YRIGOYEN"|19|"PREPARACIONES A BASE DE CEREALES, HARINA, ALMIDON, FECULA O "|11|681600|173200
20150601|82|"BERNARDO DE YRIGOYEN"|19|"PREPARACIONES A BASE DE CEREALES, HARINA, ALMIDON, FECULA O "|1|57000|15390
20150701|82|"BERNARDO DE YRIGOYEN"|19|"PREPARACIONES A BASE DE CEREALES, HARINA, ALMIDON, FECULA O "|2|142700|36957.5
20150801|82|"BERNARDO DE YRIGOYEN"|19|"PREPARACIONES A BASE DE CEREALES, HARINA, ALMIDON, FECULA O "|6|354560|103634
20150901|82|"BERNARDO DE YRIGOYEN"|19|"PREPARACIONES A BASE DE CEREALES, HARINA, ALMIDON, FECULA O "|3|211160|68814
20151001|82|"BERNARDO DE YRIGOYEN"|19|"PREPARACIONES A BASE DE CEREALES, HARINA, ALMIDON, FECULA O "|2|114300|28002
20151101|82|"BERNARDO DE YRIGOYEN"|19|"PREPARACIONES A BASE DE CEREALES, HARINA, ALMIDON, FECULA O "|2|141800|34592
20151201|82|"BERNARDO DE YRIGOYEN"|19|"PREPARACIONES A BASE DE CEREALES, HARINA, ALMIDON, FECULA O "|2|84500|21980
