"fecha_oficia"|"aduana"|"aduana_desc"|"mercaderia"|"mercaderia_desc"|"cantidad"|"kilos"|"importe"
20140101|82|"BERNARDO DE YRIGOYEN"|34|"JABON, AGENTES DE SUPERFICIE ORGANICOS, PREPARACIONES PARA L"|1|3270.48|17736
20140301|82|"BERNARDO DE YRIGOYEN"|34|"JABON, AGENTES DE SUPERFICIE ORGANICOS, PREPARACIONES PARA L"|2|5843|21042
20140501|82|"BERNARDO DE YRIGOYEN"|34|"JABON, AGENTES DE SUPERFICIE ORGANICOS, PREPARACIONES PARA L"|3|7228.56|26232
20140901|82|"BERNARDO DE YRIGOYEN"|34|"JABON, AGENTES DE SUPERFICIE ORGANICOS, PREPARACIONES PARA L"|2|9380.84|42118.8
20150101|82|"BERNARDO DE YRIGOYEN"|34|"JABON, AGENTES DE SUPERFICIE ORGANICOS, PREPARACIONES PARA L"|1|5344.29|26010.72
20150501|82|"BERNARDO DE YRIGOYEN"|34|"JABON, AGENTES DE SUPERFICIE ORGANICOS, PREPARACIONES PARA L"|1|354.5|1814.4
20150701|82|"BERNARDO DE YRIGOYEN"|34|"JABON, AGENTES DE SUPERFICIE ORGANICOS, PREPARACIONES PARA L"|1|2780.91|14038.8
20150901|82|"BERNARDO DE YRIGOYEN"|34|"JABON, AGENTES DE SUPERFICIE ORGANICOS, PREPARACIONES PARA L"|1|2968|15156
