"fecha_oficia"|"aduana"|"aduana_desc"|"mercaderia"|"mercaderia_desc"|"cantidad"|"kilos"|"importe"
20150501|91|"BS.AS. NORTE"|93|"ARMAS, MUNICIONES, Y SUS PARTES Y ACCESORIOS"|3|2610|17921.27
20150601|91|"BS.AS. NORTE"|93|"ARMAS, MUNICIONES, Y SUS PARTES Y ACCESORIOS"|2|2399.29|28430.91
20150901|91|"BS.AS. NORTE"|93|"ARMAS, MUNICIONES, Y SUS PARTES Y ACCESORIOS"|1|2900|19157.2
20151001|91|"BS.AS. NORTE"|93|"ARMAS, MUNICIONES, Y SUS PARTES Y ACCESORIOS"|1|600|2082
20151101|91|"BS.AS. NORTE"|93|"ARMAS, MUNICIONES, Y SUS PARTES Y ACCESORIOS"|1|2450|16663.66
20151201|91|"BS.AS. NORTE"|93|"ARMAS, MUNICIONES, Y SUS PARTES Y ACCESORIOS"|2|1999.44|14893.9
