"fecha_oficia"|"aduana"|"aduana_desc"|"mercaderia"|"mercaderia_desc"|"cantidad"|"kilos"|"importe"
20140101|88|"GENERAL DEHEZA"|11|"PRODUCTOS DE LA MOLINERIA; MALTA; ALMIDON Y FECULA; INULINA;"|2|285000|35340
20140401|88|"GENERAL DEHEZA"|11|"PRODUCTOS DE LA MOLINERIA; MALTA; ALMIDON Y FECULA; INULINA;"|2|50000|22500
20140501|88|"GENERAL DEHEZA"|11|"PRODUCTOS DE LA MOLINERIA; MALTA; ALMIDON Y FECULA; INULINA;"|6|130000|54760
20140601|88|"GENERAL DEHEZA"|11|"PRODUCTOS DE LA MOLINERIA; MALTA; ALMIDON Y FECULA; INULINA;"|8|1111500|177840
20140701|88|"GENERAL DEHEZA"|11|"PRODUCTOS DE LA MOLINERIA; MALTA; ALMIDON Y FECULA; INULINA;"|22|3078000|492480
20140801|88|"GENERAL DEHEZA"|11|"PRODUCTOS DE LA MOLINERIA; MALTA; ALMIDON Y FECULA; INULINA;"|7|765000|127988.75
20141001|88|"GENERAL DEHEZA"|11|"PRODUCTOS DE LA MOLINERIA; MALTA; ALMIDON Y FECULA; INULINA;"|12|1270500|176830
20141101|88|"GENERAL DEHEZA"|11|"PRODUCTOS DE LA MOLINERIA; MALTA; ALMIDON Y FECULA; INULINA;"|12|1423000|180548
20141201|88|"GENERAL DEHEZA"|11|"PRODUCTOS DE LA MOLINERIA; MALTA; ALMIDON Y FECULA; INULINA;"|37|5021000|613242
20150101|88|"GENERAL DEHEZA"|11|"PRODUCTOS DE LA MOLINERIA; MALTA; ALMIDON Y FECULA; INULINA;"|29|5807000|696459
20150201|88|"GENERAL DEHEZA"|11|"PRODUCTOS DE LA MOLINERIA; MALTA; ALMIDON Y FECULA; INULINA;"|38|10301200|1183858.1
20150301|88|"GENERAL DEHEZA"|11|"PRODUCTOS DE LA MOLINERIA; MALTA; ALMIDON Y FECULA; INULINA;"|48|12451240|1440576
20150401|88|"GENERAL DEHEZA"|11|"PRODUCTOS DE LA MOLINERIA; MALTA; ALMIDON Y FECULA; INULINA;"|27|7014200|750059.5
20150501|88|"GENERAL DEHEZA"|11|"PRODUCTOS DE LA MOLINERIA; MALTA; ALMIDON Y FECULA; INULINA;"|29|7114100|725426.8
20150601|88|"GENERAL DEHEZA"|11|"PRODUCTOS DE LA MOLINERIA; MALTA; ALMIDON Y FECULA; INULINA;"|32|7624900|734802
20150701|88|"GENERAL DEHEZA"|11|"PRODUCTOS DE LA MOLINERIA; MALTA; ALMIDON Y FECULA; INULINA;"|31|9454500|893141.5
20150801|88|"GENERAL DEHEZA"|11|"PRODUCTOS DE LA MOLINERIA; MALTA; ALMIDON Y FECULA; INULINA;"|28|9253440|852322.22
20150901|88|"GENERAL DEHEZA"|11|"PRODUCTOS DE LA MOLINERIA; MALTA; ALMIDON Y FECULA; INULINA;"|43|16854800|1542416.5
20151001|88|"GENERAL DEHEZA"|11|"PRODUCTOS DE LA MOLINERIA; MALTA; ALMIDON Y FECULA; INULINA;"|39|21335500|1942548.7
20151101|88|"GENERAL DEHEZA"|11|"PRODUCTOS DE LA MOLINERIA; MALTA; ALMIDON Y FECULA; INULINA;"|21|8623920|835033.22
20151201|88|"GENERAL DEHEZA"|11|"PRODUCTOS DE LA MOLINERIA; MALTA; ALMIDON Y FECULA; INULINA;"|11|4427790.5|544929.5
