"fecha_oficia"|"aduana"|"aduana_desc"|"mercaderia"|"mercaderia_desc"|"cantidad"|"kilos"|"importe"
20140101|76|"ORAN"|69|"PRODUCTOS CERAMICOS"|1|27217|10473.75
20140201|76|"ORAN"|69|"PRODUCTOS CERAMICOS"|1|28183.68|6743.94
20140301|76|"ORAN"|69|"PRODUCTOS CERAMICOS"|7|84449.74|22500.16
20140401|76|"ORAN"|69|"PRODUCTOS CERAMICOS"|2|140365.3|29267.17
20140501|76|"ORAN"|69|"PRODUCTOS CERAMICOS"|1|56367.36|11676.09
20140601|76|"ORAN"|69|"PRODUCTOS CERAMICOS"|5|195194.04|40567.48
20140701|76|"ORAN"|69|"PRODUCTOS CERAMICOS"|6|193623.84|39806.1
20140901|76|"ORAN"|69|"PRODUCTOS CERAMICOS"|2|56019.84|11220.74
20141001|76|"ORAN"|69|"PRODUCTOS CERAMICOS"|4|166568.04|36698.55
20141101|76|"ORAN"|69|"PRODUCTOS CERAMICOS"|7|111410.28|32512
20141201|76|"ORAN"|69|"PRODUCTOS CERAMICOS"|6|112486.59|23149.29
20150101|76|"ORAN"|69|"PRODUCTOS CERAMICOS"|2|84679.68|17137.25
20150201|76|"ORAN"|69|"PRODUCTOS CERAMICOS"|6|111940.68|24854.44
20150301|76|"ORAN"|69|"PRODUCTOS CERAMICOS"|3|84090.96|17635.76
20150401|76|"ORAN"|69|"PRODUCTOS CERAMICOS"|2|84024.84|21131.23
20150501|76|"ORAN"|69|"PRODUCTOS CERAMICOS"|5|56041.5|10448.54
20150601|76|"ORAN"|69|"PRODUCTOS CERAMICOS"|4|109546.32|22192.05
20150701|76|"ORAN"|69|"PRODUCTOS CERAMICOS"|15|389181.82|84687.15
20150801|76|"ORAN"|69|"PRODUCTOS CERAMICOS"|1|28183.68|5556.22
20150901|76|"ORAN"|69|"PRODUCTOS CERAMICOS"|2|56508.46|11732.6
20151001|76|"ORAN"|69|"PRODUCTOS CERAMICOS"|2|54164|12391.28
20151101|76|"ORAN"|69|"PRODUCTOS CERAMICOS"|2|56161.44|11542.65
20151201|76|"ORAN"|69|"PRODUCTOS CERAMICOS"|2|27501.6|5396.67
