"fecha_oficia"|"aduana"|"aduana_desc"|"mercaderia"|"mercaderia_desc"|"cantidad"|"kilos"|"importe"
20150501|91|"BS.AS. NORTE"|45|"CORCHO Y SUS MANUFACTURAS"|1|66.2|1432.98
20150601|91|"BS.AS. NORTE"|45|"CORCHO Y SUS MANUFACTURAS"|1|28.25|770.5
20150701|91|"BS.AS. NORTE"|45|"CORCHO Y SUS MANUFACTURAS"|4|26.81|672.9
20150801|91|"BS.AS. NORTE"|45|"CORCHO Y SUS MANUFACTURAS"|1|31.16|829.08
20150901|91|"BS.AS. NORTE"|45|"CORCHO Y SUS MANUFACTURAS"|1|19.84|484.65
20151001|91|"BS.AS. NORTE"|45|"CORCHO Y SUS MANUFACTURAS"|1|62.99|1358
20151201|91|"BS.AS. NORTE"|45|"CORCHO Y SUS MANUFACTURAS"|2|6.87|184.92
