"fecha_oficia"|"aduana"|"aduana_desc"|"mercaderia"|"mercaderia_desc"|"cantidad"|"kilos"|"importe"
20140101|83|"SAN LUIS"|18|"CACAO Y SUS PREPARACIONES"|30|263436.02|1758402.82
20140201|83|"SAN LUIS"|18|"CACAO Y SUS PREPARACIONES"|1|927.36|8803.2
20140301|83|"SAN LUIS"|18|"CACAO Y SUS PREPARACIONES"|2|2528.16|19922.4
20140401|83|"SAN LUIS"|18|"CACAO Y SUS PREPARACIONES"|1|935.01|953.7
20140501|83|"SAN LUIS"|18|"CACAO Y SUS PREPARACIONES"|3|6197.69|35261
20140601|83|"SAN LUIS"|18|"CACAO Y SUS PREPARACIONES"|2|1286.16|11175.4
20140701|83|"SAN LUIS"|18|"CACAO Y SUS PREPARACIONES"|1|309.12|1960
20140801|83|"SAN LUIS"|18|"CACAO Y SUS PREPARACIONES"|1|2472.96|18816
20140901|83|"SAN LUIS"|18|"CACAO Y SUS PREPARACIONES"|3|2163.84|18793.6
20141001|83|"SAN LUIS"|18|"CACAO Y SUS PREPARACIONES"|3|2480.6|14460.9
20141101|83|"SAN LUIS"|18|"CACAO Y SUS PREPARACIONES"|3|12789.12|68322.56
20141201|83|"SAN LUIS"|18|"CACAO Y SUS PREPARACIONES"|17|165267.89|1233691.14
20150101|83|"SAN LUIS"|18|"CACAO Y SUS PREPARACIONES"|2|1236.48|10572.8
20150201|83|"SAN LUIS"|18|"CACAO Y SUS PREPARACIONES"|5|4026.2|24227.3
20150301|83|"SAN LUIS"|18|"CACAO Y SUS PREPARACIONES"|3|1854.72|15276.8
20150401|83|"SAN LUIS"|18|"CACAO Y SUS PREPARACIONES"|3|1862.36|9174.5
20150501|83|"SAN LUIS"|18|"CACAO Y SUS PREPARACIONES"|2|1553.24|5657.7
20150701|83|"SAN LUIS"|18|"CACAO Y SUS PREPARACIONES"|3|2789.72|15648.1
20150801|83|"SAN LUIS"|18|"CACAO Y SUS PREPARACIONES"|3|1854.72|15859.2
20150901|83|"SAN LUIS"|18|"CACAO Y SUS PREPARACIONES"|2|1244.12|3264.7
20151001|83|"SAN LUIS"|18|"CACAO Y SUS PREPARACIONES"|1|935|991.1
20151101|83|"SAN LUIS"|18|"CACAO Y SUS PREPARACIONES"|2|5564.16|36948.8
20151201|83|"SAN LUIS"|18|"CACAO Y SUS PREPARACIONES"|4|4342.96|24875
