"fecha_oficia"|"aduana"|"aduana_desc"|"mercaderia"|"mercaderia_desc"|"cantidad"|"kilos"|"importe"
20140501|49|"RIO GRANDE"|48|"PAPEL Y CARTON; MANUFACTURAS DE PASTA DE CELULOSA, DE PAPEL "|2|864|3994
20140601|49|"RIO GRANDE"|48|"PAPEL Y CARTON; MANUFACTURAS DE PASTA DE CELULOSA, DE PAPEL "|1|992.5|875.74
20140801|49|"RIO GRANDE"|48|"PAPEL Y CARTON; MANUFACTURAS DE PASTA DE CELULOSA, DE PAPEL "|4|2146|9997.89
20141201|49|"RIO GRANDE"|48|"PAPEL Y CARTON; MANUFACTURAS DE PASTA DE CELULOSA, DE PAPEL "|5|4386.4|25635.78
20150101|49|"RIO GRANDE"|48|"PAPEL Y CARTON; MANUFACTURAS DE PASTA DE CELULOSA, DE PAPEL "|1|356.4|2067.12
20150301|49|"RIO GRANDE"|48|"PAPEL Y CARTON; MANUFACTURAS DE PASTA DE CELULOSA, DE PAPEL "|2|1750|2151.85
20150701|49|"RIO GRANDE"|48|"PAPEL Y CARTON; MANUFACTURAS DE PASTA DE CELULOSA, DE PAPEL "|3|2244|7193.6
20150801|49|"RIO GRANDE"|48|"PAPEL Y CARTON; MANUFACTURAS DE PASTA DE CELULOSA, DE PAPEL "|2|424|3490.82
20151101|49|"RIO GRANDE"|48|"PAPEL Y CARTON; MANUFACTURAS DE PASTA DE CELULOSA, DE PAPEL "|1|1008|2328
