"fecha_oficia"|"aduana"|"aduana_desc"|"mercaderia"|"mercaderia_desc"|"cantidad"|"kilos"|"importe"
20140101|82|"BERNARDO DE YRIGOYEN"|12|"SEMILLAS Y FRUTOS OLEAGINOSOS; SEMILLAS Y FRUTOS DIVERSOS; P"|6|168000|124400
20140201|82|"BERNARDO DE YRIGOYEN"|12|"SEMILLAS Y FRUTOS OLEAGINOSOS; SEMILLAS Y FRUTOS DIVERSOS; P"|11|292200|200325
20140301|82|"BERNARDO DE YRIGOYEN"|12|"SEMILLAS Y FRUTOS OLEAGINOSOS; SEMILLAS Y FRUTOS DIVERSOS; P"|1|22500|14625
20140401|82|"BERNARDO DE YRIGOYEN"|12|"SEMILLAS Y FRUTOS OLEAGINOSOS; SEMILLAS Y FRUTOS DIVERSOS; P"|2|51000|36340
20140501|82|"BERNARDO DE YRIGOYEN"|12|"SEMILLAS Y FRUTOS OLEAGINOSOS; SEMILLAS Y FRUTOS DIVERSOS; P"|7|181000|143500
20140601|82|"BERNARDO DE YRIGOYEN"|12|"SEMILLAS Y FRUTOS OLEAGINOSOS; SEMILLAS Y FRUTOS DIVERSOS; P"|5|128000|96680
20140701|82|"BERNARDO DE YRIGOYEN"|12|"SEMILLAS Y FRUTOS OLEAGINOSOS; SEMILLAS Y FRUTOS DIVERSOS; P"|2|51500|36610
20140801|82|"BERNARDO DE YRIGOYEN"|12|"SEMILLAS Y FRUTOS OLEAGINOSOS; SEMILLAS Y FRUTOS DIVERSOS; P"|1|23000|14950
20140901|82|"BERNARDO DE YRIGOYEN"|12|"SEMILLAS Y FRUTOS OLEAGINOSOS; SEMILLAS Y FRUTOS DIVERSOS; P"|1|29000|22040
20141001|82|"BERNARDO DE YRIGOYEN"|12|"SEMILLAS Y FRUTOS OLEAGINOSOS; SEMILLAS Y FRUTOS DIVERSOS; P"|4|114000|86640
20141101|82|"BERNARDO DE YRIGOYEN"|12|"SEMILLAS Y FRUTOS OLEAGINOSOS; SEMILLAS Y FRUTOS DIVERSOS; P"|2|51000|36340
20141201|82|"BERNARDO DE YRIGOYEN"|12|"SEMILLAS Y FRUTOS OLEAGINOSOS; SEMILLAS Y FRUTOS DIVERSOS; P"|2|57000|43320
20150201|82|"BERNARDO DE YRIGOYEN"|12|"SEMILLAS Y FRUTOS OLEAGINOSOS; SEMILLAS Y FRUTOS DIVERSOS; P"|2|58000|34800
20150401|82|"BERNARDO DE YRIGOYEN"|12|"SEMILLAS Y FRUTOS OLEAGINOSOS; SEMILLAS Y FRUTOS DIVERSOS; P"|1|29000|15950
20150501|82|"BERNARDO DE YRIGOYEN"|12|"SEMILLAS Y FRUTOS OLEAGINOSOS; SEMILLAS Y FRUTOS DIVERSOS; P"|1|47990|24474.9
