"fecha_oficia"|"aduana"|"aduana_desc"|"mercaderia"|"mercaderia_desc"|"cantidad"|"kilos"|"importe"
20140201|88|"GENERAL DEHEZA"|19|"PREPARACIONES A BASE DE CEREALES, HARINA, ALMIDON, FECULA O "|5|75043.2|459003.12
20140301|88|"GENERAL DEHEZA"|19|"PREPARACIONES A BASE DE CEREALES, HARINA, ALMIDON, FECULA O "|4|55476|339192.6
20140401|88|"GENERAL DEHEZA"|19|"PREPARACIONES A BASE DE CEREALES, HARINA, ALMIDON, FECULA O "|4|69703.2|362392.8
20140501|88|"GENERAL DEHEZA"|19|"PREPARACIONES A BASE DE CEREALES, HARINA, ALMIDON, FECULA O "|1|13665|83684.46
20140701|88|"GENERAL DEHEZA"|19|"PREPARACIONES A BASE DE CEREALES, HARINA, ALMIDON, FECULA O "|3|37381.2|209577.91
20140801|88|"GENERAL DEHEZA"|19|"PREPARACIONES A BASE DE CEREALES, HARINA, ALMIDON, FECULA O "|2|15331.2|86127.31
20140901|88|"GENERAL DEHEZA"|19|"PREPARACIONES A BASE DE CEREALES, HARINA, ALMIDON, FECULA O "|3|54734|307795.04
20141001|88|"GENERAL DEHEZA"|19|"PREPARACIONES A BASE DE CEREALES, HARINA, ALMIDON, FECULA O "|1|18900|102047.4
20141201|88|"GENERAL DEHEZA"|19|"PREPARACIONES A BASE DE CEREALES, HARINA, ALMIDON, FECULA O "|2|37800|204094.8
20150101|88|"GENERAL DEHEZA"|19|"PREPARACIONES A BASE DE CEREALES, HARINA, ALMIDON, FECULA O "|2|37800|233982
20150301|88|"GENERAL DEHEZA"|19|"PREPARACIONES A BASE DE CEREALES, HARINA, ALMIDON, FECULA O "|3|54734.4|335439.16
20150401|88|"GENERAL DEHEZA"|19|"PREPARACIONES A BASE DE CEREALES, HARINA, ALMIDON, FECULA O "|2|17706.6|106104.36
20150801|88|"GENERAL DEHEZA"|19|"PREPARACIONES A BASE DE CEREALES, HARINA, ALMIDON, FECULA O "|7|115659.6|669032.9
20150901|88|"GENERAL DEHEZA"|19|"PREPARACIONES A BASE DE CEREALES, HARINA, ALMIDON, FECULA O "|2|18198|104797.2
20151001|88|"GENERAL DEHEZA"|19|"PREPARACIONES A BASE DE CEREALES, HARINA, ALMIDON, FECULA O "|3|56700|309632.4
