"fecha_oficia"|"aduana"|"aduana_desc"|"mercaderia"|"mercaderia_desc"|"cantidad"|"kilos"|"importe"
20150401|92|"BS.AS. SUR"|67|"PLUMAS Y PLUMON PREPARADOS Y ARTICULOS DE PLUMAS O PLUMON; F"|1|1.55|24.18
20150601|92|"BS.AS. SUR"|67|"PLUMAS Y PLUMON PREPARADOS Y ARTICULOS DE PLUMAS O PLUMON; F"|2|2.38|15.88
20150701|92|"BS.AS. SUR"|67|"PLUMAS Y PLUMON PREPARADOS Y ARTICULOS DE PLUMAS O PLUMON; F"|1|4.1|18.27
20150801|92|"BS.AS. SUR"|67|"PLUMAS Y PLUMON PREPARADOS Y ARTICULOS DE PLUMAS O PLUMON; F"|1|2|129
20151001|92|"BS.AS. SUR"|67|"PLUMAS Y PLUMON PREPARADOS Y ARTICULOS DE PLUMAS O PLUMON; F"|1|3.41|14.9
20151101|92|"BS.AS. SUR"|67|"PLUMAS Y PLUMON PREPARADOS Y ARTICULOS DE PLUMAS O PLUMON; F"|2|6904.24|230001.49
20151201|92|"BS.AS. SUR"|67|"PLUMAS Y PLUMON PREPARADOS Y ARTICULOS DE PLUMAS O PLUMON; F"|1|3.29|13.16
