"fecha_oficia"|"aduana"|"aduana_desc"|"mercaderia"|"mercaderia_desc"|"cantidad"|"kilos"|"importe"
20140101|83|"SAN LUIS"|30|"PRODUCTOS FARMACEUTICOS"|2|34000|40800
20140201|83|"SAN LUIS"|30|"PRODUCTOS FARMACEUTICOS"|2|34000|40800
20140301|83|"SAN LUIS"|30|"PRODUCTOS FARMACEUTICOS"|2|34000|38080
20140401|83|"SAN LUIS"|30|"PRODUCTOS FARMACEUTICOS"|4|69855|81117.6
20140501|83|"SAN LUIS"|30|"PRODUCTOS FARMACEUTICOS"|2|36000|42120
20140601|83|"SAN LUIS"|30|"PRODUCTOS FARMACEUTICOS"|6|104877|127185.94
20140701|83|"SAN LUIS"|30|"PRODUCTOS FARMACEUTICOS"|8|151878|186049.38
20140801|83|"SAN LUIS"|30|"PRODUCTOS FARMACEUTICOS"|1|17000|21590
20140901|83|"SAN LUIS"|30|"PRODUCTOS FARMACEUTICOS"|3|55000|70230
20141001|83|"SAN LUIS"|30|"PRODUCTOS FARMACEUTICOS"|6|113944|151168.32
20141101|83|"SAN LUIS"|30|"PRODUCTOS FARMACEUTICOS"|2|38000|51300
20141201|83|"SAN LUIS"|30|"PRODUCTOS FARMACEUTICOS"|2|38000|51300
20150101|83|"SAN LUIS"|30|"PRODUCTOS FARMACEUTICOS"|4|75975|102566.25
20150201|83|"SAN LUIS"|30|"PRODUCTOS FARMACEUTICOS"|4|75974|104844.12
20150301|83|"SAN LUIS"|30|"PRODUCTOS FARMACEUTICOS"|4|75970|104838.6
20150501|83|"SAN LUIS"|30|"PRODUCTOS FARMACEUTICOS"|4|75971|101801.14
20150601|83|"SAN LUIS"|30|"PRODUCTOS FARMACEUTICOS"|4|75892|100936.36
20150701|83|"SAN LUIS"|30|"PRODUCTOS FARMACEUTICOS"|2|38000|50540
20150801|83|"SAN LUIS"|30|"PRODUCTOS FARMACEUTICOS"|2|37947|50469.51
20150901|83|"SAN LUIS"|30|"PRODUCTOS FARMACEUTICOS"|4|75985|101060.05
20151001|83|"SAN LUIS"|30|"PRODUCTOS FARMACEUTICOS"|3|56981|55841.38
20151101|83|"SAN LUIS"|30|"PRODUCTOS FARMACEUTICOS"|3|56989|55849.22
20151201|83|"SAN LUIS"|30|"PRODUCTOS FARMACEUTICOS"|2|37115|36372.7
