"fecha_oficia"|"aduana"|"aduana_desc"|"mercaderia"|"mercaderia_desc"|"cantidad"|"kilos"|"importe"
20140101|83|"SAN LUIS"|21|"PREPARACIONES ALIMENTICIAS DIVERSAS"|48|783963.2|1273547.61
20140201|83|"SAN LUIS"|21|"PREPARACIONES ALIMENTICIAS DIVERSAS"|102|2129277.67|4534870.25
20140301|83|"SAN LUIS"|21|"PREPARACIONES ALIMENTICIAS DIVERSAS"|39|482644.44|925939.57
20140401|83|"SAN LUIS"|21|"PREPARACIONES ALIMENTICIAS DIVERSAS"|55|965337.56|1361643.97
20140501|83|"SAN LUIS"|21|"PREPARACIONES ALIMENTICIAS DIVERSAS"|46|564338.66|833714.51
20140601|83|"SAN LUIS"|21|"PREPARACIONES ALIMENTICIAS DIVERSAS"|45|682602.71|979437.18
20140701|83|"SAN LUIS"|21|"PREPARACIONES ALIMENTICIAS DIVERSAS"|48|885151.52|1364451
20140801|83|"SAN LUIS"|21|"PREPARACIONES ALIMENTICIAS DIVERSAS"|46|864285.27|1478805.45
20140901|83|"SAN LUIS"|21|"PREPARACIONES ALIMENTICIAS DIVERSAS"|61|720599.77|1207436.74
20141001|83|"SAN LUIS"|21|"PREPARACIONES ALIMENTICIAS DIVERSAS"|66|1075419.43|1403097.88
20141101|83|"SAN LUIS"|21|"PREPARACIONES ALIMENTICIAS DIVERSAS"|73|1181498.68|1707695.96
20141201|83|"SAN LUIS"|21|"PREPARACIONES ALIMENTICIAS DIVERSAS"|23|589773.01|760029.19
20150101|83|"SAN LUIS"|21|"PREPARACIONES ALIMENTICIAS DIVERSAS"|62|1002837.92|1607847.14
20150201|83|"SAN LUIS"|21|"PREPARACIONES ALIMENTICIAS DIVERSAS"|50|891649.24|1278736.08
20150301|83|"SAN LUIS"|21|"PREPARACIONES ALIMENTICIAS DIVERSAS"|40|479127.83|656356.05
20150401|83|"SAN LUIS"|21|"PREPARACIONES ALIMENTICIAS DIVERSAS"|45|857779.18|1074510.31
20150501|83|"SAN LUIS"|21|"PREPARACIONES ALIMENTICIAS DIVERSAS"|20|113309.4|221320.75
20150601|83|"SAN LUIS"|21|"PREPARACIONES ALIMENTICIAS DIVERSAS"|20|343375.24|1223123.18
20150701|83|"SAN LUIS"|21|"PREPARACIONES ALIMENTICIAS DIVERSAS"|55|772256.16|1198840.19
20150801|83|"SAN LUIS"|21|"PREPARACIONES ALIMENTICIAS DIVERSAS"|47|513423.48|991927
20150901|83|"SAN LUIS"|21|"PREPARACIONES ALIMENTICIAS DIVERSAS"|40|485497.2|1008018.21
20151001|83|"SAN LUIS"|21|"PREPARACIONES ALIMENTICIAS DIVERSAS"|40|583661|992527.22
20151101|83|"SAN LUIS"|21|"PREPARACIONES ALIMENTICIAS DIVERSAS"|29|398375.72|564048.05
20151201|83|"SAN LUIS"|21|"PREPARACIONES ALIMENTICIAS DIVERSAS"|44|699596.53|989432.34
