"fecha_oficia"|"aduana"|"aduana_desc"|"mercaderia"|"mercaderia_desc"|"cantidad"|"kilos"|"importe"
20150501|92|"BS.AS. SUR"|6|"PLANTAS VIVAS Y PRODUCTOS DE LA FLORICULTURA"|4|700|7200
20150601|92|"BS.AS. SUR"|6|"PLANTAS VIVAS Y PRODUCTOS DE LA FLORICULTURA"|1|7936|12347.8
20150801|92|"BS.AS. SUR"|6|"PLANTAS VIVAS Y PRODUCTOS DE LA FLORICULTURA"|23|3205|30424
20151001|92|"BS.AS. SUR"|6|"PLANTAS VIVAS Y PRODUCTOS DE LA FLORICULTURA"|10|1379|15264
20151101|92|"BS.AS. SUR"|6|"PLANTAS VIVAS Y PRODUCTOS DE LA FLORICULTURA"|8|887|9792
