"fecha_oficia"|"aduana"|"aduana_desc"|"mercaderia"|"mercaderia_desc"|"cantidad"|"kilos"|"importe"
20150401|91|"BS.AS. NORTE"|5|"LOS DEMAS PRODUCTOS DE ORIGEN ANIMAL, NO EXPRESADOS NI COMPR"|2|56017|50830.46
20150501|91|"BS.AS. NORTE"|5|"LOS DEMAS PRODUCTOS DE ORIGEN ANIMAL, NO EXPRESADOS NI COMPR"|16|454481|369515.6
20150601|91|"BS.AS. NORTE"|5|"LOS DEMAS PRODUCTOS DE ORIGEN ANIMAL, NO EXPRESADOS NI COMPR"|16|375171|332474.74
20150701|91|"BS.AS. NORTE"|5|"LOS DEMAS PRODUCTOS DE ORIGEN ANIMAL, NO EXPRESADOS NI COMPR"|15|495041.11|430427.77
20150801|91|"BS.AS. NORTE"|5|"LOS DEMAS PRODUCTOS DE ORIGEN ANIMAL, NO EXPRESADOS NI COMPR"|26|910526|680515.41
20150901|91|"BS.AS. NORTE"|5|"LOS DEMAS PRODUCTOS DE ORIGEN ANIMAL, NO EXPRESADOS NI COMPR"|21|522147|404681.95
20151001|91|"BS.AS. NORTE"|5|"LOS DEMAS PRODUCTOS DE ORIGEN ANIMAL, NO EXPRESADOS NI COMPR"|19|645296|433848.43
20151101|91|"BS.AS. NORTE"|5|"LOS DEMAS PRODUCTOS DE ORIGEN ANIMAL, NO EXPRESADOS NI COMPR"|23|618611|434807.54
20151201|91|"BS.AS. NORTE"|5|"LOS DEMAS PRODUCTOS DE ORIGEN ANIMAL, NO EXPRESADOS NI COMPR"|20|509402|474290.13
