"fecha_oficia"|"aduana"|"aduana_desc"|"mercaderia"|"mercaderia_desc"|"cantidad"|"kilos"|"importe"
20140101|83|"SAN LUIS"|56|"GUATA, FIELTRO Y TELA SIN TEJER; HILADOS ESPECIALES; CORDELE"|1|4133.75|55988.82
20140201|83|"SAN LUIS"|56|"GUATA, FIELTRO Y TELA SIN TEJER; HILADOS ESPECIALES; CORDELE"|1|3515.6|13028.4
20140401|83|"SAN LUIS"|56|"GUATA, FIELTRO Y TELA SIN TEJER; HILADOS ESPECIALES; CORDELE"|1|2794.1|10865.96
20140501|83|"SAN LUIS"|56|"GUATA, FIELTRO Y TELA SIN TEJER; HILADOS ESPECIALES; CORDELE"|2|7167.9|23046
20140601|83|"SAN LUIS"|56|"GUATA, FIELTRO Y TELA SIN TEJER; HILADOS ESPECIALES; CORDELE"|5|11574.8|34542.98
20140701|83|"SAN LUIS"|56|"GUATA, FIELTRO Y TELA SIN TEJER; HILADOS ESPECIALES; CORDELE"|3|3427.8|29023.45
20140901|83|"SAN LUIS"|56|"GUATA, FIELTRO Y TELA SIN TEJER; HILADOS ESPECIALES; CORDELE"|1|2377.6|6426
20141001|83|"SAN LUIS"|56|"GUATA, FIELTRO Y TELA SIN TEJER; HILADOS ESPECIALES; CORDELE"|1|3518.5|22391.04
20141201|83|"SAN LUIS"|56|"GUATA, FIELTRO Y TELA SIN TEJER; HILADOS ESPECIALES; CORDELE"|1|1431|9208.08
20150201|83|"SAN LUIS"|56|"GUATA, FIELTRO Y TELA SIN TEJER; HILADOS ESPECIALES; CORDELE"|1|650|8624.6
20150901|83|"SAN LUIS"|56|"GUATA, FIELTRO Y TELA SIN TEJER; HILADOS ESPECIALES; CORDELE"|1|9240|41674.5
20151001|83|"SAN LUIS"|56|"GUATA, FIELTRO Y TELA SIN TEJER; HILADOS ESPECIALES; CORDELE"|2|6763.02|40700.76
20151201|83|"SAN LUIS"|56|"GUATA, FIELTRO Y TELA SIN TEJER; HILADOS ESPECIALES; CORDELE"|1|246|3056.9
