"fecha_oficia"|"aduana"|"aduana_desc"|"mercaderia"|"mercaderia_desc"|"cantidad"|"kilos"|"importe"
20140101|78|"SAN RAFAEL"|15|"GRASAS Y ACEITES ANIMALES O VEGETALES; PRODUCTOS DE SU DESDO"|1|13190.4|60457.47
20140201|78|"SAN RAFAEL"|15|"GRASAS Y ACEITES ANIMALES O VEGETALES; PRODUCTOS DE SU DESDO"|1|13190.4|61271.48
20140301|78|"SAN RAFAEL"|15|"GRASAS Y ACEITES ANIMALES O VEGETALES; PRODUCTOS DE SU DESDO"|2|26380.8|123014.94
20140501|78|"SAN RAFAEL"|15|"GRASAS Y ACEITES ANIMALES O VEGETALES; PRODUCTOS DE SU DESDO"|1|8000|36800
20140901|78|"SAN RAFAEL"|15|"GRASAS Y ACEITES ANIMALES O VEGETALES; PRODUCTOS DE SU DESDO"|1|60000|182805.26
20141201|78|"SAN RAFAEL"|15|"GRASAS Y ACEITES ANIMALES O VEGETALES; PRODUCTOS DE SU DESDO"|3|41440|149758.22
20150101|78|"SAN RAFAEL"|15|"GRASAS Y ACEITES ANIMALES O VEGETALES; PRODUCTOS DE SU DESDO"|1|20000|72532.56
20150201|78|"SAN RAFAEL"|15|"GRASAS Y ACEITES ANIMALES O VEGETALES; PRODUCTOS DE SU DESDO"|1|20000|58277.74
20150301|78|"SAN RAFAEL"|15|"GRASAS Y ACEITES ANIMALES O VEGETALES; PRODUCTOS DE SU DESDO"|1|1680|7728
20150501|78|"SAN RAFAEL"|15|"GRASAS Y ACEITES ANIMALES O VEGETALES; PRODUCTOS DE SU DESDO"|1|88000|278249.97
20150601|78|"SAN RAFAEL"|15|"GRASAS Y ACEITES ANIMALES O VEGETALES; PRODUCTOS DE SU DESDO"|3|242000|845588.03
20150701|78|"SAN RAFAEL"|15|"GRASAS Y ACEITES ANIMALES O VEGETALES; PRODUCTOS DE SU DESDO"|8|771200|2503395.27
20150801|78|"SAN RAFAEL"|15|"GRASAS Y ACEITES ANIMALES O VEGETALES; PRODUCTOS DE SU DESDO"|9|984000|3181114.26
20150901|78|"SAN RAFAEL"|15|"GRASAS Y ACEITES ANIMALES O VEGETALES; PRODUCTOS DE SU DESDO"|7|390600|1192978.63
20151101|78|"SAN RAFAEL"|15|"GRASAS Y ACEITES ANIMALES O VEGETALES; PRODUCTOS DE SU DESDO"|2|3200|14720
