"fecha_oficia"|"aduana"|"aduana_desc"|"mercaderia"|"mercaderia_desc"|"cantidad"|"kilos"|"importe"
20140101|82|"BERNARDO DE YRIGOYEN"|10|"CEREALES"|52|1435028|1055245
20140201|82|"BERNARDO DE YRIGOYEN"|10|"CEREALES"|50|1407300|972490
20140301|82|"BERNARDO DE YRIGOYEN"|10|"CEREALES"|22|619800|411565
20140401|82|"BERNARDO DE YRIGOYEN"|10|"CEREALES"|29|790740|489814
20140501|82|"BERNARDO DE YRIGOYEN"|10|"CEREALES"|18|506420|308967
20140601|82|"BERNARDO DE YRIGOYEN"|10|"CEREALES"|24|675600|409635
20140701|82|"BERNARDO DE YRIGOYEN"|10|"CEREALES"|34|958000|581925
20140801|82|"BERNARDO DE YRIGOYEN"|10|"CEREALES"|29|813500|489550
20140901|82|"BERNARDO DE YRIGOYEN"|10|"CEREALES"|32|900500|540605
20141001|82|"BERNARDO DE YRIGOYEN"|10|"CEREALES"|35|998000|608931.76
20141101|82|"BERNARDO DE YRIGOYEN"|10|"CEREALES"|29|821900|502540
20141201|82|"BERNARDO DE YRIGOYEN"|10|"CEREALES"|21|589750|350835
20150101|82|"BERNARDO DE YRIGOYEN"|10|"CEREALES"|33|918250|524585
20150201|82|"BERNARDO DE YRIGOYEN"|10|"CEREALES"|46|1270870|760134
20150301|82|"BERNARDO DE YRIGOYEN"|10|"CEREALES"|36|975908.5|525668
20150401|82|"BERNARDO DE YRIGOYEN"|10|"CEREALES"|28|836000|425150
20150501|82|"BERNARDO DE YRIGOYEN"|10|"CEREALES"|32|946500|479805
20150601|82|"BERNARDO DE YRIGOYEN"|10|"CEREALES"|27|781000|391640
20150701|82|"BERNARDO DE YRIGOYEN"|10|"CEREALES"|39|1087980|533163.8
20150801|82|"BERNARDO DE YRIGOYEN"|10|"CEREALES"|42|1180000|590000
20150901|82|"BERNARDO DE YRIGOYEN"|10|"CEREALES"|31|867500|430390
20151001|82|"BERNARDO DE YRIGOYEN"|10|"CEREALES"|21|590000|289440
20151101|82|"BERNARDO DE YRIGOYEN"|10|"CEREALES"|11|301000|145000
20151201|82|"BERNARDO DE YRIGOYEN"|10|"CEREALES"|9|254972.16|133483.3
