"fecha_oficia"|"aduana"|"aduana_desc"|"mercaderia"|"mercaderia_desc"|"cantidad"|"kilos"|"importe"
20150401|91|"BS.AS. NORTE"|34|"JABON, AGENTES DE SUPERFICIE ORGANICOS, PREPARACIONES PARA L"|134|1183939.72|1689441.47
20150501|91|"BS.AS. NORTE"|34|"JABON, AGENTES DE SUPERFICIE ORGANICOS, PREPARACIONES PARA L"|374|3378630.73|4974207.13
20150601|91|"BS.AS. NORTE"|34|"JABON, AGENTES DE SUPERFICIE ORGANICOS, PREPARACIONES PARA L"|395|3975567.83|5362773.11
20150701|91|"BS.AS. NORTE"|34|"JABON, AGENTES DE SUPERFICIE ORGANICOS, PREPARACIONES PARA L"|352|3143755.65|4829447.2
20150801|91|"BS.AS. NORTE"|34|"JABON, AGENTES DE SUPERFICIE ORGANICOS, PREPARACIONES PARA L"|320|2843683.97|4337965.42
20150901|91|"BS.AS. NORTE"|34|"JABON, AGENTES DE SUPERFICIE ORGANICOS, PREPARACIONES PARA L"|349|4154124.57|5361581.45
20151001|91|"BS.AS. NORTE"|34|"JABON, AGENTES DE SUPERFICIE ORGANICOS, PREPARACIONES PARA L"|284|3011970.32|4243187.13
20151101|91|"BS.AS. NORTE"|34|"JABON, AGENTES DE SUPERFICIE ORGANICOS, PREPARACIONES PARA L"|309|3447171.64|4490217.63
20151201|91|"BS.AS. NORTE"|34|"JABON, AGENTES DE SUPERFICIE ORGANICOS, PREPARACIONES PARA L"|252|2715847.65|3758382.23
