"fecha_oficia"|"aduana"|"aduana_desc"|"mercaderia"|"mercaderia_desc"|"cantidad"|"kilos"|"importe"
20140101|84|"SANTO TOME"|85|"MAQUINAS, APARATOS Y MATERIAL ELECTRICO, Y SUS PARTES; APARA"|7|6055.72|102865.2
20140201|84|"SANTO TOME"|85|"MAQUINAS, APARATOS Y MATERIAL ELECTRICO, Y SUS PARTES; APARA"|5|11822.01|190824.4
20140301|84|"SANTO TOME"|85|"MAQUINAS, APARATOS Y MATERIAL ELECTRICO, Y SUS PARTES; APARA"|4|5916.98|96252.1
20140401|84|"SANTO TOME"|85|"MAQUINAS, APARATOS Y MATERIAL ELECTRICO, Y SUS PARTES; APARA"|5|11760.28|183785.06
20140501|84|"SANTO TOME"|85|"MAQUINAS, APARATOS Y MATERIAL ELECTRICO, Y SUS PARTES; APARA"|6|5929.04|91018.86
20140601|84|"SANTO TOME"|85|"MAQUINAS, APARATOS Y MATERIAL ELECTRICO, Y SUS PARTES; APARA"|1|48.03|927.5
20140701|84|"SANTO TOME"|85|"MAQUINAS, APARATOS Y MATERIAL ELECTRICO, Y SUS PARTES; APARA"|2|5901.35|89899.66
20140801|84|"SANTO TOME"|85|"MAQUINAS, APARATOS Y MATERIAL ELECTRICO, Y SUS PARTES; APARA"|3|5856.81|101257.66
20140901|84|"SANTO TOME"|85|"MAQUINAS, APARATOS Y MATERIAL ELECTRICO, Y SUS PARTES; APARA"|9|20675.76|316123.81
20141001|84|"SANTO TOME"|85|"MAQUINAS, APARATOS Y MATERIAL ELECTRICO, Y SUS PARTES; APARA"|8|13648.37|230984.12
20141201|84|"SANTO TOME"|85|"MAQUINAS, APARATOS Y MATERIAL ELECTRICO, Y SUS PARTES; APARA"|1|2673|58794.12
20150101|84|"SANTO TOME"|85|"MAQUINAS, APARATOS Y MATERIAL ELECTRICO, Y SUS PARTES; APARA"|3|14580|320695.2
20150201|84|"SANTO TOME"|85|"MAQUINAS, APARATOS Y MATERIAL ELECTRICO, Y SUS PARTES; APARA"|2|8748|192417.12
20150301|84|"SANTO TOME"|85|"MAQUINAS, APARATOS Y MATERIAL ELECTRICO, Y SUS PARTES; APARA"|3|5851.69|128882.08
20150401|84|"SANTO TOME"|85|"MAQUINAS, APARATOS Y MATERIAL ELECTRICO, Y SUS PARTES; APARA"|1|3888|85518.72
20150501|84|"SANTO TOME"|85|"MAQUINAS, APARATOS Y MATERIAL ELECTRICO, Y SUS PARTES; APARA"|1|1.07|40.95
20150601|84|"SANTO TOME"|85|"MAQUINAS, APARATOS Y MATERIAL ELECTRICO, Y SUS PARTES; APARA"|1|95|5220.2
