"fecha_oficia"|"aduana"|"aduana_desc"|"mercaderia"|"mercaderia_desc"|"cantidad"|"kilos"|"importe"
20150501|90|"GENERAL PICO"|2|"CARNE Y DESPOJOS COMESTIBLES"|153|169837|1569182.5
20150601|90|"GENERAL PICO"|2|"CARNE Y DESPOJOS COMESTIBLES"|191|233390|1940914.1
20150701|90|"GENERAL PICO"|2|"CARNE Y DESPOJOS COMESTIBLES"|358|712869|5391634.05
20150801|90|"GENERAL PICO"|2|"CARNE Y DESPOJOS COMESTIBLES"|339|356712|3453930.48
20150901|90|"GENERAL PICO"|2|"CARNE Y DESPOJOS COMESTIBLES"|258|318808|3329535.48
20151001|90|"GENERAL PICO"|2|"CARNE Y DESPOJOS COMESTIBLES"|175|183940|2015411.72
20151101|90|"GENERAL PICO"|2|"CARNE Y DESPOJOS COMESTIBLES"|141|186624|2679066.75
20151201|90|"GENERAL PICO"|2|"CARNE Y DESPOJOS COMESTIBLES"|167|212270|3199846.4
