"fecha_oficia"|"aduana"|"aduana_desc"|"mercaderia"|"mercaderia_desc"|"cantidad"|"kilos"|"importe"
20150401|92|"BS.AS. SUR"|60|"TEJIDOS DE PUNTO"|4|27494.02|184311.68
20150501|92|"BS.AS. SUR"|60|"TEJIDOS DE PUNTO"|30|58316.13|631589.17
20150601|92|"BS.AS. SUR"|60|"TEJIDOS DE PUNTO"|15|66150.37|572178.9
20150701|92|"BS.AS. SUR"|60|"TEJIDOS DE PUNTO"|28|73478.77|643999.7
20150801|92|"BS.AS. SUR"|60|"TEJIDOS DE PUNTO"|38|69363.08|913594.91
20150901|92|"BS.AS. SUR"|60|"TEJIDOS DE PUNTO"|28|123579.86|1086468.74
20151001|92|"BS.AS. SUR"|60|"TEJIDOS DE PUNTO"|16|64803.61|559576.05
20151101|92|"BS.AS. SUR"|60|"TEJIDOS DE PUNTO"|21|75935.99|755546.7
20151201|92|"BS.AS. SUR"|60|"TEJIDOS DE PUNTO"|14|97884.51|781245.11
