"fecha_oficia"|"aduana"|"aduana_desc"|"mercaderia"|"mercaderia_desc"|"cantidad"|"kilos"|"importe"
20150401|92|"BS.AS. SUR"|96|"MANUFACTURAS DIVERSAS"|21|20156.11|115851.57
20150501|92|"BS.AS. SUR"|96|"MANUFACTURAS DIVERSAS"|85|53873.73|391983.49
20150601|92|"BS.AS. SUR"|96|"MANUFACTURAS DIVERSAS"|109|153020.47|1360530.83
20150701|92|"BS.AS. SUR"|96|"MANUFACTURAS DIVERSAS"|72|141315.63|1179584.32
20150801|92|"BS.AS. SUR"|96|"MANUFACTURAS DIVERSAS"|108|119097.21|1108479.26
20150901|92|"BS.AS. SUR"|96|"MANUFACTURAS DIVERSAS"|94|129894.21|602419.05
20151001|92|"BS.AS. SUR"|96|"MANUFACTURAS DIVERSAS"|88|113728.44|573473.99
20151101|92|"BS.AS. SUR"|96|"MANUFACTURAS DIVERSAS"|102|87064.31|422651.58
20151201|92|"BS.AS. SUR"|96|"MANUFACTURAS DIVERSAS"|96|66159.61|732328.22
