"fecha_oficia"|"aduana"|"aduana_desc"|"mercaderia"|"mercaderia_desc"|"cantidad"|"kilos"|"importe"
20140101|83|"SAN LUIS"|72|"METALES COMUNES Y MANUFACTURAS DE ESTOS METALES"|11|263678|224354.8
20140201|83|"SAN LUIS"|72|"METALES COMUNES Y MANUFACTURAS DE ESTOS METALES"|17|440030|691868.65
20140301|83|"SAN LUIS"|72|"METALES COMUNES Y MANUFACTURAS DE ESTOS METALES"|19|331446|327679.06
20140401|83|"SAN LUIS"|72|"METALES COMUNES Y MANUFACTURAS DE ESTOS METALES"|12|402653|547848.38
20140501|83|"SAN LUIS"|72|"METALES COMUNES Y MANUFACTURAS DE ESTOS METALES"|20|671001|935500.94
20140601|83|"SAN LUIS"|72|"METALES COMUNES Y MANUFACTURAS DE ESTOS METALES"|16|713480|1082466.68
20140701|83|"SAN LUIS"|72|"METALES COMUNES Y MANUFACTURAS DE ESTOS METALES"|16|733092|1090899.91
20140801|83|"SAN LUIS"|72|"METALES COMUNES Y MANUFACTURAS DE ESTOS METALES"|20|792960|1151708.15
20140901|83|"SAN LUIS"|72|"METALES COMUNES Y MANUFACTURAS DE ESTOS METALES"|11|310884|419816.73
20141001|83|"SAN LUIS"|72|"METALES COMUNES Y MANUFACTURAS DE ESTOS METALES"|25|950522|1317386.04
20141101|83|"SAN LUIS"|72|"METALES COMUNES Y MANUFACTURAS DE ESTOS METALES"|16|260308|331387.13
20141201|83|"SAN LUIS"|72|"METALES COMUNES Y MANUFACTURAS DE ESTOS METALES"|13|349304|391408.87
20150101|83|"SAN LUIS"|72|"METALES COMUNES Y MANUFACTURAS DE ESTOS METALES"|10|259755|268963.85
20150201|83|"SAN LUIS"|72|"METALES COMUNES Y MANUFACTURAS DE ESTOS METALES"|7|328841|393393.91
20150301|83|"SAN LUIS"|72|"METALES COMUNES Y MANUFACTURAS DE ESTOS METALES"|9|293509|342407.56
20150401|83|"SAN LUIS"|72|"METALES COMUNES Y MANUFACTURAS DE ESTOS METALES"|9|173102|256247.29
20150501|83|"SAN LUIS"|72|"METALES COMUNES Y MANUFACTURAS DE ESTOS METALES"|4|83682|101692.59
20150601|83|"SAN LUIS"|72|"METALES COMUNES Y MANUFACTURAS DE ESTOS METALES"|6|204259|254849.41
20150701|83|"SAN LUIS"|72|"METALES COMUNES Y MANUFACTURAS DE ESTOS METALES"|8|267623|449723.31
20150801|83|"SAN LUIS"|72|"METALES COMUNES Y MANUFACTURAS DE ESTOS METALES"|3|296543|508589.13
20150901|83|"SAN LUIS"|72|"METALES COMUNES Y MANUFACTURAS DE ESTOS METALES"|8|410073|612034.98
20151001|83|"SAN LUIS"|72|"METALES COMUNES Y MANUFACTURAS DE ESTOS METALES"|11|561417|828332.33
20151101|83|"SAN LUIS"|72|"METALES COMUNES Y MANUFACTURAS DE ESTOS METALES"|11|535042|771146.34
20151201|83|"SAN LUIS"|72|"METALES COMUNES Y MANUFACTURAS DE ESTOS METALES"|7|142437|204237.65
