"fecha_oficia"|"aduana"|"aduana_desc"|"mercaderia"|"mercaderia_desc"|"cantidad"|"kilos"|"importe"
20150401|91|"BS.AS. NORTE"|86|"VEHICULOS Y MATERIAL PARA VIAS FERREAS O SIMILARES, Y SUS PA"|2|12009|69620.48
20150501|91|"BS.AS. NORTE"|86|"VEHICULOS Y MATERIAL PARA VIAS FERREAS O SIMILARES, Y SUS PA"|2|17674|89970
20150601|91|"BS.AS. NORTE"|86|"VEHICULOS Y MATERIAL PARA VIAS FERREAS O SIMILARES, Y SUS PA"|7|16065.79|128763.18
20150701|91|"BS.AS. NORTE"|86|"VEHICULOS Y MATERIAL PARA VIAS FERREAS O SIMILARES, Y SUS PA"|7|15185.62|88212
20150801|91|"BS.AS. NORTE"|86|"VEHICULOS Y MATERIAL PARA VIAS FERREAS O SIMILARES, Y SUS PA"|8|35456|199322.48
20150901|91|"BS.AS. NORTE"|86|"VEHICULOS Y MATERIAL PARA VIAS FERREAS O SIMILARES, Y SUS PA"|1|9300|48465
20151001|91|"BS.AS. NORTE"|86|"VEHICULOS Y MATERIAL PARA VIAS FERREAS O SIMILARES, Y SUS PA"|2|12870|76360
20151101|91|"BS.AS. NORTE"|86|"VEHICULOS Y MATERIAL PARA VIAS FERREAS O SIMILARES, Y SUS PA"|3|6710|46679.6
20151201|91|"BS.AS. NORTE"|86|"VEHICULOS Y MATERIAL PARA VIAS FERREAS O SIMILARES, Y SUS PA"|6|19748|123804.5
