"fecha_oficia"|"aduana"|"aduana_desc"|"mercaderia"|"mercaderia_desc"|"cantidad"|"kilos"|"importe"
20150401|91|"BS.AS. NORTE"|58|"TEJIDOS ESPECIALES; SUPERFICIES TEXTILES CON MECHON INSERTAD"|3|333.28|8599.8
20150501|91|"BS.AS. NORTE"|58|"TEJIDOS ESPECIALES; SUPERFICIES TEXTILES CON MECHON INSERTAD"|3|2918.21|43100.85
20150601|91|"BS.AS. NORTE"|58|"TEJIDOS ESPECIALES; SUPERFICIES TEXTILES CON MECHON INSERTAD"|2|274.6|9378.04
20150701|91|"BS.AS. NORTE"|58|"TEJIDOS ESPECIALES; SUPERFICIES TEXTILES CON MECHON INSERTAD"|3|298.1|9671
20150801|91|"BS.AS. NORTE"|58|"TEJIDOS ESPECIALES; SUPERFICIES TEXTILES CON MECHON INSERTAD"|5|331.15|7984.64
20150901|91|"BS.AS. NORTE"|58|"TEJIDOS ESPECIALES; SUPERFICIES TEXTILES CON MECHON INSERTAD"|4|369.98|7860.1
20151001|91|"BS.AS. NORTE"|58|"TEJIDOS ESPECIALES; SUPERFICIES TEXTILES CON MECHON INSERTAD"|5|798.29|13847.98
20151101|91|"BS.AS. NORTE"|58|"TEJIDOS ESPECIALES; SUPERFICIES TEXTILES CON MECHON INSERTAD"|3|13015.84|54813.47
20151201|91|"BS.AS. NORTE"|58|"TEJIDOS ESPECIALES; SUPERFICIES TEXTILES CON MECHON INSERTAD"|2|212.59|6160.21
