"fecha_oficia"|"aduana"|"aduana_desc"|"mercaderia"|"mercaderia_desc"|"cantidad"|"kilos"|"importe"
20140101|83|"SAN LUIS"|83|"MANUFACTURAS DIVERSAS DE METAL COMUN"|12|243644|449268.72
20140201|83|"SAN LUIS"|83|"MANUFACTURAS DIVERSAS DE METAL COMUN"|9|230780|441953.6
20140301|83|"SAN LUIS"|83|"MANUFACTURAS DIVERSAS DE METAL COMUN"|9|209757|401106.26
20140401|83|"SAN LUIS"|83|"MANUFACTURAS DIVERSAS DE METAL COMUN"|8|184328|370731.27
20140501|83|"SAN LUIS"|83|"MANUFACTURAS DIVERSAS DE METAL COMUN"|9|203048|394955.6
20140601|83|"SAN LUIS"|83|"MANUFACTURAS DIVERSAS DE METAL COMUN"|5|128560|279390.4
20140701|83|"SAN LUIS"|83|"MANUFACTURAS DIVERSAS DE METAL COMUN"|10|210318|418846.76
20140801|83|"SAN LUIS"|83|"MANUFACTURAS DIVERSAS DE METAL COMUN"|8|170985|345886.35
20140901|83|"SAN LUIS"|83|"MANUFACTURAS DIVERSAS DE METAL COMUN"|13|315848|630961.03
20141001|83|"SAN LUIS"|83|"MANUFACTURAS DIVERSAS DE METAL COMUN"|7|179610|349423.4
20141101|83|"SAN LUIS"|83|"MANUFACTURAS DIVERSAS DE METAL COMUN"|10|234941|458719.2
20141201|83|"SAN LUIS"|83|"MANUFACTURAS DIVERSAS DE METAL COMUN"|8|210130|415866.6
20150101|83|"SAN LUIS"|83|"MANUFACTURAS DIVERSAS DE METAL COMUN"|8|155078.6|296980.8
20150201|83|"SAN LUIS"|83|"MANUFACTURAS DIVERSAS DE METAL COMUN"|7|158347|300923.7
20150301|83|"SAN LUIS"|83|"MANUFACTURAS DIVERSAS DE METAL COMUN"|10|237594|454957.76
20150401|83|"SAN LUIS"|83|"MANUFACTURAS DIVERSAS DE METAL COMUN"|10|235730|463880
20150501|83|"SAN LUIS"|83|"MANUFACTURAS DIVERSAS DE METAL COMUN"|8|184543|366732.6
20150601|83|"SAN LUIS"|83|"MANUFACTURAS DIVERSAS DE METAL COMUN"|12|287126|599582.45
20150701|83|"SAN LUIS"|83|"MANUFACTURAS DIVERSAS DE METAL COMUN"|8|201740|396078
20150801|83|"SAN LUIS"|83|"MANUFACTURAS DIVERSAS DE METAL COMUN"|10|235962.3|453477.31
20150901|83|"SAN LUIS"|83|"MANUFACTURAS DIVERSAS DE METAL COMUN"|7|183450|342143.5
20151001|83|"SAN LUIS"|83|"MANUFACTURAS DIVERSAS DE METAL COMUN"|8|184068.65|344762.04
20151101|83|"SAN LUIS"|83|"MANUFACTURAS DIVERSAS DE METAL COMUN"|10|261490|478257
20151201|83|"SAN LUIS"|83|"MANUFACTURAS DIVERSAS DE METAL COMUN"|12|281333.8|568761.2
