"fecha_oficia"|"aduana"|"aduana_desc"|"mercaderia"|"mercaderia_desc"|"cantidad"|"kilos"|"importe"
20150401|91|"BS.AS. NORTE"|54|"FILAMENTOS SINTETICOS O ARTIFICIALES"|1|800|3532
20150501|91|"BS.AS. NORTE"|54|"FILAMENTOS SINTETICOS O ARTIFICIALES"|3|2508|17089.43
20150601|91|"BS.AS. NORTE"|54|"FILAMENTOS SINTETICOS O ARTIFICIALES"|5|10212.91|68441.78
20150701|91|"BS.AS. NORTE"|54|"FILAMENTOS SINTETICOS O ARTIFICIALES"|5|10731.11|63348.29
20150801|91|"BS.AS. NORTE"|54|"FILAMENTOS SINTETICOS O ARTIFICIALES"|3|9275.26|48661
20150901|91|"BS.AS. NORTE"|54|"FILAMENTOS SINTETICOS O ARTIFICIALES"|4|886.1|14931.77
20151001|91|"BS.AS. NORTE"|54|"FILAMENTOS SINTETICOS O ARTIFICIALES"|3|110.7|1200.72
20151101|91|"BS.AS. NORTE"|54|"FILAMENTOS SINTETICOS O ARTIFICIALES"|5|18371.76|66617.96
20151201|91|"BS.AS. NORTE"|54|"FILAMENTOS SINTETICOS O ARTIFICIALES"|2|356|3629.6
