"fecha_oficia"|"aduana"|"aduana_desc"|"mercaderia"|"mercaderia_desc"|"cantidad"|"kilos"|"importe"
20150401|92|"BS.AS. SUR"|17|"AZUCARES Y ARTICULOS DE CONFITERIA"|14|336026.31|312987
20150501|92|"BS.AS. SUR"|17|"AZUCARES Y ARTICULOS DE CONFITERIA"|41|506046.79|780809.99
20150601|92|"BS.AS. SUR"|17|"AZUCARES Y ARTICULOS DE CONFITERIA"|43|611359.83|594535.36
20150701|92|"BS.AS. SUR"|17|"AZUCARES Y ARTICULOS DE CONFITERIA"|39|1341644.44|1312758.91
20150801|92|"BS.AS. SUR"|17|"AZUCARES Y ARTICULOS DE CONFITERIA"|35|1524560.23|1239816.44
20150901|92|"BS.AS. SUR"|17|"AZUCARES Y ARTICULOS DE CONFITERIA"|61|423723|406467.41
20151001|92|"BS.AS. SUR"|17|"AZUCARES Y ARTICULOS DE CONFITERIA"|72|1463700.03|1356842
20151101|92|"BS.AS. SUR"|17|"AZUCARES Y ARTICULOS DE CONFITERIA"|47|1964564.56|1730648.76
20151201|92|"BS.AS. SUR"|17|"AZUCARES Y ARTICULOS DE CONFITERIA"|42|1320138.11|974273.09
