"fecha_oficia"|"aduana"|"aduana_desc"|"mercaderia"|"mercaderia_desc"|"cantidad"|"kilos"|"importe"
20140101|88|"GENERAL DEHEZA"|30|"PRODUCTOS FARMACEUTICOS"|1|11000|6930
20140301|88|"GENERAL DEHEZA"|30|"PRODUCTOS FARMACEUTICOS"|2|15000|9450
20140501|88|"GENERAL DEHEZA"|30|"PRODUCTOS FARMACEUTICOS"|1|12000|7560
20140601|88|"GENERAL DEHEZA"|30|"PRODUCTOS FARMACEUTICOS"|1|11000|6930
20140701|88|"GENERAL DEHEZA"|30|"PRODUCTOS FARMACEUTICOS"|1|11000|6930
20140801|88|"GENERAL DEHEZA"|30|"PRODUCTOS FARMACEUTICOS"|1|11000|6930
20140901|88|"GENERAL DEHEZA"|30|"PRODUCTOS FARMACEUTICOS"|1|10000|6300
20141001|88|"GENERAL DEHEZA"|30|"PRODUCTOS FARMACEUTICOS"|1|7000|4410
20141201|88|"GENERAL DEHEZA"|30|"PRODUCTOS FARMACEUTICOS"|2|15000|9450
20150101|88|"GENERAL DEHEZA"|30|"PRODUCTOS FARMACEUTICOS"|1|7000|4410
20150301|88|"GENERAL DEHEZA"|30|"PRODUCTOS FARMACEUTICOS"|1|16000|10080
20150401|88|"GENERAL DEHEZA"|30|"PRODUCTOS FARMACEUTICOS"|1|12000|7176
20150601|88|"GENERAL DEHEZA"|30|"PRODUCTOS FARMACEUTICOS"|1|11000|6930
20150701|88|"GENERAL DEHEZA"|30|"PRODUCTOS FARMACEUTICOS"|1|4000|2268
20150801|88|"GENERAL DEHEZA"|30|"PRODUCTOS FARMACEUTICOS"|2|25000|14175
20150901|88|"GENERAL DEHEZA"|30|"PRODUCTOS FARMACEUTICOS"|1|6000|3780
20151001|88|"GENERAL DEHEZA"|30|"PRODUCTOS FARMACEUTICOS"|2|21000|13230
20151101|88|"GENERAL DEHEZA"|30|"PRODUCTOS FARMACEUTICOS"|4|31000|19530
20151201|88|"GENERAL DEHEZA"|30|"PRODUCTOS FARMACEUTICOS"|1|14000|4410
