"fecha_oficia"|"aduana"|"aduana_desc"|"mercaderia"|"mercaderia_desc"|"cantidad"|"kilos"|"importe"
20150401|91|"BS.AS. NORTE"|20|"PREPARACIONES DE HORTALIZAS, FRUTAS U OTROS FRUTOS O DEMAS P"|46|946980.6|2989835.22
20150501|91|"BS.AS. NORTE"|20|"PREPARACIONES DE HORTALIZAS, FRUTAS U OTROS FRUTOS O DEMAS P"|113|4536940.04|15399716.32
20150601|91|"BS.AS. NORTE"|20|"PREPARACIONES DE HORTALIZAS, FRUTAS U OTROS FRUTOS O DEMAS P"|157|6775494.71|19811317.61
20150701|91|"BS.AS. NORTE"|20|"PREPARACIONES DE HORTALIZAS, FRUTAS U OTROS FRUTOS O DEMAS P"|268|9368914.51|26262368.24
20150801|91|"BS.AS. NORTE"|20|"PREPARACIONES DE HORTALIZAS, FRUTAS U OTROS FRUTOS O DEMAS P"|217|6610979.55|18186636.05
20150901|91|"BS.AS. NORTE"|20|"PREPARACIONES DE HORTALIZAS, FRUTAS U OTROS FRUTOS O DEMAS P"|280|8686566.86|22216737.42
20151001|91|"BS.AS. NORTE"|20|"PREPARACIONES DE HORTALIZAS, FRUTAS U OTROS FRUTOS O DEMAS P"|305|7793726.19|18897009.57
20151101|91|"BS.AS. NORTE"|20|"PREPARACIONES DE HORTALIZAS, FRUTAS U OTROS FRUTOS O DEMAS P"|320|7833766.47|17883635.97
20151201|91|"BS.AS. NORTE"|20|"PREPARACIONES DE HORTALIZAS, FRUTAS U OTROS FRUTOS O DEMAS P"|168|3871221.61|9421687.95
