"fecha_oficia"|"aduana"|"aduana_desc"|"mercaderia"|"mercaderia_desc"|"cantidad"|"kilos"|"importe"
20150401|91|"BS.AS. NORTE"|57|"ALFOMBRAS Y DEMAS REVESTIMIENTOS PARA EL SUELO, DE MATERIA T"|2|949.5|13336.4
20150501|91|"BS.AS. NORTE"|57|"ALFOMBRAS Y DEMAS REVESTIMIENTOS PARA EL SUELO, DE MATERIA T"|9|10699.22|109042.34
20150601|91|"BS.AS. NORTE"|57|"ALFOMBRAS Y DEMAS REVESTIMIENTOS PARA EL SUELO, DE MATERIA T"|3|13199.28|102582.5
20150701|91|"BS.AS. NORTE"|57|"ALFOMBRAS Y DEMAS REVESTIMIENTOS PARA EL SUELO, DE MATERIA T"|7|15001.1|152991.12
20150801|91|"BS.AS. NORTE"|57|"ALFOMBRAS Y DEMAS REVESTIMIENTOS PARA EL SUELO, DE MATERIA T"|4|5954.57|81982.28
20150901|91|"BS.AS. NORTE"|57|"ALFOMBRAS Y DEMAS REVESTIMIENTOS PARA EL SUELO, DE MATERIA T"|8|26437.56|175934.48
20151001|91|"BS.AS. NORTE"|57|"ALFOMBRAS Y DEMAS REVESTIMIENTOS PARA EL SUELO, DE MATERIA T"|9|30258.84|232276
20151101|91|"BS.AS. NORTE"|57|"ALFOMBRAS Y DEMAS REVESTIMIENTOS PARA EL SUELO, DE MATERIA T"|5|23145.08|120848.35
20151201|91|"BS.AS. NORTE"|57|"ALFOMBRAS Y DEMAS REVESTIMIENTOS PARA EL SUELO, DE MATERIA T"|3|339.1|7025
