"fecha_oficia"|"aduana"|"aduana_desc"|"mercaderia"|"mercaderia_desc"|"cantidad"|"kilos"|"importe"
20140601|49|"RIO GRANDE"|63|"LOS DEMAS ARTICULOS TEXTILES CONFECCIONADOS; JUEGOS; PRENDER"|1|15|98.91
20140801|49|"RIO GRANDE"|63|"LOS DEMAS ARTICULOS TEXTILES CONFECCIONADOS; JUEGOS; PRENDER"|1|25|106.86
20141201|49|"RIO GRANDE"|63|"LOS DEMAS ARTICULOS TEXTILES CONFECCIONADOS; JUEGOS; PRENDER"|1|87|665.3
20150301|49|"RIO GRANDE"|63|"LOS DEMAS ARTICULOS TEXTILES CONFECCIONADOS; JUEGOS; PRENDER"|5|1210|3359.43
20150601|49|"RIO GRANDE"|63|"LOS DEMAS ARTICULOS TEXTILES CONFECCIONADOS; JUEGOS; PRENDER"|1|36.1|796.49
20150801|49|"RIO GRANDE"|63|"LOS DEMAS ARTICULOS TEXTILES CONFECCIONADOS; JUEGOS; PRENDER"|3|334|2945.31
20151201|49|"RIO GRANDE"|63|"LOS DEMAS ARTICULOS TEXTILES CONFECCIONADOS; JUEGOS; PRENDER"|1|261|645.18
