"fecha_oficia"|"aduana"|"aduana_desc"|"mercaderia"|"mercaderia_desc"|"cantidad"|"kilos"|"importe"
20150401|91|"BS.AS. NORTE"|70|"VIDRIO Y SUS MANUFACTURAS"|12|1223.35|13183.82
20150501|91|"BS.AS. NORTE"|70|"VIDRIO Y SUS MANUFACTURAS"|32|18555.99|81976.02
20150601|91|"BS.AS. NORTE"|70|"VIDRIO Y SUS MANUFACTURAS"|39|53673.09|99556
20150701|91|"BS.AS. NORTE"|70|"VIDRIO Y SUS MANUFACTURAS"|45|2083.92|37673.03
20150801|91|"BS.AS. NORTE"|70|"VIDRIO Y SUS MANUFACTURAS"|36|37917.11|75821.11
20150901|91|"BS.AS. NORTE"|70|"VIDRIO Y SUS MANUFACTURAS"|40|28055.9|72676.32
20151001|91|"BS.AS. NORTE"|70|"VIDRIO Y SUS MANUFACTURAS"|39|44174.91|102785.65
20151101|91|"BS.AS. NORTE"|70|"VIDRIO Y SUS MANUFACTURAS"|25|9929.79|58695.76
20151201|91|"BS.AS. NORTE"|70|"VIDRIO Y SUS MANUFACTURAS"|36|6502.95|33954.81
