"fecha_oficia"|"aduana"|"aduana_desc"|"mercaderia"|"mercaderia_desc"|"cantidad"|"kilos"|"importe"
20140101|88|"GENERAL DEHEZA"|35|"MATERIAS ALBUMINOIDEAS; PRODUCTOS A BASE DE ALMIDON O DE FEC"|10|799000|8070346.5
20140201|88|"GENERAL DEHEZA"|35|"MATERIAS ALBUMINOIDEAS; PRODUCTOS A BASE DE ALMIDON O DE FEC"|1|10000|110200
20140301|88|"GENERAL DEHEZA"|35|"MATERIAS ALBUMINOIDEAS; PRODUCTOS A BASE DE ALMIDON O DE FEC"|1|38000|406307.4
20140401|88|"GENERAL DEHEZA"|35|"MATERIAS ALBUMINOIDEAS; PRODUCTOS A BASE DE ALMIDON O DE FEC"|5|328000|3445057.6
20140501|88|"GENERAL DEHEZA"|35|"MATERIAS ALBUMINOIDEAS; PRODUCTOS A BASE DE ALMIDON O DE FEC"|22|860000|8720400
20140601|88|"GENERAL DEHEZA"|35|"MATERIAS ALBUMINOIDEAS; PRODUCTOS A BASE DE ALMIDON O DE FEC"|5|164000|1681200
20140701|88|"GENERAL DEHEZA"|35|"MATERIAS ALBUMINOIDEAS; PRODUCTOS A BASE DE ALMIDON O DE FEC"|25|700003|6981474.45
20140801|88|"GENERAL DEHEZA"|35|"MATERIAS ALBUMINOIDEAS; PRODUCTOS A BASE DE ALMIDON O DE FEC"|3|214000|1965772
20140901|88|"GENERAL DEHEZA"|35|"MATERIAS ALBUMINOIDEAS; PRODUCTOS A BASE DE ALMIDON O DE FEC"|7|247000|2251446.8
20141001|88|"GENERAL DEHEZA"|35|"MATERIAS ALBUMINOIDEAS; PRODUCTOS A BASE DE ALMIDON O DE FEC"|11|568000|4799579
20141101|88|"GENERAL DEHEZA"|35|"MATERIAS ALBUMINOIDEAS; PRODUCTOS A BASE DE ALMIDON O DE FEC"|7|3e+05|2596241.4
20141201|88|"GENERAL DEHEZA"|35|"MATERIAS ALBUMINOIDEAS; PRODUCTOS A BASE DE ALMIDON O DE FEC"|7|518000|3884918.2
20150101|88|"GENERAL DEHEZA"|35|"MATERIAS ALBUMINOIDEAS; PRODUCTOS A BASE DE ALMIDON O DE FEC"|9|442800|3268307.8
20150201|88|"GENERAL DEHEZA"|35|"MATERIAS ALBUMINOIDEAS; PRODUCTOS A BASE DE ALMIDON O DE FEC"|2|10800|84320
20150301|88|"GENERAL DEHEZA"|35|"MATERIAS ALBUMINOIDEAS; PRODUCTOS A BASE DE ALMIDON O DE FEC"|5|328000|2329944
20150401|88|"GENERAL DEHEZA"|35|"MATERIAS ALBUMINOIDEAS; PRODUCTOS A BASE DE ALMIDON O DE FEC"|7|428000|2841976.3
20150501|88|"GENERAL DEHEZA"|35|"MATERIAS ALBUMINOIDEAS; PRODUCTOS A BASE DE ALMIDON O DE FEC"|16|1327000|8743331.5
20150601|88|"GENERAL DEHEZA"|35|"MATERIAS ALBUMINOIDEAS; PRODUCTOS A BASE DE ALMIDON O DE FEC"|2|240000|1402128
20150701|88|"GENERAL DEHEZA"|35|"MATERIAS ALBUMINOIDEAS; PRODUCTOS A BASE DE ALMIDON O DE FEC"|10|834000|4622900
20150801|88|"GENERAL DEHEZA"|35|"MATERIAS ALBUMINOIDEAS; PRODUCTOS A BASE DE ALMIDON O DE FEC"|6|519000|2985358
20150901|88|"GENERAL DEHEZA"|35|"MATERIAS ALBUMINOIDEAS; PRODUCTOS A BASE DE ALMIDON O DE FEC"|19|1519000|8394974
20151001|88|"GENERAL DEHEZA"|35|"MATERIAS ALBUMINOIDEAS; PRODUCTOS A BASE DE ALMIDON O DE FEC"|2|2e+05|1102300
20151101|88|"GENERAL DEHEZA"|35|"MATERIAS ALBUMINOIDEAS; PRODUCTOS A BASE DE ALMIDON O DE FEC"|4|380000|2199098
20151201|88|"GENERAL DEHEZA"|35|"MATERIAS ALBUMINOIDEAS; PRODUCTOS A BASE DE ALMIDON O DE FEC"|9|720000|3986050
