"fecha_oficia"|"aduana"|"aduana_desc"|"mercaderia"|"mercaderia_desc"|"cantidad"|"kilos"|"importe"
20150401|91|"BS.AS. NORTE"|33|"ACEITES ESENCIALES Y RESINOIDES; PEPARACIONES DE PERFUMERIA,"|351|2577284.76|11825627.28
20150501|91|"BS.AS. NORTE"|33|"ACEITES ESENCIALES Y RESINOIDES; PEPARACIONES DE PERFUMERIA,"|955|6772613.7|31969001.94
20150601|91|"BS.AS. NORTE"|33|"ACEITES ESENCIALES Y RESINOIDES; PEPARACIONES DE PERFUMERIA,"|1139|7294306.85|38098981.93
20150701|91|"BS.AS. NORTE"|33|"ACEITES ESENCIALES Y RESINOIDES; PEPARACIONES DE PERFUMERIA,"|1030|7010723.38|36093600.73
20150801|91|"BS.AS. NORTE"|33|"ACEITES ESENCIALES Y RESINOIDES; PEPARACIONES DE PERFUMERIA,"|883|5847073.03|30437897.29
20150901|91|"BS.AS. NORTE"|33|"ACEITES ESENCIALES Y RESINOIDES; PEPARACIONES DE PERFUMERIA,"|978|6027663.84|30931839.75
20151001|91|"BS.AS. NORTE"|33|"ACEITES ESENCIALES Y RESINOIDES; PEPARACIONES DE PERFUMERIA,"|854|5192426.02|29270320.03
20151101|91|"BS.AS. NORTE"|33|"ACEITES ESENCIALES Y RESINOIDES; PEPARACIONES DE PERFUMERIA,"|794|5568509.07|28561264.28
20151201|91|"BS.AS. NORTE"|33|"ACEITES ESENCIALES Y RESINOIDES; PEPARACIONES DE PERFUMERIA,"|704|3799710.8|21442931.61
