"fecha_oficia"|"aduana"|"aduana_desc"|"mercaderia"|"mercaderia_desc"|"cantidad"|"kilos"|"importe"
20140101|87|"CALETA OLIVIA"|25|"SAL; AZUFRE; TIERRAS Y PIEDRAS; YESOS, CALES Y CEMENTOS"|179|13937840|1073671.65
20140201|87|"CALETA OLIVIA"|25|"SAL; AZUFRE; TIERRAS Y PIEDRAS; YESOS, CALES Y CEMENTOS"|201|16400122|1240748.2
20140301|87|"CALETA OLIVIA"|25|"SAL; AZUFRE; TIERRAS Y PIEDRAS; YESOS, CALES Y CEMENTOS"|190|18254736|1387980.13
20140401|87|"CALETA OLIVIA"|25|"SAL; AZUFRE; TIERRAS Y PIEDRAS; YESOS, CALES Y CEMENTOS"|155|13128418|982181.33
20140501|87|"CALETA OLIVIA"|25|"SAL; AZUFRE; TIERRAS Y PIEDRAS; YESOS, CALES Y CEMENTOS"|168|15295900|1198592.98
20140601|87|"CALETA OLIVIA"|25|"SAL; AZUFRE; TIERRAS Y PIEDRAS; YESOS, CALES Y CEMENTOS"|126|12596908|1026777.67
20140701|87|"CALETA OLIVIA"|25|"SAL; AZUFRE; TIERRAS Y PIEDRAS; YESOS, CALES Y CEMENTOS"|102|8621860|672193.42
20140801|87|"CALETA OLIVIA"|25|"SAL; AZUFRE; TIERRAS Y PIEDRAS; YESOS, CALES Y CEMENTOS"|88|8655392|772454.99
20140901|87|"CALETA OLIVIA"|25|"SAL; AZUFRE; TIERRAS Y PIEDRAS; YESOS, CALES Y CEMENTOS"|113|9891988|803707.72
20141001|87|"CALETA OLIVIA"|25|"SAL; AZUFRE; TIERRAS Y PIEDRAS; YESOS, CALES Y CEMENTOS"|183|19344032|1588023.46
20141101|87|"CALETA OLIVIA"|25|"SAL; AZUFRE; TIERRAS Y PIEDRAS; YESOS, CALES Y CEMENTOS"|182|19883092|1679499.09
20141201|87|"CALETA OLIVIA"|25|"SAL; AZUFRE; TIERRAS Y PIEDRAS; YESOS, CALES Y CEMENTOS"|195|16924402|1319269.23
20150101|87|"CALETA OLIVIA"|25|"SAL; AZUFRE; TIERRAS Y PIEDRAS; YESOS, CALES Y CEMENTOS"|233|21929218|1916519.87
20150201|87|"CALETA OLIVIA"|25|"SAL; AZUFRE; TIERRAS Y PIEDRAS; YESOS, CALES Y CEMENTOS"|205|16070274|1275351.08
20150301|87|"CALETA OLIVIA"|25|"SAL; AZUFRE; TIERRAS Y PIEDRAS; YESOS, CALES Y CEMENTOS"|199|19736012|1810636.75
20150401|87|"CALETA OLIVIA"|25|"SAL; AZUFRE; TIERRAS Y PIEDRAS; YESOS, CALES Y CEMENTOS"|185|13599872|1055187.81
20150501|87|"CALETA OLIVIA"|25|"SAL; AZUFRE; TIERRAS Y PIEDRAS; YESOS, CALES Y CEMENTOS"|175|18215724|1768850.15
20150601|87|"CALETA OLIVIA"|25|"SAL; AZUFRE; TIERRAS Y PIEDRAS; YESOS, CALES Y CEMENTOS"|133|8281956|607872.58
20150701|87|"CALETA OLIVIA"|25|"SAL; AZUFRE; TIERRAS Y PIEDRAS; YESOS, CALES Y CEMENTOS"|109|10623456|956054.92
20150801|87|"CALETA OLIVIA"|25|"SAL; AZUFRE; TIERRAS Y PIEDRAS; YESOS, CALES Y CEMENTOS"|89|7347944|616775.03
20150901|87|"CALETA OLIVIA"|25|"SAL; AZUFRE; TIERRAS Y PIEDRAS; YESOS, CALES Y CEMENTOS"|122|10398464|927042.25
20151001|87|"CALETA OLIVIA"|25|"SAL; AZUFRE; TIERRAS Y PIEDRAS; YESOS, CALES Y CEMENTOS"|146|11425784|908103.91
20151101|87|"CALETA OLIVIA"|25|"SAL; AZUFRE; TIERRAS Y PIEDRAS; YESOS, CALES Y CEMENTOS"|125|10227372|922262.2
20151201|87|"CALETA OLIVIA"|25|"SAL; AZUFRE; TIERRAS Y PIEDRAS; YESOS, CALES Y CEMENTOS"|137|13566940|1153597.79
