"fecha_oficia"|"aduana"|"aduana_desc"|"mercaderia"|"mercaderia_desc"|"cantidad"|"kilos"|"importe"
20140101|84|"SANTO TOME"|87|"VEHICULOS AUTOMOVILES, TRACTORES, VELOCIPEDOS Y DEMAS VEHICU"|196|603875.36|7879246.33
20140201|84|"SANTO TOME"|87|"VEHICULOS AUTOMOVILES, TRACTORES, VELOCIPEDOS Y DEMAS VEHICU"|221|590313.69|9060668.21
20140301|84|"SANTO TOME"|87|"VEHICULOS AUTOMOVILES, TRACTORES, VELOCIPEDOS Y DEMAS VEHICU"|195|532502.26|7956006.86
20140401|84|"SANTO TOME"|87|"VEHICULOS AUTOMOVILES, TRACTORES, VELOCIPEDOS Y DEMAS VEHICU"|249|617991.9|9305718.61
20140501|84|"SANTO TOME"|87|"VEHICULOS AUTOMOVILES, TRACTORES, VELOCIPEDOS Y DEMAS VEHICU"|138|361810.47|4525745.13
20140601|84|"SANTO TOME"|87|"VEHICULOS AUTOMOVILES, TRACTORES, VELOCIPEDOS Y DEMAS VEHICU"|258|811462|13520166.04
20140701|84|"SANTO TOME"|87|"VEHICULOS AUTOMOVILES, TRACTORES, VELOCIPEDOS Y DEMAS VEHICU"|231|669041.58|9346588.39
20140801|84|"SANTO TOME"|87|"VEHICULOS AUTOMOVILES, TRACTORES, VELOCIPEDOS Y DEMAS VEHICU"|256|653398.4|10452882.63
20140901|84|"SANTO TOME"|87|"VEHICULOS AUTOMOVILES, TRACTORES, VELOCIPEDOS Y DEMAS VEHICU"|270|645329.71|10791142.84
20141001|84|"SANTO TOME"|87|"VEHICULOS AUTOMOVILES, TRACTORES, VELOCIPEDOS Y DEMAS VEHICU"|346|860708.25|13114817.78
20141101|84|"SANTO TOME"|87|"VEHICULOS AUTOMOVILES, TRACTORES, VELOCIPEDOS Y DEMAS VEHICU"|273|798261.88|12502314.89
20141201|84|"SANTO TOME"|87|"VEHICULOS AUTOMOVILES, TRACTORES, VELOCIPEDOS Y DEMAS VEHICU"|157|473779.14|7760946.91
20150101|84|"SANTO TOME"|87|"VEHICULOS AUTOMOVILES, TRACTORES, VELOCIPEDOS Y DEMAS VEHICU"|107|288947.98|2988756.64
20150201|84|"SANTO TOME"|87|"VEHICULOS AUTOMOVILES, TRACTORES, VELOCIPEDOS Y DEMAS VEHICU"|158|397121.57|5862674.47
20150301|84|"SANTO TOME"|87|"VEHICULOS AUTOMOVILES, TRACTORES, VELOCIPEDOS Y DEMAS VEHICU"|216|537359.21|7633983.19
20150401|84|"SANTO TOME"|87|"VEHICULOS AUTOMOVILES, TRACTORES, VELOCIPEDOS Y DEMAS VEHICU"|170|419277.97|5673762.65
20150501|84|"SANTO TOME"|87|"VEHICULOS AUTOMOVILES, TRACTORES, VELOCIPEDOS Y DEMAS VEHICU"|217|531516.61|7743212.8
20150601|84|"SANTO TOME"|87|"VEHICULOS AUTOMOVILES, TRACTORES, VELOCIPEDOS Y DEMAS VEHICU"|219|497529.2|7809252.28
20150701|84|"SANTO TOME"|87|"VEHICULOS AUTOMOVILES, TRACTORES, VELOCIPEDOS Y DEMAS VEHICU"|190|446846.59|6465300.05
20150801|84|"SANTO TOME"|87|"VEHICULOS AUTOMOVILES, TRACTORES, VELOCIPEDOS Y DEMAS VEHICU"|209|465216.35|6387414.17
20150901|84|"SANTO TOME"|87|"VEHICULOS AUTOMOVILES, TRACTORES, VELOCIPEDOS Y DEMAS VEHICU"|236|497499.47|7210147.29
20151001|84|"SANTO TOME"|87|"VEHICULOS AUTOMOVILES, TRACTORES, VELOCIPEDOS Y DEMAS VEHICU"|250|531491.21|8082004.3
20151101|84|"SANTO TOME"|87|"VEHICULOS AUTOMOVILES, TRACTORES, VELOCIPEDOS Y DEMAS VEHICU"|195|483373.21|7032070.52
20151201|84|"SANTO TOME"|87|"VEHICULOS AUTOMOVILES, TRACTORES, VELOCIPEDOS Y DEMAS VEHICU"|127|337732.94|5326910.3
