"fecha_oficia"|"aduana"|"aduana_desc"|"mercaderia"|"mercaderia_desc"|"cantidad"|"kilos"|"importe"
20150401|91|"BS.AS. NORTE"|64|"CALZADO, POLAINAS Y ARTICULOS ANALOGOS; PARTES DE ESTOS ARTI"|7|154.12|7068.17
20150501|91|"BS.AS. NORTE"|64|"CALZADO, POLAINAS Y ARTICULOS ANALOGOS; PARTES DE ESTOS ARTI"|4|658.75|13374.74
20150601|91|"BS.AS. NORTE"|64|"CALZADO, POLAINAS Y ARTICULOS ANALOGOS; PARTES DE ESTOS ARTI"|21|563.91|36190.72
20150701|91|"BS.AS. NORTE"|64|"CALZADO, POLAINAS Y ARTICULOS ANALOGOS; PARTES DE ESTOS ARTI"|11|5127.6|90305.32
20150801|91|"BS.AS. NORTE"|64|"CALZADO, POLAINAS Y ARTICULOS ANALOGOS; PARTES DE ESTOS ARTI"|2|12.35|2411.41
20150901|91|"BS.AS. NORTE"|64|"CALZADO, POLAINAS Y ARTICULOS ANALOGOS; PARTES DE ESTOS ARTI"|28|670.72|49254.33
20151001|91|"BS.AS. NORTE"|64|"CALZADO, POLAINAS Y ARTICULOS ANALOGOS; PARTES DE ESTOS ARTI"|15|5136.04|50786.14
20151101|91|"BS.AS. NORTE"|64|"CALZADO, POLAINAS Y ARTICULOS ANALOGOS; PARTES DE ESTOS ARTI"|8|119.33|6046.71
20151201|91|"BS.AS. NORTE"|64|"CALZADO, POLAINAS Y ARTICULOS ANALOGOS; PARTES DE ESTOS ARTI"|16|291.67|10295.32
