"fecha_oficia"|"aduana"|"aduana_desc"|"mercaderia"|"mercaderia_desc"|"cantidad"|"kilos"|"importe"
20140101|78|"SAN RAFAEL"|27|"COMBUSTIBLES MINERALES, ACEITES MINERALES Y PRODUCTOS DE SU "|9|6012100|5526239.5
20140201|78|"SAN RAFAEL"|27|"COMBUSTIBLES MINERALES, ACEITES MINERALES Y PRODUCTOS DE SU "|9|8705860|7362150.87
20140301|78|"SAN RAFAEL"|27|"COMBUSTIBLES MINERALES, ACEITES MINERALES Y PRODUCTOS DE SU "|3|1213620|1007209.42
20140401|78|"SAN RAFAEL"|27|"COMBUSTIBLES MINERALES, ACEITES MINERALES Y PRODUCTOS DE SU "|10|6841300|4888863.57
20140501|78|"SAN RAFAEL"|27|"COMBUSTIBLES MINERALES, ACEITES MINERALES Y PRODUCTOS DE SU "|6|4871430|3546408.94
20140601|78|"SAN RAFAEL"|27|"COMBUSTIBLES MINERALES, ACEITES MINERALES Y PRODUCTOS DE SU "|6|3741940|2788279.99
20140701|78|"SAN RAFAEL"|27|"COMBUSTIBLES MINERALES, ACEITES MINERALES Y PRODUCTOS DE SU "|4|1940040|1474002.04
20140801|78|"SAN RAFAEL"|27|"COMBUSTIBLES MINERALES, ACEITES MINERALES Y PRODUCTOS DE SU "|6|3e+06|2285000
20140901|78|"SAN RAFAEL"|27|"COMBUSTIBLES MINERALES, ACEITES MINERALES Y PRODUCTOS DE SU "|8|5063670|3426598.7
20141001|78|"SAN RAFAEL"|27|"COMBUSTIBLES MINERALES, ACEITES MINERALES Y PRODUCTOS DE SU "|10|7423420|4695743
20141101|78|"SAN RAFAEL"|27|"COMBUSTIBLES MINERALES, ACEITES MINERALES Y PRODUCTOS DE SU "|4|3675020|2216317.49
20141201|78|"SAN RAFAEL"|27|"COMBUSTIBLES MINERALES, ACEITES MINERALES Y PRODUCTOS DE SU "|9|7512660|3374397.52
20150101|78|"SAN RAFAEL"|27|"COMBUSTIBLES MINERALES, ACEITES MINERALES Y PRODUCTOS DE SU "|7|4901520|1843697.26
20150201|78|"SAN RAFAEL"|27|"COMBUSTIBLES MINERALES, ACEITES MINERALES Y PRODUCTOS DE SU "|9|5121800|1564196
20150301|78|"SAN RAFAEL"|27|"COMBUSTIBLES MINERALES, ACEITES MINERALES Y PRODUCTOS DE SU "|7|4752040|2038337.94
20150401|78|"SAN RAFAEL"|27|"COMBUSTIBLES MINERALES, ACEITES MINERALES Y PRODUCTOS DE SU "|7|5677840|2162227.64
20150501|78|"SAN RAFAEL"|27|"COMBUSTIBLES MINERALES, ACEITES MINERALES Y PRODUCTOS DE SU "|9|7628880|2658267.96
20150601|78|"SAN RAFAEL"|27|"COMBUSTIBLES MINERALES, ACEITES MINERALES Y PRODUCTOS DE SU "|10|5927300|1971952.04
20150701|78|"SAN RAFAEL"|27|"COMBUSTIBLES MINERALES, ACEITES MINERALES Y PRODUCTOS DE SU "|4|2377840|709295.63
20150801|78|"SAN RAFAEL"|27|"COMBUSTIBLES MINERALES, ACEITES MINERALES Y PRODUCTOS DE SU "|5|4984480|1371089.6
20150901|78|"SAN RAFAEL"|27|"COMBUSTIBLES MINERALES, ACEITES MINERALES Y PRODUCTOS DE SU "|8|7553920|2020281.69
20151001|78|"SAN RAFAEL"|27|"COMBUSTIBLES MINERALES, ACEITES MINERALES Y PRODUCTOS DE SU "|10|8288990|2323924.55
20151101|78|"SAN RAFAEL"|27|"COMBUSTIBLES MINERALES, ACEITES MINERALES Y PRODUCTOS DE SU "|8|6514720|1979716.91
20151201|78|"SAN RAFAEL"|27|"COMBUSTIBLES MINERALES, ACEITES MINERALES Y PRODUCTOS DE SU "|6|7683920|2307791.82
