"fecha_oficia"|"aduana"|"aduana_desc"|"mercaderia"|"mercaderia_desc"|"cantidad"|"kilos"|"importe"
20150401|92|"BS.AS. SUR"|32|"EXTRACTOS CURTIENTES O TINTOREOS; TANINOS Y SUS DERIVADOS; P"|174|808891.14|1739668.53
20150501|92|"BS.AS. SUR"|32|"EXTRACTOS CURTIENTES O TINTOREOS; TANINOS Y SUS DERIVADOS; P"|494|3313532.72|6776883.82
20150601|92|"BS.AS. SUR"|32|"EXTRACTOS CURTIENTES O TINTOREOS; TANINOS Y SUS DERIVADOS; P"|631|4002834.61|6932448.54
20150701|92|"BS.AS. SUR"|32|"EXTRACTOS CURTIENTES O TINTOREOS; TANINOS Y SUS DERIVADOS; P"|566|3176085.96|6564738.39
20150801|92|"BS.AS. SUR"|32|"EXTRACTOS CURTIENTES O TINTOREOS; TANINOS Y SUS DERIVADOS; P"|521|2444272.09|5450294.62
20150901|92|"BS.AS. SUR"|32|"EXTRACTOS CURTIENTES O TINTOREOS; TANINOS Y SUS DERIVADOS; P"|534|3219906.08|6909693.47
20151001|92|"BS.AS. SUR"|32|"EXTRACTOS CURTIENTES O TINTOREOS; TANINOS Y SUS DERIVADOS; P"|558|2668386.92|5793238.33
20151101|92|"BS.AS. SUR"|32|"EXTRACTOS CURTIENTES O TINTOREOS; TANINOS Y SUS DERIVADOS; P"|604|3389211.99|6836740.21
20151201|92|"BS.AS. SUR"|32|"EXTRACTOS CURTIENTES O TINTOREOS; TANINOS Y SUS DERIVADOS; P"|514|2940589.28|5685312.54
