"fecha_oficia"|"aduana"|"aduana_desc"|"mercaderia"|"mercaderia_desc"|"cantidad"|"kilos"|"importe"
20150401|91|"BS.AS. NORTE"|16|"PREPARACIONES DE CARNE, PESCADO O DE CRUSTACEOS, MOLUSCOS O "|6|95100|369509.82
20150501|91|"BS.AS. NORTE"|16|"PREPARACIONES DE CARNE, PESCADO O DE CRUSTACEOS, MOLUSCOS O "|45|669840.16|2807231.98
20150601|91|"BS.AS. NORTE"|16|"PREPARACIONES DE CARNE, PESCADO O DE CRUSTACEOS, MOLUSCOS O "|18|376455.85|1544271.92
20150701|91|"BS.AS. NORTE"|16|"PREPARACIONES DE CARNE, PESCADO O DE CRUSTACEOS, MOLUSCOS O "|29|411258.31|1540622.57
20150801|91|"BS.AS. NORTE"|16|"PREPARACIONES DE CARNE, PESCADO O DE CRUSTACEOS, MOLUSCOS O "|25|495932.96|1673950.55
20150901|91|"BS.AS. NORTE"|16|"PREPARACIONES DE CARNE, PESCADO O DE CRUSTACEOS, MOLUSCOS O "|31|376732.01|1318586.21
20151001|91|"BS.AS. NORTE"|16|"PREPARACIONES DE CARNE, PESCADO O DE CRUSTACEOS, MOLUSCOS O "|22|391632.19|1333846.15
20151101|91|"BS.AS. NORTE"|16|"PREPARACIONES DE CARNE, PESCADO O DE CRUSTACEOS, MOLUSCOS O "|17|280715.19|923573.58
20151201|91|"BS.AS. NORTE"|16|"PREPARACIONES DE CARNE, PESCADO O DE CRUSTACEOS, MOLUSCOS O "|18|269790|1003612.86
