"fecha_oficia"|"aduana"|"aduana_desc"|"mercaderia"|"mercaderia_desc"|"cantidad"|"kilos"|"importe"
20140101|1|"BS.AS.(CAPITAL)"|2|"CARNE Y DESPOJOS COMESTIBLES"|3832|40941039.48|127595614.28
20140201|1|"BS.AS.(CAPITAL)"|2|"CARNE Y DESPOJOS COMESTIBLES"|3073|30080544.99|98072243.04
20140301|1|"BS.AS.(CAPITAL)"|2|"CARNE Y DESPOJOS COMESTIBLES"|2928|31249997.66|103869069.24
20140401|1|"BS.AS.(CAPITAL)"|2|"CARNE Y DESPOJOS COMESTIBLES"|3062|32733559.95|113597111.14
20140501|1|"BS.AS.(CAPITAL)"|2|"CARNE Y DESPOJOS COMESTIBLES"|3264|35820862.38|121506056.91
20140601|1|"BS.AS.(CAPITAL)"|2|"CARNE Y DESPOJOS COMESTIBLES"|3244|35048222.06|121026290.37
20140701|1|"BS.AS.(CAPITAL)"|2|"CARNE Y DESPOJOS COMESTIBLES"|3834|39141458.58|143138033.17
20140801|1|"BS.AS.(CAPITAL)"|2|"CARNE Y DESPOJOS COMESTIBLES"|2961|30757335.99|109371356.82
20140901|1|"BS.AS.(CAPITAL)"|2|"CARNE Y DESPOJOS COMESTIBLES"|3222|37068415.24|122408467.22
20141001|1|"BS.AS.(CAPITAL)"|2|"CARNE Y DESPOJOS COMESTIBLES"|3229|36916260.79|126982430.61
20141101|1|"BS.AS.(CAPITAL)"|2|"CARNE Y DESPOJOS COMESTIBLES"|2877|30568735.11|105943286.79
20141201|1|"BS.AS.(CAPITAL)"|2|"CARNE Y DESPOJOS COMESTIBLES"|2777|26528271.04|92296991.99
20150101|1|"BS.AS.(CAPITAL)"|2|"CARNE Y DESPOJOS COMESTIBLES"|3297|36133951.3|112605386.95
20150201|1|"BS.AS.(CAPITAL)"|2|"CARNE Y DESPOJOS COMESTIBLES"|3091|33187951.31|101177281.29
20150301|1|"BS.AS.(CAPITAL)"|2|"CARNE Y DESPOJOS COMESTIBLES"|3080|35036257.93|115750481.99
20150401|1|"BS.AS.(CAPITAL)"|2|"CARNE Y DESPOJOS COMESTIBLES"|2480|24776094.78|84172734.2
20150501|1|"BS.AS.(CAPITAL)"|2|"CARNE Y DESPOJOS COMESTIBLES"|914|7080555.04|23078079.56
20150601|1|"BS.AS.(CAPITAL)"|2|"CARNE Y DESPOJOS COMESTIBLES"|211|2100473.97|7710236.22
20150701|1|"BS.AS.(CAPITAL)"|2|"CARNE Y DESPOJOS COMESTIBLES"|5|94047.67|289904.32
20150901|1|"BS.AS.(CAPITAL)"|2|"CARNE Y DESPOJOS COMESTIBLES"|12|71989|526356.5
