"fecha_oficia"|"aduana"|"aduana_desc"|"mercaderia"|"mercaderia_desc"|"cantidad"|"kilos"|"importe"
20150501|91|"BS.AS. NORTE"|52|"ALGODON"|18|214221.3|314809.39
20150601|91|"BS.AS. NORTE"|52|"ALGODON"|33|1282457.99|1835162.25
20150701|91|"BS.AS. NORTE"|52|"ALGODON"|24|934537.78|1116983.66
20150801|91|"BS.AS. NORTE"|52|"ALGODON"|28|1957656.01|2638320.32
20150901|91|"BS.AS. NORTE"|52|"ALGODON"|31|1945819.66|2090280.29
20151001|91|"BS.AS. NORTE"|52|"ALGODON"|22|1567890.54|1818565.98
20151101|91|"BS.AS. NORTE"|52|"ALGODON"|14|185889|478960.17
20151201|91|"BS.AS. NORTE"|52|"ALGODON"|14|330108.06|400440.56
