"fecha_oficia"|"aduana"|"aduana_desc"|"mercaderia"|"mercaderia_desc"|"cantidad"|"kilos"|"importe"
20140501|84|"SANTO TOME"|70|"VIDRIO Y SUS MANUFACTURAS"|1|11|242
20141001|84|"SANTO TOME"|70|"VIDRIO Y SUS MANUFACTURAS"|1|57.2|1170
20150401|84|"SANTO TOME"|70|"VIDRIO Y SUS MANUFACTURAS"|1|7.92|162
20150501|84|"SANTO TOME"|70|"VIDRIO Y SUS MANUFACTURAS"|2|14.08|288
20151101|84|"SANTO TOME"|70|"VIDRIO Y SUS MANUFACTURAS"|1|3.96|81
20151201|84|"SANTO TOME"|70|"VIDRIO Y SUS MANUFACTURAS"|1|5.28|116.16
