"fecha_oficia"|"aduana"|"aduana_desc"|"mercaderia"|"mercaderia_desc"|"cantidad"|"kilos"|"importe"
20140101|78|"SAN RAFAEL"|8|"FRUTAS Y FRUTOS COMESTIBLES; CORTEZAS DE AGRIOS(CITRICOS), M"|54|977828.6|1799830.9
20140201|78|"SAN RAFAEL"|8|"FRUTAS Y FRUTOS COMESTIBLES; CORTEZAS DE AGRIOS(CITRICOS), M"|41|796817|1247408.86
20140301|78|"SAN RAFAEL"|8|"FRUTAS Y FRUTOS COMESTIBLES; CORTEZAS DE AGRIOS(CITRICOS), M"|40|589828|1343552
20140401|78|"SAN RAFAEL"|8|"FRUTAS Y FRUTOS COMESTIBLES; CORTEZAS DE AGRIOS(CITRICOS), M"|35|632806|1511563.2
20140501|78|"SAN RAFAEL"|8|"FRUTAS Y FRUTOS COMESTIBLES; CORTEZAS DE AGRIOS(CITRICOS), M"|72|1118424|4001185.15
20140601|78|"SAN RAFAEL"|8|"FRUTAS Y FRUTOS COMESTIBLES; CORTEZAS DE AGRIOS(CITRICOS), M"|62|967160|3469627.5
20140701|78|"SAN RAFAEL"|8|"FRUTAS Y FRUTOS COMESTIBLES; CORTEZAS DE AGRIOS(CITRICOS), M"|63|1064007.55|3980256.05
20140801|78|"SAN RAFAEL"|8|"FRUTAS Y FRUTOS COMESTIBLES; CORTEZAS DE AGRIOS(CITRICOS), M"|77|1300959.5|4366030.64
20140901|78|"SAN RAFAEL"|8|"FRUTAS Y FRUTOS COMESTIBLES; CORTEZAS DE AGRIOS(CITRICOS), M"|84|1423060|5009029.5
20141001|78|"SAN RAFAEL"|8|"FRUTAS Y FRUTOS COMESTIBLES; CORTEZAS DE AGRIOS(CITRICOS), M"|103|1672772|5664584.94
20141101|78|"SAN RAFAEL"|8|"FRUTAS Y FRUTOS COMESTIBLES; CORTEZAS DE AGRIOS(CITRICOS), M"|56|930640|2968892.25
20141201|78|"SAN RAFAEL"|8|"FRUTAS Y FRUTOS COMESTIBLES; CORTEZAS DE AGRIOS(CITRICOS), M"|56|850318|2441776.5
20150101|78|"SAN RAFAEL"|8|"FRUTAS Y FRUTOS COMESTIBLES; CORTEZAS DE AGRIOS(CITRICOS), M"|52|1122623|2365831.5
20150201|78|"SAN RAFAEL"|8|"FRUTAS Y FRUTOS COMESTIBLES; CORTEZAS DE AGRIOS(CITRICOS), M"|27|403819.5|971149.91
20150301|78|"SAN RAFAEL"|8|"FRUTAS Y FRUTOS COMESTIBLES; CORTEZAS DE AGRIOS(CITRICOS), M"|35|633604|1846451
20150401|78|"SAN RAFAEL"|8|"FRUTAS Y FRUTOS COMESTIBLES; CORTEZAS DE AGRIOS(CITRICOS), M"|68|1745838|4569333.21
20150501|78|"SAN RAFAEL"|8|"FRUTAS Y FRUTOS COMESTIBLES; CORTEZAS DE AGRIOS(CITRICOS), M"|106|2046253|5161565.28
20150601|78|"SAN RAFAEL"|8|"FRUTAS Y FRUTOS COMESTIBLES; CORTEZAS DE AGRIOS(CITRICOS), M"|122|2877595|7468664.38
20150701|78|"SAN RAFAEL"|8|"FRUTAS Y FRUTOS COMESTIBLES; CORTEZAS DE AGRIOS(CITRICOS), M"|112|2257175|5932854.65
20150801|78|"SAN RAFAEL"|8|"FRUTAS Y FRUTOS COMESTIBLES; CORTEZAS DE AGRIOS(CITRICOS), M"|102|1680385|4442303.35
20150901|78|"SAN RAFAEL"|8|"FRUTAS Y FRUTOS COMESTIBLES; CORTEZAS DE AGRIOS(CITRICOS), M"|77|1581765|4439227.45
20151001|78|"SAN RAFAEL"|8|"FRUTAS Y FRUTOS COMESTIBLES; CORTEZAS DE AGRIOS(CITRICOS), M"|88|1569890|4292356.6
20151101|78|"SAN RAFAEL"|8|"FRUTAS Y FRUTOS COMESTIBLES; CORTEZAS DE AGRIOS(CITRICOS), M"|61|1158330|2901040.47
20151201|78|"SAN RAFAEL"|8|"FRUTAS Y FRUTOS COMESTIBLES; CORTEZAS DE AGRIOS(CITRICOS), M"|79|1643394|4384443.87
