"fecha_oficia"|"aduana"|"aduana_desc"|"mercaderia"|"mercaderia_desc"|"cantidad"|"kilos"|"importe"
20150401|92|"BS.AS. SUR"|37|"PRODUCTOS FOTOGRAFICOS O CINEMATOGRAFICOS"|10|73553.36|668820.28
20150501|92|"BS.AS. SUR"|37|"PRODUCTOS FOTOGRAFICOS O CINEMATOGRAFICOS"|10|103424.265|739088.28
20150601|92|"BS.AS. SUR"|37|"PRODUCTOS FOTOGRAFICOS O CINEMATOGRAFICOS"|19|132119.07|1143988.02
20150701|92|"BS.AS. SUR"|37|"PRODUCTOS FOTOGRAFICOS O CINEMATOGRAFICOS"|6|58848.61|237136.63
20150801|92|"BS.AS. SUR"|37|"PRODUCTOS FOTOGRAFICOS O CINEMATOGRAFICOS"|12|61104.12|471481.88
20150901|92|"BS.AS. SUR"|37|"PRODUCTOS FOTOGRAFICOS O CINEMATOGRAFICOS"|15|86297.98|803458.52
20151001|92|"BS.AS. SUR"|37|"PRODUCTOS FOTOGRAFICOS O CINEMATOGRAFICOS"|5|16728.02|58102.4
20151101|92|"BS.AS. SUR"|37|"PRODUCTOS FOTOGRAFICOS O CINEMATOGRAFICOS"|13|64380.3|368145.15
20151201|92|"BS.AS. SUR"|37|"PRODUCTOS FOTOGRAFICOS O CINEMATOGRAFICOS"|15|53239.45|467014.05
