"fecha_oficia"|"aduana"|"aduana_desc"|"mercaderia"|"mercaderia_desc"|"cantidad"|"kilos"|"importe"
20140101|89|"SANTIAGO DEL ESTERO"|2|"CARNE Y DESPOJOS COMESTIBLES"|75|420641|2550073.18
20140201|89|"SANTIAGO DEL ESTERO"|2|"CARNE Y DESPOJOS COMESTIBLES"|63|293832|1953785.91
20140301|89|"SANTIAGO DEL ESTERO"|2|"CARNE Y DESPOJOS COMESTIBLES"|78|375021|2849053.5
20140401|89|"SANTIAGO DEL ESTERO"|2|"CARNE Y DESPOJOS COMESTIBLES"|87|362243|2990637.82
20140501|89|"SANTIAGO DEL ESTERO"|2|"CARNE Y DESPOJOS COMESTIBLES"|89|416753|2831941.44
20140601|89|"SANTIAGO DEL ESTERO"|2|"CARNE Y DESPOJOS COMESTIBLES"|103|421225.85|3005837.77
20140701|89|"SANTIAGO DEL ESTERO"|2|"CARNE Y DESPOJOS COMESTIBLES"|110|397541|3036268.57
20140801|89|"SANTIAGO DEL ESTERO"|2|"CARNE Y DESPOJOS COMESTIBLES"|65|269874|2174242.38
20140901|89|"SANTIAGO DEL ESTERO"|2|"CARNE Y DESPOJOS COMESTIBLES"|119|631149|3623203.35
20141001|89|"SANTIAGO DEL ESTERO"|2|"CARNE Y DESPOJOS COMESTIBLES"|100|533041|3341112.78
20141101|89|"SANTIAGO DEL ESTERO"|2|"CARNE Y DESPOJOS COMESTIBLES"|71|398293|2134366.16
20141201|89|"SANTIAGO DEL ESTERO"|2|"CARNE Y DESPOJOS COMESTIBLES"|94|437616|2806696.97
20150101|89|"SANTIAGO DEL ESTERO"|2|"CARNE Y DESPOJOS COMESTIBLES"|84|479596|2275094.42
20150201|89|"SANTIAGO DEL ESTERO"|2|"CARNE Y DESPOJOS COMESTIBLES"|93|356921|2279777.15
20150301|89|"SANTIAGO DEL ESTERO"|2|"CARNE Y DESPOJOS COMESTIBLES"|76|305857|1830179.84
20150401|89|"SANTIAGO DEL ESTERO"|2|"CARNE Y DESPOJOS COMESTIBLES"|97|557834|2774366.11
20150501|89|"SANTIAGO DEL ESTERO"|2|"CARNE Y DESPOJOS COMESTIBLES"|77|392986|1755906.31
20150601|89|"SANTIAGO DEL ESTERO"|2|"CARNE Y DESPOJOS COMESTIBLES"|78|429798|2146624.49
20150701|89|"SANTIAGO DEL ESTERO"|2|"CARNE Y DESPOJOS COMESTIBLES"|84|343420|2158342.28
20150801|89|"SANTIAGO DEL ESTERO"|2|"CARNE Y DESPOJOS COMESTIBLES"|56|271481|1460360.4
20150901|89|"SANTIAGO DEL ESTERO"|2|"CARNE Y DESPOJOS COMESTIBLES"|67|262531|1425328.26
20151001|89|"SANTIAGO DEL ESTERO"|2|"CARNE Y DESPOJOS COMESTIBLES"|119|315307|2309864.85
20151101|89|"SANTIAGO DEL ESTERO"|2|"CARNE Y DESPOJOS COMESTIBLES"|102|280702|1504667.91
20151201|89|"SANTIAGO DEL ESTERO"|2|"CARNE Y DESPOJOS COMESTIBLES"|125|346422|2245093.35
