"fecha_oficia"|"aduana"|"aduana_desc"|"mercaderia"|"mercaderia_desc"|"cantidad"|"kilos"|"importe"
20150401|92|"BS.AS. SUR"|20|"PREPARACIONES DE HORTALIZAS, FRUTAS U OTROS FRUTOS O DEMAS P"|111|2557966.66|2975533.95
20150501|92|"BS.AS. SUR"|20|"PREPARACIONES DE HORTALIZAS, FRUTAS U OTROS FRUTOS O DEMAS P"|370|11491640.89|13791536.16
20150601|92|"BS.AS. SUR"|20|"PREPARACIONES DE HORTALIZAS, FRUTAS U OTROS FRUTOS O DEMAS P"|468|14191223.16|17056324.01
20150701|92|"BS.AS. SUR"|20|"PREPARACIONES DE HORTALIZAS, FRUTAS U OTROS FRUTOS O DEMAS P"|484|16264403.85|20991091.62
20150801|92|"BS.AS. SUR"|20|"PREPARACIONES DE HORTALIZAS, FRUTAS U OTROS FRUTOS O DEMAS P"|416|14991854.03|19014069.55
20150901|92|"BS.AS. SUR"|20|"PREPARACIONES DE HORTALIZAS, FRUTAS U OTROS FRUTOS O DEMAS P"|389|16873443.25|22801756.7
20151001|92|"BS.AS. SUR"|20|"PREPARACIONES DE HORTALIZAS, FRUTAS U OTROS FRUTOS O DEMAS P"|440|16452477.6|21559784.15
20151101|92|"BS.AS. SUR"|20|"PREPARACIONES DE HORTALIZAS, FRUTAS U OTROS FRUTOS O DEMAS P"|441|14185927.06|20423120.75
20151201|92|"BS.AS. SUR"|20|"PREPARACIONES DE HORTALIZAS, FRUTAS U OTROS FRUTOS O DEMAS P"|407|9673724.43|15387996.01
