"fecha_oficia"|"aduana"|"aduana_desc"|"mercaderia"|"mercaderia_desc"|"cantidad"|"kilos"|"importe"
20150401|92|"BS.AS. SUR"|16|"PREPARACIONES DE CARNE, PESCADO O DE CRUSTACEOS, MOLUSCOS O "|31|727000|1859290
20150501|92|"BS.AS. SUR"|16|"PREPARACIONES DE CARNE, PESCADO O DE CRUSTACEOS, MOLUSCOS O "|118|2436818|6476106.5
20150601|92|"BS.AS. SUR"|16|"PREPARACIONES DE CARNE, PESCADO O DE CRUSTACEOS, MOLUSCOS O "|95|1872439.45|4469941.54
20150701|92|"BS.AS. SUR"|16|"PREPARACIONES DE CARNE, PESCADO O DE CRUSTACEOS, MOLUSCOS O "|84|1702734.44|3312143.14
20150801|92|"BS.AS. SUR"|16|"PREPARACIONES DE CARNE, PESCADO O DE CRUSTACEOS, MOLUSCOS O "|235|4663245.57|10266896.02
20150901|92|"BS.AS. SUR"|16|"PREPARACIONES DE CARNE, PESCADO O DE CRUSTACEOS, MOLUSCOS O "|186|3473028.79|7424768.05
20151001|92|"BS.AS. SUR"|16|"PREPARACIONES DE CARNE, PESCADO O DE CRUSTACEOS, MOLUSCOS O "|295|6071528|13096750.08
20151101|92|"BS.AS. SUR"|16|"PREPARACIONES DE CARNE, PESCADO O DE CRUSTACEOS, MOLUSCOS O "|196|3826989.08|8981624.28
20151201|92|"BS.AS. SUR"|16|"PREPARACIONES DE CARNE, PESCADO O DE CRUSTACEOS, MOLUSCOS O "|165|3326010.08|7373128.05
