"fecha_oficia"|"aduana"|"aduana_desc"|"mercaderia"|"mercaderia_desc"|"cantidad"|"kilos"|"importe"
20141001|90|"GENERAL PICO"|11|"PRODUCTOS DE LA MOLINERIA; MALTA; ALMIDON Y FECULA; INULINA;"|6|653500|81025
20141101|90|"GENERAL PICO"|11|"PRODUCTOS DE LA MOLINERIA; MALTA; ALMIDON Y FECULA; INULINA;"|5|1881000|269040
20141201|90|"GENERAL PICO"|11|"PRODUCTOS DE LA MOLINERIA; MALTA; ALMIDON Y FECULA; INULINA;"|5|2431000|336920
20150101|90|"GENERAL PICO"|11|"PRODUCTOS DE LA MOLINERIA; MALTA; ALMIDON Y FECULA; INULINA;"|6|2840000|369300
20150201|90|"GENERAL PICO"|11|"PRODUCTOS DE LA MOLINERIA; MALTA; ALMIDON Y FECULA; INULINA;"|3|826500|104595
20150301|90|"GENERAL PICO"|11|"PRODUCTOS DE LA MOLINERIA; MALTA; ALMIDON Y FECULA; INULINA;"|1|280000|28000
20150401|90|"GENERAL PICO"|11|"PRODUCTOS DE LA MOLINERIA; MALTA; ALMIDON Y FECULA; INULINA;"|5|1413240|141324
20150501|90|"GENERAL PICO"|11|"PRODUCTOS DE LA MOLINERIA; MALTA; ALMIDON Y FECULA; INULINA;"|7|1748000|168685
20150601|90|"GENERAL PICO"|11|"PRODUCTOS DE LA MOLINERIA; MALTA; ALMIDON Y FECULA; INULINA;"|10|2623000|258505
20150701|90|"GENERAL PICO"|11|"PRODUCTOS DE LA MOLINERIA; MALTA; ALMIDON Y FECULA; INULINA;"|7|2141500|218465
20150801|90|"GENERAL PICO"|11|"PRODUCTOS DE LA MOLINERIA; MALTA; ALMIDON Y FECULA; INULINA;"|1|315500|31550
20150901|90|"GENERAL PICO"|11|"PRODUCTOS DE LA MOLINERIA; MALTA; ALMIDON Y FECULA; INULINA;"|4|972000|97200
20151001|90|"GENERAL PICO"|11|"PRODUCTOS DE LA MOLINERIA; MALTA; ALMIDON Y FECULA; INULINA;"|14|3550000|354145
20151101|90|"GENERAL PICO"|11|"PRODUCTOS DE LA MOLINERIA; MALTA; ALMIDON Y FECULA; INULINA;"|1|87000|8700
20151201|90|"GENERAL PICO"|11|"PRODUCTOS DE LA MOLINERIA; MALTA; ALMIDON Y FECULA; INULINA;"|1|228000|22800
