"fecha_oficia"|"aduana"|"aduana_desc"|"mercaderia"|"mercaderia_desc"|"cantidad"|"kilos"|"importe"
20140101|82|"BERNARDO DE YRIGOYEN"|11|"PRODUCTOS DE LA MOLINERIA; MALTA; ALMIDON Y FECULA; INULINA;"|4|227000|122410
20140201|82|"BERNARDO DE YRIGOYEN"|11|"PRODUCTOS DE LA MOLINERIA; MALTA; ALMIDON Y FECULA; INULINA;"|40|2091480|1041227.2
20140301|82|"BERNARDO DE YRIGOYEN"|11|"PRODUCTOS DE LA MOLINERIA; MALTA; ALMIDON Y FECULA; INULINA;"|47|2176500|1010685
20140401|82|"BERNARDO DE YRIGOYEN"|11|"PRODUCTOS DE LA MOLINERIA; MALTA; ALMIDON Y FECULA; INULINA;"|37|1776600|858625.5
20140501|82|"BERNARDO DE YRIGOYEN"|11|"PRODUCTOS DE LA MOLINERIA; MALTA; ALMIDON Y FECULA; INULINA;"|28|1254000|592900
20140601|82|"BERNARDO DE YRIGOYEN"|11|"PRODUCTOS DE LA MOLINERIA; MALTA; ALMIDON Y FECULA; INULINA;"|63|2975000|1383787.5
20140701|82|"BERNARDO DE YRIGOYEN"|11|"PRODUCTOS DE LA MOLINERIA; MALTA; ALMIDON Y FECULA; INULINA;"|28|1510500|727387.5
20140801|82|"BERNARDO DE YRIGOYEN"|11|"PRODUCTOS DE LA MOLINERIA; MALTA; ALMIDON Y FECULA; INULINA;"|41|1950500|876290.5
20140901|82|"BERNARDO DE YRIGOYEN"|11|"PRODUCTOS DE LA MOLINERIA; MALTA; ALMIDON Y FECULA; INULINA;"|26|957500|448130
20141001|82|"BERNARDO DE YRIGOYEN"|11|"PRODUCTOS DE LA MOLINERIA; MALTA; ALMIDON Y FECULA; INULINA;"|37|1455000|620710
20141101|82|"BERNARDO DE YRIGOYEN"|11|"PRODUCTOS DE LA MOLINERIA; MALTA; ALMIDON Y FECULA; INULINA;"|31|1435500|614355
20141201|82|"BERNARDO DE YRIGOYEN"|11|"PRODUCTOS DE LA MOLINERIA; MALTA; ALMIDON Y FECULA; INULINA;"|27|1169500|398147.5
20150101|82|"BERNARDO DE YRIGOYEN"|11|"PRODUCTOS DE LA MOLINERIA; MALTA; ALMIDON Y FECULA; INULINA;"|27|1408500|448220
20150201|82|"BERNARDO DE YRIGOYEN"|11|"PRODUCTOS DE LA MOLINERIA; MALTA; ALMIDON Y FECULA; INULINA;"|26|1220000|431262.5
20150301|82|"BERNARDO DE YRIGOYEN"|11|"PRODUCTOS DE LA MOLINERIA; MALTA; ALMIDON Y FECULA; INULINA;"|39|1526500|520785
20150401|82|"BERNARDO DE YRIGOYEN"|11|"PRODUCTOS DE LA MOLINERIA; MALTA; ALMIDON Y FECULA; INULINA;"|33|1465000|492380
20150501|82|"BERNARDO DE YRIGOYEN"|11|"PRODUCTOS DE LA MOLINERIA; MALTA; ALMIDON Y FECULA; INULINA;"|39|1855500|575987.5
20150601|82|"BERNARDO DE YRIGOYEN"|11|"PRODUCTOS DE LA MOLINERIA; MALTA; ALMIDON Y FECULA; INULINA;"|34|1353000|409111
20150701|82|"BERNARDO DE YRIGOYEN"|11|"PRODUCTOS DE LA MOLINERIA; MALTA; ALMIDON Y FECULA; INULINA;"|40|1465000|446091
20150801|82|"BERNARDO DE YRIGOYEN"|11|"PRODUCTOS DE LA MOLINERIA; MALTA; ALMIDON Y FECULA; INULINA;"|30|1187000|364870
20150901|82|"BERNARDO DE YRIGOYEN"|11|"PRODUCTOS DE LA MOLINERIA; MALTA; ALMIDON Y FECULA; INULINA;"|30|1463000|420470
20151001|82|"BERNARDO DE YRIGOYEN"|11|"PRODUCTOS DE LA MOLINERIA; MALTA; ALMIDON Y FECULA; INULINA;"|31|1384500|388790
20151101|82|"BERNARDO DE YRIGOYEN"|11|"PRODUCTOS DE LA MOLINERIA; MALTA; ALMIDON Y FECULA; INULINA;"|39|2303000|583258
20151201|82|"BERNARDO DE YRIGOYEN"|11|"PRODUCTOS DE LA MOLINERIA; MALTA; ALMIDON Y FECULA; INULINA;"|38|1822500|531248
