"fecha_oficia"|"aduana"|"aduana_desc"|"mercaderia"|"mercaderia_desc"|"cantidad"|"kilos"|"importe"
20140101|78|"SAN RAFAEL"|22|"BEBIDAS, LIQUIDOS ALCOHOLICOS Y VINAGRE"|78|226166|651781.8
20140201|78|"SAN RAFAEL"|22|"BEBIDAS, LIQUIDOS ALCOHOLICOS Y VINAGRE"|67|172932.26|502971.18
20140301|78|"SAN RAFAEL"|22|"BEBIDAS, LIQUIDOS ALCOHOLICOS Y VINAGRE"|68|200647.8|694465.8
20140401|78|"SAN RAFAEL"|22|"BEBIDAS, LIQUIDOS ALCOHOLICOS Y VINAGRE"|137|437267.523|1181774.82
20140501|78|"SAN RAFAEL"|22|"BEBIDAS, LIQUIDOS ALCOHOLICOS Y VINAGRE"|100|422556.7|1248821.48
20140601|78|"SAN RAFAEL"|22|"BEBIDAS, LIQUIDOS ALCOHOLICOS Y VINAGRE"|123|278451.974|837646.73
20140701|78|"SAN RAFAEL"|22|"BEBIDAS, LIQUIDOS ALCOHOLICOS Y VINAGRE"|130|298901.6|905622.51
20140801|78|"SAN RAFAEL"|22|"BEBIDAS, LIQUIDOS ALCOHOLICOS Y VINAGRE"|88|237161.5|692041.3
20140901|78|"SAN RAFAEL"|22|"BEBIDAS, LIQUIDOS ALCOHOLICOS Y VINAGRE"|73|206901.4|522659.77
20141001|78|"SAN RAFAEL"|22|"BEBIDAS, LIQUIDOS ALCOHOLICOS Y VINAGRE"|148|390944.38|1152528.4
20141101|78|"SAN RAFAEL"|22|"BEBIDAS, LIQUIDOS ALCOHOLICOS Y VINAGRE"|114|254265.821|773559.62
20141201|78|"SAN RAFAEL"|22|"BEBIDAS, LIQUIDOS ALCOHOLICOS Y VINAGRE"|144|293749.3|1031009.97
20150101|78|"SAN RAFAEL"|22|"BEBIDAS, LIQUIDOS ALCOHOLICOS Y VINAGRE"|146|309729.926|956520.5
20150201|78|"SAN RAFAEL"|22|"BEBIDAS, LIQUIDOS ALCOHOLICOS Y VINAGRE"|81|255544.5|753028.46
20150301|78|"SAN RAFAEL"|22|"BEBIDAS, LIQUIDOS ALCOHOLICOS Y VINAGRE"|166|428192.619|1236130.18
20150401|78|"SAN RAFAEL"|22|"BEBIDAS, LIQUIDOS ALCOHOLICOS Y VINAGRE"|115|420327.729|1165223.37
20150501|78|"SAN RAFAEL"|22|"BEBIDAS, LIQUIDOS ALCOHOLICOS Y VINAGRE"|70|241578|759556.09
20150601|78|"SAN RAFAEL"|22|"BEBIDAS, LIQUIDOS ALCOHOLICOS Y VINAGRE"|139|404672.6|1227355.01
20150701|78|"SAN RAFAEL"|22|"BEBIDAS, LIQUIDOS ALCOHOLICOS Y VINAGRE"|123|327900.81|975593
20150801|78|"SAN RAFAEL"|22|"BEBIDAS, LIQUIDOS ALCOHOLICOS Y VINAGRE"|115|211684.082|667565.25
20150901|78|"SAN RAFAEL"|22|"BEBIDAS, LIQUIDOS ALCOHOLICOS Y VINAGRE"|137|389467.997|1061951.04
20151001|78|"SAN RAFAEL"|22|"BEBIDAS, LIQUIDOS ALCOHOLICOS Y VINAGRE"|97|338091.73|941736.75
20151101|78|"SAN RAFAEL"|22|"BEBIDAS, LIQUIDOS ALCOHOLICOS Y VINAGRE"|73|241975.054|656132.45
20151201|78|"SAN RAFAEL"|22|"BEBIDAS, LIQUIDOS ALCOHOLICOS Y VINAGRE"|110|524094.9|750921.63
