"fecha_oficia"|"aduana"|"aduana_desc"|"mercaderia"|"mercaderia_desc"|"cantidad"|"kilos"|"importe"
20140101|85|"VILLA REGINA"|2|"CARNE Y DESPOJOS COMESTIBLES"|11|138825.26|533548.26
20140401|85|"VILLA REGINA"|2|"CARNE Y DESPOJOS COMESTIBLES"|23|284681.69|1018439.47
20140501|85|"VILLA REGINA"|2|"CARNE Y DESPOJOS COMESTIBLES"|15|198647.77|708631.74
20140601|85|"VILLA REGINA"|2|"CARNE Y DESPOJOS COMESTIBLES"|12|140360.63|524322.38
20140701|85|"VILLA REGINA"|2|"CARNE Y DESPOJOS COMESTIBLES"|11|112881.36|538118.33
20140801|85|"VILLA REGINA"|2|"CARNE Y DESPOJOS COMESTIBLES"|20|239511.53|918811.3
20140901|85|"VILLA REGINA"|2|"CARNE Y DESPOJOS COMESTIBLES"|8|139437.49|508971.78
20141001|85|"VILLA REGINA"|2|"CARNE Y DESPOJOS COMESTIBLES"|22|300830.87|1099602.12
20141101|85|"VILLA REGINA"|2|"CARNE Y DESPOJOS COMESTIBLES"|4|39574|194479.94
20141201|85|"VILLA REGINA"|2|"CARNE Y DESPOJOS COMESTIBLES"|4|45759.12|229149.8
20150101|85|"VILLA REGINA"|2|"CARNE Y DESPOJOS COMESTIBLES"|15|122378.94|510404.45
20150301|85|"VILLA REGINA"|2|"CARNE Y DESPOJOS COMESTIBLES"|12|115681.43|460103.21
20150401|85|"VILLA REGINA"|2|"CARNE Y DESPOJOS COMESTIBLES"|17|128883.58|558003.24
20150501|85|"VILLA REGINA"|2|"CARNE Y DESPOJOS COMESTIBLES"|13|154079.9|520836.19
20150601|85|"VILLA REGINA"|2|"CARNE Y DESPOJOS COMESTIBLES"|17|273017.4|804955.51
20150701|85|"VILLA REGINA"|2|"CARNE Y DESPOJOS COMESTIBLES"|19|248248.49|854568.45
20150801|85|"VILLA REGINA"|2|"CARNE Y DESPOJOS COMESTIBLES"|13|152668.04|579256.04
20150901|85|"VILLA REGINA"|2|"CARNE Y DESPOJOS COMESTIBLES"|12|134608.66|497394.41
20151001|85|"VILLA REGINA"|2|"CARNE Y DESPOJOS COMESTIBLES"|18|203956.86|732968
20151101|85|"VILLA REGINA"|2|"CARNE Y DESPOJOS COMESTIBLES"|4|36443.81|190369.01
20151201|85|"VILLA REGINA"|2|"CARNE Y DESPOJOS COMESTIBLES"|6|37851.2|119858.27
