"fecha_oficia"|"aduana"|"aduana_desc"|"mercaderia"|"mercaderia_desc"|"cantidad"|"kilos"|"importe"
20140101|89|"SANTIAGO DEL ESTERO"|44|"MADERA, CARBON VEGETAL Y MANUFACTURAS DE MADERA"|6|556870|125295.75
20140201|89|"SANTIAGO DEL ESTERO"|44|"MADERA, CARBON VEGETAL Y MANUFACTURAS DE MADERA"|3|251204|56520.9
20140401|89|"SANTIAGO DEL ESTERO"|44|"MADERA, CARBON VEGETAL Y MANUFACTURAS DE MADERA"|2|111888|25174.8
20140501|89|"SANTIAGO DEL ESTERO"|44|"MADERA, CARBON VEGETAL Y MANUFACTURAS DE MADERA"|8|1287664|309884.4
20140601|89|"SANTIAGO DEL ESTERO"|44|"MADERA, CARBON VEGETAL Y MANUFACTURAS DE MADERA"|12|1287105|311215.5
20140701|89|"SANTIAGO DEL ESTERO"|44|"MADERA, CARBON VEGETAL Y MANUFACTURAS DE MADERA"|16|2155440|539991.2
20140801|89|"SANTIAGO DEL ESTERO"|44|"MADERA, CARBON VEGETAL Y MANUFACTURAS DE MADERA"|15|2311618|572751.18
20140901|89|"SANTIAGO DEL ESTERO"|44|"MADERA, CARBON VEGETAL Y MANUFACTURAS DE MADERA"|10|1120728|248850.28
20141001|89|"SANTIAGO DEL ESTERO"|44|"MADERA, CARBON VEGETAL Y MANUFACTURAS DE MADERA"|13|2179894|533695.09
20141101|89|"SANTIAGO DEL ESTERO"|44|"MADERA, CARBON VEGETAL Y MANUFACTURAS DE MADERA"|13|1969487|471446.23
20141201|89|"SANTIAGO DEL ESTERO"|44|"MADERA, CARBON VEGETAL Y MANUFACTURAS DE MADERA"|9|1483720|361974.2
20150101|89|"SANTIAGO DEL ESTERO"|44|"MADERA, CARBON VEGETAL Y MANUFACTURAS DE MADERA"|15|1703920|383282.1
20150201|89|"SANTIAGO DEL ESTERO"|44|"MADERA, CARBON VEGETAL Y MANUFACTURAS DE MADERA"|12|1566540|377340.5
20150301|89|"SANTIAGO DEL ESTERO"|44|"MADERA, CARBON VEGETAL Y MANUFACTURAS DE MADERA"|12|1816040|441189.4
20150401|89|"SANTIAGO DEL ESTERO"|44|"MADERA, CARBON VEGETAL Y MANUFACTURAS DE MADERA"|8|979580|227121.3
20150501|89|"SANTIAGO DEL ESTERO"|44|"MADERA, CARBON VEGETAL Y MANUFACTURAS DE MADERA"|12|1959580|495361.3
20150601|89|"SANTIAGO DEL ESTERO"|44|"MADERA, CARBON VEGETAL Y MANUFACTURAS DE MADERA"|15|2099580|511741.3
20150701|89|"SANTIAGO DEL ESTERO"|44|"MADERA, CARBON VEGETAL Y MANUFACTURAS DE MADERA"|17|2118927|501364.85
20150801|89|"SANTIAGO DEL ESTERO"|44|"MADERA, CARBON VEGETAL Y MANUFACTURAS DE MADERA"|14|1982910|476485.2
20150901|89|"SANTIAGO DEL ESTERO"|44|"MADERA, CARBON VEGETAL Y MANUFACTURAS DE MADERA"|20|2544120|613718.5
20151001|89|"SANTIAGO DEL ESTERO"|44|"MADERA, CARBON VEGETAL Y MANUFACTURAS DE MADERA"|18|2402180|576299.3
20151101|89|"SANTIAGO DEL ESTERO"|44|"MADERA, CARBON VEGETAL Y MANUFACTURAS DE MADERA"|16|2517820|622497.2
20151201|89|"SANTIAGO DEL ESTERO"|44|"MADERA, CARBON VEGETAL Y MANUFACTURAS DE MADERA"|14|2178261|532569.84
