"fecha_oficia"|"aduana"|"aduana_desc"|"mercaderia"|"mercaderia_desc"|"cantidad"|"kilos"|"importe"
20140801|82|"BERNARDO DE YRIGOYEN"|13|"GOMAS, RESINAS Y DEMAS JUGOS Y EXTRACTOS VEGETALES"|1|24649|15775.36
20140901|82|"BERNARDO DE YRIGOYEN"|13|"GOMAS, RESINAS Y DEMAS JUGOS Y EXTRACTOS VEGETALES"|1|25618.5|16395.84
20141001|82|"BERNARDO DE YRIGOYEN"|13|"GOMAS, RESINAS Y DEMAS JUGOS Y EXTRACTOS VEGETALES"|1|23669|15148.16
20141101|82|"BERNARDO DE YRIGOYEN"|13|"GOMAS, RESINAS Y DEMAS JUGOS Y EXTRACTOS VEGETALES"|1|24807|15876.48
20150401|82|"BERNARDO DE YRIGOYEN"|13|"GOMAS, RESINAS Y DEMAS JUGOS Y EXTRACTOS VEGETALES"|1|22060|14118.4
20150501|82|"BERNARDO DE YRIGOYEN"|13|"GOMAS, RESINAS Y DEMAS JUGOS Y EXTRACTOS VEGETALES"|2|47279.2|30258.69
20150601|82|"BERNARDO DE YRIGOYEN"|13|"GOMAS, RESINAS Y DEMAS JUGOS Y EXTRACTOS VEGETALES"|1|24240|15513.6
20150701|82|"BERNARDO DE YRIGOYEN"|13|"GOMAS, RESINAS Y DEMAS JUGOS Y EXTRACTOS VEGETALES"|4|103040|65945.6
20150801|82|"BERNARDO DE YRIGOYEN"|13|"GOMAS, RESINAS Y DEMAS JUGOS Y EXTRACTOS VEGETALES"|3|75920|48588.8
20150901|82|"BERNARDO DE YRIGOYEN"|13|"GOMAS, RESINAS Y DEMAS JUGOS Y EXTRACTOS VEGETALES"|4|103380|66163.2
20151001|82|"BERNARDO DE YRIGOYEN"|13|"GOMAS, RESINAS Y DEMAS JUGOS Y EXTRACTOS VEGETALES"|4|106460|68134.4
20151201|82|"BERNARDO DE YRIGOYEN"|13|"GOMAS, RESINAS Y DEMAS JUGOS Y EXTRACTOS VEGETALES"|2|52240|33433.6
