"fecha_oficia"|"aduana"|"aduana_desc"|"mercaderia"|"mercaderia_desc"|"cantidad"|"kilos"|"importe"
20150401|92|"BS.AS. SUR"|40|"CAUCHO Y SUS MANUFACTURAS"|171|426307.73|2165749.87
20150501|92|"BS.AS. SUR"|40|"CAUCHO Y SUS MANUFACTURAS"|341|929406.237|5232882.06
20150601|92|"BS.AS. SUR"|40|"CAUCHO Y SUS MANUFACTURAS"|370|861854.6|4787745.75
20150701|92|"BS.AS. SUR"|40|"CAUCHO Y SUS MANUFACTURAS"|360|886166.181|4835818.96
20150801|92|"BS.AS. SUR"|40|"CAUCHO Y SUS MANUFACTURAS"|378|1100282.016|5808997.51
20150901|92|"BS.AS. SUR"|40|"CAUCHO Y SUS MANUFACTURAS"|348|906724.968|5097763.58
20151001|92|"BS.AS. SUR"|40|"CAUCHO Y SUS MANUFACTURAS"|414|734558.06|4236166.98
20151101|92|"BS.AS. SUR"|40|"CAUCHO Y SUS MANUFACTURAS"|265|696437.706|3925877.7
20151201|92|"BS.AS. SUR"|40|"CAUCHO Y SUS MANUFACTURAS"|229|530012.66|2989393.6
