"fecha_oficia"|"aduana"|"aduana_desc"|"mercaderia"|"mercaderia_desc"|"cantidad"|"kilos"|"importe"
20140101|84|"SANTO TOME"|44|"MADERA, CARBON VEGETAL Y MANUFACTURAS DE MADERA"|9|555506|238542.36
20140201|84|"SANTO TOME"|44|"MADERA, CARBON VEGETAL Y MANUFACTURAS DE MADERA"|13|649994|304839.93
20140301|84|"SANTO TOME"|44|"MADERA, CARBON VEGETAL Y MANUFACTURAS DE MADERA"|18|727372|354333.23
20140401|84|"SANTO TOME"|44|"MADERA, CARBON VEGETAL Y MANUFACTURAS DE MADERA"|5|205008|93891.54
20140501|84|"SANTO TOME"|44|"MADERA, CARBON VEGETAL Y MANUFACTURAS DE MADERA"|8|267532|119691.16
20140601|84|"SANTO TOME"|44|"MADERA, CARBON VEGETAL Y MANUFACTURAS DE MADERA"|18|995215|441387.92
20140701|84|"SANTO TOME"|44|"MADERA, CARBON VEGETAL Y MANUFACTURAS DE MADERA"|14|802809|340275.26
20140801|84|"SANTO TOME"|44|"MADERA, CARBON VEGETAL Y MANUFACTURAS DE MADERA"|13|460447|206232.86
20140901|84|"SANTO TOME"|44|"MADERA, CARBON VEGETAL Y MANUFACTURAS DE MADERA"|26|1187194|551513.5
20141001|84|"SANTO TOME"|44|"MADERA, CARBON VEGETAL Y MANUFACTURAS DE MADERA"|17|885100|385685.98
20141101|84|"SANTO TOME"|44|"MADERA, CARBON VEGETAL Y MANUFACTURAS DE MADERA"|12|559275|283020.8
20141201|84|"SANTO TOME"|44|"MADERA, CARBON VEGETAL Y MANUFACTURAS DE MADERA"|16|605210|334235.63
20150101|84|"SANTO TOME"|44|"MADERA, CARBON VEGETAL Y MANUFACTURAS DE MADERA"|9|501191.5|234178.56
20150201|84|"SANTO TOME"|44|"MADERA, CARBON VEGETAL Y MANUFACTURAS DE MADERA"|14|624854.5|319930.64
20150301|84|"SANTO TOME"|44|"MADERA, CARBON VEGETAL Y MANUFACTURAS DE MADERA"|15|903186|406708.51
20150401|84|"SANTO TOME"|44|"MADERA, CARBON VEGETAL Y MANUFACTURAS DE MADERA"|24|1422208|649554.32
20150501|84|"SANTO TOME"|44|"MADERA, CARBON VEGETAL Y MANUFACTURAS DE MADERA"|12|703729|336816.71
20150601|84|"SANTO TOME"|44|"MADERA, CARBON VEGETAL Y MANUFACTURAS DE MADERA"|10|624924|288060.66
20150701|84|"SANTO TOME"|44|"MADERA, CARBON VEGETAL Y MANUFACTURAS DE MADERA"|11|631781|305125.61
20150801|84|"SANTO TOME"|44|"MADERA, CARBON VEGETAL Y MANUFACTURAS DE MADERA"|8|537720|259775.82
20150901|84|"SANTO TOME"|44|"MADERA, CARBON VEGETAL Y MANUFACTURAS DE MADERA"|8|407755|198760.65
20151001|84|"SANTO TOME"|44|"MADERA, CARBON VEGETAL Y MANUFACTURAS DE MADERA"|8|238078|72689.19
20151101|84|"SANTO TOME"|44|"MADERA, CARBON VEGETAL Y MANUFACTURAS DE MADERA"|7|284535|127160.17
20151201|84|"SANTO TOME"|44|"MADERA, CARBON VEGETAL Y MANUFACTURAS DE MADERA"|2|46653|37290.73
