"fecha_oficia"|"aduana"|"aduana_desc"|"mercaderia"|"mercaderia_desc"|"cantidad"|"kilos"|"importe"
20150401|92|"BS.AS. SUR"|28|"PRODUCTOS QUIMICOS INORGANICOS; COMPUESTOS INORGANICOS U ORG"|42|764952.95|566671.44
20150501|92|"BS.AS. SUR"|28|"PRODUCTOS QUIMICOS INORGANICOS; COMPUESTOS INORGANICOS U ORG"|101|1899291.62|1390125.7
20150601|92|"BS.AS. SUR"|28|"PRODUCTOS QUIMICOS INORGANICOS; COMPUESTOS INORGANICOS U ORG"|77|1084878.49|622120.02
20150701|92|"BS.AS. SUR"|28|"PRODUCTOS QUIMICOS INORGANICOS; COMPUESTOS INORGANICOS U ORG"|92|1648712.26|1277845.6
20150801|92|"BS.AS. SUR"|28|"PRODUCTOS QUIMICOS INORGANICOS; COMPUESTOS INORGANICOS U ORG"|64|1144681.15|793916.54
20150901|92|"BS.AS. SUR"|28|"PRODUCTOS QUIMICOS INORGANICOS; COMPUESTOS INORGANICOS U ORG"|128|1272212.69|904258.26
20151001|92|"BS.AS. SUR"|28|"PRODUCTOS QUIMICOS INORGANICOS; COMPUESTOS INORGANICOS U ORG"|84|1157807.99|813306.47
20151101|92|"BS.AS. SUR"|28|"PRODUCTOS QUIMICOS INORGANICOS; COMPUESTOS INORGANICOS U ORG"|90|1120835.55|876918.92
20151201|92|"BS.AS. SUR"|28|"PRODUCTOS QUIMICOS INORGANICOS; COMPUESTOS INORGANICOS U ORG"|82|939929.46|578459.71
