"fecha_oficia"|"aduana"|"aduana_desc"|"mercaderia"|"mercaderia_desc"|"cantidad"|"kilos"|"importe"
20140101|1|"BS.AS.(CAPITAL)"|4|"LECHE Y PRODUCTOS LACTEOS; HUEVOS DE AVE; MIEL NATURAL; PROD"|400|11301140.75|40912752.13
20140201|1|"BS.AS.(CAPITAL)"|4|"LECHE Y PRODUCTOS LACTEOS; HUEVOS DE AVE; MIEL NATURAL; PROD"|371|14594963.74|55990512.02
20140301|1|"BS.AS.(CAPITAL)"|4|"LECHE Y PRODUCTOS LACTEOS; HUEVOS DE AVE; MIEL NATURAL; PROD"|368|12883458.17|49001798.22
20140401|1|"BS.AS.(CAPITAL)"|4|"LECHE Y PRODUCTOS LACTEOS; HUEVOS DE AVE; MIEL NATURAL; PROD"|435|11205269.63|41869896.97
20140501|1|"BS.AS.(CAPITAL)"|4|"LECHE Y PRODUCTOS LACTEOS; HUEVOS DE AVE; MIEL NATURAL; PROD"|407|14809273.32|52397820.05
20140601|1|"BS.AS.(CAPITAL)"|4|"LECHE Y PRODUCTOS LACTEOS; HUEVOS DE AVE; MIEL NATURAL; PROD"|334|10115987.74|37497903.04
20140701|1|"BS.AS.(CAPITAL)"|4|"LECHE Y PRODUCTOS LACTEOS; HUEVOS DE AVE; MIEL NATURAL; PROD"|324|8890449.51|31793157.42
20140801|1|"BS.AS.(CAPITAL)"|4|"LECHE Y PRODUCTOS LACTEOS; HUEVOS DE AVE; MIEL NATURAL; PROD"|274|7559362.91|27114686.51
20140901|1|"BS.AS.(CAPITAL)"|4|"LECHE Y PRODUCTOS LACTEOS; HUEVOS DE AVE; MIEL NATURAL; PROD"|407|12564696.16|44651340.35
20141001|1|"BS.AS.(CAPITAL)"|4|"LECHE Y PRODUCTOS LACTEOS; HUEVOS DE AVE; MIEL NATURAL; PROD"|307|10400064.14|40406872.52
20141101|1|"BS.AS.(CAPITAL)"|4|"LECHE Y PRODUCTOS LACTEOS; HUEVOS DE AVE; MIEL NATURAL; PROD"|283|8670257.97|30149049.47
20141201|1|"BS.AS.(CAPITAL)"|4|"LECHE Y PRODUCTOS LACTEOS; HUEVOS DE AVE; MIEL NATURAL; PROD"|280|7120313.29|27166202.93
20150101|1|"BS.AS.(CAPITAL)"|4|"LECHE Y PRODUCTOS LACTEOS; HUEVOS DE AVE; MIEL NATURAL; PROD"|383|17078238.64|61196470.61
20150201|1|"BS.AS.(CAPITAL)"|4|"LECHE Y PRODUCTOS LACTEOS; HUEVOS DE AVE; MIEL NATURAL; PROD"|349|13512436.72|41297954.82
20150301|1|"BS.AS.(CAPITAL)"|4|"LECHE Y PRODUCTOS LACTEOS; HUEVOS DE AVE; MIEL NATURAL; PROD"|402|17971979|60151911.8
20150401|1|"BS.AS.(CAPITAL)"|4|"LECHE Y PRODUCTOS LACTEOS; HUEVOS DE AVE; MIEL NATURAL; PROD"|283|10350996.95|29523353.71
20150501|1|"BS.AS.(CAPITAL)"|4|"LECHE Y PRODUCTOS LACTEOS; HUEVOS DE AVE; MIEL NATURAL; PROD"|40|250467.46|372106.36
20150601|1|"BS.AS.(CAPITAL)"|4|"LECHE Y PRODUCTOS LACTEOS; HUEVOS DE AVE; MIEL NATURAL; PROD"|42|112421.03|152225.19
20150701|1|"BS.AS.(CAPITAL)"|4|"LECHE Y PRODUCTOS LACTEOS; HUEVOS DE AVE; MIEL NATURAL; PROD"|4|35085.13|161702.62
20150801|1|"BS.AS.(CAPITAL)"|4|"LECHE Y PRODUCTOS LACTEOS; HUEVOS DE AVE; MIEL NATURAL; PROD"|12|15642.88|27605.16
20151001|1|"BS.AS.(CAPITAL)"|4|"LECHE Y PRODUCTOS LACTEOS; HUEVOS DE AVE; MIEL NATURAL; PROD"|7|88980.04|243356.85
