"fecha_oficia"|"aduana"|"aduana_desc"|"mercaderia"|"mercaderia_desc"|"cantidad"|"kilos"|"importe"
20150401|91|"BS.AS. NORTE"|19|"PREPARACIONES A BASE DE CEREALES, HARINA, ALMIDON, FECULA O "|82|755694.34|3268480.71
20150501|91|"BS.AS. NORTE"|19|"PREPARACIONES A BASE DE CEREALES, HARINA, ALMIDON, FECULA O "|273|1979292.53|7826254.16
20150601|91|"BS.AS. NORTE"|19|"PREPARACIONES A BASE DE CEREALES, HARINA, ALMIDON, FECULA O "|291|2313680.8|10099000.41
20150701|91|"BS.AS. NORTE"|19|"PREPARACIONES A BASE DE CEREALES, HARINA, ALMIDON, FECULA O "|345|2427040.99|8801860.31
20150801|91|"BS.AS. NORTE"|19|"PREPARACIONES A BASE DE CEREALES, HARINA, ALMIDON, FECULA O "|273|2103159.14|8113885.91
20150901|91|"BS.AS. NORTE"|19|"PREPARACIONES A BASE DE CEREALES, HARINA, ALMIDON, FECULA O "|321|2811271.87|9480405.54
20151001|91|"BS.AS. NORTE"|19|"PREPARACIONES A BASE DE CEREALES, HARINA, ALMIDON, FECULA O "|300|2381686.35|9893180.16
20151101|91|"BS.AS. NORTE"|19|"PREPARACIONES A BASE DE CEREALES, HARINA, ALMIDON, FECULA O "|294|2168605.6|7260233.82
20151201|91|"BS.AS. NORTE"|19|"PREPARACIONES A BASE DE CEREALES, HARINA, ALMIDON, FECULA O "|260|2624605.07|7717651.99
