"fecha_oficia"|"aduana"|"aduana_desc"|"mercaderia"|"mercaderia_desc"|"cantidad"|"kilos"|"importe"
20140401|82|"BERNARDO DE YRIGOYEN"|8|"FRUTAS Y FRUTOS COMESTIBLES; CORTEZAS DE AGRIOS(CITRICOS), M"|2|24000|60360
20140901|82|"BERNARDO DE YRIGOYEN"|8|"FRUTAS Y FRUTOS COMESTIBLES; CORTEZAS DE AGRIOS(CITRICOS), M"|2|50000|77500
20141001|82|"BERNARDO DE YRIGOYEN"|8|"FRUTAS Y FRUTOS COMESTIBLES; CORTEZAS DE AGRIOS(CITRICOS), M"|1|25000|37500
20141101|82|"BERNARDO DE YRIGOYEN"|8|"FRUTAS Y FRUTOS COMESTIBLES; CORTEZAS DE AGRIOS(CITRICOS), M"|1|25000|45430
20141201|82|"BERNARDO DE YRIGOYEN"|8|"FRUTAS Y FRUTOS COMESTIBLES; CORTEZAS DE AGRIOS(CITRICOS), M"|1|25000|50000
20151001|82|"BERNARDO DE YRIGOYEN"|8|"FRUTAS Y FRUTOS COMESTIBLES; CORTEZAS DE AGRIOS(CITRICOS), M"|1|24500|33810
20151101|82|"BERNARDO DE YRIGOYEN"|8|"FRUTAS Y FRUTOS COMESTIBLES; CORTEZAS DE AGRIOS(CITRICOS), M"|1|24500|31850
