"fecha_oficia"|"aduana"|"aduana_desc"|"mercaderia"|"mercaderia_desc"|"cantidad"|"kilos"|"importe"
20150401|92|"BS.AS. SUR"|63|"LOS DEMAS ARTICULOS TEXTILES CONFECCIONADOS; JUEGOS; PRENDER"|16|1076.1|28093.88
20150501|92|"BS.AS. SUR"|63|"LOS DEMAS ARTICULOS TEXTILES CONFECCIONADOS; JUEGOS; PRENDER"|69|34696.29|472940.77
20150601|92|"BS.AS. SUR"|63|"LOS DEMAS ARTICULOS TEXTILES CONFECCIONADOS; JUEGOS; PRENDER"|122|64725.35|643107.32
20150701|92|"BS.AS. SUR"|63|"LOS DEMAS ARTICULOS TEXTILES CONFECCIONADOS; JUEGOS; PRENDER"|80|40655.89|486030.73
20150801|92|"BS.AS. SUR"|63|"LOS DEMAS ARTICULOS TEXTILES CONFECCIONADOS; JUEGOS; PRENDER"|75|26560.58|457517.93
20150901|92|"BS.AS. SUR"|63|"LOS DEMAS ARTICULOS TEXTILES CONFECCIONADOS; JUEGOS; PRENDER"|82|51051.79|541797.27
20151001|92|"BS.AS. SUR"|63|"LOS DEMAS ARTICULOS TEXTILES CONFECCIONADOS; JUEGOS; PRENDER"|70|38541.64|484401.69
20151101|92|"BS.AS. SUR"|63|"LOS DEMAS ARTICULOS TEXTILES CONFECCIONADOS; JUEGOS; PRENDER"|86|43073.3|453916.54
20151201|92|"BS.AS. SUR"|63|"LOS DEMAS ARTICULOS TEXTILES CONFECCIONADOS; JUEGOS; PRENDER"|122|49290.96|627189.15
