"fecha_oficia"|"aduana"|"aduana_desc"|"mercaderia"|"mercaderia_desc"|"cantidad"|"kilos"|"importe"
20140501|49|"RIO GRANDE"|73|"MANUFACTURAS DE FUNDICION, HIERRO O ACERO"|3|28417.5|61127.41
20140601|49|"RIO GRANDE"|73|"MANUFACTURAS DE FUNDICION, HIERRO O ACERO"|2|14010.5|25683.2
20140701|49|"RIO GRANDE"|73|"MANUFACTURAS DE FUNDICION, HIERRO O ACERO"|3|14016.85|25694.27
20140801|49|"RIO GRANDE"|73|"MANUFACTURAS DE FUNDICION, HIERRO O ACERO"|1|8.4|104.44
20140901|49|"RIO GRANDE"|73|"MANUFACTURAS DE FUNDICION, HIERRO O ACERO"|3|14245|25847.49
20141201|49|"RIO GRANDE"|73|"MANUFACTURAS DE FUNDICION, HIERRO O ACERO"|2|269.17|7431.64
20150201|49|"RIO GRANDE"|73|"MANUFACTURAS DE FUNDICION, HIERRO O ACERO"|1|8|500
20150301|49|"RIO GRANDE"|73|"MANUFACTURAS DE FUNDICION, HIERRO O ACERO"|34|27957.05|453534.52
20150601|49|"RIO GRANDE"|73|"MANUFACTURAS DE FUNDICION, HIERRO O ACERO"|3|51.83|745.02
20150801|49|"RIO GRANDE"|73|"MANUFACTURAS DE FUNDICION, HIERRO O ACERO"|2|40.8|479.43
20151201|49|"RIO GRANDE"|73|"MANUFACTURAS DE FUNDICION, HIERRO O ACERO"|3|363.4|5139.8
