"fecha_oficia"|"aduana"|"aduana_desc"|"mercaderia"|"mercaderia_desc"|"cantidad"|"kilos"|"importe"
20150401|91|"BS.AS. NORTE"|72|"METALES COMUNES Y MANUFACTURAS DE ESTOS METALES"|6|395617|342087.39
20150501|91|"BS.AS. NORTE"|72|"METALES COMUNES Y MANUFACTURAS DE ESTOS METALES"|20|281696.06|451131.35
20150601|91|"BS.AS. NORTE"|72|"METALES COMUNES Y MANUFACTURAS DE ESTOS METALES"|29|550792.44|592298.21
20150701|91|"BS.AS. NORTE"|72|"METALES COMUNES Y MANUFACTURAS DE ESTOS METALES"|24|279886.43|380634
20150801|91|"BS.AS. NORTE"|72|"METALES COMUNES Y MANUFACTURAS DE ESTOS METALES"|15|116488.83|191066.34
20150901|91|"BS.AS. NORTE"|72|"METALES COMUNES Y MANUFACTURAS DE ESTOS METALES"|26|387837.55|578490.98
20151001|91|"BS.AS. NORTE"|72|"METALES COMUNES Y MANUFACTURAS DE ESTOS METALES"|21|1132006.5|1088859.59
20151101|91|"BS.AS. NORTE"|72|"METALES COMUNES Y MANUFACTURAS DE ESTOS METALES"|37|1280626.04|1406379.41
20151201|91|"BS.AS. NORTE"|72|"METALES COMUNES Y MANUFACTURAS DE ESTOS METALES"|17|472174|590005.82
