"fecha_oficia"|"aduana"|"aduana_desc"|"mercaderia"|"mercaderia_desc"|"cantidad"|"kilos"|"importe"
20140401|83|"SAN LUIS"|69|"PRODUCTOS CERAMICOS"|1|700|1391.61
20141001|83|"SAN LUIS"|69|"PRODUCTOS CERAMICOS"|1|1.6|54
20141101|83|"SAN LUIS"|69|"PRODUCTOS CERAMICOS"|2|778|3753.94
20141201|83|"SAN LUIS"|69|"PRODUCTOS CERAMICOS"|1|57.5|270
20150201|83|"SAN LUIS"|69|"PRODUCTOS CERAMICOS"|2|1420|6508.95
20150301|83|"SAN LUIS"|69|"PRODUCTOS CERAMICOS"|1|658|2507
20150401|83|"SAN LUIS"|69|"PRODUCTOS CERAMICOS"|1|306|1256
20150601|83|"SAN LUIS"|69|"PRODUCTOS CERAMICOS"|1|5272|20159.47
20151101|83|"SAN LUIS"|69|"PRODUCTOS CERAMICOS"|1|18900|37997.8
