"fecha_oficia"|"aduana"|"aduana_desc"|"mercaderia"|"mercaderia_desc"|"cantidad"|"kilos"|"importe"
20150401|92|"BS.AS. SUR"|61|"PRENDAS Y COMPLEMENTOS (ACCESORIOS), DE VESTIR, DE PUNTO"|256|5463.068|150842.5
20150501|92|"BS.AS. SUR"|61|"PRENDAS Y COMPLEMENTOS (ACCESORIOS), DE VESTIR, DE PUNTO"|530|12027.39|447236.73
20150601|92|"BS.AS. SUR"|61|"PRENDAS Y COMPLEMENTOS (ACCESORIOS), DE VESTIR, DE PUNTO"|590|10172.872|421371.93
20150701|92|"BS.AS. SUR"|61|"PRENDAS Y COMPLEMENTOS (ACCESORIOS), DE VESTIR, DE PUNTO"|400|14548.63|623470.09
20150801|92|"BS.AS. SUR"|61|"PRENDAS Y COMPLEMENTOS (ACCESORIOS), DE VESTIR, DE PUNTO"|438|17410.885|659428.3
20150901|92|"BS.AS. SUR"|61|"PRENDAS Y COMPLEMENTOS (ACCESORIOS), DE VESTIR, DE PUNTO"|617|17087.29|712575.83
20151001|92|"BS.AS. SUR"|61|"PRENDAS Y COMPLEMENTOS (ACCESORIOS), DE VESTIR, DE PUNTO"|404|8858.96|344664.12
20151101|92|"BS.AS. SUR"|61|"PRENDAS Y COMPLEMENTOS (ACCESORIOS), DE VESTIR, DE PUNTO"|710|16576.4|671180.64
20151201|92|"BS.AS. SUR"|61|"PRENDAS Y COMPLEMENTOS (ACCESORIOS), DE VESTIR, DE PUNTO"|405|6560.473|324420.13
