"fecha_oficia"|"aduana"|"aduana_desc"|"mercaderia"|"mercaderia_desc"|"cantidad"|"kilos"|"importe"
20150401|92|"BS.AS. SUR"|25|"SAL; AZUFRE; TIERRAS Y PIEDRAS; YESOS, CALES Y CEMENTOS"|21|368006.35|233120.98
20150501|92|"BS.AS. SUR"|25|"SAL; AZUFRE; TIERRAS Y PIEDRAS; YESOS, CALES Y CEMENTOS"|41|1304163.59|587460.98
20150601|92|"BS.AS. SUR"|25|"SAL; AZUFRE; TIERRAS Y PIEDRAS; YESOS, CALES Y CEMENTOS"|49|846512.57|342592.4
20150701|92|"BS.AS. SUR"|25|"SAL; AZUFRE; TIERRAS Y PIEDRAS; YESOS, CALES Y CEMENTOS"|51|1129265.78|462907.01
20150801|92|"BS.AS. SUR"|25|"SAL; AZUFRE; TIERRAS Y PIEDRAS; YESOS, CALES Y CEMENTOS"|49|1131357.13|441072.95
20150901|92|"BS.AS. SUR"|25|"SAL; AZUFRE; TIERRAS Y PIEDRAS; YESOS, CALES Y CEMENTOS"|59|1542964.48|672540.8
20151001|92|"BS.AS. SUR"|25|"SAL; AZUFRE; TIERRAS Y PIEDRAS; YESOS, CALES Y CEMENTOS"|53|1007998.05|436865.67
20151101|92|"BS.AS. SUR"|25|"SAL; AZUFRE; TIERRAS Y PIEDRAS; YESOS, CALES Y CEMENTOS"|45|834074|337152.89
20151201|92|"BS.AS. SUR"|25|"SAL; AZUFRE; TIERRAS Y PIEDRAS; YESOS, CALES Y CEMENTOS"|35|1036005.73|425598.21
