"fecha_oficia"|"aduana"|"aduana_desc"|"mercaderia"|"mercaderia_desc"|"cantidad"|"kilos"|"importe"
20150401|92|"BS.AS. SUR"|85|"MAQUINAS, APARATOS Y MATERIAL ELECTRICO, Y SUS PARTES; APARA"|146|214554.77|2683534.63
20150501|92|"BS.AS. SUR"|85|"MAQUINAS, APARATOS Y MATERIAL ELECTRICO, Y SUS PARTES; APARA"|466|632859.737|8106086.26
20150601|92|"BS.AS. SUR"|85|"MAQUINAS, APARATOS Y MATERIAL ELECTRICO, Y SUS PARTES; APARA"|496|353269.275|4829787.8
20150701|92|"BS.AS. SUR"|85|"MAQUINAS, APARATOS Y MATERIAL ELECTRICO, Y SUS PARTES; APARA"|505|417007.17|4094369.64
20150801|92|"BS.AS. SUR"|85|"MAQUINAS, APARATOS Y MATERIAL ELECTRICO, Y SUS PARTES; APARA"|438|511305.34|5911790.25
20150901|92|"BS.AS. SUR"|85|"MAQUINAS, APARATOS Y MATERIAL ELECTRICO, Y SUS PARTES; APARA"|382|448455.384|4481502.81
20151001|92|"BS.AS. SUR"|85|"MAQUINAS, APARATOS Y MATERIAL ELECTRICO, Y SUS PARTES; APARA"|482|461870.91|4935701.62
20151101|92|"BS.AS. SUR"|85|"MAQUINAS, APARATOS Y MATERIAL ELECTRICO, Y SUS PARTES; APARA"|358|359015.495|4244541.02
20151201|92|"BS.AS. SUR"|85|"MAQUINAS, APARATOS Y MATERIAL ELECTRICO, Y SUS PARTES; APARA"|385|607050.314|5939784.41
