"fecha_oficia"|"aduana"|"aduana_desc"|"mercaderia"|"mercaderia_desc"|"cantidad"|"kilos"|"importe"
20150601|92|"BS.AS. SUR"|46|"MANUFACTURAS DE ESPARTERIA O CESTERIA"|3|26.91|242
20150701|92|"BS.AS. SUR"|46|"MANUFACTURAS DE ESPARTERIA O CESTERIA"|1|1040|9563
20150801|92|"BS.AS. SUR"|46|"MANUFACTURAS DE ESPARTERIA O CESTERIA"|2|101.44|397
20151101|92|"BS.AS. SUR"|46|"MANUFACTURAS DE ESPARTERIA O CESTERIA"|2|28|4644.99
20151201|92|"BS.AS. SUR"|46|"MANUFACTURAS DE ESPARTERIA O CESTERIA"|3|102.84|3167.74
