"fecha_oficia"|"aduana"|"aduana_desc"|"mercaderia"|"mercaderia_desc"|"cantidad"|"kilos"|"importe"
20140101|80|"SAN ANTONIO OESTE"|26|"MINERALES METALIFEROS, ESCORIAS Y CENIZAS"|1|49221189.56|3418860.5
20140401|80|"SAN ANTONIO OESTE"|26|"MINERALES METALIFEROS, ESCORIAS Y CENIZAS"|3|66400894.88|7926720.31
20140701|80|"SAN ANTONIO OESTE"|26|"MINERALES METALIFEROS, ESCORIAS Y CENIZAS"|3|149208454.5|10973769.85
20141001|80|"SAN ANTONIO OESTE"|26|"MINERALES METALIFEROS, ESCORIAS Y CENIZAS"|1|48739368|2226579.63
20141201|80|"SAN ANTONIO OESTE"|26|"MINERALES METALIFEROS, ESCORIAS Y CENIZAS"|1|45475642.5|4258793.69
20150101|80|"SAN ANTONIO OESTE"|26|"MINERALES METALIFEROS, ESCORIAS Y CENIZAS"|1|30349897.67|2748365.54
20150301|80|"SAN ANTONIO OESTE"|26|"MINERALES METALIFEROS, ESCORIAS Y CENIZAS"|1|54301855.26|1545438.14
20150401|80|"SAN ANTONIO OESTE"|26|"MINERALES METALIFEROS, ESCORIAS Y CENIZAS"|2|78139646.23|3215454.2
20150601|80|"SAN ANTONIO OESTE"|26|"MINERALES METALIFEROS, ESCORIAS Y CENIZAS"|1|29612222.64|2161690.6
20151101|80|"SAN ANTONIO OESTE"|26|"MINERALES METALIFEROS, ESCORIAS Y CENIZAS"|1|21166456.7|984240.39
