"fecha_oficia"|"aduana"|"aduana_desc"|"mercaderia"|"mercaderia_desc"|"cantidad"|"kilos"|"importe"
20150401|92|"BS.AS. SUR"|48|"PAPEL Y CARTON; MANUFACTURAS DE PASTA DE CELULOSA, DE PAPEL "|64|353207.75|1076757.26
20150501|92|"BS.AS. SUR"|48|"PAPEL Y CARTON; MANUFACTURAS DE PASTA DE CELULOSA, DE PAPEL "|225|772330.97|2969703.6
20150601|92|"BS.AS. SUR"|48|"PAPEL Y CARTON; MANUFACTURAS DE PASTA DE CELULOSA, DE PAPEL "|206|677428.07|2768401.4
20150701|92|"BS.AS. SUR"|48|"PAPEL Y CARTON; MANUFACTURAS DE PASTA DE CELULOSA, DE PAPEL "|214|983051.92|2938535.37
20150801|92|"BS.AS. SUR"|48|"PAPEL Y CARTON; MANUFACTURAS DE PASTA DE CELULOSA, DE PAPEL "|213|723212.1|2294526.76
20150901|92|"BS.AS. SUR"|48|"PAPEL Y CARTON; MANUFACTURAS DE PASTA DE CELULOSA, DE PAPEL "|222|822617.99|3150055.56
20151001|92|"BS.AS. SUR"|48|"PAPEL Y CARTON; MANUFACTURAS DE PASTA DE CELULOSA, DE PAPEL "|256|962283.89|3102834.02
20151101|92|"BS.AS. SUR"|48|"PAPEL Y CARTON; MANUFACTURAS DE PASTA DE CELULOSA, DE PAPEL "|221|773727.13|2025380.88
20151201|92|"BS.AS. SUR"|48|"PAPEL Y CARTON; MANUFACTURAS DE PASTA DE CELULOSA, DE PAPEL "|230|642115.5|2733300.68
