"fecha_oficia"|"aduana"|"aduana_desc"|"mercaderia"|"mercaderia_desc"|"cantidad"|"kilos"|"importe"
20150401|92|"BS.AS. SUR"|38|"PRODUCTOS DIVERSOS DE LA INDUSTRIA QUIMICA"|130|1782522.99|2503718.93
20150501|92|"BS.AS. SUR"|38|"PRODUCTOS DIVERSOS DE LA INDUSTRIA QUIMICA"|410|7269410.73|9049295.79
20150601|92|"BS.AS. SUR"|38|"PRODUCTOS DIVERSOS DE LA INDUSTRIA QUIMICA"|460|8082294.87|11688290.11
20150701|92|"BS.AS. SUR"|38|"PRODUCTOS DIVERSOS DE LA INDUSTRIA QUIMICA"|429|6679417.28|11061305.5
20150801|92|"BS.AS. SUR"|38|"PRODUCTOS DIVERSOS DE LA INDUSTRIA QUIMICA"|393|5573828.12|12338196.76
20150901|92|"BS.AS. SUR"|38|"PRODUCTOS DIVERSOS DE LA INDUSTRIA QUIMICA"|425|6282213.52|16459987.51
20151001|92|"BS.AS. SUR"|38|"PRODUCTOS DIVERSOS DE LA INDUSTRIA QUIMICA"|413|6588763.85|14173809.1
20151101|92|"BS.AS. SUR"|38|"PRODUCTOS DIVERSOS DE LA INDUSTRIA QUIMICA"|387|5663535.74|9665911.99
20151201|92|"BS.AS. SUR"|38|"PRODUCTOS DIVERSOS DE LA INDUSTRIA QUIMICA"|360|5967217.03|7403171.06
