"fecha_oficia"|"aduana"|"aduana_desc"|"mercaderia"|"mercaderia_desc"|"cantidad"|"kilos"|"importe"
20140701|49|"RIO GRANDE"|84|"REACTORES NUCLEARES, CALDERAS, MAQUINAS, APARATOS Y ARTEFACT"|3|2504.27|20141.9
20140801|49|"RIO GRANDE"|84|"REACTORES NUCLEARES, CALDERAS, MAQUINAS, APARATOS Y ARTEFACT"|3|11.5|9710.76
20141101|49|"RIO GRANDE"|84|"REACTORES NUCLEARES, CALDERAS, MAQUINAS, APARATOS Y ARTEFACT"|1|6891|88565.07
20141201|49|"RIO GRANDE"|84|"REACTORES NUCLEARES, CALDERAS, MAQUINAS, APARATOS Y ARTEFACT"|6|2322.95|156714.5
20150301|49|"RIO GRANDE"|84|"REACTORES NUCLEARES, CALDERAS, MAQUINAS, APARATOS Y ARTEFACT"|88|187175.67|3785750.42
20150601|49|"RIO GRANDE"|84|"REACTORES NUCLEARES, CALDERAS, MAQUINAS, APARATOS Y ARTEFACT"|1|8|1507.28
20150801|49|"RIO GRANDE"|84|"REACTORES NUCLEARES, CALDERAS, MAQUINAS, APARATOS Y ARTEFACT"|2|89.05|158858.47
20151201|49|"RIO GRANDE"|84|"REACTORES NUCLEARES, CALDERAS, MAQUINAS, APARATOS Y ARTEFACT"|2|40.21|11736.09
