"fecha_oficia"|"aduana"|"aduana_desc"|"mercaderia"|"mercaderia_desc"|"cantidad"|"kilos"|"importe"
20140301|80|"SAN ANTONIO OESTE"|20|"PREPARACIONES DE HORTALIZAS, FRUTAS U OTROS FRUTOS O DEMAS P"|27|7873857|10223261.99
20140401|80|"SAN ANTONIO OESTE"|20|"PREPARACIONES DE HORTALIZAS, FRUTAS U OTROS FRUTOS O DEMAS P"|23|4246441|5452609.2
20140701|80|"SAN ANTONIO OESTE"|20|"PREPARACIONES DE HORTALIZAS, FRUTAS U OTROS FRUTOS O DEMAS P"|23|5740617.6|7288799.4
20140801|80|"SAN ANTONIO OESTE"|20|"PREPARACIONES DE HORTALIZAS, FRUTAS U OTROS FRUTOS O DEMAS P"|28|7872874.8|9570986.92
20140901|80|"SAN ANTONIO OESTE"|20|"PREPARACIONES DE HORTALIZAS, FRUTAS U OTROS FRUTOS O DEMAS P"|1|2123205|2659207.75
20150301|80|"SAN ANTONIO OESTE"|20|"PREPARACIONES DE HORTALIZAS, FRUTAS U OTROS FRUTOS O DEMAS P"|13|3594578.4|4259652.26
20150401|80|"SAN ANTONIO OESTE"|20|"PREPARACIONES DE HORTALIZAS, FRUTAS U OTROS FRUTOS O DEMAS P"|12|2489285.4|3012778.89
20150501|80|"SAN ANTONIO OESTE"|20|"PREPARACIONES DE HORTALIZAS, FRUTAS U OTROS FRUTOS O DEMAS P"|12|7336938|8878995.23
20150701|80|"SAN ANTONIO OESTE"|20|"PREPARACIONES DE HORTALIZAS, FRUTAS U OTROS FRUTOS O DEMAS P"|27|13138730|15964357.34
20151101|80|"SAN ANTONIO OESTE"|20|"PREPARACIONES DE HORTALIZAS, FRUTAS U OTROS FRUTOS O DEMAS P"|31|9795921.2|10108590.95
20151201|80|"SAN ANTONIO OESTE"|20|"PREPARACIONES DE HORTALIZAS, FRUTAS U OTROS FRUTOS O DEMAS P"|2|803480|795601.63
