"fecha_oficia"|"aduana"|"aduana_desc"|"mercaderia"|"mercaderia_desc"|"cantidad"|"kilos"|"importe"
20140101|84|"SANTO TOME"|74|"COBRE Y SUS MANUFACTURAS"|5|132.96|4633.8
20140201|84|"SANTO TOME"|74|"COBRE Y SUS MANUFACTURAS"|2|122.7|4116
20140301|84|"SANTO TOME"|74|"COBRE Y SUS MANUFACTURAS"|1|4.5|375
20140401|84|"SANTO TOME"|74|"COBRE Y SUS MANUFACTURAS"|9|197.83|11059.19
20140501|84|"SANTO TOME"|74|"COBRE Y SUS MANUFACTURAS"|2|52.69|3261.82
20140601|84|"SANTO TOME"|74|"COBRE Y SUS MANUFACTURAS"|1|12|300
20140701|84|"SANTO TOME"|74|"COBRE Y SUS MANUFACTURAS"|5|131.7|4866
20140801|84|"SANTO TOME"|74|"COBRE Y SUS MANUFACTURAS"|5|179.23|4298
20140901|84|"SANTO TOME"|74|"COBRE Y SUS MANUFACTURAS"|2|276.89|3126
20141001|84|"SANTO TOME"|74|"COBRE Y SUS MANUFACTURAS"|4|73.92|1764.85
20141101|84|"SANTO TOME"|74|"COBRE Y SUS MANUFACTURAS"|2|113.7|3126
20141201|84|"SANTO TOME"|74|"COBRE Y SUS MANUFACTURAS"|3|30|1800
20150101|84|"SANTO TOME"|74|"COBRE Y SUS MANUFACTURAS"|1|9|990
20150201|84|"SANTO TOME"|74|"COBRE Y SUS MANUFACTURAS"|3|125.55|3873.75
20150301|84|"SANTO TOME"|74|"COBRE Y SUS MANUFACTURAS"|1|9|990
20150401|84|"SANTO TOME"|74|"COBRE Y SUS MANUFACTURAS"|2|13.5|1365
20150501|84|"SANTO TOME"|74|"COBRE Y SUS MANUFACTURAS"|2|21|1050
20150601|84|"SANTO TOME"|74|"COBRE Y SUS MANUFACTURAS"|3|122.2|3831
20150701|84|"SANTO TOME"|74|"COBRE Y SUS MANUFACTURAS"|2|16.5|675
20150901|84|"SANTO TOME"|74|"COBRE Y SUS MANUFACTURAS"|3|118.2|3120
20151001|84|"SANTO TOME"|74|"COBRE Y SUS MANUFACTURAS"|1|4.5|300
20151101|84|"SANTO TOME"|74|"COBRE Y SUS MANUFACTURAS"|3|118.2|3120
20151201|84|"SANTO TOME"|74|"COBRE Y SUS MANUFACTURAS"|1|4.5|300
