"fecha_oficia"|"aduana"|"aduana_desc"|"mercaderia"|"mercaderia_desc"|"cantidad"|"kilos"|"importe"
20150401|92|"BS.AS. SUR"|9|"CAFE, TE, YERBA MATE Y ESPECIAS"|18|336560.24|543617.07
20150501|92|"BS.AS. SUR"|9|"CAFE, TE, YERBA MATE Y ESPECIAS"|55|707428.27|1311650.58
20150601|92|"BS.AS. SUR"|9|"CAFE, TE, YERBA MATE Y ESPECIAS"|79|1056925.51|1382493.99
20150701|92|"BS.AS. SUR"|9|"CAFE, TE, YERBA MATE Y ESPECIAS"|69|777984.2|1864678.49
20150801|92|"BS.AS. SUR"|9|"CAFE, TE, YERBA MATE Y ESPECIAS"|64|697827|1370777.05
20150901|92|"BS.AS. SUR"|9|"CAFE, TE, YERBA MATE Y ESPECIAS"|61|898828.64|1973721.7
20151001|92|"BS.AS. SUR"|9|"CAFE, TE, YERBA MATE Y ESPECIAS"|54|542501.82|1341438.88
20151101|92|"BS.AS. SUR"|9|"CAFE, TE, YERBA MATE Y ESPECIAS"|63|940512.74|1588335.76
20151201|92|"BS.AS. SUR"|9|"CAFE, TE, YERBA MATE Y ESPECIAS"|71|1394581.65|1580891.98
