"fecha_oficia"|"aduana"|"aduana_desc"|"mercaderia"|"mercaderia_desc"|"cantidad"|"kilos"|"importe"
20150401|92|"BS.AS. SUR"|41|"PIELES (EXCEPTO LA PELETERIA) Y CUEROS"|103|1525651|18623155.28
20150501|92|"BS.AS. SUR"|41|"PIELES (EXCEPTO LA PELETERIA) Y CUEROS"|220|3019809.99|39147010.09
20150601|92|"BS.AS. SUR"|41|"PIELES (EXCEPTO LA PELETERIA) Y CUEROS"|191|2827828.7|38211627.41
20150701|92|"BS.AS. SUR"|41|"PIELES (EXCEPTO LA PELETERIA) Y CUEROS"|214|2981526.99|43873028.64
20150801|92|"BS.AS. SUR"|41|"PIELES (EXCEPTO LA PELETERIA) Y CUEROS"|179|2532552|36813744.74
20150901|92|"BS.AS. SUR"|41|"PIELES (EXCEPTO LA PELETERIA) Y CUEROS"|146|2131042.5|29401463.26
20151001|92|"BS.AS. SUR"|41|"PIELES (EXCEPTO LA PELETERIA) Y CUEROS"|182|2466572.68|36489150
20151101|92|"BS.AS. SUR"|41|"PIELES (EXCEPTO LA PELETERIA) Y CUEROS"|191|2499476|33430362.84
20151201|92|"BS.AS. SUR"|41|"PIELES (EXCEPTO LA PELETERIA) Y CUEROS"|180|2285689.2|29730765.86
