"fecha_oficia"|"aduana"|"aduana_desc"|"mercaderia"|"mercaderia_desc"|"cantidad"|"kilos"|"importe"
20140101|79|"LA RIOJA"|41|"PIELES (EXCEPTO LA PELETERIA) Y CUEROS"|43|686385|6464735.67
20140201|79|"LA RIOJA"|41|"PIELES (EXCEPTO LA PELETERIA) Y CUEROS"|29|537424|5331152.69
20140301|79|"LA RIOJA"|41|"PIELES (EXCEPTO LA PELETERIA) Y CUEROS"|36|539934|4826467.67
20140401|79|"LA RIOJA"|41|"PIELES (EXCEPTO LA PELETERIA) Y CUEROS"|46|639057|6292699.61
20140501|79|"LA RIOJA"|41|"PIELES (EXCEPTO LA PELETERIA) Y CUEROS"|28|581292|4742649.69
20140601|79|"LA RIOJA"|41|"PIELES (EXCEPTO LA PELETERIA) Y CUEROS"|31|525281|4978836.41
20140701|79|"LA RIOJA"|41|"PIELES (EXCEPTO LA PELETERIA) Y CUEROS"|46|747007|6856056.82
20140801|79|"LA RIOJA"|41|"PIELES (EXCEPTO LA PELETERIA) Y CUEROS"|38|602115|5290586.91
20140901|79|"LA RIOJA"|41|"PIELES (EXCEPTO LA PELETERIA) Y CUEROS"|48|550002|4533778.88
20141001|79|"LA RIOJA"|41|"PIELES (EXCEPTO LA PELETERIA) Y CUEROS"|50|669861|4625109.33
20141101|79|"LA RIOJA"|41|"PIELES (EXCEPTO LA PELETERIA) Y CUEROS"|48|506054|3536717.52
20141201|79|"LA RIOJA"|41|"PIELES (EXCEPTO LA PELETERIA) Y CUEROS"|53|637761|4704708.95
20150101|79|"LA RIOJA"|41|"PIELES (EXCEPTO LA PELETERIA) Y CUEROS"|51|583288|4785625.5
20150201|79|"LA RIOJA"|41|"PIELES (EXCEPTO LA PELETERIA) Y CUEROS"|29|471375|3620735.01
20150301|79|"LA RIOJA"|41|"PIELES (EXCEPTO LA PELETERIA) Y CUEROS"|43|643157|3541410
20150401|79|"LA RIOJA"|41|"PIELES (EXCEPTO LA PELETERIA) Y CUEROS"|30|615041|3639649.12
20150501|79|"LA RIOJA"|41|"PIELES (EXCEPTO LA PELETERIA) Y CUEROS"|35|264536|3093812.78
20150601|79|"LA RIOJA"|41|"PIELES (EXCEPTO LA PELETERIA) Y CUEROS"|44|614475|2257560.44
20150701|79|"LA RIOJA"|41|"PIELES (EXCEPTO LA PELETERIA) Y CUEROS"|46|531891|3857745.95
20150801|79|"LA RIOJA"|41|"PIELES (EXCEPTO LA PELETERIA) Y CUEROS"|30|350481|1975941.93
20150901|79|"LA RIOJA"|41|"PIELES (EXCEPTO LA PELETERIA) Y CUEROS"|46|623765|3629036.01
20151001|79|"LA RIOJA"|41|"PIELES (EXCEPTO LA PELETERIA) Y CUEROS"|48|411762|2322061.43
20151101|79|"LA RIOJA"|41|"PIELES (EXCEPTO LA PELETERIA) Y CUEROS"|59|730889|4151398.53
20151201|79|"LA RIOJA"|41|"PIELES (EXCEPTO LA PELETERIA) Y CUEROS"|38|265729|2707324.6
