"fecha_oficia"|"aduana"|"aduana_desc"|"mercaderia"|"mercaderia_desc"|"cantidad"|"kilos"|"importe"
20140101|83|"SAN LUIS"|39|"PLASTICO Y SUS MANUFACTURAS"|47|529475.22|1994400.66
20140201|83|"SAN LUIS"|39|"PLASTICO Y SUS MANUFACTURAS"|55|389181.19|2003626.1
20140301|83|"SAN LUIS"|39|"PLASTICO Y SUS MANUFACTURAS"|57|546326.36|2090556.84
20140401|83|"SAN LUIS"|39|"PLASTICO Y SUS MANUFACTURAS"|53|526260.07|1733859.79
20140501|83|"SAN LUIS"|39|"PLASTICO Y SUS MANUFACTURAS"|39|292242.35|1109259.49
20140601|83|"SAN LUIS"|39|"PLASTICO Y SUS MANUFACTURAS"|43|330293.42|1260978.84
20140701|83|"SAN LUIS"|39|"PLASTICO Y SUS MANUFACTURAS"|52|430562.88|1747222.08
20140801|83|"SAN LUIS"|39|"PLASTICO Y SUS MANUFACTURAS"|49|454511.91|1837708.76
20140901|83|"SAN LUIS"|39|"PLASTICO Y SUS MANUFACTURAS"|42|332937.07|1375361.37
20141001|83|"SAN LUIS"|39|"PLASTICO Y SUS MANUFACTURAS"|39|380299.57|1574859.52
20141101|83|"SAN LUIS"|39|"PLASTICO Y SUS MANUFACTURAS"|53|456958.76|1540218.14
20141201|83|"SAN LUIS"|39|"PLASTICO Y SUS MANUFACTURAS"|53|451281.72|1562666.89
20150101|83|"SAN LUIS"|39|"PLASTICO Y SUS MANUFACTURAS"|41|375471.04|1400094.65
20150201|83|"SAN LUIS"|39|"PLASTICO Y SUS MANUFACTURAS"|43|370467.07|1450059.07
20150301|83|"SAN LUIS"|39|"PLASTICO Y SUS MANUFACTURAS"|42|491239.04|1625092.53
20150401|83|"SAN LUIS"|39|"PLASTICO Y SUS MANUFACTURAS"|41|429685.28|1378042.56
20150501|83|"SAN LUIS"|39|"PLASTICO Y SUS MANUFACTURAS"|47|367629.51|1419119.9
20150601|83|"SAN LUIS"|39|"PLASTICO Y SUS MANUFACTURAS"|44|512490.96|1487580.78
20150701|83|"SAN LUIS"|39|"PLASTICO Y SUS MANUFACTURAS"|50|395983.56|1561559.53
20150801|83|"SAN LUIS"|39|"PLASTICO Y SUS MANUFACTURAS"|43|433087.06|1540958.93
20150901|83|"SAN LUIS"|39|"PLASTICO Y SUS MANUFACTURAS"|32|325776.91|1250607.31
20151001|83|"SAN LUIS"|39|"PLASTICO Y SUS MANUFACTURAS"|31|308679.7|1046196.98
20151101|83|"SAN LUIS"|39|"PLASTICO Y SUS MANUFACTURAS"|49|508383.3|1545291.11
20151201|83|"SAN LUIS"|39|"PLASTICO Y SUS MANUFACTURAS"|20|179013.81|644026.08
