"fecha_oficia"|"aduana"|"aduana_desc"|"mercaderia"|"mercaderia_desc"|"cantidad"|"kilos"|"importe"
20140801|76|"ORAN"|39|"PLASTICO Y SUS MANUFACTURAS"|2|234.3|3660.62
20140901|76|"ORAN"|39|"PLASTICO Y SUS MANUFACTURAS"|3|749.7|8960
20141201|76|"ORAN"|39|"PLASTICO Y SUS MANUFACTURAS"|3|8388|43974.96
20150201|76|"ORAN"|39|"PLASTICO Y SUS MANUFACTURAS"|1|150|885
20150501|76|"ORAN"|39|"PLASTICO Y SUS MANUFACTURAS"|1|819.77|12758
20150801|76|"ORAN"|39|"PLASTICO Y SUS MANUFACTURAS"|2|1504.5|20787.5
20151001|76|"ORAN"|39|"PLASTICO Y SUS MANUFACTURAS"|1|496.4|5712
20151201|76|"ORAN"|39|"PLASTICO Y SUS MANUFACTURAS"|2|803.9|7109.9
