"fecha_oficia"|"aduana"|"aduana_desc"|"mercaderia"|"mercaderia_desc"|"cantidad"|"kilos"|"importe"
20150401|92|"BS.AS. SUR"|30|"PRODUCTOS FARMACEUTICOS"|191|319616.39|6362870.6
20150501|92|"BS.AS. SUR"|30|"PRODUCTOS FARMACEUTICOS"|411|710775.36|12522415.97
20150601|92|"BS.AS. SUR"|30|"PRODUCTOS FARMACEUTICOS"|520|678611.65|15345053.47
20150701|92|"BS.AS. SUR"|30|"PRODUCTOS FARMACEUTICOS"|499|598074.28|14407933.48
20150801|92|"BS.AS. SUR"|30|"PRODUCTOS FARMACEUTICOS"|550|700233.71|13770219.45
20150901|92|"BS.AS. SUR"|30|"PRODUCTOS FARMACEUTICOS"|519|609140.92|12540214.04
20151001|92|"BS.AS. SUR"|30|"PRODUCTOS FARMACEUTICOS"|313|548140.1|12729276.16
20151101|92|"BS.AS. SUR"|30|"PRODUCTOS FARMACEUTICOS"|485|633225.43|15854930.74
20151201|92|"BS.AS. SUR"|30|"PRODUCTOS FARMACEUTICOS"|371|488982.32|12246693.51
