"fecha_oficia"|"aduana"|"aduana_desc"|"mercaderia"|"mercaderia_desc"|"cantidad"|"kilos"|"importe"
20140101|85|"VILLA REGINA"|5|"LOS DEMAS PRODUCTOS DE ORIGEN ANIMAL, NO EXPRESADOS NI COMPR"|1|9860|26148
20140401|85|"VILLA REGINA"|5|"LOS DEMAS PRODUCTOS DE ORIGEN ANIMAL, NO EXPRESADOS NI COMPR"|1|9860|36432
20150101|85|"VILLA REGINA"|5|"LOS DEMAS PRODUCTOS DE ORIGEN ANIMAL, NO EXPRESADOS NI COMPR"|2|19720|78804
20150501|85|"VILLA REGINA"|5|"LOS DEMAS PRODUCTOS DE ORIGEN ANIMAL, NO EXPRESADOS NI COMPR"|1|9860|39913.5
20150801|85|"VILLA REGINA"|5|"LOS DEMAS PRODUCTOS DE ORIGEN ANIMAL, NO EXPRESADOS NI COMPR"|1|9860|40771.5
