"fecha_oficia"|"aduana"|"aduana_desc"|"mercaderia"|"mercaderia_desc"|"cantidad"|"kilos"|"importe"
20150401|92|"BS.AS. SUR"|83|"MANUFACTURAS DIVERSAS DE METAL COMUN"|59|51468.53|343836.27
20150501|92|"BS.AS. SUR"|83|"MANUFACTURAS DIVERSAS DE METAL COMUN"|126|128337.99|720413.65
20150601|92|"BS.AS. SUR"|83|"MANUFACTURAS DIVERSAS DE METAL COMUN"|129|202714.61|908602.84
20150701|92|"BS.AS. SUR"|83|"MANUFACTURAS DIVERSAS DE METAL COMUN"|186|105695.87|776664.68
20150801|92|"BS.AS. SUR"|83|"MANUFACTURAS DIVERSAS DE METAL COMUN"|142|134368.52|864617.55
20150901|92|"BS.AS. SUR"|83|"MANUFACTURAS DIVERSAS DE METAL COMUN"|131|148932.7|840558.21
20151001|92|"BS.AS. SUR"|83|"MANUFACTURAS DIVERSAS DE METAL COMUN"|198|170182.82|752996.27
20151101|92|"BS.AS. SUR"|83|"MANUFACTURAS DIVERSAS DE METAL COMUN"|126|111237.5|937388.38
20151201|92|"BS.AS. SUR"|83|"MANUFACTURAS DIVERSAS DE METAL COMUN"|107|95251.02|450249.26
