"fecha_oficia"|"aduana"|"aduana_desc"|"mercaderia"|"mercaderia_desc"|"cantidad"|"kilos"|"importe"
20140101|83|"SAN LUIS"|2|"CARNE Y DESPOJOS COMESTIBLES"|334|884887.14|6498298.52
20140201|83|"SAN LUIS"|2|"CARNE Y DESPOJOS COMESTIBLES"|363|837934.01|6499637.17
20140301|83|"SAN LUIS"|2|"CARNE Y DESPOJOS COMESTIBLES"|599|1164963.53|9096031.31
20140401|83|"SAN LUIS"|2|"CARNE Y DESPOJOS COMESTIBLES"|529|1247316.42|9618948.17
20140501|83|"SAN LUIS"|2|"CARNE Y DESPOJOS COMESTIBLES"|635|1490195.21|12505408.13
20140601|83|"SAN LUIS"|2|"CARNE Y DESPOJOS COMESTIBLES"|514|1763217.12|13605916.03
20140701|83|"SAN LUIS"|2|"CARNE Y DESPOJOS COMESTIBLES"|636|1638721.02|13007689.76
20140801|83|"SAN LUIS"|2|"CARNE Y DESPOJOS COMESTIBLES"|657|1723257.43|12239654.18
20140901|83|"SAN LUIS"|2|"CARNE Y DESPOJOS COMESTIBLES"|478|1227009.92|9904669.56
20141001|83|"SAN LUIS"|2|"CARNE Y DESPOJOS COMESTIBLES"|599|1548234.72|13127316.09
20141101|83|"SAN LUIS"|2|"CARNE Y DESPOJOS COMESTIBLES"|365|1105331.8|8865135.02
20141201|83|"SAN LUIS"|2|"CARNE Y DESPOJOS COMESTIBLES"|320|1258861.55|8995121.94
20150101|83|"SAN LUIS"|2|"CARNE Y DESPOJOS COMESTIBLES"|371|1287269.8|9810810.62
20150201|83|"SAN LUIS"|2|"CARNE Y DESPOJOS COMESTIBLES"|329|1058798.17|8019650.35
20150301|83|"SAN LUIS"|2|"CARNE Y DESPOJOS COMESTIBLES"|448|1315552.73|9607361.65
20150401|83|"SAN LUIS"|2|"CARNE Y DESPOJOS COMESTIBLES"|392|1338807.38|8896232.7
20150501|83|"SAN LUIS"|2|"CARNE Y DESPOJOS COMESTIBLES"|301|991826.47|6628965.63
20150601|83|"SAN LUIS"|2|"CARNE Y DESPOJOS COMESTIBLES"|340|1101397.4|6862161.57
20150701|83|"SAN LUIS"|2|"CARNE Y DESPOJOS COMESTIBLES"|239|870661.9|6127082.86
20150801|83|"SAN LUIS"|2|"CARNE Y DESPOJOS COMESTIBLES"|343|1180994.87|8715811.93
20150901|83|"SAN LUIS"|2|"CARNE Y DESPOJOS COMESTIBLES"|411|1177212.71|9182817.69
20151001|83|"SAN LUIS"|2|"CARNE Y DESPOJOS COMESTIBLES"|315|1032099.82|7215257.47
20151101|83|"SAN LUIS"|2|"CARNE Y DESPOJOS COMESTIBLES"|247|898764.42|6992961.25
20151201|83|"SAN LUIS"|2|"CARNE Y DESPOJOS COMESTIBLES"|298|1070956.55|7864231.48
