"fecha_oficia"|"aduana"|"aduana_desc"|"mercaderia"|"mercaderia_desc"|"cantidad"|"kilos"|"importe"
20150401|92|"BS.AS. SUR"|74|"COBRE Y SUS MANUFACTURAS"|22|7404.85|93888.61
20150501|92|"BS.AS. SUR"|74|"COBRE Y SUS MANUFACTURAS"|49|7295.01|136296.95
20150601|92|"BS.AS. SUR"|74|"COBRE Y SUS MANUFACTURAS"|53|8331.59|141481.68
20150701|92|"BS.AS. SUR"|74|"COBRE Y SUS MANUFACTURAS"|41|14758.8|173028.08
20150801|92|"BS.AS. SUR"|74|"COBRE Y SUS MANUFACTURAS"|39|3091.21|92261.97
20150901|92|"BS.AS. SUR"|74|"COBRE Y SUS MANUFACTURAS"|37|9392.1|201405.55
20151001|92|"BS.AS. SUR"|74|"COBRE Y SUS MANUFACTURAS"|34|7722.93|111897.81
20151101|92|"BS.AS. SUR"|74|"COBRE Y SUS MANUFACTURAS"|32|1633.09|64402.65
20151201|92|"BS.AS. SUR"|74|"COBRE Y SUS MANUFACTURAS"|25|21152.68|169033.46
