"fecha_oficia"|"aduana"|"aduana_desc"|"mercaderia"|"mercaderia_desc"|"cantidad"|"kilos"|"importe"
20140601|49|"RIO GRANDE"|28|"PRODUCTOS QUIMICOS INORGANICOS; COMPUESTOS INORGANICOS U ORG"|1|6308|5545.64
20140801|49|"RIO GRANDE"|28|"PRODUCTOS QUIMICOS INORGANICOS; COMPUESTOS INORGANICOS U ORG"|1|408|1116.4
20141201|49|"RIO GRANDE"|28|"PRODUCTOS QUIMICOS INORGANICOS; COMPUESTOS INORGANICOS U ORG"|1|6567.16|5883.38
20150101|49|"RIO GRANDE"|28|"PRODUCTOS QUIMICOS INORGANICOS; COMPUESTOS INORGANICOS U ORG"|1|1080|1577.34
20150601|49|"RIO GRANDE"|28|"PRODUCTOS QUIMICOS INORGANICOS; COMPUESTOS INORGANICOS U ORG"|1|4026.16|5623.84
20150701|49|"RIO GRANDE"|28|"PRODUCTOS QUIMICOS INORGANICOS; COMPUESTOS INORGANICOS U ORG"|1|402|882.06
20151101|49|"RIO GRANDE"|28|"PRODUCTOS QUIMICOS INORGANICOS; COMPUESTOS INORGANICOS U ORG"|2|58|1695.31
20151201|49|"RIO GRANDE"|28|"PRODUCTOS QUIMICOS INORGANICOS; COMPUESTOS INORGANICOS U ORG"|1|3238.4|4308.91
