"fecha_oficia"|"aduana"|"aduana_desc"|"mercaderia"|"mercaderia_desc"|"cantidad"|"kilos"|"importe"
20140801|84|"SANTO TOME"|95|"JUGUETES, JUEGOS Y ARTICULOS PARA RECREO O DEPORTE; SUS PART"|1|5160|194827.48
20140901|84|"SANTO TOME"|95|"JUGUETES, JUEGOS Y ARTICULOS PARA RECREO O DEPORTE; SUS PART"|10|609691.82|2085006.8
20150101|84|"SANTO TOME"|95|"JUGUETES, JUEGOS Y ARTICULOS PARA RECREO O DEPORTE; SUS PART"|1|73705|673531.37
20150301|84|"SANTO TOME"|95|"JUGUETES, JUEGOS Y ARTICULOS PARA RECREO O DEPORTE; SUS PART"|3|9439|182837.6
20150501|84|"SANTO TOME"|95|"JUGUETES, JUEGOS Y ARTICULOS PARA RECREO O DEPORTE; SUS PART"|3|11392.8|491957.1
20151101|84|"SANTO TOME"|95|"JUGUETES, JUEGOS Y ARTICULOS PARA RECREO O DEPORTE; SUS PART"|1|36302|3122972.99
