"fecha_oficia"|"aduana"|"aduana_desc"|"mercaderia"|"mercaderia_desc"|"cantidad"|"kilos"|"importe"
20140101|80|"SAN ANTONIO OESTE"|8|"FRUTAS Y FRUTOS COMESTIBLES; CORTEZAS DE AGRIOS(CITRICOS), M"|196|57049174.5|48853103.54
20140201|80|"SAN ANTONIO OESTE"|8|"FRUTAS Y FRUTOS COMESTIBLES; CORTEZAS DE AGRIOS(CITRICOS), M"|1915|326157322.64|280492611.88
20140301|80|"SAN ANTONIO OESTE"|8|"FRUTAS Y FRUTOS COMESTIBLES; CORTEZAS DE AGRIOS(CITRICOS), M"|3002|508373292.77|446365020.79
20140401|80|"SAN ANTONIO OESTE"|8|"FRUTAS Y FRUTOS COMESTIBLES; CORTEZAS DE AGRIOS(CITRICOS), M"|2468|444896573.19|385931297.84
20140501|80|"SAN ANTONIO OESTE"|8|"FRUTAS Y FRUTOS COMESTIBLES; CORTEZAS DE AGRIOS(CITRICOS), M"|1533|236447084.2|209872123.84
20140601|80|"SAN ANTONIO OESTE"|8|"FRUTAS Y FRUTOS COMESTIBLES; CORTEZAS DE AGRIOS(CITRICOS), M"|343|24513204.38|23777940.16
20140701|80|"SAN ANTONIO OESTE"|8|"FRUTAS Y FRUTOS COMESTIBLES; CORTEZAS DE AGRIOS(CITRICOS), M"|1|21000|22522.93
20140801|80|"SAN ANTONIO OESTE"|8|"FRUTAS Y FRUTOS COMESTIBLES; CORTEZAS DE AGRIOS(CITRICOS), M"|3|633744|697514.4
20140901|80|"SAN ANTONIO OESTE"|8|"FRUTAS Y FRUTOS COMESTIBLES; CORTEZAS DE AGRIOS(CITRICOS), M"|22|1742384.9|1490835.24
20141001|80|"SAN ANTONIO OESTE"|8|"FRUTAS Y FRUTOS COMESTIBLES; CORTEZAS DE AGRIOS(CITRICOS), M"|22|2116593|1610368.42
20141101|80|"SAN ANTONIO OESTE"|8|"FRUTAS Y FRUTOS COMESTIBLES; CORTEZAS DE AGRIOS(CITRICOS), M"|12|565590|459337.21
20150101|80|"SAN ANTONIO OESTE"|8|"FRUTAS Y FRUTOS COMESTIBLES; CORTEZAS DE AGRIOS(CITRICOS), M"|1|15744|22982.4
20150201|80|"SAN ANTONIO OESTE"|8|"FRUTAS Y FRUTOS COMESTIBLES; CORTEZAS DE AGRIOS(CITRICOS), M"|1486|166550286.82|134483666.68
20150301|80|"SAN ANTONIO OESTE"|8|"FRUTAS Y FRUTOS COMESTIBLES; CORTEZAS DE AGRIOS(CITRICOS), M"|1884|197272929.54|159607343.42
20150401|80|"SAN ANTONIO OESTE"|8|"FRUTAS Y FRUTOS COMESTIBLES; CORTEZAS DE AGRIOS(CITRICOS), M"|1896|178418695.29|144774183.1
20150501|80|"SAN ANTONIO OESTE"|8|"FRUTAS Y FRUTOS COMESTIBLES; CORTEZAS DE AGRIOS(CITRICOS), M"|1383|111704633.08|93250720.72
20150601|80|"SAN ANTONIO OESTE"|8|"FRUTAS Y FRUTOS COMESTIBLES; CORTEZAS DE AGRIOS(CITRICOS), M"|821|55509705.58|43972184.14
20150701|80|"SAN ANTONIO OESTE"|8|"FRUTAS Y FRUTOS COMESTIBLES; CORTEZAS DE AGRIOS(CITRICOS), M"|183|10283006|7627137.44
