"fecha_oficia"|"aduana"|"aduana_desc"|"mercaderia"|"mercaderia_desc"|"cantidad"|"kilos"|"importe"
20150401|91|"BS.AS. NORTE"|44|"MADERA, CARBON VEGETAL Y MANUFACTURAS DE MADERA"|20|3040.16|5303.28
20150501|91|"BS.AS. NORTE"|44|"MADERA, CARBON VEGETAL Y MANUFACTURAS DE MADERA"|70|510818.05|499640.2
20150601|91|"BS.AS. NORTE"|44|"MADERA, CARBON VEGETAL Y MANUFACTURAS DE MADERA"|87|835076.56|447097.99
20150701|91|"BS.AS. NORTE"|44|"MADERA, CARBON VEGETAL Y MANUFACTURAS DE MADERA"|74|1042343.27|525380.94
20150801|91|"BS.AS. NORTE"|44|"MADERA, CARBON VEGETAL Y MANUFACTURAS DE MADERA"|78|1145109.78|596574.39
20150901|91|"BS.AS. NORTE"|44|"MADERA, CARBON VEGETAL Y MANUFACTURAS DE MADERA"|79|687915.84|460962.9
20151001|91|"BS.AS. NORTE"|44|"MADERA, CARBON VEGETAL Y MANUFACTURAS DE MADERA"|103|615689.57|453515.98
20151101|91|"BS.AS. NORTE"|44|"MADERA, CARBON VEGETAL Y MANUFACTURAS DE MADERA"|56|381908.47|221647.33
20151201|91|"BS.AS. NORTE"|44|"MADERA, CARBON VEGETAL Y MANUFACTURAS DE MADERA"|74|373958.58|280760.4
