"fecha_oficia"|"aduana"|"aduana_desc"|"mercaderia"|"mercaderia_desc"|"cantidad"|"kilos"|"importe"
20140101|88|"GENERAL DEHEZA"|29|"PRODUCTOS QUIMICOS ORGANICOS"|86|3029260|4832840.16
20140201|88|"GENERAL DEHEZA"|29|"PRODUCTOS QUIMICOS ORGANICOS"|90|3248860|5216605.76
20140301|88|"GENERAL DEHEZA"|29|"PRODUCTOS QUIMICOS ORGANICOS"|118|4565490|6682401.15
20140401|88|"GENERAL DEHEZA"|29|"PRODUCTOS QUIMICOS ORGANICOS"|135|4678110|6366361.38
20140501|88|"GENERAL DEHEZA"|29|"PRODUCTOS QUIMICOS ORGANICOS"|143|5412930|6558636.72
20140601|88|"GENERAL DEHEZA"|29|"PRODUCTOS QUIMICOS ORGANICOS"|112|4867640|4726198.4
20140701|88|"GENERAL DEHEZA"|29|"PRODUCTOS QUIMICOS ORGANICOS"|134|5358458.15|5702607.97
20140801|88|"GENERAL DEHEZA"|29|"PRODUCTOS QUIMICOS ORGANICOS"|123|5136850|5860688.88
20140901|88|"GENERAL DEHEZA"|29|"PRODUCTOS QUIMICOS ORGANICOS"|137|5948790|6791060.35
20141001|88|"GENERAL DEHEZA"|29|"PRODUCTOS QUIMICOS ORGANICOS"|160|7402030|6654929.04
20141101|88|"GENERAL DEHEZA"|29|"PRODUCTOS QUIMICOS ORGANICOS"|105|5020183|4729557.9
20141201|88|"GENERAL DEHEZA"|29|"PRODUCTOS QUIMICOS ORGANICOS"|115|4789844|4778665.02
20150101|88|"GENERAL DEHEZA"|29|"PRODUCTOS QUIMICOS ORGANICOS"|113|5316973|4949066.21
20150201|88|"GENERAL DEHEZA"|29|"PRODUCTOS QUIMICOS ORGANICOS"|91|4124930|4240565.16
20150301|88|"GENERAL DEHEZA"|29|"PRODUCTOS QUIMICOS ORGANICOS"|92|3407523|3532894.84
20150401|88|"GENERAL DEHEZA"|29|"PRODUCTOS QUIMICOS ORGANICOS"|100|4973043|3857505.38
20150501|88|"GENERAL DEHEZA"|29|"PRODUCTOS QUIMICOS ORGANICOS"|102|4488610|4235413.43
20150601|88|"GENERAL DEHEZA"|29|"PRODUCTOS QUIMICOS ORGANICOS"|102|5524093|3940476.58
20150701|88|"GENERAL DEHEZA"|29|"PRODUCTOS QUIMICOS ORGANICOS"|125|7160650|5054127.32
20150801|88|"GENERAL DEHEZA"|29|"PRODUCTOS QUIMICOS ORGANICOS"|101|5075530|3867168.81
20150901|88|"GENERAL DEHEZA"|29|"PRODUCTOS QUIMICOS ORGANICOS"|87|4945792|3234874.29
20151001|88|"GENERAL DEHEZA"|29|"PRODUCTOS QUIMICOS ORGANICOS"|79|4252992|2803086.04
20151101|88|"GENERAL DEHEZA"|29|"PRODUCTOS QUIMICOS ORGANICOS"|67|3388220|2320811.33
20151201|88|"GENERAL DEHEZA"|29|"PRODUCTOS QUIMICOS ORGANICOS"|50|2973962|1299719.74
