"fecha_oficia"|"aduana"|"aduana_desc"|"mercaderia"|"mercaderia_desc"|"cantidad"|"kilos"|"importe"
20150601|92|"BS.AS. SUR"|3|"PESCADOS Y CRUSTACEOS, MOLUSCOS Y DEMAS INVERTEBRADOS ACUATI"|1|22890|64092
20150701|92|"BS.AS. SUR"|3|"PESCADOS Y CRUSTACEOS, MOLUSCOS Y DEMAS INVERTEBRADOS ACUATI"|1|27800|33360
20150801|92|"BS.AS. SUR"|3|"PESCADOS Y CRUSTACEOS, MOLUSCOS Y DEMAS INVERTEBRADOS ACUATI"|2|18321.92|119092.48
20151001|92|"BS.AS. SUR"|3|"PESCADOS Y CRUSTACEOS, MOLUSCOS Y DEMAS INVERTEBRADOS ACUATI"|4|10321|52824
20151201|92|"BS.AS. SUR"|3|"PESCADOS Y CRUSTACEOS, MOLUSCOS Y DEMAS INVERTEBRADOS ACUATI"|3|13734|70704
