"fecha_oficia"|"aduana"|"aduana_desc"|"mercaderia"|"mercaderia_desc"|"cantidad"|"kilos"|"importe"
20150401|91|"BS.AS. NORTE"|7|"HORTALIZAS, PLANTAS, RAICES Y TUBERCULOS ALIMENTICIOS"|25|1501516|1064725.13
20150501|91|"BS.AS. NORTE"|7|"HORTALIZAS, PLANTAS, RAICES Y TUBERCULOS ALIMENTICIOS"|68|5153950|3479771.17
20150601|91|"BS.AS. NORTE"|7|"HORTALIZAS, PLANTAS, RAICES Y TUBERCULOS ALIMENTICIOS"|80|4025664.3|3178352.01
20150701|91|"BS.AS. NORTE"|7|"HORTALIZAS, PLANTAS, RAICES Y TUBERCULOS ALIMENTICIOS"|87|5343363.5|3905722.32
20150801|91|"BS.AS. NORTE"|7|"HORTALIZAS, PLANTAS, RAICES Y TUBERCULOS ALIMENTICIOS"|121|7299213|5752241.95
20150901|91|"BS.AS. NORTE"|7|"HORTALIZAS, PLANTAS, RAICES Y TUBERCULOS ALIMENTICIOS"|150|11982881|8923974.58
20151001|91|"BS.AS. NORTE"|7|"HORTALIZAS, PLANTAS, RAICES Y TUBERCULOS ALIMENTICIOS"|167|17572061|10752262.84
20151101|91|"BS.AS. NORTE"|7|"HORTALIZAS, PLANTAS, RAICES Y TUBERCULOS ALIMENTICIOS"|173|16067661.7|10576471.83
20151201|91|"BS.AS. NORTE"|7|"HORTALIZAS, PLANTAS, RAICES Y TUBERCULOS ALIMENTICIOS"|139|10506696.82|7420046.27
