"fecha_oficia"|"aduana"|"aduana_desc"|"mercaderia"|"mercaderia_desc"|"cantidad"|"kilos"|"importe"
20150401|92|"BS.AS. SUR"|76|"ALUMINIO Y SUS MANUFACTURAS"|53|43942.12|522113.39
20150501|92|"BS.AS. SUR"|76|"ALUMINIO Y SUS MANUFACTURAS"|102|136981.19|1285362.32
20150601|92|"BS.AS. SUR"|76|"ALUMINIO Y SUS MANUFACTURAS"|123|180766.68|1726680.24
20150701|92|"BS.AS. SUR"|76|"ALUMINIO Y SUS MANUFACTURAS"|104|167104.99|1494949.23
20150801|92|"BS.AS. SUR"|76|"ALUMINIO Y SUS MANUFACTURAS"|131|155519.4|1667920.11
20150901|92|"BS.AS. SUR"|76|"ALUMINIO Y SUS MANUFACTURAS"|128|165015.02|1707348.63
20151001|92|"BS.AS. SUR"|76|"ALUMINIO Y SUS MANUFACTURAS"|110|102728.41|1091683.24
20151101|92|"BS.AS. SUR"|76|"ALUMINIO Y SUS MANUFACTURAS"|108|138738.49|1488128.23
20151201|92|"BS.AS. SUR"|76|"ALUMINIO Y SUS MANUFACTURAS"|98|104102.38|1204767.62
