"fecha_oficia"|"aduana"|"aduana_desc"|"mercaderia"|"mercaderia_desc"|"cantidad"|"kilos"|"importe"
20140101|1|"BS.AS.(CAPITAL)"|1|"ANIMALES VIVOS"|5|4250|54000
20140401|1|"BS.AS.(CAPITAL)"|1|"ANIMALES VIVOS"|9|4500|39000
20140501|1|"BS.AS.(CAPITAL)"|1|"ANIMALES VIVOS"|9|7200|77422.25
20140601|1|"BS.AS.(CAPITAL)"|1|"ANIMALES VIVOS"|11|7400|72722.91
20140701|1|"BS.AS.(CAPITAL)"|1|"ANIMALES VIVOS"|1|500|6500
20140801|1|"BS.AS.(CAPITAL)"|1|"ANIMALES VIVOS"|5|3500|55969.42
20141001|1|"BS.AS.(CAPITAL)"|1|"ANIMALES VIVOS"|4|2000|63071.65
20141101|1|"BS.AS.(CAPITAL)"|1|"ANIMALES VIVOS"|1|1250|11000
20150201|1|"BS.AS.(CAPITAL)"|1|"ANIMALES VIVOS"|1|3750|28000
