"fecha_oficia"|"aduana"|"aduana_desc"|"mercaderia"|"mercaderia_desc"|"cantidad"|"kilos"|"importe"
20150401|92|"BS.AS. SUR"|29|"PRODUCTOS QUIMICOS ORGANICOS"|44|113646.1|252944.61
20150501|92|"BS.AS. SUR"|29|"PRODUCTOS QUIMICOS ORGANICOS"|116|660526.32|1211027.41
20150601|92|"BS.AS. SUR"|29|"PRODUCTOS QUIMICOS ORGANICOS"|148|421342.82|779099.88
20150701|92|"BS.AS. SUR"|29|"PRODUCTOS QUIMICOS ORGANICOS"|154|843001.94|1379245.11
20150801|92|"BS.AS. SUR"|29|"PRODUCTOS QUIMICOS ORGANICOS"|104|838936.33|1265209.53
20150901|92|"BS.AS. SUR"|29|"PRODUCTOS QUIMICOS ORGANICOS"|240|798301.24|1297315.88
20151001|92|"BS.AS. SUR"|29|"PRODUCTOS QUIMICOS ORGANICOS"|117|207944.46|686335.2
20151101|92|"BS.AS. SUR"|29|"PRODUCTOS QUIMICOS ORGANICOS"|159|147387.86|411741.66
20151201|92|"BS.AS. SUR"|29|"PRODUCTOS QUIMICOS ORGANICOS"|118|112253.99|365859.6
