"fecha_oficia"|"aduana"|"aduana_desc"|"mercaderia"|"mercaderia_desc"|"cantidad"|"kilos"|"importe"
20150401|92|"BS.AS. SUR"|18|"CACAO Y SUS PREPARACIONES"|8|10516.37|105590.65
20150501|92|"BS.AS. SUR"|18|"CACAO Y SUS PREPARACIONES"|41|29437.49|177608
20150601|92|"BS.AS. SUR"|18|"CACAO Y SUS PREPARACIONES"|44|26154.8|174310.22
20150701|92|"BS.AS. SUR"|18|"CACAO Y SUS PREPARACIONES"|48|27616.46|232166.54
20150801|92|"BS.AS. SUR"|18|"CACAO Y SUS PREPARACIONES"|26|18634.39|122522.04
20150901|92|"BS.AS. SUR"|18|"CACAO Y SUS PREPARACIONES"|51|31142.68|253642
20151001|92|"BS.AS. SUR"|18|"CACAO Y SUS PREPARACIONES"|56|36673.09|268469.33
20151101|92|"BS.AS. SUR"|18|"CACAO Y SUS PREPARACIONES"|64|40802.82|306186.91
20151201|92|"BS.AS. SUR"|18|"CACAO Y SUS PREPARACIONES"|23|21339.96|109663.59
