"fecha_oficia"|"aduana"|"aduana_desc"|"mercaderia"|"mercaderia_desc"|"cantidad"|"kilos"|"importe"
20140101|79|"LA RIOJA"|39|"PLASTICO Y SUS MANUFACTURAS"|2|24939.25|58226.6
20140201|79|"LA RIOJA"|39|"PLASTICO Y SUS MANUFACTURAS"|10|1956.84|11168.73
20140301|79|"LA RIOJA"|39|"PLASTICO Y SUS MANUFACTURAS"|15|3264.42|18535.98
20140401|79|"LA RIOJA"|39|"PLASTICO Y SUS MANUFACTURAS"|7|1313.21|7571.62
20140501|79|"LA RIOJA"|39|"PLASTICO Y SUS MANUFACTURAS"|12|2570.39|15208.93
20140601|79|"LA RIOJA"|39|"PLASTICO Y SUS MANUFACTURAS"|12|2017.04|11963.7
20140701|79|"LA RIOJA"|39|"PLASTICO Y SUS MANUFACTURAS"|8|28380.73|79270.9
20140801|79|"LA RIOJA"|39|"PLASTICO Y SUS MANUFACTURAS"|11|53565.67|139732.58
20140901|79|"LA RIOJA"|39|"PLASTICO Y SUS MANUFACTURAS"|7|26294.79|67815.15
20141001|79|"LA RIOJA"|39|"PLASTICO Y SUS MANUFACTURAS"|11|3142.47|17780.41
20141101|79|"LA RIOJA"|39|"PLASTICO Y SUS MANUFACTURAS"|5|26300.54|67070.5
20141201|79|"LA RIOJA"|39|"PLASTICO Y SUS MANUFACTURAS"|5|26235.2|66749.16
20150101|79|"LA RIOJA"|39|"PLASTICO Y SUS MANUFACTURAS"|6|1770.3|10136
20150201|79|"LA RIOJA"|39|"PLASTICO Y SUS MANUFACTURAS"|6|1896.75|10860
20150301|79|"LA RIOJA"|39|"PLASTICO Y SUS MANUFACTURAS"|4|885.15|5068
20150401|79|"LA RIOJA"|39|"PLASTICO Y SUS MANUFACTURAS"|6|1011.6|5792
20150501|79|"LA RIOJA"|39|"PLASTICO Y SUS MANUFACTURAS"|5|1390.95|7964
20150601|79|"LA RIOJA"|39|"PLASTICO Y SUS MANUFACTURAS"|15|3555.45|19867.8
20150701|79|"LA RIOJA"|39|"PLASTICO Y SUS MANUFACTURAS"|17|3658.05|19095.21
20150801|79|"LA RIOJA"|39|"PLASTICO Y SUS MANUFACTURAS"|19|4856.1|26394.2
20150901|79|"LA RIOJA"|39|"PLASTICO Y SUS MANUFACTURAS"|16|5548.35|30540.8
20151001|79|"LA RIOJA"|39|"PLASTICO Y SUS MANUFACTURAS"|20|5042.55|27396.05
20151101|79|"LA RIOJA"|39|"PLASTICO Y SUS MANUFACTURAS"|6|1104.3|6184.43
20151201|79|"LA RIOJA"|39|"PLASTICO Y SUS MANUFACTURAS"|3|644.05|4400.16
