"fecha_oficia"|"aduana"|"aduana_desc"|"mercaderia"|"mercaderia_desc"|"cantidad"|"kilos"|"importe"
20150401|91|"BS.AS. NORTE"|30|"PRODUCTOS FARMACEUTICOS"|57|380490.59|2377622.66
20150501|91|"BS.AS. NORTE"|30|"PRODUCTOS FARMACEUTICOS"|184|826612.24|6675752.77
20150601|91|"BS.AS. NORTE"|30|"PRODUCTOS FARMACEUTICOS"|183|829291.69|6925294.15
20150701|91|"BS.AS. NORTE"|30|"PRODUCTOS FARMACEUTICOS"|155|805662.51|6967772.02
20150801|91|"BS.AS. NORTE"|30|"PRODUCTOS FARMACEUTICOS"|201|727735.84|5716052.52
20150901|91|"BS.AS. NORTE"|30|"PRODUCTOS FARMACEUTICOS"|208|934193.64|8659173.52
20151001|91|"BS.AS. NORTE"|30|"PRODUCTOS FARMACEUTICOS"|160|776899.54|6774965.05
20151101|91|"BS.AS. NORTE"|30|"PRODUCTOS FARMACEUTICOS"|142|674457.69|6215936.2
20151201|91|"BS.AS. NORTE"|30|"PRODUCTOS FARMACEUTICOS"|183|766475.53|6008884.41
