"fecha_oficia"|"aduana"|"aduana_desc"|"mercaderia"|"mercaderia_desc"|"cantidad"|"kilos"|"importe"
20150401|91|"BS.AS. NORTE"|85|"MAQUINAS, APARATOS Y MATERIAL ELECTRICO, Y SUS PARTES; APARA"|78|57834.76|930710.83
20150501|91|"BS.AS. NORTE"|85|"MAQUINAS, APARATOS Y MATERIAL ELECTRICO, Y SUS PARTES; APARA"|234|126118.59|2060346.63
20150601|91|"BS.AS. NORTE"|85|"MAQUINAS, APARATOS Y MATERIAL ELECTRICO, Y SUS PARTES; APARA"|241|180899.18|2576354.62
20150701|91|"BS.AS. NORTE"|85|"MAQUINAS, APARATOS Y MATERIAL ELECTRICO, Y SUS PARTES; APARA"|216|171591.4|3009915.58
20150801|91|"BS.AS. NORTE"|85|"MAQUINAS, APARATOS Y MATERIAL ELECTRICO, Y SUS PARTES; APARA"|201|214107.51|3090432.93
20150901|91|"BS.AS. NORTE"|85|"MAQUINAS, APARATOS Y MATERIAL ELECTRICO, Y SUS PARTES; APARA"|242|272486.17|3418489.6
20151001|91|"BS.AS. NORTE"|85|"MAQUINAS, APARATOS Y MATERIAL ELECTRICO, Y SUS PARTES; APARA"|195|176755.88|2578339.65
20151101|91|"BS.AS. NORTE"|85|"MAQUINAS, APARATOS Y MATERIAL ELECTRICO, Y SUS PARTES; APARA"|174|61321.86|1309275.42
20151201|91|"BS.AS. NORTE"|85|"MAQUINAS, APARATOS Y MATERIAL ELECTRICO, Y SUS PARTES; APARA"|176|165180.573|2314477.99
