"fecha_oficia"|"aduana"|"aduana_desc"|"mercaderia"|"mercaderia_desc"|"cantidad"|"kilos"|"importe"
20140101|83|"SAN LUIS"|48|"PAPEL Y CARTON; MANUFACTURAS DE PASTA DE CELULOSA, DE PAPEL "|16|291651|723585.99
20140201|83|"SAN LUIS"|48|"PAPEL Y CARTON; MANUFACTURAS DE PASTA DE CELULOSA, DE PAPEL "|17|345933.62|979502.96
20140301|83|"SAN LUIS"|48|"PAPEL Y CARTON; MANUFACTURAS DE PASTA DE CELULOSA, DE PAPEL "|12|309866.16|706697.25
20140401|83|"SAN LUIS"|48|"PAPEL Y CARTON; MANUFACTURAS DE PASTA DE CELULOSA, DE PAPEL "|14|297468.31|868710.68
20140501|83|"SAN LUIS"|48|"PAPEL Y CARTON; MANUFACTURAS DE PASTA DE CELULOSA, DE PAPEL "|18|402904.31|1195365.44
20140601|83|"SAN LUIS"|48|"PAPEL Y CARTON; MANUFACTURAS DE PASTA DE CELULOSA, DE PAPEL "|20|379541.15|1092863.6
20140701|83|"SAN LUIS"|48|"PAPEL Y CARTON; MANUFACTURAS DE PASTA DE CELULOSA, DE PAPEL "|8|129532|378639.94
20140801|83|"SAN LUIS"|48|"PAPEL Y CARTON; MANUFACTURAS DE PASTA DE CELULOSA, DE PAPEL "|12|229130|730362.76
20140901|83|"SAN LUIS"|48|"PAPEL Y CARTON; MANUFACTURAS DE PASTA DE CELULOSA, DE PAPEL "|13|308475|828253.09
20141001|83|"SAN LUIS"|48|"PAPEL Y CARTON; MANUFACTURAS DE PASTA DE CELULOSA, DE PAPEL "|14|265584|888319.35
20141101|83|"SAN LUIS"|48|"PAPEL Y CARTON; MANUFACTURAS DE PASTA DE CELULOSA, DE PAPEL "|5|92941|364842.97
20141201|83|"SAN LUIS"|48|"PAPEL Y CARTON; MANUFACTURAS DE PASTA DE CELULOSA, DE PAPEL "|5|83321|283237.27
20150101|83|"SAN LUIS"|48|"PAPEL Y CARTON; MANUFACTURAS DE PASTA DE CELULOSA, DE PAPEL "|13|276227|817018.07
20150201|83|"SAN LUIS"|48|"PAPEL Y CARTON; MANUFACTURAS DE PASTA DE CELULOSA, DE PAPEL "|11|159320.3|545031.78
20150301|83|"SAN LUIS"|48|"PAPEL Y CARTON; MANUFACTURAS DE PASTA DE CELULOSA, DE PAPEL "|15|467499.8|1051040.98
20150401|83|"SAN LUIS"|48|"PAPEL Y CARTON; MANUFACTURAS DE PASTA DE CELULOSA, DE PAPEL "|17|318019|1117043.37
20150501|83|"SAN LUIS"|48|"PAPEL Y CARTON; MANUFACTURAS DE PASTA DE CELULOSA, DE PAPEL "|10|205767|695363.13
20150601|83|"SAN LUIS"|48|"PAPEL Y CARTON; MANUFACTURAS DE PASTA DE CELULOSA, DE PAPEL "|2|40244|146202.53
20150701|83|"SAN LUIS"|48|"PAPEL Y CARTON; MANUFACTURAS DE PASTA DE CELULOSA, DE PAPEL "|10|194676.5|678786.48
20150801|83|"SAN LUIS"|48|"PAPEL Y CARTON; MANUFACTURAS DE PASTA DE CELULOSA, DE PAPEL "|8|153824|470491.04
20150901|83|"SAN LUIS"|48|"PAPEL Y CARTON; MANUFACTURAS DE PASTA DE CELULOSA, DE PAPEL "|10|257752|751978.56
20151001|83|"SAN LUIS"|48|"PAPEL Y CARTON; MANUFACTURAS DE PASTA DE CELULOSA, DE PAPEL "|7|172826|503275.7
20151101|83|"SAN LUIS"|48|"PAPEL Y CARTON; MANUFACTURAS DE PASTA DE CELULOSA, DE PAPEL "|5|93692|324114.89
20151201|83|"SAN LUIS"|48|"PAPEL Y CARTON; MANUFACTURAS DE PASTA DE CELULOSA, DE PAPEL "|6|161444|407014.29
