"fecha_oficia"|"aduana"|"aduana_desc"|"mercaderia"|"mercaderia_desc"|"cantidad"|"kilos"|"importe"
20140101|88|"GENERAL DEHEZA"|82|"HERRAMIENTAS Y UTILES, ARTICULOS DE CUCHILLERIA Y CUBIERTOS "|1|67.51|897.16
20140301|88|"GENERAL DEHEZA"|82|"HERRAMIENTAS Y UTILES, ARTICULOS DE CUCHILLERIA Y CUBIERTOS "|2|92.06|1088.48
20140601|88|"GENERAL DEHEZA"|82|"HERRAMIENTAS Y UTILES, ARTICULOS DE CUCHILLERIA Y CUBIERTOS "|1|163.99|1765
20150101|88|"GENERAL DEHEZA"|82|"HERRAMIENTAS Y UTILES, ARTICULOS DE CUCHILLERIA Y CUBIERTOS "|1|170.63|3452.4
