"fecha_oficia"|"aduana"|"aduana_desc"|"mercaderia"|"mercaderia_desc"|"cantidad"|"kilos"|"importe"
20140101|83|"SAN LUIS"|15|"GRASAS Y ACEITES ANIMALES O VEGETALES; PRODUCTOS DE SU DESDO"|4|114080|123501.87
20140201|83|"SAN LUIS"|15|"GRASAS Y ACEITES ANIMALES O VEGETALES; PRODUCTOS DE SU DESDO"|16|382900|278630
20140301|83|"SAN LUIS"|15|"GRASAS Y ACEITES ANIMALES O VEGETALES; PRODUCTOS DE SU DESDO"|17|394238.56|343868.38
20140401|83|"SAN LUIS"|15|"GRASAS Y ACEITES ANIMALES O VEGETALES; PRODUCTOS DE SU DESDO"|6|51660.81|60778.47
20140501|83|"SAN LUIS"|15|"GRASAS Y ACEITES ANIMALES O VEGETALES; PRODUCTOS DE SU DESDO"|18|411533.74|352257.41
20140601|83|"SAN LUIS"|15|"GRASAS Y ACEITES ANIMALES O VEGETALES; PRODUCTOS DE SU DESDO"|9|272475|291089.94
20140701|83|"SAN LUIS"|15|"GRASAS Y ACEITES ANIMALES O VEGETALES; PRODUCTOS DE SU DESDO"|10|144079|136902.76
20140801|83|"SAN LUIS"|15|"GRASAS Y ACEITES ANIMALES O VEGETALES; PRODUCTOS DE SU DESDO"|13|171133.22|166423.65
20140901|83|"SAN LUIS"|15|"GRASAS Y ACEITES ANIMALES O VEGETALES; PRODUCTOS DE SU DESDO"|10|93762.78|108320.59
20141001|83|"SAN LUIS"|15|"GRASAS Y ACEITES ANIMALES O VEGETALES; PRODUCTOS DE SU DESDO"|9|261702.44|243566.69
20141101|83|"SAN LUIS"|15|"GRASAS Y ACEITES ANIMALES O VEGETALES; PRODUCTOS DE SU DESDO"|4|75267|83770.08
20141201|83|"SAN LUIS"|15|"GRASAS Y ACEITES ANIMALES O VEGETALES; PRODUCTOS DE SU DESDO"|3|59140|46204.8
20150101|83|"SAN LUIS"|15|"GRASAS Y ACEITES ANIMALES O VEGETALES; PRODUCTOS DE SU DESDO"|13|162713.13|150403.51
20150201|83|"SAN LUIS"|15|"GRASAS Y ACEITES ANIMALES O VEGETALES; PRODUCTOS DE SU DESDO"|7|231209|195181.1
20150301|83|"SAN LUIS"|15|"GRASAS Y ACEITES ANIMALES O VEGETALES; PRODUCTOS DE SU DESDO"|3|11700|15444
20150401|83|"SAN LUIS"|15|"GRASAS Y ACEITES ANIMALES O VEGETALES; PRODUCTOS DE SU DESDO"|10|311887.94|282460.1
20150501|83|"SAN LUIS"|15|"GRASAS Y ACEITES ANIMALES O VEGETALES; PRODUCTOS DE SU DESDO"|3|21552|24277.4
20150601|83|"SAN LUIS"|15|"GRASAS Y ACEITES ANIMALES O VEGETALES; PRODUCTOS DE SU DESDO"|2|55000|44110
20150701|83|"SAN LUIS"|15|"GRASAS Y ACEITES ANIMALES O VEGETALES; PRODUCTOS DE SU DESDO"|2|9728|12036.64
20150801|83|"SAN LUIS"|15|"GRASAS Y ACEITES ANIMALES O VEGETALES; PRODUCTOS DE SU DESDO"|5|43811.17|54240.81
20150901|83|"SAN LUIS"|15|"GRASAS Y ACEITES ANIMALES O VEGETALES; PRODUCTOS DE SU DESDO"|5|140959|125061.56
20151001|83|"SAN LUIS"|15|"GRASAS Y ACEITES ANIMALES O VEGETALES; PRODUCTOS DE SU DESDO"|4|30551|37461.2
20151101|83|"SAN LUIS"|15|"GRASAS Y ACEITES ANIMALES O VEGETALES; PRODUCTOS DE SU DESDO"|3|374000|355300
20151201|83|"SAN LUIS"|15|"GRASAS Y ACEITES ANIMALES O VEGETALES; PRODUCTOS DE SU DESDO"|8|332311|301379.65
