"fecha_oficia"|"aduana"|"aduana_desc"|"mercaderia"|"mercaderia_desc"|"cantidad"|"kilos"|"importe"
20150401|91|"BS.AS. NORTE"|38|"PRODUCTOS DIVERSOS DE LA INDUSTRIA QUIMICA"|123|2136814.87|7648228.38
20150501|91|"BS.AS. NORTE"|38|"PRODUCTOS DIVERSOS DE LA INDUSTRIA QUIMICA"|353|5830476|18040328.17
20150601|91|"BS.AS. NORTE"|38|"PRODUCTOS DIVERSOS DE LA INDUSTRIA QUIMICA"|419|5883243.47|19085709.66
20150701|91|"BS.AS. NORTE"|38|"PRODUCTOS DIVERSOS DE LA INDUSTRIA QUIMICA"|460|11919688.15|22637837.69
20150801|91|"BS.AS. NORTE"|38|"PRODUCTOS DIVERSOS DE LA INDUSTRIA QUIMICA"|433|6742786.03|18432123.15
20150901|91|"BS.AS. NORTE"|38|"PRODUCTOS DIVERSOS DE LA INDUSTRIA QUIMICA"|477|8600028.76|20378860.75
20151001|91|"BS.AS. NORTE"|38|"PRODUCTOS DIVERSOS DE LA INDUSTRIA QUIMICA"|480|18017681.65|19962685.93
20151101|91|"BS.AS. NORTE"|38|"PRODUCTOS DIVERSOS DE LA INDUSTRIA QUIMICA"|406|10607295.23|16980784.88
20151201|91|"BS.AS. NORTE"|38|"PRODUCTOS DIVERSOS DE LA INDUSTRIA QUIMICA"|360|4785421.71|13135496.82
