"fecha_oficia"|"aduana"|"aduana_desc"|"mercaderia"|"mercaderia_desc"|"cantidad"|"kilos"|"importe"
20140701|82|"BERNARDO DE YRIGOYEN"|20|"PREPARACIONES DE HORTALIZAS, FRUTAS U OTROS FRUTOS O DEMAS P"|1|17100|22230
20140801|82|"BERNARDO DE YRIGOYEN"|20|"PREPARACIONES DE HORTALIZAS, FRUTAS U OTROS FRUTOS O DEMAS P"|1|17100|22230
20150601|82|"BERNARDO DE YRIGOYEN"|20|"PREPARACIONES DE HORTALIZAS, FRUTAS U OTROS FRUTOS O DEMAS P"|2|16740|20087.75
20150901|82|"BERNARDO DE YRIGOYEN"|20|"PREPARACIONES DE HORTALIZAS, FRUTAS U OTROS FRUTOS O DEMAS P"|1|17100|21289.5
20151101|82|"BERNARDO DE YRIGOYEN"|20|"PREPARACIONES DE HORTALIZAS, FRUTAS U OTROS FRUTOS O DEMAS P"|1|17100|18810
20151201|82|"BERNARDO DE YRIGOYEN"|20|"PREPARACIONES DE HORTALIZAS, FRUTAS U OTROS FRUTOS O DEMAS P"|1|17100|18810
