"fecha_oficia"|"aduana"|"aduana_desc"|"mercaderia"|"mercaderia_desc"|"cantidad"|"kilos"|"importe"
20140101|84|"SANTO TOME"|19|"PREPARACIONES A BASE DE CEREALES, HARINA, ALMIDON, FECULA O "|7|432770|216830.23
20140201|84|"SANTO TOME"|19|"PREPARACIONES A BASE DE CEREALES, HARINA, ALMIDON, FECULA O "|3|226330|102289.95
20140301|84|"SANTO TOME"|19|"PREPARACIONES A BASE DE CEREALES, HARINA, ALMIDON, FECULA O "|2|113540|51132.2
20140401|84|"SANTO TOME"|19|"PREPARACIONES A BASE DE CEREALES, HARINA, ALMIDON, FECULA O "|2|72150|44820.5
20140501|84|"SANTO TOME"|19|"PREPARACIONES A BASE DE CEREALES, HARINA, ALMIDON, FECULA O "|10|531200|266140.73
20140601|84|"SANTO TOME"|19|"PREPARACIONES A BASE DE CEREALES, HARINA, ALMIDON, FECULA O "|5|228330|120552.2
20140701|84|"SANTO TOME"|19|"PREPARACIONES A BASE DE CEREALES, HARINA, ALMIDON, FECULA O "|7|321845|154155.4
20140801|84|"SANTO TOME"|19|"PREPARACIONES A BASE DE CEREALES, HARINA, ALMIDON, FECULA O "|2|199420|79198.15
20140901|84|"SANTO TOME"|19|"PREPARACIONES A BASE DE CEREALES, HARINA, ALMIDON, FECULA O "|5|322031.5|137339.59
20141001|84|"SANTO TOME"|19|"PREPARACIONES A BASE DE CEREALES, HARINA, ALMIDON, FECULA O "|8|527460|192494.7
20141101|84|"SANTO TOME"|19|"PREPARACIONES A BASE DE CEREALES, HARINA, ALMIDON, FECULA O "|7|348501.5|132029.45
20141201|84|"SANTO TOME"|19|"PREPARACIONES A BASE DE CEREALES, HARINA, ALMIDON, FECULA O "|5|235790|94163
20150101|84|"SANTO TOME"|19|"PREPARACIONES A BASE DE CEREALES, HARINA, ALMIDON, FECULA O "|1|56000|17920
20150201|84|"SANTO TOME"|19|"PREPARACIONES A BASE DE CEREALES, HARINA, ALMIDON, FECULA O "|2|30440|46643
20150301|84|"SANTO TOME"|19|"PREPARACIONES A BASE DE CEREALES, HARINA, ALMIDON, FECULA O "|1|84000|25200
20150601|84|"SANTO TOME"|19|"PREPARACIONES A BASE DE CEREALES, HARINA, ALMIDON, FECULA O "|1|16001.5|25102.25
20150701|84|"SANTO TOME"|19|"PREPARACIONES A BASE DE CEREALES, HARINA, ALMIDON, FECULA O "|1|14890|24407
20150901|84|"SANTO TOME"|19|"PREPARACIONES A BASE DE CEREALES, HARINA, ALMIDON, FECULA O "|2|31100|49360
20151001|84|"SANTO TOME"|19|"PREPARACIONES A BASE DE CEREALES, HARINA, ALMIDON, FECULA O "|1|15999.5|24879.25
