"fecha_oficia"|"aduana"|"aduana_desc"|"mercaderia"|"mercaderia_desc"|"cantidad"|"kilos"|"importe"
20150401|91|"BS.AS. NORTE"|73|"MANUFACTURAS DE FUNDICION, HIERRO O ACERO"|101|248831.51|861593.51
20150501|91|"BS.AS. NORTE"|73|"MANUFACTURAS DE FUNDICION, HIERRO O ACERO"|300|956288.23|2977558
20150601|91|"BS.AS. NORTE"|73|"MANUFACTURAS DE FUNDICION, HIERRO O ACERO"|368|1102657.05|2902919.96
20150701|91|"BS.AS. NORTE"|73|"MANUFACTURAS DE FUNDICION, HIERRO O ACERO"|312|764006.03|2744609.76
20150801|91|"BS.AS. NORTE"|73|"MANUFACTURAS DE FUNDICION, HIERRO O ACERO"|310|865641.53|2718511.16
20150901|91|"BS.AS. NORTE"|73|"MANUFACTURAS DE FUNDICION, HIERRO O ACERO"|363|973004.01|3512425.88
20151001|91|"BS.AS. NORTE"|73|"MANUFACTURAS DE FUNDICION, HIERRO O ACERO"|242|538022.33|1819113.48
20151101|91|"BS.AS. NORTE"|73|"MANUFACTURAS DE FUNDICION, HIERRO O ACERO"|322|666266.11|2145565.19
20151201|91|"BS.AS. NORTE"|73|"MANUFACTURAS DE FUNDICION, HIERRO O ACERO"|264|681941.62|2058768.27
