"fecha_oficia"|"aduana"|"aduana_desc"|"mercaderia"|"mercaderia_desc"|"cantidad"|"kilos"|"importe"
20140101|84|"SANTO TOME"|40|"CAUCHO Y SUS MANUFACTURAS"|14|443.62|11794.41
20140201|84|"SANTO TOME"|40|"CAUCHO Y SUS MANUFACTURAS"|15|670.32|22329.28
20140301|84|"SANTO TOME"|40|"CAUCHO Y SUS MANUFACTURAS"|5|344|15123.1
20140401|84|"SANTO TOME"|40|"CAUCHO Y SUS MANUFACTURAS"|13|558.31|28680.06
20140501|84|"SANTO TOME"|40|"CAUCHO Y SUS MANUFACTURAS"|9|124.66|9634.16
20140601|84|"SANTO TOME"|40|"CAUCHO Y SUS MANUFACTURAS"|11|24013.04|91499.83
20140701|84|"SANTO TOME"|40|"CAUCHO Y SUS MANUFACTURAS"|13|397.21|25375.55
20140801|84|"SANTO TOME"|40|"CAUCHO Y SUS MANUFACTURAS"|11|773.13|23816.02
20140901|84|"SANTO TOME"|40|"CAUCHO Y SUS MANUFACTURAS"|9|1608.99|21973.62
20141001|84|"SANTO TOME"|40|"CAUCHO Y SUS MANUFACTURAS"|16|24636.39|118136.46
20141101|84|"SANTO TOME"|40|"CAUCHO Y SUS MANUFACTURAS"|7|281.46|19445.3
20141201|84|"SANTO TOME"|40|"CAUCHO Y SUS MANUFACTURAS"|4|21042.21|99347.28
20150101|84|"SANTO TOME"|40|"CAUCHO Y SUS MANUFACTURAS"|2|71.2|7161
20150201|84|"SANTO TOME"|40|"CAUCHO Y SUS MANUFACTURAS"|6|24809.93|104855.7
20150301|84|"SANTO TOME"|40|"CAUCHO Y SUS MANUFACTURAS"|11|25962.06|113318.55
20150401|84|"SANTO TOME"|40|"CAUCHO Y SUS MANUFACTURAS"|7|27141.02|99865.12
20150501|84|"SANTO TOME"|40|"CAUCHO Y SUS MANUFACTURAS"|6|156.17|12629.94
20150601|84|"SANTO TOME"|40|"CAUCHO Y SUS MANUFACTURAS"|3|116.55|8770.64
20150701|84|"SANTO TOME"|40|"CAUCHO Y SUS MANUFACTURAS"|5|160.96|12336.64
20150801|84|"SANTO TOME"|40|"CAUCHO Y SUS MANUFACTURAS"|5|121.77|9433.6
20150901|84|"SANTO TOME"|40|"CAUCHO Y SUS MANUFACTURAS"|5|111.4|8835
20151001|84|"SANTO TOME"|40|"CAUCHO Y SUS MANUFACTURAS"|6|174.67|14537.8
20151101|84|"SANTO TOME"|40|"CAUCHO Y SUS MANUFACTURAS"|4|138.56|10220.4
20151201|84|"SANTO TOME"|40|"CAUCHO Y SUS MANUFACTURAS"|3|77.98|5830.2
