"fecha_oficia"|"aduana"|"aduana_desc"|"mercaderia"|"mercaderia_desc"|"cantidad"|"kilos"|"importe"
20140101|82|"BERNARDO DE YRIGOYEN"|7|"HORTALIZAS, PLANTAS, RAICES Y TUBERCULOS ALIMENTICIOS"|6|154000|184800
20140201|82|"BERNARDO DE YRIGOYEN"|7|"HORTALIZAS, PLANTAS, RAICES Y TUBERCULOS ALIMENTICIOS"|21|569600|325641.84
20140301|82|"BERNARDO DE YRIGOYEN"|7|"HORTALIZAS, PLANTAS, RAICES Y TUBERCULOS ALIMENTICIOS"|105|2954600|1433444
20140401|82|"BERNARDO DE YRIGOYEN"|7|"HORTALIZAS, PLANTAS, RAICES Y TUBERCULOS ALIMENTICIOS"|114|3197600|1196048.02
20140501|82|"BERNARDO DE YRIGOYEN"|7|"HORTALIZAS, PLANTAS, RAICES Y TUBERCULOS ALIMENTICIOS"|129|3750000|1539014
20140601|82|"BERNARDO DE YRIGOYEN"|7|"HORTALIZAS, PLANTAS, RAICES Y TUBERCULOS ALIMENTICIOS"|16|458000|385804
20140701|82|"BERNARDO DE YRIGOYEN"|7|"HORTALIZAS, PLANTAS, RAICES Y TUBERCULOS ALIMENTICIOS"|94|2885370|2260484.2
20140801|82|"BERNARDO DE YRIGOYEN"|7|"HORTALIZAS, PLANTAS, RAICES Y TUBERCULOS ALIMENTICIOS"|118|3622580|2669819.3
20140901|82|"BERNARDO DE YRIGOYEN"|7|"HORTALIZAS, PLANTAS, RAICES Y TUBERCULOS ALIMENTICIOS"|104|3053700|2218575
20141001|82|"BERNARDO DE YRIGOYEN"|7|"HORTALIZAS, PLANTAS, RAICES Y TUBERCULOS ALIMENTICIOS"|69|1997290|1690450.4
20141101|82|"BERNARDO DE YRIGOYEN"|7|"HORTALIZAS, PLANTAS, RAICES Y TUBERCULOS ALIMENTICIOS"|70|2036650|1564505.05
20141201|82|"BERNARDO DE YRIGOYEN"|7|"HORTALIZAS, PLANTAS, RAICES Y TUBERCULOS ALIMENTICIOS"|64|1818160|1310105
20150101|82|"BERNARDO DE YRIGOYEN"|7|"HORTALIZAS, PLANTAS, RAICES Y TUBERCULOS ALIMENTICIOS"|9|252000|199080
20150201|82|"BERNARDO DE YRIGOYEN"|7|"HORTALIZAS, PLANTAS, RAICES Y TUBERCULOS ALIMENTICIOS"|51|1468500|1278650
20150301|82|"BERNARDO DE YRIGOYEN"|7|"HORTALIZAS, PLANTAS, RAICES Y TUBERCULOS ALIMENTICIOS"|41|1159600|507558
20150401|82|"BERNARDO DE YRIGOYEN"|7|"HORTALIZAS, PLANTAS, RAICES Y TUBERCULOS ALIMENTICIOS"|47|1342000|426300
20150501|82|"BERNARDO DE YRIGOYEN"|7|"HORTALIZAS, PLANTAS, RAICES Y TUBERCULOS ALIMENTICIOS"|88|2467920|860574
20150601|82|"BERNARDO DE YRIGOYEN"|7|"HORTALIZAS, PLANTAS, RAICES Y TUBERCULOS ALIMENTICIOS"|74|2173520|978249
20150701|82|"BERNARDO DE YRIGOYEN"|7|"HORTALIZAS, PLANTAS, RAICES Y TUBERCULOS ALIMENTICIOS"|147|4284260|2096046.2
20150801|82|"BERNARDO DE YRIGOYEN"|7|"HORTALIZAS, PLANTAS, RAICES Y TUBERCULOS ALIMENTICIOS"|116|3513090|1580076.55
20150901|82|"BERNARDO DE YRIGOYEN"|7|"HORTALIZAS, PLANTAS, RAICES Y TUBERCULOS ALIMENTICIOS"|66|1887566.85|811462.2
20151001|82|"BERNARDO DE YRIGOYEN"|7|"HORTALIZAS, PLANTAS, RAICES Y TUBERCULOS ALIMENTICIOS"|89|2457350|1028304
20151101|82|"BERNARDO DE YRIGOYEN"|7|"HORTALIZAS, PLANTAS, RAICES Y TUBERCULOS ALIMENTICIOS"|134|3699500|1562277
20151201|82|"BERNARDO DE YRIGOYEN"|7|"HORTALIZAS, PLANTAS, RAICES Y TUBERCULOS ALIMENTICIOS"|134|3901000|1684235
