"fecha_oficia"|"aduana"|"aduana_desc"|"mercaderia"|"mercaderia_desc"|"cantidad"|"kilos"|"importe"
20150401|91|"BS.AS. NORTE"|24|"TABACO Y SUCEDANEOS DEL TABACO, ELABORADOS"|1|39600|156420
20150501|91|"BS.AS. NORTE"|24|"TABACO Y SUCEDANEOS DEL TABACO, ELABORADOS"|5|14802.85|423211.18
20150601|91|"BS.AS. NORTE"|24|"TABACO Y SUCEDANEOS DEL TABACO, ELABORADOS"|4|3057.05|309392.7
20150701|91|"BS.AS. NORTE"|24|"TABACO Y SUCEDANEOS DEL TABACO, ELABORADOS"|4|2181.3|223132.03
20150801|91|"BS.AS. NORTE"|24|"TABACO Y SUCEDANEOS DEL TABACO, ELABORADOS"|4|3526.6|385822.79
20150901|91|"BS.AS. NORTE"|24|"TABACO Y SUCEDANEOS DEL TABACO, ELABORADOS"|4|4218.55|446923.85
20151001|91|"BS.AS. NORTE"|24|"TABACO Y SUCEDANEOS DEL TABACO, ELABORADOS"|6|9717.66|785620.24
20151201|91|"BS.AS. NORTE"|24|"TABACO Y SUCEDANEOS DEL TABACO, ELABORADOS"|4|998.35|120596.35
