"fecha_oficia"|"aduana"|"aduana_desc"|"mercaderia"|"mercaderia_desc"|"cantidad"|"kilos"|"importe"
20140101|78|"SAN RAFAEL"|20|"PREPARACIONES DE HORTALIZAS, FRUTAS U OTROS FRUTOS O DEMAS P"|22|477355|502913.66
20140201|78|"SAN RAFAEL"|20|"PREPARACIONES DE HORTALIZAS, FRUTAS U OTROS FRUTOS O DEMAS P"|12|445313.5|386993.91
20140301|78|"SAN RAFAEL"|20|"PREPARACIONES DE HORTALIZAS, FRUTAS U OTROS FRUTOS O DEMAS P"|14|489520|461354
20140401|78|"SAN RAFAEL"|20|"PREPARACIONES DE HORTALIZAS, FRUTAS U OTROS FRUTOS O DEMAS P"|25|1352126|1417016
20140501|78|"SAN RAFAEL"|20|"PREPARACIONES DE HORTALIZAS, FRUTAS U OTROS FRUTOS O DEMAS P"|34|1353601|1673884.1
20140601|78|"SAN RAFAEL"|20|"PREPARACIONES DE HORTALIZAS, FRUTAS U OTROS FRUTOS O DEMAS P"|25|846874.3|912964.3
20140701|78|"SAN RAFAEL"|20|"PREPARACIONES DE HORTALIZAS, FRUTAS U OTROS FRUTOS O DEMAS P"|29|1064076.1|1318754.8
20140801|78|"SAN RAFAEL"|20|"PREPARACIONES DE HORTALIZAS, FRUTAS U OTROS FRUTOS O DEMAS P"|26|893833.5|823419.13
20140901|78|"SAN RAFAEL"|20|"PREPARACIONES DE HORTALIZAS, FRUTAS U OTROS FRUTOS O DEMAS P"|23|983721.3|1060961.4
20141001|78|"SAN RAFAEL"|20|"PREPARACIONES DE HORTALIZAS, FRUTAS U OTROS FRUTOS O DEMAS P"|18|631100|699595
20141101|78|"SAN RAFAEL"|20|"PREPARACIONES DE HORTALIZAS, FRUTAS U OTROS FRUTOS O DEMAS P"|16|633935|655277.5
20141201|78|"SAN RAFAEL"|20|"PREPARACIONES DE HORTALIZAS, FRUTAS U OTROS FRUTOS O DEMAS P"|17|555886|663337.75
20150101|78|"SAN RAFAEL"|20|"PREPARACIONES DE HORTALIZAS, FRUTAS U OTROS FRUTOS O DEMAS P"|21|554685.7|728954.28
20150201|78|"SAN RAFAEL"|20|"PREPARACIONES DE HORTALIZAS, FRUTAS U OTROS FRUTOS O DEMAS P"|23|640836.6|811154.32
20150301|78|"SAN RAFAEL"|20|"PREPARACIONES DE HORTALIZAS, FRUTAS U OTROS FRUTOS O DEMAS P"|20|397196.7|461224.28
20150401|78|"SAN RAFAEL"|20|"PREPARACIONES DE HORTALIZAS, FRUTAS U OTROS FRUTOS O DEMAS P"|41|1146143.3|1291142.4
20150501|78|"SAN RAFAEL"|20|"PREPARACIONES DE HORTALIZAS, FRUTAS U OTROS FRUTOS O DEMAS P"|38|1260904|1362412.7
20150601|78|"SAN RAFAEL"|20|"PREPARACIONES DE HORTALIZAS, FRUTAS U OTROS FRUTOS O DEMAS P"|42|1199564.4|1317277.81
20150701|78|"SAN RAFAEL"|20|"PREPARACIONES DE HORTALIZAS, FRUTAS U OTROS FRUTOS O DEMAS P"|28|889063.5|901166.77
20150801|78|"SAN RAFAEL"|20|"PREPARACIONES DE HORTALIZAS, FRUTAS U OTROS FRUTOS O DEMAS P"|73|1992384|2476874.28
20150901|78|"SAN RAFAEL"|20|"PREPARACIONES DE HORTALIZAS, FRUTAS U OTROS FRUTOS O DEMAS P"|48|1633468.2|1743417.22
20151001|78|"SAN RAFAEL"|20|"PREPARACIONES DE HORTALIZAS, FRUTAS U OTROS FRUTOS O DEMAS P"|31|1017666.2|981384.5
20151101|78|"SAN RAFAEL"|20|"PREPARACIONES DE HORTALIZAS, FRUTAS U OTROS FRUTOS O DEMAS P"|40|1006915.6|1019235.66
20151201|78|"SAN RAFAEL"|20|"PREPARACIONES DE HORTALIZAS, FRUTAS U OTROS FRUTOS O DEMAS P"|28|671576.8|652505.1
