"fecha_oficia"|"aduana"|"aduana_desc"|"mercaderia"|"mercaderia_desc"|"cantidad"|"kilos"|"importe"
20140101|89|"SANTIAGO DEL ESTERO"|25|"SAL; AZUFRE; TIERRAS Y PIEDRAS; YESOS, CALES Y CEMENTOS"|2|52500|8137.5
20140201|89|"SANTIAGO DEL ESTERO"|25|"SAL; AZUFRE; TIERRAS Y PIEDRAS; YESOS, CALES Y CEMENTOS"|8|1049500|83590
20140301|89|"SANTIAGO DEL ESTERO"|25|"SAL; AZUFRE; TIERRAS Y PIEDRAS; YESOS, CALES Y CEMENTOS"|7|1160840|55171
20140401|89|"SANTIAGO DEL ESTERO"|25|"SAL; AZUFRE; TIERRAS Y PIEDRAS; YESOS, CALES Y CEMENTOS"|5|185140|19217.7
20140501|89|"SANTIAGO DEL ESTERO"|25|"SAL; AZUFRE; TIERRAS Y PIEDRAS; YESOS, CALES Y CEMENTOS"|5|1105500|61087.5
20140601|89|"SANTIAGO DEL ESTERO"|25|"SAL; AZUFRE; TIERRAS Y PIEDRAS; YESOS, CALES Y CEMENTOS"|3|552000|30300
20140701|89|"SANTIAGO DEL ESTERO"|25|"SAL; AZUFRE; TIERRAS Y PIEDRAS; YESOS, CALES Y CEMENTOS"|9|1646428|69262.31
20140801|89|"SANTIAGO DEL ESTERO"|25|"SAL; AZUFRE; TIERRAS Y PIEDRAS; YESOS, CALES Y CEMENTOS"|5|601810|30852.69
20140901|89|"SANTIAGO DEL ESTERO"|25|"SAL; AZUFRE; TIERRAS Y PIEDRAS; YESOS, CALES Y CEMENTOS"|5|604482|39109.96
20141001|89|"SANTIAGO DEL ESTERO"|25|"SAL; AZUFRE; TIERRAS Y PIEDRAS; YESOS, CALES Y CEMENTOS"|5|1570448|72293.1
20141101|89|"SANTIAGO DEL ESTERO"|25|"SAL; AZUFRE; TIERRAS Y PIEDRAS; YESOS, CALES Y CEMENTOS"|5|1571950|72256.79
20141201|89|"SANTIAGO DEL ESTERO"|25|"SAL; AZUFRE; TIERRAS Y PIEDRAS; YESOS, CALES Y CEMENTOS"|1|26000|3938.22
20150101|89|"SANTIAGO DEL ESTERO"|25|"SAL; AZUFRE; TIERRAS Y PIEDRAS; YESOS, CALES Y CEMENTOS"|3|78500|12717
20150201|89|"SANTIAGO DEL ESTERO"|25|"SAL; AZUFRE; TIERRAS Y PIEDRAS; YESOS, CALES Y CEMENTOS"|3|79000|12518.69
20150301|89|"SANTIAGO DEL ESTERO"|25|"SAL; AZUFRE; TIERRAS Y PIEDRAS; YESOS, CALES Y CEMENTOS"|4|104500|16655.22
20150401|89|"SANTIAGO DEL ESTERO"|25|"SAL; AZUFRE; TIERRAS Y PIEDRAS; YESOS, CALES Y CEMENTOS"|3|79000|11903.62
20150501|89|"SANTIAGO DEL ESTERO"|25|"SAL; AZUFRE; TIERRAS Y PIEDRAS; YESOS, CALES Y CEMENTOS"|2|52500|8187
20150601|89|"SANTIAGO DEL ESTERO"|25|"SAL; AZUFRE; TIERRAS Y PIEDRAS; YESOS, CALES Y CEMENTOS"|4|1212000|36858.5
20150701|89|"SANTIAGO DEL ESTERO"|25|"SAL; AZUFRE; TIERRAS Y PIEDRAS; YESOS, CALES Y CEMENTOS"|4|2372500|66187
20150801|89|"SANTIAGO DEL ESTERO"|25|"SAL; AZUFRE; TIERRAS Y PIEDRAS; YESOS, CALES Y CEMENTOS"|2|1186000|33212
20150901|89|"SANTIAGO DEL ESTERO"|25|"SAL; AZUFRE; TIERRAS Y PIEDRAS; YESOS, CALES Y CEMENTOS"|4|1238500|40833.5
20151001|89|"SANTIAGO DEL ESTERO"|25|"SAL; AZUFRE; TIERRAS Y PIEDRAS; YESOS, CALES Y CEMENTOS"|3|1199000|35318
20151101|89|"SANTIAGO DEL ESTERO"|25|"SAL; AZUFRE; TIERRAS Y PIEDRAS; YESOS, CALES Y CEMENTOS"|4|1225000|38635.62
20151201|89|"SANTIAGO DEL ESTERO"|25|"SAL; AZUFRE; TIERRAS Y PIEDRAS; YESOS, CALES Y CEMENTOS"|3|332500|15187
