"fecha_oficia"|"aduana"|"aduana_desc"|"mercaderia"|"mercaderia_desc"|"cantidad"|"kilos"|"importe"
20150401|92|"BS.AS. SUR"|70|"VIDRIO Y SUS MANUFACTURAS"|124|1218615.11|870529.31
20150501|92|"BS.AS. SUR"|70|"VIDRIO Y SUS MANUFACTURAS"|392|2822251.12|2224878.26
20150601|92|"BS.AS. SUR"|70|"VIDRIO Y SUS MANUFACTURAS"|430|3247165.68|2431823.3
20150701|92|"BS.AS. SUR"|70|"VIDRIO Y SUS MANUFACTURAS"|348|3221894.17|2214111.48
20150801|92|"BS.AS. SUR"|70|"VIDRIO Y SUS MANUFACTURAS"|389|2941837.59|2105147.77
20150901|92|"BS.AS. SUR"|70|"VIDRIO Y SUS MANUFACTURAS"|380|3000914.9|2445450.89
20151001|92|"BS.AS. SUR"|70|"VIDRIO Y SUS MANUFACTURAS"|333|2831720.48|2031161.19
20151101|92|"BS.AS. SUR"|70|"VIDRIO Y SUS MANUFACTURAS"|333|2526674.49|1743226.85
20151201|92|"BS.AS. SUR"|70|"VIDRIO Y SUS MANUFACTURAS"|322|2863795.78|1940416.17
