"fecha_oficia"|"aduana"|"aduana_desc"|"mercaderia"|"mercaderia_desc"|"cantidad"|"kilos"|"importe"
20150401|92|"BS.AS. SUR"|42|"MANUFACTURAS DE CUERO; ARTICULOS DE TALABARTERIA O GUARNICIO"|30|13734.65|72679.88
20150501|92|"BS.AS. SUR"|42|"MANUFACTURAS DE CUERO; ARTICULOS DE TALABARTERIA O GUARNICIO"|86|46134.46|254845.13
20150601|92|"BS.AS. SUR"|42|"MANUFACTURAS DE CUERO; ARTICULOS DE TALABARTERIA O GUARNICIO"|93|42251.48|337546.42
20150701|92|"BS.AS. SUR"|42|"MANUFACTURAS DE CUERO; ARTICULOS DE TALABARTERIA O GUARNICIO"|53|38553.46|224410.36
20150801|92|"BS.AS. SUR"|42|"MANUFACTURAS DE CUERO; ARTICULOS DE TALABARTERIA O GUARNICIO"|86|40527.03|329826.07
20150901|92|"BS.AS. SUR"|42|"MANUFACTURAS DE CUERO; ARTICULOS DE TALABARTERIA O GUARNICIO"|88|39213.48|325129.48
20151001|92|"BS.AS. SUR"|42|"MANUFACTURAS DE CUERO; ARTICULOS DE TALABARTERIA O GUARNICIO"|88|48095.23|323996.02
20151101|92|"BS.AS. SUR"|42|"MANUFACTURAS DE CUERO; ARTICULOS DE TALABARTERIA O GUARNICIO"|100|37058.76|250873.61
20151201|92|"BS.AS. SUR"|42|"MANUFACTURAS DE CUERO; ARTICULOS DE TALABARTERIA O GUARNICIO"|63|34418|241493.22
