"fecha_oficia"|"aduana"|"aduana_desc"|"mercaderia"|"mercaderia_desc"|"cantidad"|"kilos"|"importe"
20140101|82|"BERNARDO DE YRIGOYEN"|33|"ACEITES ESENCIALES Y RESINOIDES; PEPARACIONES DE PERFUMERIA,"|1|419.89|6318.6
20140301|82|"BERNARDO DE YRIGOYEN"|33|"ACEITES ESENCIALES Y RESINOIDES; PEPARACIONES DE PERFUMERIA,"|2|628.52|4879.2
20140501|82|"BERNARDO DE YRIGOYEN"|33|"ACEITES ESENCIALES Y RESINOIDES; PEPARACIONES DE PERFUMERIA,"|1|1432.81|14050.8
20140901|82|"BERNARDO DE YRIGOYEN"|33|"ACEITES ESENCIALES Y RESINOIDES; PEPARACIONES DE PERFUMERIA,"|1|1145|13870
20150101|82|"BERNARDO DE YRIGOYEN"|33|"ACEITES ESENCIALES Y RESINOIDES; PEPARACIONES DE PERFUMERIA,"|1|225.44|4583.76
20150701|82|"BERNARDO DE YRIGOYEN"|33|"ACEITES ESENCIALES Y RESINOIDES; PEPARACIONES DE PERFUMERIA,"|1|37.99|538.56
