"fecha_oficia"|"aduana"|"aduana_desc"|"mercaderia"|"mercaderia_desc"|"cantidad"|"kilos"|"importe"
20140101|84|"SANTO TOME"|7|"HORTALIZAS, PLANTAS, RAICES Y TUBERCULOS ALIMENTICIOS"|20|749360|604448.4
20140201|84|"SANTO TOME"|7|"HORTALIZAS, PLANTAS, RAICES Y TUBERCULOS ALIMENTICIOS"|23|849360|657458.4
20140301|84|"SANTO TOME"|7|"HORTALIZAS, PLANTAS, RAICES Y TUBERCULOS ALIMENTICIOS"|83|3128700|1191718.4
20140401|84|"SANTO TOME"|7|"HORTALIZAS, PLANTAS, RAICES Y TUBERCULOS ALIMENTICIOS"|186|7371350|2135978.9
20140501|84|"SANTO TOME"|7|"HORTALIZAS, PLANTAS, RAICES Y TUBERCULOS ALIMENTICIOS"|225|10430768|3002610.92
20140601|84|"SANTO TOME"|7|"HORTALIZAS, PLANTAS, RAICES Y TUBERCULOS ALIMENTICIOS"|122|4941950|1643760.1
20140701|84|"SANTO TOME"|7|"HORTALIZAS, PLANTAS, RAICES Y TUBERCULOS ALIMENTICIOS"|95|4296960|1488356.85
20140801|84|"SANTO TOME"|7|"HORTALIZAS, PLANTAS, RAICES Y TUBERCULOS ALIMENTICIOS"|48|1999860|1270427.3
20140901|84|"SANTO TOME"|7|"HORTALIZAS, PLANTAS, RAICES Y TUBERCULOS ALIMENTICIOS"|29|1398060|1136201.1
20141001|84|"SANTO TOME"|7|"HORTALIZAS, PLANTAS, RAICES Y TUBERCULOS ALIMENTICIOS"|32|1637660|1357176.8
20141101|84|"SANTO TOME"|7|"HORTALIZAS, PLANTAS, RAICES Y TUBERCULOS ALIMENTICIOS"|26|1378460|889178.2
20141201|84|"SANTO TOME"|7|"HORTALIZAS, PLANTAS, RAICES Y TUBERCULOS ALIMENTICIOS"|29|1260280|814563.2
20150101|84|"SANTO TOME"|7|"HORTALIZAS, PLANTAS, RAICES Y TUBERCULOS ALIMENTICIOS"|127|3996520|3608638.6
20150201|84|"SANTO TOME"|7|"HORTALIZAS, PLANTAS, RAICES Y TUBERCULOS ALIMENTICIOS"|128|3587700|3471884
20150301|84|"SANTO TOME"|7|"HORTALIZAS, PLANTAS, RAICES Y TUBERCULOS ALIMENTICIOS"|240|9684680|4137609.06
20150401|84|"SANTO TOME"|7|"HORTALIZAS, PLANTAS, RAICES Y TUBERCULOS ALIMENTICIOS"|200|9266870|2331547.8
20150501|84|"SANTO TOME"|7|"HORTALIZAS, PLANTAS, RAICES Y TUBERCULOS ALIMENTICIOS"|209|8792590|2453628.9
20150601|84|"SANTO TOME"|7|"HORTALIZAS, PLANTAS, RAICES Y TUBERCULOS ALIMENTICIOS"|96|3077340|1208219
20150701|84|"SANTO TOME"|7|"HORTALIZAS, PLANTAS, RAICES Y TUBERCULOS ALIMENTICIOS"|53|2230620|996597.2
20150801|84|"SANTO TOME"|7|"HORTALIZAS, PLANTAS, RAICES Y TUBERCULOS ALIMENTICIOS"|20|1285360|515715.2
20150901|84|"SANTO TOME"|7|"HORTALIZAS, PLANTAS, RAICES Y TUBERCULOS ALIMENTICIOS"|14|665520|253566.4
20151001|84|"SANTO TOME"|7|"HORTALIZAS, PLANTAS, RAICES Y TUBERCULOS ALIMENTICIOS"|15|789200|268264
20151101|84|"SANTO TOME"|7|"HORTALIZAS, PLANTAS, RAICES Y TUBERCULOS ALIMENTICIOS"|24|1264200|534914
20151201|84|"SANTO TOME"|7|"HORTALIZAS, PLANTAS, RAICES Y TUBERCULOS ALIMENTICIOS"|49|1554760|1635624.8
