"fecha_oficia"|"aduana"|"aduana_desc"|"mercaderia"|"mercaderia_desc"|"cantidad"|"kilos"|"importe"
20140101|88|"GENERAL DEHEZA"|15|"GRASAS Y ACEITES ANIMALES O VEGETALES; PRODUCTOS DE SU DESDO"|83|7471252|8399658.04
20140201|88|"GENERAL DEHEZA"|15|"GRASAS Y ACEITES ANIMALES O VEGETALES; PRODUCTOS DE SU DESDO"|93|7477432|7631116.23
20140301|88|"GENERAL DEHEZA"|15|"GRASAS Y ACEITES ANIMALES O VEGETALES; PRODUCTOS DE SU DESDO"|81|7975247.57|8412226.99
20140401|88|"GENERAL DEHEZA"|15|"GRASAS Y ACEITES ANIMALES O VEGETALES; PRODUCTOS DE SU DESDO"|98|8685606.87|8564228.27
20140501|88|"GENERAL DEHEZA"|15|"GRASAS Y ACEITES ANIMALES O VEGETALES; PRODUCTOS DE SU DESDO"|91|12456689|13044206.24
20140601|88|"GENERAL DEHEZA"|15|"GRASAS Y ACEITES ANIMALES O VEGETALES; PRODUCTOS DE SU DESDO"|114|11179052|10744357.01
20140701|88|"GENERAL DEHEZA"|15|"GRASAS Y ACEITES ANIMALES O VEGETALES; PRODUCTOS DE SU DESDO"|97|8613040.2|9200517.02
20140801|88|"GENERAL DEHEZA"|15|"GRASAS Y ACEITES ANIMALES O VEGETALES; PRODUCTOS DE SU DESDO"|58|5472667|5497268.27
20140901|88|"GENERAL DEHEZA"|15|"GRASAS Y ACEITES ANIMALES O VEGETALES; PRODUCTOS DE SU DESDO"|97|7484319|7945331.14
20141001|88|"GENERAL DEHEZA"|15|"GRASAS Y ACEITES ANIMALES O VEGETALES; PRODUCTOS DE SU DESDO"|116|11215273|10669387.82
20141101|88|"GENERAL DEHEZA"|15|"GRASAS Y ACEITES ANIMALES O VEGETALES; PRODUCTOS DE SU DESDO"|61|6792903|7185431.26
20141201|88|"GENERAL DEHEZA"|15|"GRASAS Y ACEITES ANIMALES O VEGETALES; PRODUCTOS DE SU DESDO"|77|5852856.69|6065687.51
20150101|88|"GENERAL DEHEZA"|15|"GRASAS Y ACEITES ANIMALES O VEGETALES; PRODUCTOS DE SU DESDO"|103|6632032.99|6800092.03
20150201|88|"GENERAL DEHEZA"|15|"GRASAS Y ACEITES ANIMALES O VEGETALES; PRODUCTOS DE SU DESDO"|78|5759955|5706293.33
20150301|88|"GENERAL DEHEZA"|15|"GRASAS Y ACEITES ANIMALES O VEGETALES; PRODUCTOS DE SU DESDO"|93|5512785|5784958.36
20150401|88|"GENERAL DEHEZA"|15|"GRASAS Y ACEITES ANIMALES O VEGETALES; PRODUCTOS DE SU DESDO"|103|8510259.54|7994275.64
20150501|88|"GENERAL DEHEZA"|15|"GRASAS Y ACEITES ANIMALES O VEGETALES; PRODUCTOS DE SU DESDO"|84|5976516|5834893.74
20150601|88|"GENERAL DEHEZA"|15|"GRASAS Y ACEITES ANIMALES O VEGETALES; PRODUCTOS DE SU DESDO"|98|8370238.42|8364964.39
20150701|88|"GENERAL DEHEZA"|15|"GRASAS Y ACEITES ANIMALES O VEGETALES; PRODUCTOS DE SU DESDO"|97|7379275|6779136.49
20150801|88|"GENERAL DEHEZA"|15|"GRASAS Y ACEITES ANIMALES O VEGETALES; PRODUCTOS DE SU DESDO"|95|8392390|7804482.75
20150901|88|"GENERAL DEHEZA"|15|"GRASAS Y ACEITES ANIMALES O VEGETALES; PRODUCTOS DE SU DESDO"|100|8875589|7621573.49
20151001|88|"GENERAL DEHEZA"|15|"GRASAS Y ACEITES ANIMALES O VEGETALES; PRODUCTOS DE SU DESDO"|110|10186400.88|8282145.82
20151101|88|"GENERAL DEHEZA"|15|"GRASAS Y ACEITES ANIMALES O VEGETALES; PRODUCTOS DE SU DESDO"|110|7853995|6657482.86
20151201|88|"GENERAL DEHEZA"|15|"GRASAS Y ACEITES ANIMALES O VEGETALES; PRODUCTOS DE SU DESDO"|84|6275596|5610766.28
