"fecha_oficia"|"aduana"|"aduana_desc"|"mercaderia"|"mercaderia_desc"|"cantidad"|"kilos"|"importe"
20140101|88|"GENERAL DEHEZA"|87|"VEHICULOS AUTOMOVILES, TRACTORES, VELOCIPEDOS Y DEMAS VEHICU"|2|9092.09|63396
20140201|88|"GENERAL DEHEZA"|87|"VEHICULOS AUTOMOVILES, TRACTORES, VELOCIPEDOS Y DEMAS VEHICU"|3|22030|99402.48
20140301|88|"GENERAL DEHEZA"|87|"VEHICULOS AUTOMOVILES, TRACTORES, VELOCIPEDOS Y DEMAS VEHICU"|14|53097.27|254570.23
20140401|88|"GENERAL DEHEZA"|87|"VEHICULOS AUTOMOVILES, TRACTORES, VELOCIPEDOS Y DEMAS VEHICU"|10|99442.24|397157.63
20140501|88|"GENERAL DEHEZA"|87|"VEHICULOS AUTOMOVILES, TRACTORES, VELOCIPEDOS Y DEMAS VEHICU"|5|39092.76|144337.93
20140601|88|"GENERAL DEHEZA"|87|"VEHICULOS AUTOMOVILES, TRACTORES, VELOCIPEDOS Y DEMAS VEHICU"|3|39646|187149
20140801|88|"GENERAL DEHEZA"|87|"VEHICULOS AUTOMOVILES, TRACTORES, VELOCIPEDOS Y DEMAS VEHICU"|2|101.09|1467.25
20140901|88|"GENERAL DEHEZA"|87|"VEHICULOS AUTOMOVILES, TRACTORES, VELOCIPEDOS Y DEMAS VEHICU"|2|11094|44900
20141101|88|"GENERAL DEHEZA"|87|"VEHICULOS AUTOMOVILES, TRACTORES, VELOCIPEDOS Y DEMAS VEHICU"|1|2500|4500
20141201|88|"GENERAL DEHEZA"|87|"VEHICULOS AUTOMOVILES, TRACTORES, VELOCIPEDOS Y DEMAS VEHICU"|3|29214.89|140203.23
20150101|88|"GENERAL DEHEZA"|87|"VEHICULOS AUTOMOVILES, TRACTORES, VELOCIPEDOS Y DEMAS VEHICU"|3|19795.65|100608.27
20150201|88|"GENERAL DEHEZA"|87|"VEHICULOS AUTOMOVILES, TRACTORES, VELOCIPEDOS Y DEMAS VEHICU"|2|23964|109097
20150301|88|"GENERAL DEHEZA"|87|"VEHICULOS AUTOMOVILES, TRACTORES, VELOCIPEDOS Y DEMAS VEHICU"|3|19331.37|116563.41
20150401|88|"GENERAL DEHEZA"|87|"VEHICULOS AUTOMOVILES, TRACTORES, VELOCIPEDOS Y DEMAS VEHICU"|3|30382.3|135778.3
20150501|88|"GENERAL DEHEZA"|87|"VEHICULOS AUTOMOVILES, TRACTORES, VELOCIPEDOS Y DEMAS VEHICU"|1|3385.71|15930.74
20150601|88|"GENERAL DEHEZA"|87|"VEHICULOS AUTOMOVILES, TRACTORES, VELOCIPEDOS Y DEMAS VEHICU"|2|7992.73|26899.13
20150701|88|"GENERAL DEHEZA"|87|"VEHICULOS AUTOMOVILES, TRACTORES, VELOCIPEDOS Y DEMAS VEHICU"|1|1500|12721
20150801|88|"GENERAL DEHEZA"|87|"VEHICULOS AUTOMOVILES, TRACTORES, VELOCIPEDOS Y DEMAS VEHICU"|1|2500|3000
20150901|88|"GENERAL DEHEZA"|87|"VEHICULOS AUTOMOVILES, TRACTORES, VELOCIPEDOS Y DEMAS VEHICU"|1|987.4|14518
