"fecha_oficia"|"aduana"|"aduana_desc"|"mercaderia"|"mercaderia_desc"|"cantidad"|"kilos"|"importe"
20150401|92|"BS.AS. SUR"|45|"CORCHO Y SUS MANUFACTURAS"|1|7.23|164.5
20150501|92|"BS.AS. SUR"|45|"CORCHO Y SUS MANUFACTURAS"|6|483.9|10401.68
20150601|92|"BS.AS. SUR"|45|"CORCHO Y SUS MANUFACTURAS"|2|6.31|309.15
20150701|92|"BS.AS. SUR"|45|"CORCHO Y SUS MANUFACTURAS"|10|448.45|8121.06
20150801|92|"BS.AS. SUR"|45|"CORCHO Y SUS MANUFACTURAS"|2|100.87|1481
20150901|92|"BS.AS. SUR"|45|"CORCHO Y SUS MANUFACTURAS"|6|86.08|2162.22
20151001|92|"BS.AS. SUR"|45|"CORCHO Y SUS MANUFACTURAS"|6|441.16|9841.39
20151101|92|"BS.AS. SUR"|45|"CORCHO Y SUS MANUFACTURAS"|1|7.53|236.4
20151201|92|"BS.AS. SUR"|45|"CORCHO Y SUS MANUFACTURAS"|1|4.99|91.5
