"fecha_oficia"|"aduana"|"aduana_desc"|"mercaderia"|"mercaderia_desc"|"cantidad"|"kilos"|"importe"
20150501|91|"BS.AS. NORTE"|79|"CINC Y SUS MANUFACTURAS"|5|627.38|8782.92
20150601|91|"BS.AS. NORTE"|79|"CINC Y SUS MANUFACTURAS"|3|1266.9|6434.34
20150701|91|"BS.AS. NORTE"|79|"CINC Y SUS MANUFACTURAS"|1|1495.2|5901
20150801|91|"BS.AS. NORTE"|79|"CINC Y SUS MANUFACTURAS"|3|689.49|2846.82
20150901|91|"BS.AS. NORTE"|79|"CINC Y SUS MANUFACTURAS"|4|1676.57|9196.16
20151001|91|"BS.AS. NORTE"|79|"CINC Y SUS MANUFACTURAS"|1|0.25|3.84
20151101|91|"BS.AS. NORTE"|79|"CINC Y SUS MANUFACTURAS"|3|20.43|382.82
