"fecha_oficia"|"aduana"|"aduana_desc"|"mercaderia"|"mercaderia_desc"|"cantidad"|"kilos"|"importe"
20150401|91|"BS.AS. NORTE"|2|"CARNE Y DESPOJOS COMESTIBLES"|514|3331002.4|10167219.74
20150501|91|"BS.AS. NORTE"|2|"CARNE Y DESPOJOS COMESTIBLES"|1268|12191394.57|50417510.7
20150601|91|"BS.AS. NORTE"|2|"CARNE Y DESPOJOS COMESTIBLES"|1529|13804476.41|56654901.9
20150701|91|"BS.AS. NORTE"|2|"CARNE Y DESPOJOS COMESTIBLES"|1579|11406758.26|43555305.81
20150801|91|"BS.AS. NORTE"|2|"CARNE Y DESPOJOS COMESTIBLES"|1544|12249747.83|50350574.71
20150901|91|"BS.AS. NORTE"|2|"CARNE Y DESPOJOS COMESTIBLES"|1393|9818518.51|39795425.47
20151001|91|"BS.AS. NORTE"|2|"CARNE Y DESPOJOS COMESTIBLES"|1503|11745713.31|53265367.24
20151101|91|"BS.AS. NORTE"|2|"CARNE Y DESPOJOS COMESTIBLES"|1098|7837171.93|31030341.82
20151201|91|"BS.AS. NORTE"|2|"CARNE Y DESPOJOS COMESTIBLES"|1040|9372485.26|44643851.65
