"fecha_oficia"|"aduana"|"aduana_desc"|"mercaderia"|"mercaderia_desc"|"cantidad"|"kilos"|"importe"
20150401|91|"BS.AS. NORTE"|28|"PRODUCTOS QUIMICOS INORGANICOS; COMPUESTOS INORGANICOS U ORG"|8|108400|160313.15
20150501|91|"BS.AS. NORTE"|28|"PRODUCTOS QUIMICOS INORGANICOS; COMPUESTOS INORGANICOS U ORG"|38|689457.31|656295.78
20150601|91|"BS.AS. NORTE"|28|"PRODUCTOS QUIMICOS INORGANICOS; COMPUESTOS INORGANICOS U ORG"|20|622113|411871.57
20150701|91|"BS.AS. NORTE"|28|"PRODUCTOS QUIMICOS INORGANICOS; COMPUESTOS INORGANICOS U ORG"|26|1865776|601304.1
20150801|91|"BS.AS. NORTE"|28|"PRODUCTOS QUIMICOS INORGANICOS; COMPUESTOS INORGANICOS U ORG"|23|960915.6|457756.95
20150901|91|"BS.AS. NORTE"|28|"PRODUCTOS QUIMICOS INORGANICOS; COMPUESTOS INORGANICOS U ORG"|45|2090550.58|563792.37
20151001|91|"BS.AS. NORTE"|28|"PRODUCTOS QUIMICOS INORGANICOS; COMPUESTOS INORGANICOS U ORG"|48|2235643.9|780676.6
20151101|91|"BS.AS. NORTE"|28|"PRODUCTOS QUIMICOS INORGANICOS; COMPUESTOS INORGANICOS U ORG"|77|2505157.9|1371825.96
20151201|91|"BS.AS. NORTE"|28|"PRODUCTOS QUIMICOS INORGANICOS; COMPUESTOS INORGANICOS U ORG"|59|1820403.21|879114.99
