"fecha_oficia"|"aduana"|"aduana_desc"|"mercaderia"|"mercaderia_desc"|"cantidad"|"kilos"|"importe"
20140101|78|"SAN RAFAEL"|82|"HERRAMIENTAS Y UTILES, ARTICULOS DE CUCHILLERIA Y CUBIERTOS "|1|15848|66739.43
20140301|78|"SAN RAFAEL"|82|"HERRAMIENTAS Y UTILES, ARTICULOS DE CUCHILLERIA Y CUBIERTOS "|1|6240|24121.57
20140401|78|"SAN RAFAEL"|82|"HERRAMIENTAS Y UTILES, ARTICULOS DE CUCHILLERIA Y CUBIERTOS "|1|11596|51864.42
20140501|78|"SAN RAFAEL"|82|"HERRAMIENTAS Y UTILES, ARTICULOS DE CUCHILLERIA Y CUBIERTOS "|2|25315|125214.95
20140601|78|"SAN RAFAEL"|82|"HERRAMIENTAS Y UTILES, ARTICULOS DE CUCHILLERIA Y CUBIERTOS "|2|25938|109533.47
20140701|78|"SAN RAFAEL"|82|"HERRAMIENTAS Y UTILES, ARTICULOS DE CUCHILLERIA Y CUBIERTOS "|1|9360|32134.87
20140801|78|"SAN RAFAEL"|82|"HERRAMIENTAS Y UTILES, ARTICULOS DE CUCHILLERIA Y CUBIERTOS "|1|12762|47003.54
20140901|78|"SAN RAFAEL"|82|"HERRAMIENTAS Y UTILES, ARTICULOS DE CUCHILLERIA Y CUBIERTOS "|4|33399|150661.76
20141001|78|"SAN RAFAEL"|82|"HERRAMIENTAS Y UTILES, ARTICULOS DE CUCHILLERIA Y CUBIERTOS "|4|39700|153285.33
20141101|78|"SAN RAFAEL"|82|"HERRAMIENTAS Y UTILES, ARTICULOS DE CUCHILLERIA Y CUBIERTOS "|1|16600|67231.45
20141201|78|"SAN RAFAEL"|82|"HERRAMIENTAS Y UTILES, ARTICULOS DE CUCHILLERIA Y CUBIERTOS "|3|26454|109882.94
20150201|78|"SAN RAFAEL"|82|"HERRAMIENTAS Y UTILES, ARTICULOS DE CUCHILLERIA Y CUBIERTOS "|1|17310|67068
20150301|78|"SAN RAFAEL"|82|"HERRAMIENTAS Y UTILES, ARTICULOS DE CUCHILLERIA Y CUBIERTOS "|3|29277|120377.98
20150401|78|"SAN RAFAEL"|82|"HERRAMIENTAS Y UTILES, ARTICULOS DE CUCHILLERIA Y CUBIERTOS "|1|26030|114042.06
20150501|78|"SAN RAFAEL"|82|"HERRAMIENTAS Y UTILES, ARTICULOS DE CUCHILLERIA Y CUBIERTOS "|1|17268|64950
20150601|78|"SAN RAFAEL"|82|"HERRAMIENTAS Y UTILES, ARTICULOS DE CUCHILLERIA Y CUBIERTOS "|3|83850|324208
20150701|78|"SAN RAFAEL"|82|"HERRAMIENTAS Y UTILES, ARTICULOS DE CUCHILLERIA Y CUBIERTOS "|1|3352|18088
20150801|78|"SAN RAFAEL"|82|"HERRAMIENTAS Y UTILES, ARTICULOS DE CUCHILLERIA Y CUBIERTOS "|2|15763|74287
20150901|78|"SAN RAFAEL"|82|"HERRAMIENTAS Y UTILES, ARTICULOS DE CUCHILLERIA Y CUBIERTOS "|2|22810.8|104418
20151001|78|"SAN RAFAEL"|82|"HERRAMIENTAS Y UTILES, ARTICULOS DE CUCHILLERIA Y CUBIERTOS "|4|59900|281844
20151101|78|"SAN RAFAEL"|82|"HERRAMIENTAS Y UTILES, ARTICULOS DE CUCHILLERIA Y CUBIERTOS "|3|49191|193580
20151201|78|"SAN RAFAEL"|82|"HERRAMIENTAS Y UTILES, ARTICULOS DE CUCHILLERIA Y CUBIERTOS "|2|40354|168590
