"fecha_oficia"|"aduana"|"aduana_desc"|"mercaderia"|"mercaderia_desc"|"cantidad"|"kilos"|"importe"
20140601|49|"RIO GRANDE"|96|"MANUFACTURAS DIVERSAS"|1|457.6|2186.58
20140801|49|"RIO GRANDE"|96|"MANUFACTURAS DIVERSAS"|8|1068|15962.49
20141201|49|"RIO GRANDE"|96|"MANUFACTURAS DIVERSAS"|8|1146.5|10055.21
20150301|49|"RIO GRANDE"|96|"MANUFACTURAS DIVERSAS"|3|170|15.07
20150601|49|"RIO GRANDE"|96|"MANUFACTURAS DIVERSAS"|2|14|179.61
20150801|49|"RIO GRANDE"|96|"MANUFACTURAS DIVERSAS"|9|1089.6|6492.61
