"fecha_oficia"|"aduana"|"aduana_desc"|"mercaderia"|"mercaderia_desc"|"cantidad"|"kilos"|"importe"
20140201|83|"SAN LUIS"|25|"SAL; AZUFRE; TIERRAS Y PIEDRAS; YESOS, CALES Y CEMENTOS"|2|247720|38552.04
20140301|83|"SAN LUIS"|25|"SAL; AZUFRE; TIERRAS Y PIEDRAS; YESOS, CALES Y CEMENTOS"|3|660000|96505.2
20140401|83|"SAN LUIS"|25|"SAL; AZUFRE; TIERRAS Y PIEDRAS; YESOS, CALES Y CEMENTOS"|2|440000|62777
20140501|83|"SAN LUIS"|25|"SAL; AZUFRE; TIERRAS Y PIEDRAS; YESOS, CALES Y CEMENTOS"|2|467500|66798.05
20140601|83|"SAN LUIS"|25|"SAL; AZUFRE; TIERRAS Y PIEDRAS; YESOS, CALES Y CEMENTOS"|2|247720|38552.04
20140701|83|"SAN LUIS"|25|"SAL; AZUFRE; TIERRAS Y PIEDRAS; YESOS, CALES Y CEMENTOS"|1|220000|30608.6
20140901|83|"SAN LUIS"|25|"SAL; AZUFRE; TIERRAS Y PIEDRAS; YESOS, CALES Y CEMENTOS"|2|275220|42378.12
20141001|83|"SAN LUIS"|25|"SAL; AZUFRE; TIERRAS Y PIEDRAS; YESOS, CALES Y CEMENTOS"|1|247500|37877.4
20141101|83|"SAN LUIS"|25|"SAL; AZUFRE; TIERRAS Y PIEDRAS; YESOS, CALES Y CEMENTOS"|1|247500|37879.88
20141201|83|"SAN LUIS"|25|"SAL; AZUFRE; TIERRAS Y PIEDRAS; YESOS, CALES Y CEMENTOS"|2|275220|46617.5
20150101|83|"SAN LUIS"|25|"SAL; AZUFRE; TIERRAS Y PIEDRAS; YESOS, CALES Y CEMENTOS"|1|247500|37879.88
20150201|83|"SAN LUIS"|25|"SAL; AZUFRE; TIERRAS Y PIEDRAS; YESOS, CALES Y CEMENTOS"|1|2e+05|35744
20150301|83|"SAN LUIS"|25|"SAL; AZUFRE; TIERRAS Y PIEDRAS; YESOS, CALES Y CEMENTOS"|2|220220|43141.22
20150501|83|"SAN LUIS"|25|"SAL; AZUFRE; TIERRAS Y PIEDRAS; YESOS, CALES Y CEMENTOS"|2|247940|37579.58
20150601|83|"SAN LUIS"|25|"SAL; AZUFRE; TIERRAS Y PIEDRAS; YESOS, CALES Y CEMENTOS"|1|220000|29092.8
20150701|83|"SAN LUIS"|25|"SAL; AZUFRE; TIERRAS Y PIEDRAS; YESOS, CALES Y CEMENTOS"|2|632500|73642.8
20150801|83|"SAN LUIS"|25|"SAL; AZUFRE; TIERRAS Y PIEDRAS; YESOS, CALES Y CEMENTOS"|1|28120|8541.45
20151001|83|"SAN LUIS"|25|"SAL; AZUFRE; TIERRAS Y PIEDRAS; YESOS, CALES Y CEMENTOS"|2|248040|37609.95
20151101|83|"SAN LUIS"|25|"SAL; AZUFRE; TIERRAS Y PIEDRAS; YESOS, CALES Y CEMENTOS"|2|440000|52852.8
20151201|83|"SAN LUIS"|25|"SAL; AZUFRE; TIERRAS Y PIEDRAS; YESOS, CALES Y CEMENTOS"|1|220000|29092.8
