"fecha_oficia"|"aduana"|"aduana_desc"|"mercaderia"|"mercaderia_desc"|"cantidad"|"kilos"|"importe"
20150501|92|"BS.AS. SUR"|66|"PARAGUAS, SOMBRILLAS, QUITASOLES, BASTONES, BASTONES ASIENTO"|6|1260.7|10609.48
20150701|92|"BS.AS. SUR"|66|"PARAGUAS, SOMBRILLAS, QUITASOLES, BASTONES, BASTONES ASIENTO"|1|26|425
20150801|92|"BS.AS. SUR"|66|"PARAGUAS, SOMBRILLAS, QUITASOLES, BASTONES, BASTONES ASIENTO"|1|24.41|528
20151001|92|"BS.AS. SUR"|66|"PARAGUAS, SOMBRILLAS, QUITASOLES, BASTONES, BASTONES ASIENTO"|3|1218.76|9876.17
20151101|92|"BS.AS. SUR"|66|"PARAGUAS, SOMBRILLAS, QUITASOLES, BASTONES, BASTONES ASIENTO"|2|41.44|663
20151201|92|"BS.AS. SUR"|66|"PARAGUAS, SOMBRILLAS, QUITASOLES, BASTONES, BASTONES ASIENTO"|1|1410.8|19292.6
