"fecha_oficia"|"aduana"|"aduana_desc"|"mercaderia"|"mercaderia_desc"|"cantidad"|"kilos"|"importe"
20140101|84|"SANTO TOME"|9|"CAFE, TE, YERBA MATE Y ESPECIAS"|45|565017.4|1326376.59
20140201|84|"SANTO TOME"|9|"CAFE, TE, YERBA MATE Y ESPECIAS"|16|268523.84|487260.73
20140301|84|"SANTO TOME"|9|"CAFE, TE, YERBA MATE Y ESPECIAS"|24|507828.62|941712.91
20140401|84|"SANTO TOME"|9|"CAFE, TE, YERBA MATE Y ESPECIAS"|21|381338.24|853873.05
20140501|84|"SANTO TOME"|9|"CAFE, TE, YERBA MATE Y ESPECIAS"|25|373891.7|881230
20140601|84|"SANTO TOME"|9|"CAFE, TE, YERBA MATE Y ESPECIAS"|17|332212.3|626442.69
20140701|84|"SANTO TOME"|9|"CAFE, TE, YERBA MATE Y ESPECIAS"|18|315028.22|658282.37
20140801|84|"SANTO TOME"|9|"CAFE, TE, YERBA MATE Y ESPECIAS"|20|553353|1091254.84
20140901|84|"SANTO TOME"|9|"CAFE, TE, YERBA MATE Y ESPECIAS"|19|297328.3|872675.66
20141001|84|"SANTO TOME"|9|"CAFE, TE, YERBA MATE Y ESPECIAS"|25|430300.5|1322051.72
20141101|84|"SANTO TOME"|9|"CAFE, TE, YERBA MATE Y ESPECIAS"|18|330448|588733.66
20141201|84|"SANTO TOME"|9|"CAFE, TE, YERBA MATE Y ESPECIAS"|17|264462.46|636390.21
20150101|84|"SANTO TOME"|9|"CAFE, TE, YERBA MATE Y ESPECIAS"|20|283082.64|719000.56
20150201|84|"SANTO TOME"|9|"CAFE, TE, YERBA MATE Y ESPECIAS"|20|353485.88|931693.56
20150301|84|"SANTO TOME"|9|"CAFE, TE, YERBA MATE Y ESPECIAS"|15|339457.7|567097.01
20150401|84|"SANTO TOME"|9|"CAFE, TE, YERBA MATE Y ESPECIAS"|11|225101.5|558873.42
20150501|84|"SANTO TOME"|9|"CAFE, TE, YERBA MATE Y ESPECIAS"|18|284046.9|726313.34
20150601|84|"SANTO TOME"|9|"CAFE, TE, YERBA MATE Y ESPECIAS"|36|489533.86|1351468.28
20150701|84|"SANTO TOME"|9|"CAFE, TE, YERBA MATE Y ESPECIAS"|28|448444.08|995798.25
20150801|84|"SANTO TOME"|9|"CAFE, TE, YERBA MATE Y ESPECIAS"|22|474167.5|983288.57
20150901|84|"SANTO TOME"|9|"CAFE, TE, YERBA MATE Y ESPECIAS"|14|348747.8|838678.75
20151001|84|"SANTO TOME"|9|"CAFE, TE, YERBA MATE Y ESPECIAS"|21|409702.3|760985.5
20151101|84|"SANTO TOME"|9|"CAFE, TE, YERBA MATE Y ESPECIAS"|19|534343.2|1131037.33
20151201|84|"SANTO TOME"|9|"CAFE, TE, YERBA MATE Y ESPECIAS"|28|685165.04|1346138.74
