"fecha_oficia"|"aduana"|"aduana_desc"|"mercaderia"|"mercaderia_desc"|"cantidad"|"kilos"|"importe"
20140101|83|"SAN LUIS"|22|"BEBIDAS, LIQUIDOS ALCOHOLICOS Y VINAGRE"|10|79851.06|56636.46
20140201|83|"SAN LUIS"|22|"BEBIDAS, LIQUIDOS ALCOHOLICOS Y VINAGRE"|25|337928.8|293997.91
20140301|83|"SAN LUIS"|22|"BEBIDAS, LIQUIDOS ALCOHOLICOS Y VINAGRE"|18|154344.05|182328.61
20140401|83|"SAN LUIS"|22|"BEBIDAS, LIQUIDOS ALCOHOLICOS Y VINAGRE"|15|127142.14|122056.85
20140501|83|"SAN LUIS"|22|"BEBIDAS, LIQUIDOS ALCOHOLICOS Y VINAGRE"|26|206728.6|248139.98
20140601|83|"SAN LUIS"|22|"BEBIDAS, LIQUIDOS ALCOHOLICOS Y VINAGRE"|39|235131.57|308359.41
20140701|83|"SAN LUIS"|22|"BEBIDAS, LIQUIDOS ALCOHOLICOS Y VINAGRE"|33|241264.438|207239.98
20140801|83|"SAN LUIS"|22|"BEBIDAS, LIQUIDOS ALCOHOLICOS Y VINAGRE"|25|166657.174|236812.62
20140901|83|"SAN LUIS"|22|"BEBIDAS, LIQUIDOS ALCOHOLICOS Y VINAGRE"|10|98509.189|78867.2
20141001|83|"SAN LUIS"|22|"BEBIDAS, LIQUIDOS ALCOHOLICOS Y VINAGRE"|20|241161.397|210562.65
20141101|83|"SAN LUIS"|22|"BEBIDAS, LIQUIDOS ALCOHOLICOS Y VINAGRE"|6|59438.278|87520.5
20141201|83|"SAN LUIS"|22|"BEBIDAS, LIQUIDOS ALCOHOLICOS Y VINAGRE"|4|22061.6|45486
20150101|83|"SAN LUIS"|22|"BEBIDAS, LIQUIDOS ALCOHOLICOS Y VINAGRE"|7|56921.15|136242.66
20150201|83|"SAN LUIS"|22|"BEBIDAS, LIQUIDOS ALCOHOLICOS Y VINAGRE"|13|177488.85|117177.85
20150301|83|"SAN LUIS"|22|"BEBIDAS, LIQUIDOS ALCOHOLICOS Y VINAGRE"|21|253497.72|315330.78
20150401|83|"SAN LUIS"|22|"BEBIDAS, LIQUIDOS ALCOHOLICOS Y VINAGRE"|19|262736.4|298354.42
20150501|83|"SAN LUIS"|22|"BEBIDAS, LIQUIDOS ALCOHOLICOS Y VINAGRE"|17|219644.86|155304.2
20150601|83|"SAN LUIS"|22|"BEBIDAS, LIQUIDOS ALCOHOLICOS Y VINAGRE"|14|172615.17|239797.93
20150701|83|"SAN LUIS"|22|"BEBIDAS, LIQUIDOS ALCOHOLICOS Y VINAGRE"|8|147937.93|209181.04
20150801|83|"SAN LUIS"|22|"BEBIDAS, LIQUIDOS ALCOHOLICOS Y VINAGRE"|14|256440.28|393197.19
20150901|83|"SAN LUIS"|22|"BEBIDAS, LIQUIDOS ALCOHOLICOS Y VINAGRE"|14|232547.35|257827.44
20151001|83|"SAN LUIS"|22|"BEBIDAS, LIQUIDOS ALCOHOLICOS Y VINAGRE"|14|211963.97|166567.86
20151101|83|"SAN LUIS"|22|"BEBIDAS, LIQUIDOS ALCOHOLICOS Y VINAGRE"|8|103558.19|73997.8
20151201|83|"SAN LUIS"|22|"BEBIDAS, LIQUIDOS ALCOHOLICOS Y VINAGRE"|13|162808.8|187183.87
