"fecha_oficia"|"aduana"|"aduana_desc"|"mercaderia"|"mercaderia_desc"|"cantidad"|"kilos"|"importe"
20140101|84|"SANTO TOME"|10|"CEREALES"|7|221000|1210300
20140201|84|"SANTO TOME"|10|"CEREALES"|1|8000|84000
20140301|84|"SANTO TOME"|10|"CEREALES"|1|52000|49400
20140401|84|"SANTO TOME"|10|"CEREALES"|1|52000|51220
20140501|84|"SANTO TOME"|10|"CEREALES"|2|104000|116220
20140601|84|"SANTO TOME"|10|"CEREALES"|1|52000|65000
20140701|84|"SANTO TOME"|10|"CEREALES"|2|104000|130000
20140801|84|"SANTO TOME"|10|"CEREALES"|3|156000|244920
20140901|84|"SANTO TOME"|10|"CEREALES"|5|356000|317640
20141001|84|"SANTO TOME"|10|"CEREALES"|1|28120|16872
20141101|84|"SANTO TOME"|10|"CEREALES"|1|52000|41600
20141201|84|"SANTO TOME"|10|"CEREALES"|1|52000|41600
20150101|84|"SANTO TOME"|10|"CEREALES"|2|104000|83200
20150201|84|"SANTO TOME"|10|"CEREALES"|6|408000|309200
20150301|84|"SANTO TOME"|10|"CEREALES"|4|208000|231400
20150401|84|"SANTO TOME"|10|"CEREALES"|3|132500|143965
20150501|84|"SANTO TOME"|10|"CEREALES"|6|410500|277565
20150601|84|"SANTO TOME"|10|"CEREALES"|2|106000|96060
20150701|84|"SANTO TOME"|10|"CEREALES"|1|28000|13020
20150801|84|"SANTO TOME"|10|"CEREALES"|5|212000|194920
20151001|84|"SANTO TOME"|10|"CEREALES"|1|52000|49920
20151101|84|"SANTO TOME"|10|"CEREALES"|1|52000|49920
20151201|84|"SANTO TOME"|10|"CEREALES"|1|52000|48360
