"fecha_oficia"|"aduana"|"aduana_desc"|"mercaderia"|"mercaderia_desc"|"cantidad"|"kilos"|"importe"
20150401|92|"BS.AS. SUR"|68|"MANUFACTURAS DE PIEDRA, YESO FRAGUABLE, CEMENTO, AMIANTO (AS"|86|1573703.44|1013003.83
20150501|92|"BS.AS. SUR"|68|"MANUFACTURAS DE PIEDRA, YESO FRAGUABLE, CEMENTO, AMIANTO (AS"|173|3136260|2262581.34
20150601|92|"BS.AS. SUR"|68|"MANUFACTURAS DE PIEDRA, YESO FRAGUABLE, CEMENTO, AMIANTO (AS"|213|3780865.94|2696425.2
20150701|92|"BS.AS. SUR"|68|"MANUFACTURAS DE PIEDRA, YESO FRAGUABLE, CEMENTO, AMIANTO (AS"|168|3394756.02|2181438.6
20150801|92|"BS.AS. SUR"|68|"MANUFACTURAS DE PIEDRA, YESO FRAGUABLE, CEMENTO, AMIANTO (AS"|181|3400576.81|2207672.49
20150901|92|"BS.AS. SUR"|68|"MANUFACTURAS DE PIEDRA, YESO FRAGUABLE, CEMENTO, AMIANTO (AS"|207|3368823.33|2811394.13
20151001|92|"BS.AS. SUR"|68|"MANUFACTURAS DE PIEDRA, YESO FRAGUABLE, CEMENTO, AMIANTO (AS"|124|2612173.02|1819365.66
20151101|92|"BS.AS. SUR"|68|"MANUFACTURAS DE PIEDRA, YESO FRAGUABLE, CEMENTO, AMIANTO (AS"|137|2585607.16|2005593.29
20151201|92|"BS.AS. SUR"|68|"MANUFACTURAS DE PIEDRA, YESO FRAGUABLE, CEMENTO, AMIANTO (AS"|118|1933286.7|1414453.52
