"fecha_oficia"|"aduana"|"aduana_desc"|"mercaderia"|"mercaderia_desc"|"cantidad"|"kilos"|"importe"
20150401|92|"BS.AS. SUR"|5|"LOS DEMAS PRODUCTOS DE ORIGEN ANIMAL, NO EXPRESADOS NI COMPR"|17|614490|443705
20150501|92|"BS.AS. SUR"|5|"LOS DEMAS PRODUCTOS DE ORIGEN ANIMAL, NO EXPRESADOS NI COMPR"|83|2624359|2018782.39
20150601|92|"BS.AS. SUR"|5|"LOS DEMAS PRODUCTOS DE ORIGEN ANIMAL, NO EXPRESADOS NI COMPR"|103|3246578.01|2468837.31
20150701|92|"BS.AS. SUR"|5|"LOS DEMAS PRODUCTOS DE ORIGEN ANIMAL, NO EXPRESADOS NI COMPR"|122|3721666.3|2815467.04
20150801|92|"BS.AS. SUR"|5|"LOS DEMAS PRODUCTOS DE ORIGEN ANIMAL, NO EXPRESADOS NI COMPR"|162|4975299.39|3805759.89
20150901|92|"BS.AS. SUR"|5|"LOS DEMAS PRODUCTOS DE ORIGEN ANIMAL, NO EXPRESADOS NI COMPR"|205|7101504.29|4901209.46
20151001|92|"BS.AS. SUR"|5|"LOS DEMAS PRODUCTOS DE ORIGEN ANIMAL, NO EXPRESADOS NI COMPR"|171|5468966.41|4138749.63
20151101|92|"BS.AS. SUR"|5|"LOS DEMAS PRODUCTOS DE ORIGEN ANIMAL, NO EXPRESADOS NI COMPR"|132|3495308.52|2828815.75
20151201|92|"BS.AS. SUR"|5|"LOS DEMAS PRODUCTOS DE ORIGEN ANIMAL, NO EXPRESADOS NI COMPR"|105|2777154|2321682.36
