"fecha_oficia"|"aduana"|"aduana_desc"|"mercaderia"|"mercaderia_desc"|"cantidad"|"kilos"|"importe"
20150401|92|"BS.AS. SUR"|7|"HORTALIZAS, PLANTAS, RAICES Y TUBERCULOS ALIMENTICIOS"|32|2144280|1437353.3
20150501|92|"BS.AS. SUR"|7|"HORTALIZAS, PLANTAS, RAICES Y TUBERCULOS ALIMENTICIOS"|152|9283648|7490367.15
20150601|92|"BS.AS. SUR"|7|"HORTALIZAS, PLANTAS, RAICES Y TUBERCULOS ALIMENTICIOS"|176|9576368.34|7767122.27
20150701|92|"BS.AS. SUR"|7|"HORTALIZAS, PLANTAS, RAICES Y TUBERCULOS ALIMENTICIOS"|255|13850146|11459863.82
20150801|92|"BS.AS. SUR"|7|"HORTALIZAS, PLANTAS, RAICES Y TUBERCULOS ALIMENTICIOS"|313|17666695.5|14646236.57
20150901|92|"BS.AS. SUR"|7|"HORTALIZAS, PLANTAS, RAICES Y TUBERCULOS ALIMENTICIOS"|302|20318604.57|14871835.98
20151001|92|"BS.AS. SUR"|7|"HORTALIZAS, PLANTAS, RAICES Y TUBERCULOS ALIMENTICIOS"|278|20050984.05|14005086.1
20151101|92|"BS.AS. SUR"|7|"HORTALIZAS, PLANTAS, RAICES Y TUBERCULOS ALIMENTICIOS"|287|22209519.3|14896366.12
20151201|92|"BS.AS. SUR"|7|"HORTALIZAS, PLANTAS, RAICES Y TUBERCULOS ALIMENTICIOS"|288|21578587.3|14889110.78
