"fecha_oficia"|"aduana"|"aduana_desc"|"mercaderia"|"mercaderia_desc"|"cantidad"|"kilos"|"importe"
20150401|91|"BS.AS. NORTE"|4|"LECHE Y PRODUCTOS LACTEOS; HUEVOS DE AVE; MIEL NATURAL; PROD"|10|274026|1057713.15
20150501|91|"BS.AS. NORTE"|4|"LECHE Y PRODUCTOS LACTEOS; HUEVOS DE AVE; MIEL NATURAL; PROD"|21|599830|2640239
20150601|91|"BS.AS. NORTE"|4|"LECHE Y PRODUCTOS LACTEOS; HUEVOS DE AVE; MIEL NATURAL; PROD"|36|4416699|18976119.77
20150701|91|"BS.AS. NORTE"|4|"LECHE Y PRODUCTOS LACTEOS; HUEVOS DE AVE; MIEL NATURAL; PROD"|33|801461.83|3102754.54
20150801|91|"BS.AS. NORTE"|4|"LECHE Y PRODUCTOS LACTEOS; HUEVOS DE AVE; MIEL NATURAL; PROD"|28|2181920|8625238.56
20150901|91|"BS.AS. NORTE"|4|"LECHE Y PRODUCTOS LACTEOS; HUEVOS DE AVE; MIEL NATURAL; PROD"|35|2392547|8801207.26
20151001|91|"BS.AS. NORTE"|4|"LECHE Y PRODUCTOS LACTEOS; HUEVOS DE AVE; MIEL NATURAL; PROD"|50|2975786.14|9737384.2
20151101|91|"BS.AS. NORTE"|4|"LECHE Y PRODUCTOS LACTEOS; HUEVOS DE AVE; MIEL NATURAL; PROD"|54|1784501|4935604.05
20151201|91|"BS.AS. NORTE"|4|"LECHE Y PRODUCTOS LACTEOS; HUEVOS DE AVE; MIEL NATURAL; PROD"|35|1617267|6662820.54
