"fecha_oficia"|"aduana"|"aduana_desc"|"mercaderia"|"mercaderia_desc"|"cantidad"|"kilos"|"importe"
20140101|1|"BS.AS.(CAPITAL)"|3|"PESCADOS Y CRUSTACEOS, MOLUSCOS Y DEMAS INVERTEBRADOS ACUATI"|5|108000|799200
20140201|1|"BS.AS.(CAPITAL)"|3|"PESCADOS Y CRUSTACEOS, MOLUSCOS Y DEMAS INVERTEBRADOS ACUATI"|3|72000|386400
20140301|1|"BS.AS.(CAPITAL)"|3|"PESCADOS Y CRUSTACEOS, MOLUSCOS Y DEMAS INVERTEBRADOS ACUATI"|2|47820|212304
20140401|1|"BS.AS.(CAPITAL)"|3|"PESCADOS Y CRUSTACEOS, MOLUSCOS Y DEMAS INVERTEBRADOS ACUATI"|1|27800|33360
20140501|1|"BS.AS.(CAPITAL)"|3|"PESCADOS Y CRUSTACEOS, MOLUSCOS Y DEMAS INVERTEBRADOS ACUATI"|3|67960|147430.8
20140601|1|"BS.AS.(CAPITAL)"|3|"PESCADOS Y CRUSTACEOS, MOLUSCOS Y DEMAS INVERTEBRADOS ACUATI"|2|16285|53740.5
20140701|1|"BS.AS.(CAPITAL)"|3|"PESCADOS Y CRUSTACEOS, MOLUSCOS Y DEMAS INVERTEBRADOS ACUATI"|7|315572|737352
20140801|1|"BS.AS.(CAPITAL)"|3|"PESCADOS Y CRUSTACEOS, MOLUSCOS Y DEMAS INVERTEBRADOS ACUATI"|50|1576058|2516087.6
20140901|1|"BS.AS.(CAPITAL)"|3|"PESCADOS Y CRUSTACEOS, MOLUSCOS Y DEMAS INVERTEBRADOS ACUATI"|11|234044|774434
20141001|1|"BS.AS.(CAPITAL)"|3|"PESCADOS Y CRUSTACEOS, MOLUSCOS Y DEMAS INVERTEBRADOS ACUATI"|10|222328|564983.68
20141101|1|"BS.AS.(CAPITAL)"|3|"PESCADOS Y CRUSTACEOS, MOLUSCOS Y DEMAS INVERTEBRADOS ACUATI"|9|197836|764130
20141201|1|"BS.AS.(CAPITAL)"|3|"PESCADOS Y CRUSTACEOS, MOLUSCOS Y DEMAS INVERTEBRADOS ACUATI"|10|153786|470146.32
