"fecha_oficia"|"aduana"|"aduana_desc"|"mercaderia"|"mercaderia_desc"|"cantidad"|"kilos"|"importe"
20140201|89|"SANTIAGO DEL ESTERO"|52|"ALGODON"|2|29314.34|90387.42
20140301|89|"SANTIAGO DEL ESTERO"|52|"ALGODON"|3|42813.31|135773.58
20140401|89|"SANTIAGO DEL ESTERO"|52|"ALGODON"|3|44003.11|139920.24
20140501|89|"SANTIAGO DEL ESTERO"|52|"ALGODON"|3|46109.1|146714.34
20140601|89|"SANTIAGO DEL ESTERO"|52|"ALGODON"|4|91214.8|293122.32
20140701|89|"SANTIAGO DEL ESTERO"|52|"ALGODON"|5|104709.98|385818.96
20140801|89|"SANTIAGO DEL ESTERO"|52|"ALGODON"|8|138703.28|490747.59
20140901|89|"SANTIAGO DEL ESTERO"|52|"ALGODON"|6|106237.3|369732.48
20141001|89|"SANTIAGO DEL ESTERO"|52|"ALGODON"|8|153084.02|513389.65
20141101|89|"SANTIAGO DEL ESTERO"|52|"ALGODON"|4|61744.12|196851.67
20141201|89|"SANTIAGO DEL ESTERO"|52|"ALGODON"|2|30241.22|93524.36
20150101|89|"SANTIAGO DEL ESTERO"|52|"ALGODON"|5|76657.87|234444.41
20150201|89|"SANTIAGO DEL ESTERO"|52|"ALGODON"|4|75806.3|231847.45
20150301|89|"SANTIAGO DEL ESTERO"|52|"ALGODON"|4|59647.17|184480.42
20150401|89|"SANTIAGO DEL ESTERO"|52|"ALGODON"|8|121393.74|370244.04
20150501|89|"SANTIAGO DEL ESTERO"|52|"ALGODON"|1|13860.08|45461.06
20150601|89|"SANTIAGO DEL ESTERO"|52|"ALGODON"|1|13868.13|45487.47
