"fecha_oficia"|"aduana"|"aduana_desc"|"mercaderia"|"mercaderia_desc"|"cantidad"|"kilos"|"importe"
20140501|49|"RIO GRANDE"|33|"ACEITES ESENCIALES Y RESINOIDES; PEPARACIONES DE PERFUMERIA,"|1|165.6|513.6
20140601|49|"RIO GRANDE"|33|"ACEITES ESENCIALES Y RESINOIDES; PEPARACIONES DE PERFUMERIA,"|1|864|2568
20140801|49|"RIO GRANDE"|33|"ACEITES ESENCIALES Y RESINOIDES; PEPARACIONES DE PERFUMERIA,"|2|2381.76|7804.6
20141201|49|"RIO GRANDE"|33|"ACEITES ESENCIALES Y RESINOIDES; PEPARACIONES DE PERFUMERIA,"|1|396.9|3641.94
20150101|49|"RIO GRANDE"|33|"ACEITES ESENCIALES Y RESINOIDES; PEPARACIONES DE PERFUMERIA,"|1|1186.8|5266.56
20150601|49|"RIO GRANDE"|33|"ACEITES ESENCIALES Y RESINOIDES; PEPARACIONES DE PERFUMERIA,"|1|405.54|11790.39
20150701|49|"RIO GRANDE"|33|"ACEITES ESENCIALES Y RESINOIDES; PEPARACIONES DE PERFUMERIA,"|1|2124.96|10600.24
20151101|49|"RIO GRANDE"|33|"ACEITES ESENCIALES Y RESINOIDES; PEPARACIONES DE PERFUMERIA,"|1|28.8|720
20151201|49|"RIO GRANDE"|33|"ACEITES ESENCIALES Y RESINOIDES; PEPARACIONES DE PERFUMERIA,"|1|1243.08|6405.15
