"fecha_oficia"|"aduana"|"aduana_desc"|"mercaderia"|"mercaderia_desc"|"cantidad"|"kilos"|"importe"
20150501|91|"BS.AS. NORTE"|95|"JUGUETES, JUEGOS Y ARTICULOS PARA RECREO O DEPORTE; SUS PART"|4|281.53|2906.72
20150601|91|"BS.AS. NORTE"|95|"JUGUETES, JUEGOS Y ARTICULOS PARA RECREO O DEPORTE; SUS PART"|8|4364.69|235748.27
20150701|91|"BS.AS. NORTE"|95|"JUGUETES, JUEGOS Y ARTICULOS PARA RECREO O DEPORTE; SUS PART"|10|2936.42|16130.18
20150801|91|"BS.AS. NORTE"|95|"JUGUETES, JUEGOS Y ARTICULOS PARA RECREO O DEPORTE; SUS PART"|1|650|4400
20150901|91|"BS.AS. NORTE"|95|"JUGUETES, JUEGOS Y ARTICULOS PARA RECREO O DEPORTE; SUS PART"|5|8759.09|106108.4
20151001|91|"BS.AS. NORTE"|95|"JUGUETES, JUEGOS Y ARTICULOS PARA RECREO O DEPORTE; SUS PART"|11|15552.12|257045.67
20151101|91|"BS.AS. NORTE"|95|"JUGUETES, JUEGOS Y ARTICULOS PARA RECREO O DEPORTE; SUS PART"|5|4770.88|18615.52
20151201|91|"BS.AS. NORTE"|95|"JUGUETES, JUEGOS Y ARTICULOS PARA RECREO O DEPORTE; SUS PART"|3|387.29|19981
