"fecha_oficia"|"aduana"|"aduana_desc"|"mercaderia"|"mercaderia_desc"|"cantidad"|"kilos"|"importe"
20150401|92|"BS.AS. SUR"|8|"FRUTAS Y FRUTOS COMESTIBLES; CORTEZAS DE AGRIOS(CITRICOS), M"|59|1706232.6|1806744.75
20150501|92|"BS.AS. SUR"|8|"FRUTAS Y FRUTOS COMESTIBLES; CORTEZAS DE AGRIOS(CITRICOS), M"|311|10203230.85|10209512.17
20150601|92|"BS.AS. SUR"|8|"FRUTAS Y FRUTOS COMESTIBLES; CORTEZAS DE AGRIOS(CITRICOS), M"|403|12400470.6|12117657.59
20150701|92|"BS.AS. SUR"|8|"FRUTAS Y FRUTOS COMESTIBLES; CORTEZAS DE AGRIOS(CITRICOS), M"|207|7316497.5|7090644.44
20150801|92|"BS.AS. SUR"|8|"FRUTAS Y FRUTOS COMESTIBLES; CORTEZAS DE AGRIOS(CITRICOS), M"|74|2188102|2449817.37
20150901|92|"BS.AS. SUR"|8|"FRUTAS Y FRUTOS COMESTIBLES; CORTEZAS DE AGRIOS(CITRICOS), M"|87|2663949.6|2995046.69
20151001|92|"BS.AS. SUR"|8|"FRUTAS Y FRUTOS COMESTIBLES; CORTEZAS DE AGRIOS(CITRICOS), M"|144|3655174.8|4701059.31
20151101|92|"BS.AS. SUR"|8|"FRUTAS Y FRUTOS COMESTIBLES; CORTEZAS DE AGRIOS(CITRICOS), M"|35|554394.4|783659.1
20151201|92|"BS.AS. SUR"|8|"FRUTAS Y FRUTOS COMESTIBLES; CORTEZAS DE AGRIOS(CITRICOS), M"|31|359903.48|766600.54
