"fecha_oficia"|"aduana"|"aduana_desc"|"mercaderia"|"mercaderia_desc"|"cantidad"|"kilos"|"importe"
20150401|91|"BS.AS. NORTE"|10|"CEREALES"|6|562000|179710.14
20150501|91|"BS.AS. NORTE"|10|"CEREALES"|15|1111841.5|395669.78
20150601|91|"BS.AS. NORTE"|10|"CEREALES"|34|2115227.3|1396635.88
20150701|91|"BS.AS. NORTE"|10|"CEREALES"|20|2807275|896690.96
20150801|91|"BS.AS. NORTE"|10|"CEREALES"|17|1871080|745910.25
20150901|91|"BS.AS. NORTE"|10|"CEREALES"|20|1783340|1163183
20151001|91|"BS.AS. NORTE"|10|"CEREALES"|26|1619756.1|607643.7
20151101|91|"BS.AS. NORTE"|10|"CEREALES"|30|3959880|1597668
20151201|91|"BS.AS. NORTE"|10|"CEREALES"|30|3748380|1445735.52
