"fecha_oficia"|"aduana"|"aduana_desc"|"mercaderia"|"mercaderia_desc"|"cantidad"|"kilos"|"importe"
20140501|49|"RIO GRANDE"|39|"PLASTICO Y SUS MANUFACTURAS"|1|327|13396.84
20140601|49|"RIO GRANDE"|39|"PLASTICO Y SUS MANUFACTURAS"|1|143.4|980.06
20140701|49|"RIO GRANDE"|39|"PLASTICO Y SUS MANUFACTURAS"|1|1.62|2251.7
20140801|49|"RIO GRANDE"|39|"PLASTICO Y SUS MANUFACTURAS"|1|80|287.68
20140901|49|"RIO GRANDE"|39|"PLASTICO Y SUS MANUFACTURAS"|1|0.16|146.3
20141001|49|"RIO GRANDE"|39|"PLASTICO Y SUS MANUFACTURAS"|4|74.44|12.74
20141201|49|"RIO GRANDE"|39|"PLASTICO Y SUS MANUFACTURAS"|1|15|272.64
20150301|49|"RIO GRANDE"|39|"PLASTICO Y SUS MANUFACTURAS"|25|7149.29|39076.52
20150501|49|"RIO GRANDE"|39|"PLASTICO Y SUS MANUFACTURAS"|1|0.02|0.61
20150601|49|"RIO GRANDE"|39|"PLASTICO Y SUS MANUFACTURAS"|3|116|2011.54
20150801|49|"RIO GRANDE"|39|"PLASTICO Y SUS MANUFACTURAS"|5|581.4|7608.66
20151001|49|"RIO GRANDE"|39|"PLASTICO Y SUS MANUFACTURAS"|1|4.8|1760
