"fecha_oficia"|"aduana"|"aduana_desc"|"mercaderia"|"mercaderia_desc"|"cantidad"|"kilos"|"importe"
20150401|91|"BS.AS. NORTE"|51|"LANA Y PELO FINO U ORDINARIO; HILADOS Y TEJIDOS DE CRIN"|45|899423.06|5004137.14
20150501|91|"BS.AS. NORTE"|51|"LANA Y PELO FINO U ORDINARIO; HILADOS Y TEJIDOS DE CRIN"|82|1768009|8350185.15
20150601|91|"BS.AS. NORTE"|51|"LANA Y PELO FINO U ORDINARIO; HILADOS Y TEJIDOS DE CRIN"|74|1860903.1|10178805.82
20150701|91|"BS.AS. NORTE"|51|"LANA Y PELO FINO U ORDINARIO; HILADOS Y TEJIDOS DE CRIN"|54|1138791|5964917.13
20150801|91|"BS.AS. NORTE"|51|"LANA Y PELO FINO U ORDINARIO; HILADOS Y TEJIDOS DE CRIN"|64|1191999|7907278.99
20150901|91|"BS.AS. NORTE"|51|"LANA Y PELO FINO U ORDINARIO; HILADOS Y TEJIDOS DE CRIN"|44|906622|6944553
20151001|91|"BS.AS. NORTE"|51|"LANA Y PELO FINO U ORDINARIO; HILADOS Y TEJIDOS DE CRIN"|63|1211372|8354986.92
20151101|91|"BS.AS. NORTE"|51|"LANA Y PELO FINO U ORDINARIO; HILADOS Y TEJIDOS DE CRIN"|20|367977|2169791.35
20151201|91|"BS.AS. NORTE"|51|"LANA Y PELO FINO U ORDINARIO; HILADOS Y TEJIDOS DE CRIN"|6|113789.3|399956.44
