"fecha_oficia"|"aduana"|"aduana_desc"|"mercaderia"|"mercaderia_desc"|"cantidad"|"kilos"|"importe"
20140101|88|"GENERAL DEHEZA"|28|"PRODUCTOS QUIMICOS INORGANICOS; COMPUESTOS INORGANICOS U ORG"|11|287880|142355.97
20140201|88|"GENERAL DEHEZA"|28|"PRODUCTOS QUIMICOS INORGANICOS; COMPUESTOS INORGANICOS U ORG"|6|162900|53580.88
20140301|88|"GENERAL DEHEZA"|28|"PRODUCTOS QUIMICOS INORGANICOS; COMPUESTOS INORGANICOS U ORG"|6|144000|86193.09
20140401|88|"GENERAL DEHEZA"|28|"PRODUCTOS QUIMICOS INORGANICOS; COMPUESTOS INORGANICOS U ORG"|6|165920|95566.53
20140501|88|"GENERAL DEHEZA"|28|"PRODUCTOS QUIMICOS INORGANICOS; COMPUESTOS INORGANICOS U ORG"|8|204160|97223.47
20140601|88|"GENERAL DEHEZA"|28|"PRODUCTOS QUIMICOS INORGANICOS; COMPUESTOS INORGANICOS U ORG"|5|124000|75393.09
20140701|88|"GENERAL DEHEZA"|28|"PRODUCTOS QUIMICOS INORGANICOS; COMPUESTOS INORGANICOS U ORG"|5|124000|75393.09
20140801|88|"GENERAL DEHEZA"|28|"PRODUCTOS QUIMICOS INORGANICOS; COMPUESTOS INORGANICOS U ORG"|8|199740|97096.23
20140901|88|"GENERAL DEHEZA"|28|"PRODUCTOS QUIMICOS INORGANICOS; COMPUESTOS INORGANICOS U ORG"|6|151960|84214.51
20141001|88|"GENERAL DEHEZA"|28|"PRODUCTOS QUIMICOS INORGANICOS; COMPUESTOS INORGANICOS U ORG"|11|288840|142567.47
20141101|88|"GENERAL DEHEZA"|28|"PRODUCTOS QUIMICOS INORGANICOS; COMPUESTOS INORGANICOS U ORG"|6|163360|91606.42
20141201|88|"GENERAL DEHEZA"|28|"PRODUCTOS QUIMICOS INORGANICOS; COMPUESTOS INORGANICOS U ORG"|7|171140|95802
20150101|88|"GENERAL DEHEZA"|28|"PRODUCTOS QUIMICOS INORGANICOS; COMPUESTOS INORGANICOS U ORG"|8|210060|115818
20150201|88|"GENERAL DEHEZA"|28|"PRODUCTOS QUIMICOS INORGANICOS; COMPUESTOS INORGANICOS U ORG"|6|160680|68273.78
20150301|88|"GENERAL DEHEZA"|28|"PRODUCTOS QUIMICOS INORGANICOS; COMPUESTOS INORGANICOS U ORG"|7|168860|73552.26
20150401|88|"GENERAL DEHEZA"|28|"PRODUCTOS QUIMICOS INORGANICOS; COMPUESTOS INORGANICOS U ORG"|8|201020|100176.35
20150501|88|"GENERAL DEHEZA"|28|"PRODUCTOS QUIMICOS INORGANICOS; COMPUESTOS INORGANICOS U ORG"|6|163700|114116.04
20150601|88|"GENERAL DEHEZA"|28|"PRODUCTOS QUIMICOS INORGANICOS; COMPUESTOS INORGANICOS U ORG"|4|93000|51981.07
20150701|88|"GENERAL DEHEZA"|28|"PRODUCTOS QUIMICOS INORGANICOS; COMPUESTOS INORGANICOS U ORG"|9|234800|109767.83
20150801|88|"GENERAL DEHEZA"|28|"PRODUCTOS QUIMICOS INORGANICOS; COMPUESTOS INORGANICOS U ORG"|9|210980|88577.34
20150901|88|"GENERAL DEHEZA"|28|"PRODUCTOS QUIMICOS INORGANICOS; COMPUESTOS INORGANICOS U ORG"|10|260680|118200.36
20151001|88|"GENERAL DEHEZA"|28|"PRODUCTOS QUIMICOS INORGANICOS; COMPUESTOS INORGANICOS U ORG"|5|108000|74530
20151101|88|"GENERAL DEHEZA"|28|"PRODUCTOS QUIMICOS INORGANICOS; COMPUESTOS INORGANICOS U ORG"|9|200620|126057.06
20151201|88|"GENERAL DEHEZA"|28|"PRODUCTOS QUIMICOS INORGANICOS; COMPUESTOS INORGANICOS U ORG"|6|142720|54152
