"fecha_oficia"|"aduana"|"aduana_desc"|"mercaderia"|"mercaderia_desc"|"cantidad"|"kilos"|"importe"
20150401|91|"BS.AS. NORTE"|15|"GRASAS Y ACEITES ANIMALES O VEGETALES; PRODUCTOS DE SU DESDO"|14|570348|606077.23
20150501|91|"BS.AS. NORTE"|15|"GRASAS Y ACEITES ANIMALES O VEGETALES; PRODUCTOS DE SU DESDO"|32|2578263.5|1795776.79
20150601|91|"BS.AS. NORTE"|15|"GRASAS Y ACEITES ANIMALES O VEGETALES; PRODUCTOS DE SU DESDO"|64|3987509.18|3852257.94
20150701|91|"BS.AS. NORTE"|15|"GRASAS Y ACEITES ANIMALES O VEGETALES; PRODUCTOS DE SU DESDO"|78|5195846.54|4523466.41
20150801|91|"BS.AS. NORTE"|15|"GRASAS Y ACEITES ANIMALES O VEGETALES; PRODUCTOS DE SU DESDO"|56|3446659.24|3287431.08
20150901|91|"BS.AS. NORTE"|15|"GRASAS Y ACEITES ANIMALES O VEGETALES; PRODUCTOS DE SU DESDO"|87|4228434|4660733.67
20151001|91|"BS.AS. NORTE"|15|"GRASAS Y ACEITES ANIMALES O VEGETALES; PRODUCTOS DE SU DESDO"|75|4886684.36|4070567.66
20151101|91|"BS.AS. NORTE"|15|"GRASAS Y ACEITES ANIMALES O VEGETALES; PRODUCTOS DE SU DESDO"|72|8034218.96|5850569.55
20151201|91|"BS.AS. NORTE"|15|"GRASAS Y ACEITES ANIMALES O VEGETALES; PRODUCTOS DE SU DESDO"|54|2707222.38|2208600.49
