"fecha_oficia"|"aduana"|"aduana_desc"|"mercaderia"|"mercaderia_desc"|"cantidad"|"kilos"|"importe"
20140201|89|"SANTIAGO DEL ESTERO"|41|"PIELES (EXCEPTO LA PELETERIA) Y CUEROS"|3|42820|130300
20140401|89|"SANTIAGO DEL ESTERO"|41|"PIELES (EXCEPTO LA PELETERIA) Y CUEROS"|6|6742|144400
20140501|89|"SANTIAGO DEL ESTERO"|41|"PIELES (EXCEPTO LA PELETERIA) Y CUEROS"|3|9195|39875
20140601|89|"SANTIAGO DEL ESTERO"|41|"PIELES (EXCEPTO LA PELETERIA) Y CUEROS"|1|471|35000
20140901|89|"SANTIAGO DEL ESTERO"|41|"PIELES (EXCEPTO LA PELETERIA) Y CUEROS"|2|5834|109500
20141001|89|"SANTIAGO DEL ESTERO"|41|"PIELES (EXCEPTO LA PELETERIA) Y CUEROS"|1|12320|33600
20141101|89|"SANTIAGO DEL ESTERO"|41|"PIELES (EXCEPTO LA PELETERIA) Y CUEROS"|4|12465|61500
20150201|89|"SANTIAGO DEL ESTERO"|41|"PIELES (EXCEPTO LA PELETERIA) Y CUEROS"|1|148|33000
20150601|89|"SANTIAGO DEL ESTERO"|41|"PIELES (EXCEPTO LA PELETERIA) Y CUEROS"|7|3063|189514
20150801|89|"SANTIAGO DEL ESTERO"|41|"PIELES (EXCEPTO LA PELETERIA) Y CUEROS"|1|138|28675
20151001|89|"SANTIAGO DEL ESTERO"|41|"PIELES (EXCEPTO LA PELETERIA) Y CUEROS"|2|6200|83160
20151201|89|"SANTIAGO DEL ESTERO"|41|"PIELES (EXCEPTO LA PELETERIA) Y CUEROS"|3|84|19800
