"fecha_oficia"|"aduana"|"aduana_desc"|"mercaderia"|"mercaderia_desc"|"cantidad"|"kilos"|"importe"
20150401|92|"BS.AS. SUR"|94|"MUEBLES; MOBILIARIO MEDICOQUIRURGICO; ARTICULOS DE CAMA Y SI"|102|63578.51|685546.2
20150501|92|"BS.AS. SUR"|94|"MUEBLES; MOBILIARIO MEDICOQUIRURGICO; ARTICULOS DE CAMA Y SI"|245|189689.268|1562356
20150601|92|"BS.AS. SUR"|94|"MUEBLES; MOBILIARIO MEDICOQUIRURGICO; ARTICULOS DE CAMA Y SI"|237|584336.24|2439086.98
20150701|92|"BS.AS. SUR"|94|"MUEBLES; MOBILIARIO MEDICOQUIRURGICO; ARTICULOS DE CAMA Y SI"|221|630749.6|2723633.98
20150801|92|"BS.AS. SUR"|94|"MUEBLES; MOBILIARIO MEDICOQUIRURGICO; ARTICULOS DE CAMA Y SI"|235|334397.97|2035962.6
20150901|92|"BS.AS. SUR"|94|"MUEBLES; MOBILIARIO MEDICOQUIRURGICO; ARTICULOS DE CAMA Y SI"|201|446553.22|2555429.85
20151001|92|"BS.AS. SUR"|94|"MUEBLES; MOBILIARIO MEDICOQUIRURGICO; ARTICULOS DE CAMA Y SI"|208|256875.88|1646615.85
20151101|92|"BS.AS. SUR"|94|"MUEBLES; MOBILIARIO MEDICOQUIRURGICO; ARTICULOS DE CAMA Y SI"|195|243809.02|2098835.09
20151201|92|"BS.AS. SUR"|94|"MUEBLES; MOBILIARIO MEDICOQUIRURGICO; ARTICULOS DE CAMA Y SI"|237|193764.67|1542381.92
