"fecha_oficia"|"aduana"|"aduana_desc"|"mercaderia"|"mercaderia_desc"|"cantidad"|"kilos"|"importe"
20140101|84|"SANTO TOME"|73|"MANUFACTURAS DE FUNDICION, HIERRO O ACERO"|34|6827.62|66952.26
20140201|84|"SANTO TOME"|73|"MANUFACTURAS DE FUNDICION, HIERRO O ACERO"|34|5838.15|54381.53
20140301|84|"SANTO TOME"|73|"MANUFACTURAS DE FUNDICION, HIERRO O ACERO"|41|7003.99|68270.99
20140401|84|"SANTO TOME"|73|"MANUFACTURAS DE FUNDICION, HIERRO O ACERO"|39|6860.85|64218.22
20140501|84|"SANTO TOME"|73|"MANUFACTURAS DE FUNDICION, HIERRO O ACERO"|30|5305.85|49168.24
20140601|84|"SANTO TOME"|73|"MANUFACTURAS DE FUNDICION, HIERRO O ACERO"|35|5805.54|58534.68
20140701|84|"SANTO TOME"|73|"MANUFACTURAS DE FUNDICION, HIERRO O ACERO"|44|9436.34|94439.73
20140801|84|"SANTO TOME"|73|"MANUFACTURAS DE FUNDICION, HIERRO O ACERO"|47|6962.91|69621.89
20140901|84|"SANTO TOME"|73|"MANUFACTURAS DE FUNDICION, HIERRO O ACERO"|47|9387.68|78984.92
20141001|84|"SANTO TOME"|73|"MANUFACTURAS DE FUNDICION, HIERRO O ACERO"|48|7951.59|65495.84
20141101|84|"SANTO TOME"|73|"MANUFACTURAS DE FUNDICION, HIERRO O ACERO"|38|5588.74|56846.89
20141201|84|"SANTO TOME"|73|"MANUFACTURAS DE FUNDICION, HIERRO O ACERO"|22|7561.32|74244.94
20150101|84|"SANTO TOME"|73|"MANUFACTURAS DE FUNDICION, HIERRO O ACERO"|12|3566.26|36711.22
20150201|84|"SANTO TOME"|73|"MANUFACTURAS DE FUNDICION, HIERRO O ACERO"|28|6382.16|58509.81
20150301|84|"SANTO TOME"|73|"MANUFACTURAS DE FUNDICION, HIERRO O ACERO"|34|5038.58|49597.17
20150401|84|"SANTO TOME"|73|"MANUFACTURAS DE FUNDICION, HIERRO O ACERO"|29|4606.36|41845.74
20150501|84|"SANTO TOME"|73|"MANUFACTURAS DE FUNDICION, HIERRO O ACERO"|28|6884.37|63398.24
20150601|84|"SANTO TOME"|73|"MANUFACTURAS DE FUNDICION, HIERRO O ACERO"|20|4095.43|42386.23
20150701|84|"SANTO TOME"|73|"MANUFACTURAS DE FUNDICION, HIERRO O ACERO"|28|5241.72|55730.63
20150801|84|"SANTO TOME"|73|"MANUFACTURAS DE FUNDICION, HIERRO O ACERO"|30|5684.64|52027
20150901|84|"SANTO TOME"|73|"MANUFACTURAS DE FUNDICION, HIERRO O ACERO"|26|3612.95|37637
20151001|84|"SANTO TOME"|73|"MANUFACTURAS DE FUNDICION, HIERRO O ACERO"|25|5376.3|56287.9
20151101|84|"SANTO TOME"|73|"MANUFACTURAS DE FUNDICION, HIERRO O ACERO"|19|4820.44|44198.2
20151201|84|"SANTO TOME"|73|"MANUFACTURAS DE FUNDICION, HIERRO O ACERO"|11|2978.34|24520.52
