"fecha_oficia"|"aduana"|"aduana_desc"|"mercaderia"|"mercaderia_desc"|"cantidad"|"kilos"|"importe"
20150401|92|"BS.AS. SUR"|79|"CINC Y SUS MANUFACTURAS"|3|93250.74|54961.8
20150501|92|"BS.AS. SUR"|79|"CINC Y SUS MANUFACTURAS"|4|95127.76|61167.91
20150601|92|"BS.AS. SUR"|79|"CINC Y SUS MANUFACTURAS"|4|4869.18|27692.03
20150701|92|"BS.AS. SUR"|79|"CINC Y SUS MANUFACTURAS"|3|86271|44292.6
20150801|92|"BS.AS. SUR"|79|"CINC Y SUS MANUFACTURAS"|1|294.91|4015.6
20150901|92|"BS.AS. SUR"|79|"CINC Y SUS MANUFACTURAS"|6|120933.68|83832.59
20151001|92|"BS.AS. SUR"|79|"CINC Y SUS MANUFACTURAS"|1|69040|27768
20151101|92|"BS.AS. SUR"|79|"CINC Y SUS MANUFACTURAS"|8|71493.23|38612.76
20151201|92|"BS.AS. SUR"|79|"CINC Y SUS MANUFACTURAS"|4|144104.01|65889.52
