"fecha_oficia"|"aduana"|"aduana_desc"|"mercaderia"|"mercaderia_desc"|"cantidad"|"kilos"|"importe"
20150501|92|"BS.AS. SUR"|78|"PLOMO Y SUS MANUFACTURAS"|1|324110|673111.65
20150601|92|"BS.AS. SUR"|78|"PLOMO Y SUS MANUFACTURAS"|3|335152|705255.19
20150701|92|"BS.AS. SUR"|78|"PLOMO Y SUS MANUFACTURAS"|3|109004.14|230615.98
20150801|92|"BS.AS. SUR"|78|"PLOMO Y SUS MANUFACTURAS"|2|325345|626735.23
20150901|92|"BS.AS. SUR"|78|"PLOMO Y SUS MANUFACTURAS"|3|364342|667603.51
20151001|92|"BS.AS. SUR"|78|"PLOMO Y SUS MANUFACTURAS"|1|324020|588711.94
20151101|92|"BS.AS. SUR"|78|"PLOMO Y SUS MANUFACTURAS"|1|323990|595185.83
20151201|92|"BS.AS. SUR"|78|"PLOMO Y SUS MANUFACTURAS"|2|325157|610814.33
