"fecha_oficia"|"aduana"|"aduana_desc"|"mercaderia"|"mercaderia_desc"|"cantidad"|"kilos"|"importe"
20140301|88|"GENERAL DEHEZA"|63|"LOS DEMAS ARTICULOS TEXTILES CONFECCIONADOS; JUEGOS; PRENDER"|1|2.8|25.24
20140801|88|"GENERAL DEHEZA"|63|"LOS DEMAS ARTICULOS TEXTILES CONFECCIONADOS; JUEGOS; PRENDER"|1|14.35|448.08
20150201|88|"GENERAL DEHEZA"|63|"LOS DEMAS ARTICULOS TEXTILES CONFECCIONADOS; JUEGOS; PRENDER"|1|77.84|2079.4
20150801|88|"GENERAL DEHEZA"|63|"LOS DEMAS ARTICULOS TEXTILES CONFECCIONADOS; JUEGOS; PRENDER"|1|45.8|1414.4
