"fecha_oficia"|"aduana"|"aduana_desc"|"mercaderia"|"mercaderia_desc"|"cantidad"|"kilos"|"importe"
20150401|91|"BS.AS. NORTE"|12|"SEMILLAS Y FRUTOS OLEAGINOSOS; SEMILLAS Y FRUTOS DIVERSOS; P"|6|720140|468506
20150501|91|"BS.AS. NORTE"|12|"SEMILLAS Y FRUTOS OLEAGINOSOS; SEMILLAS Y FRUTOS DIVERSOS; P"|45|3538960|2654002.44
20150601|91|"BS.AS. NORTE"|12|"SEMILLAS Y FRUTOS OLEAGINOSOS; SEMILLAS Y FRUTOS DIVERSOS; P"|47|3397935|2614520.84
20150701|91|"BS.AS. NORTE"|12|"SEMILLAS Y FRUTOS OLEAGINOSOS; SEMILLAS Y FRUTOS DIVERSOS; P"|43|3983275.6|3193027
20150801|91|"BS.AS. NORTE"|12|"SEMILLAS Y FRUTOS OLEAGINOSOS; SEMILLAS Y FRUTOS DIVERSOS; P"|43|2670050.7|2281584.89
20150901|91|"BS.AS. NORTE"|12|"SEMILLAS Y FRUTOS OLEAGINOSOS; SEMILLAS Y FRUTOS DIVERSOS; P"|48|4044494.63|3331908.3
20151001|91|"BS.AS. NORTE"|12|"SEMILLAS Y FRUTOS OLEAGINOSOS; SEMILLAS Y FRUTOS DIVERSOS; P"|32|2614436.67|1787719.35
20151101|91|"BS.AS. NORTE"|12|"SEMILLAS Y FRUTOS OLEAGINOSOS; SEMILLAS Y FRUTOS DIVERSOS; P"|27|1318233.6|849904.26
20151201|91|"BS.AS. NORTE"|12|"SEMILLAS Y FRUTOS OLEAGINOSOS; SEMILLAS Y FRUTOS DIVERSOS; P"|33|1576830|1704060.23
