"fecha_oficia"|"aduana"|"aduana_desc"|"mercaderia"|"mercaderia_desc"|"cantidad"|"kilos"|"importe"
20140201|88|"GENERAL DEHEZA"|48|"PAPEL Y CARTON; MANUFACTURAS DE PASTA DE CELULOSA, DE PAPEL "|1|54|62.5
20140401|88|"GENERAL DEHEZA"|48|"PAPEL Y CARTON; MANUFACTURAS DE PASTA DE CELULOSA, DE PAPEL "|1|80|150
20140801|88|"GENERAL DEHEZA"|48|"PAPEL Y CARTON; MANUFACTURAS DE PASTA DE CELULOSA, DE PAPEL "|1|1.24|63.54
20141201|88|"GENERAL DEHEZA"|48|"PAPEL Y CARTON; MANUFACTURAS DE PASTA DE CELULOSA, DE PAPEL "|1|86|100
20150101|88|"GENERAL DEHEZA"|48|"PAPEL Y CARTON; MANUFACTURAS DE PASTA DE CELULOSA, DE PAPEL "|1|22|0.6
20150401|88|"GENERAL DEHEZA"|48|"PAPEL Y CARTON; MANUFACTURAS DE PASTA DE CELULOSA, DE PAPEL "|2|50.46|82.5
20150901|88|"GENERAL DEHEZA"|48|"PAPEL Y CARTON; MANUFACTURAS DE PASTA DE CELULOSA, DE PAPEL "|2|640|272
20151001|88|"GENERAL DEHEZA"|48|"PAPEL Y CARTON; MANUFACTURAS DE PASTA DE CELULOSA, DE PAPEL "|1|45|1.05
