"fecha_oficia"|"aduana"|"aduana_desc"|"mercaderia"|"mercaderia_desc"|"cantidad"|"kilos"|"importe"
20150401|91|"BS.AS. NORTE"|82|"HERRAMIENTAS Y UTILES, ARTICULOS DE CUCHILLERIA Y CUBIERTOS "|17|11234.89|881423.08
20150501|91|"BS.AS. NORTE"|82|"HERRAMIENTAS Y UTILES, ARTICULOS DE CUCHILLERIA Y CUBIERTOS "|44|106352.18|841022.42
20150601|91|"BS.AS. NORTE"|82|"HERRAMIENTAS Y UTILES, ARTICULOS DE CUCHILLERIA Y CUBIERTOS "|76|61992.13|344398.88
20150701|91|"BS.AS. NORTE"|82|"HERRAMIENTAS Y UTILES, ARTICULOS DE CUCHILLERIA Y CUBIERTOS "|61|32907.83|245237.52
20150801|91|"BS.AS. NORTE"|82|"HERRAMIENTAS Y UTILES, ARTICULOS DE CUCHILLERIA Y CUBIERTOS "|47|41247.98|255196.58
20150901|91|"BS.AS. NORTE"|82|"HERRAMIENTAS Y UTILES, ARTICULOS DE CUCHILLERIA Y CUBIERTOS "|37|77275.22|406506.08
20151001|91|"BS.AS. NORTE"|82|"HERRAMIENTAS Y UTILES, ARTICULOS DE CUCHILLERIA Y CUBIERTOS "|64|86077.17|459084.13
20151101|91|"BS.AS. NORTE"|82|"HERRAMIENTAS Y UTILES, ARTICULOS DE CUCHILLERIA Y CUBIERTOS "|34|77135.75|403959.1
20151201|91|"BS.AS. NORTE"|82|"HERRAMIENTAS Y UTILES, ARTICULOS DE CUCHILLERIA Y CUBIERTOS "|37|49320.57|227398.38
