"fecha_oficia"|"aduana"|"aduana_desc"|"mercaderia"|"mercaderia_desc"|"cantidad"|"kilos"|"importe"
20150401|92|"BS.AS. SUR"|93|"ARMAS, MUNICIONES, Y SUS PARTES Y ACCESORIOS"|1|1887|17571.52
20150501|92|"BS.AS. SUR"|93|"ARMAS, MUNICIONES, Y SUS PARTES Y ACCESORIOS"|2|80000|218176
20150601|92|"BS.AS. SUR"|93|"ARMAS, MUNICIONES, Y SUS PARTES Y ACCESORIOS"|1|9072|23150.87
20150701|92|"BS.AS. SUR"|93|"ARMAS, MUNICIONES, Y SUS PARTES Y ACCESORIOS"|2|40004.5|109066
20150901|92|"BS.AS. SUR"|93|"ARMAS, MUNICIONES, Y SUS PARTES Y ACCESORIOS"|4|51492.25|160005.47
20151101|92|"BS.AS. SUR"|93|"ARMAS, MUNICIONES, Y SUS PARTES Y ACCESORIOS"|3|19061.25|50967.74
