"fecha_oficia"|"aduana"|"aduana_desc"|"mercaderia"|"mercaderia_desc"|"cantidad"|"kilos"|"importe"
20150401|92|"BS.AS. SUR"|86|"VEHICULOS Y MATERIAL PARA VIAS FERREAS O SIMILARES, Y SUS PA"|9|85800|528423.65
20150501|92|"BS.AS. SUR"|86|"VEHICULOS Y MATERIAL PARA VIAS FERREAS O SIMILARES, Y SUS PA"|8|87711|539814.53
20150601|92|"BS.AS. SUR"|86|"VEHICULOS Y MATERIAL PARA VIAS FERREAS O SIMILARES, Y SUS PA"|14|191820.6|1113988.38
20150701|92|"BS.AS. SUR"|86|"VEHICULOS Y MATERIAL PARA VIAS FERREAS O SIMILARES, Y SUS PA"|18|122302.2|643977.62
20150801|92|"BS.AS. SUR"|86|"VEHICULOS Y MATERIAL PARA VIAS FERREAS O SIMILARES, Y SUS PA"|2|1220|25680
20150901|92|"BS.AS. SUR"|86|"VEHICULOS Y MATERIAL PARA VIAS FERREAS O SIMILARES, Y SUS PA"|6|35125|209021.5
20151001|92|"BS.AS. SUR"|86|"VEHICULOS Y MATERIAL PARA VIAS FERREAS O SIMILARES, Y SUS PA"|5|78064|268197.92
20151101|92|"BS.AS. SUR"|86|"VEHICULOS Y MATERIAL PARA VIAS FERREAS O SIMILARES, Y SUS PA"|9|67202.93|426762.28
20151201|92|"BS.AS. SUR"|86|"VEHICULOS Y MATERIAL PARA VIAS FERREAS O SIMILARES, Y SUS PA"|4|79940|467366.2
