"fecha_oficia"|"aduana"|"aduana_desc"|"mercaderia"|"mercaderia_desc"|"cantidad"|"kilos"|"importe"
20150501|92|"BS.AS. SUR"|55|"FIBRAS SINTETICAS O ARTIFICIALES DISCONTINUAS"|17|36741.57|120040.65
20150601|92|"BS.AS. SUR"|55|"FIBRAS SINTETICAS O ARTIFICIALES DISCONTINUAS"|13|19804.53|103934.48
20150701|92|"BS.AS. SUR"|55|"FIBRAS SINTETICAS O ARTIFICIALES DISCONTINUAS"|18|9709.68|71717.08
20150801|92|"BS.AS. SUR"|55|"FIBRAS SINTETICAS O ARTIFICIALES DISCONTINUAS"|14|28444.26|107769.46
20150901|92|"BS.AS. SUR"|55|"FIBRAS SINTETICAS O ARTIFICIALES DISCONTINUAS"|4|5430.76|41494.45
20151001|92|"BS.AS. SUR"|55|"FIBRAS SINTETICAS O ARTIFICIALES DISCONTINUAS"|26|7971.86|73391.75
20151101|92|"BS.AS. SUR"|55|"FIBRAS SINTETICAS O ARTIFICIALES DISCONTINUAS"|14|5764.75|46844.76
20151201|92|"BS.AS. SUR"|55|"FIBRAS SINTETICAS O ARTIFICIALES DISCONTINUAS"|17|25539.18|78979.92
