"fecha_oficia"|"aduana"|"aduana_desc"|"mercaderia"|"mercaderia_desc"|"cantidad"|"kilos"|"importe"
20150401|91|"BS.AS. NORTE"|11|"PRODUCTOS DE LA MOLINERIA; MALTA; ALMIDON Y FECULA; INULINA;"|2|3915|19809.9
20150501|91|"BS.AS. NORTE"|11|"PRODUCTOS DE LA MOLINERIA; MALTA; ALMIDON Y FECULA; INULINA;"|8|67840.6|55975.31
20150601|91|"BS.AS. NORTE"|11|"PRODUCTOS DE LA MOLINERIA; MALTA; ALMIDON Y FECULA; INULINA;"|14|33527.12|54944.64
20150701|91|"BS.AS. NORTE"|11|"PRODUCTOS DE LA MOLINERIA; MALTA; ALMIDON Y FECULA; INULINA;"|10|23392.68|28193.71
20150801|91|"BS.AS. NORTE"|11|"PRODUCTOS DE LA MOLINERIA; MALTA; ALMIDON Y FECULA; INULINA;"|13|81666.62|51955.2
20150901|91|"BS.AS. NORTE"|11|"PRODUCTOS DE LA MOLINERIA; MALTA; ALMIDON Y FECULA; INULINA;"|18|45320.84|67757.39
20151001|91|"BS.AS. NORTE"|11|"PRODUCTOS DE LA MOLINERIA; MALTA; ALMIDON Y FECULA; INULINA;"|16|32862.14|58743.28
20151101|91|"BS.AS. NORTE"|11|"PRODUCTOS DE LA MOLINERIA; MALTA; ALMIDON Y FECULA; INULINA;"|17|30612.92|46674.58
20151201|91|"BS.AS. NORTE"|11|"PRODUCTOS DE LA MOLINERIA; MALTA; ALMIDON Y FECULA; INULINA;"|8|20417.17|30986.26
