"fecha_oficia"|"aduana"|"aduana_desc"|"mercaderia"|"mercaderia_desc"|"cantidad"|"kilos"|"importe"
20150401|92|"BS.AS. SUR"|84|"REACTORES NUCLEARES, CALDERAS, MAQUINAS, APARATOS Y ARTEFACT"|407|503548.28|7898189.78
20150501|92|"BS.AS. SUR"|84|"REACTORES NUCLEARES, CALDERAS, MAQUINAS, APARATOS Y ARTEFACT"|1158|1855561.378|23230051.26
20150601|92|"BS.AS. SUR"|84|"REACTORES NUCLEARES, CALDERAS, MAQUINAS, APARATOS Y ARTEFACT"|1257|1810013.49|25400978.2
20150701|92|"BS.AS. SUR"|84|"REACTORES NUCLEARES, CALDERAS, MAQUINAS, APARATOS Y ARTEFACT"|1524|1902769.584|22085057.05
20150801|92|"BS.AS. SUR"|84|"REACTORES NUCLEARES, CALDERAS, MAQUINAS, APARATOS Y ARTEFACT"|1278|1454326.565|18772109.71
20150901|92|"BS.AS. SUR"|84|"REACTORES NUCLEARES, CALDERAS, MAQUINAS, APARATOS Y ARTEFACT"|1088|1442335.782|19953407.39
20151001|92|"BS.AS. SUR"|84|"REACTORES NUCLEARES, CALDERAS, MAQUINAS, APARATOS Y ARTEFACT"|1373|1587803.646|22759647.33
20151101|92|"BS.AS. SUR"|84|"REACTORES NUCLEARES, CALDERAS, MAQUINAS, APARATOS Y ARTEFACT"|1192|1291702.26|20581919.65
20151201|92|"BS.AS. SUR"|84|"REACTORES NUCLEARES, CALDERAS, MAQUINAS, APARATOS Y ARTEFACT"|896|1406432.296|17953745.81
