"fecha_oficia"|"aduana"|"aduana_desc"|"mercaderia"|"mercaderia_desc"|"cantidad"|"kilos"|"importe"
20150401|91|"BS.AS. NORTE"|89|"BARCOS Y DEMAS ARTEFACTOS FLOTANTES"|2|5487.4|56909
20150601|91|"BS.AS. NORTE"|89|"BARCOS Y DEMAS ARTEFACTOS FLOTANTES"|1|10500|752477.89
20150701|91|"BS.AS. NORTE"|89|"BARCOS Y DEMAS ARTEFACTOS FLOTANTES"|1|638000|820000
20150901|91|"BS.AS. NORTE"|89|"BARCOS Y DEMAS ARTEFACTOS FLOTANTES"|2|12350|664981.16
20151001|91|"BS.AS. NORTE"|89|"BARCOS Y DEMAS ARTEFACTOS FLOTANTES"|1|93700000|2.75e+08
20151101|91|"BS.AS. NORTE"|89|"BARCOS Y DEMAS ARTEFACTOS FLOTANTES"|8|65216.2|1890253.65
20151201|91|"BS.AS. NORTE"|89|"BARCOS Y DEMAS ARTEFACTOS FLOTANTES"|1|1682.09|48850
