"fecha_oficia"|"aduana"|"aduana_desc"|"mercaderia"|"mercaderia_desc"|"cantidad"|"kilos"|"importe"
20140101|84|"SANTO TOME"|48|"PAPEL Y CARTON; MANUFACTURAS DE PASTA DE CELULOSA, DE PAPEL "|2|19.67|285
20140201|84|"SANTO TOME"|48|"PAPEL Y CARTON; MANUFACTURAS DE PASTA DE CELULOSA, DE PAPEL "|1|78|1209
20140301|84|"SANTO TOME"|48|"PAPEL Y CARTON; MANUFACTURAS DE PASTA DE CELULOSA, DE PAPEL "|2|2.61|65
20140401|84|"SANTO TOME"|48|"PAPEL Y CARTON; MANUFACTURAS DE PASTA DE CELULOSA, DE PAPEL "|7|479.89|7722
20140501|84|"SANTO TOME"|48|"PAPEL Y CARTON; MANUFACTURAS DE PASTA DE CELULOSA, DE PAPEL "|5|313.39|4779.2
20140601|84|"SANTO TOME"|48|"PAPEL Y CARTON; MANUFACTURAS DE PASTA DE CELULOSA, DE PAPEL "|9|320.43|5458
20140701|84|"SANTO TOME"|48|"PAPEL Y CARTON; MANUFACTURAS DE PASTA DE CELULOSA, DE PAPEL "|8|328.5|5919
20140801|84|"SANTO TOME"|48|"PAPEL Y CARTON; MANUFACTURAS DE PASTA DE CELULOSA, DE PAPEL "|7|558.95|7544
20140901|84|"SANTO TOME"|48|"PAPEL Y CARTON; MANUFACTURAS DE PASTA DE CELULOSA, DE PAPEL "|8|756.71|8371
20141001|84|"SANTO TOME"|48|"PAPEL Y CARTON; MANUFACTURAS DE PASTA DE CELULOSA, DE PAPEL "|8|522.72|7563
20141101|84|"SANTO TOME"|48|"PAPEL Y CARTON; MANUFACTURAS DE PASTA DE CELULOSA, DE PAPEL "|5|846|12651
20141201|84|"SANTO TOME"|48|"PAPEL Y CARTON; MANUFACTURAS DE PASTA DE CELULOSA, DE PAPEL "|4|478.8|8298
20150101|84|"SANTO TOME"|48|"PAPEL Y CARTON; MANUFACTURAS DE PASTA DE CELULOSA, DE PAPEL "|1|21.6|2088
20150201|84|"SANTO TOME"|48|"PAPEL Y CARTON; MANUFACTURAS DE PASTA DE CELULOSA, DE PAPEL "|2|6|324
20150301|84|"SANTO TOME"|48|"PAPEL Y CARTON; MANUFACTURAS DE PASTA DE CELULOSA, DE PAPEL "|4|162|2742
20150401|84|"SANTO TOME"|48|"PAPEL Y CARTON; MANUFACTURAS DE PASTA DE CELULOSA, DE PAPEL "|5|309|4674
20150501|84|"SANTO TOME"|48|"PAPEL Y CARTON; MANUFACTURAS DE PASTA DE CELULOSA, DE PAPEL "|4|237|3789
20150601|84|"SANTO TOME"|48|"PAPEL Y CARTON; MANUFACTURAS DE PASTA DE CELULOSA, DE PAPEL "|3|312|4836
20150701|84|"SANTO TOME"|48|"PAPEL Y CARTON; MANUFACTURAS DE PASTA DE CELULOSA, DE PAPEL "|3|309|4674
20150801|84|"SANTO TOME"|48|"PAPEL Y CARTON; MANUFACTURAS DE PASTA DE CELULOSA, DE PAPEL "|4|240|4230
20150901|84|"SANTO TOME"|48|"PAPEL Y CARTON; MANUFACTURAS DE PASTA DE CELULOSA, DE PAPEL "|4|306|4800
20151001|84|"SANTO TOME"|48|"PAPEL Y CARTON; MANUFACTURAS DE PASTA DE CELULOSA, DE PAPEL "|4|318|5520
20151101|84|"SANTO TOME"|48|"PAPEL Y CARTON; MANUFACTURAS DE PASTA DE CELULOSA, DE PAPEL "|3|306|4800
20151201|84|"SANTO TOME"|48|"PAPEL Y CARTON; MANUFACTURAS DE PASTA DE CELULOSA, DE PAPEL "|2|162|3280
