"fecha_oficia"|"aduana"|"aduana_desc"|"mercaderia"|"mercaderia_desc"|"cantidad"|"kilos"|"importe"
20150401|92|"BS.AS. SUR"|23|"RESIDUOS Y DESPERDICIOS DE LAS INDUSTRIAS ALIMENTARIAS; ALIM"|39|1260343.9|942376.96
20150501|92|"BS.AS. SUR"|23|"RESIDUOS Y DESPERDICIOS DE LAS INDUSTRIAS ALIMENTARIAS; ALIM"|83|5163584|2684083.28
20150601|92|"BS.AS. SUR"|23|"RESIDUOS Y DESPERDICIOS DE LAS INDUSTRIAS ALIMENTARIAS; ALIM"|124|8835918.81|3736421.19
20150701|92|"BS.AS. SUR"|23|"RESIDUOS Y DESPERDICIOS DE LAS INDUSTRIAS ALIMENTARIAS; ALIM"|105|7216444.7|3084400.02
20150801|92|"BS.AS. SUR"|23|"RESIDUOS Y DESPERDICIOS DE LAS INDUSTRIAS ALIMENTARIAS; ALIM"|111|6943767.5|3270593.01
20150901|92|"BS.AS. SUR"|23|"RESIDUOS Y DESPERDICIOS DE LAS INDUSTRIAS ALIMENTARIAS; ALIM"|115|7179036|3084351.76
20151001|92|"BS.AS. SUR"|23|"RESIDUOS Y DESPERDICIOS DE LAS INDUSTRIAS ALIMENTARIAS; ALIM"|131|7865311.7|3156084.02
20151101|92|"BS.AS. SUR"|23|"RESIDUOS Y DESPERDICIOS DE LAS INDUSTRIAS ALIMENTARIAS; ALIM"|111|5012589.54|2455721.03
20151201|92|"BS.AS. SUR"|23|"RESIDUOS Y DESPERDICIOS DE LAS INDUSTRIAS ALIMENTARIAS; ALIM"|50|2426051.6|1342653.21
