"fecha_oficia"|"aduana"|"aduana_desc"|"mercaderia"|"mercaderia_desc"|"cantidad"|"kilos"|"importe"
20140101|83|"SAN LUIS"|19|"PREPARACIONES A BASE DE CEREALES, HARINA, ALMIDON, FECULA O "|30|215802.56|643969.38
20140201|83|"SAN LUIS"|19|"PREPARACIONES A BASE DE CEREALES, HARINA, ALMIDON, FECULA O "|34|214608.38|706222.08
20140301|83|"SAN LUIS"|19|"PREPARACIONES A BASE DE CEREALES, HARINA, ALMIDON, FECULA O "|30|247294.56|633799.44
20140401|83|"SAN LUIS"|19|"PREPARACIONES A BASE DE CEREALES, HARINA, ALMIDON, FECULA O "|22|223362.87|548628.48
20140501|83|"SAN LUIS"|19|"PREPARACIONES A BASE DE CEREALES, HARINA, ALMIDON, FECULA O "|14|156440.68|482296.26
20140601|83|"SAN LUIS"|19|"PREPARACIONES A BASE DE CEREALES, HARINA, ALMIDON, FECULA O "|19|131528.25|459675.1
20140701|83|"SAN LUIS"|19|"PREPARACIONES A BASE DE CEREALES, HARINA, ALMIDON, FECULA O "|18|163940.06|459851.28
20140801|83|"SAN LUIS"|19|"PREPARACIONES A BASE DE CEREALES, HARINA, ALMIDON, FECULA O "|6|103793|424189.68
20140901|83|"SAN LUIS"|19|"PREPARACIONES A BASE DE CEREALES, HARINA, ALMIDON, FECULA O "|8|116537.09|382448.72
20141001|83|"SAN LUIS"|19|"PREPARACIONES A BASE DE CEREALES, HARINA, ALMIDON, FECULA O "|5|53874.88|129361.4
20141101|83|"SAN LUIS"|19|"PREPARACIONES A BASE DE CEREALES, HARINA, ALMIDON, FECULA O "|6|76294.39|275552.32
20141201|83|"SAN LUIS"|19|"PREPARACIONES A BASE DE CEREALES, HARINA, ALMIDON, FECULA O "|4|56655.99|138408.86
20150101|83|"SAN LUIS"|19|"PREPARACIONES A BASE DE CEREALES, HARINA, ALMIDON, FECULA O "|7|92003.07|335603.8
20150201|83|"SAN LUIS"|19|"PREPARACIONES A BASE DE CEREALES, HARINA, ALMIDON, FECULA O "|11|116573.99|382126.94
20150301|83|"SAN LUIS"|19|"PREPARACIONES A BASE DE CEREALES, HARINA, ALMIDON, FECULA O "|7|94238.37|283926.24
20150401|83|"SAN LUIS"|19|"PREPARACIONES A BASE DE CEREALES, HARINA, ALMIDON, FECULA O "|8|112965.97|358777.67
20150501|83|"SAN LUIS"|19|"PREPARACIONES A BASE DE CEREALES, HARINA, ALMIDON, FECULA O "|10|159461.74|631848.68
20150601|83|"SAN LUIS"|19|"PREPARACIONES A BASE DE CEREALES, HARINA, ALMIDON, FECULA O "|5|63255.39|267707.44
20150701|83|"SAN LUIS"|19|"PREPARACIONES A BASE DE CEREALES, HARINA, ALMIDON, FECULA O "|5|62144.01|221617.96
20150801|83|"SAN LUIS"|19|"PREPARACIONES A BASE DE CEREALES, HARINA, ALMIDON, FECULA O "|12|165871.45|659639.91
20150901|83|"SAN LUIS"|19|"PREPARACIONES A BASE DE CEREALES, HARINA, ALMIDON, FECULA O "|27|269610.22|768794.2
20151001|83|"SAN LUIS"|19|"PREPARACIONES A BASE DE CEREALES, HARINA, ALMIDON, FECULA O "|30|378234.36|921507.8
20151101|83|"SAN LUIS"|19|"PREPARACIONES A BASE DE CEREALES, HARINA, ALMIDON, FECULA O "|19|216093.48|548964.27
20151201|83|"SAN LUIS"|19|"PREPARACIONES A BASE DE CEREALES, HARINA, ALMIDON, FECULA O "|22|245968.42|779056.94
