"fecha_oficia"|"aduana"|"aduana_desc"|"mercaderia"|"mercaderia_desc"|"cantidad"|"kilos"|"importe"
20140501|90|"GENERAL PICO"|15|"GRASAS Y ACEITES ANIMALES O VEGETALES; PRODUCTOS DE SU DESDO"|3|82231|61528
20140701|90|"GENERAL PICO"|15|"GRASAS Y ACEITES ANIMALES O VEGETALES; PRODUCTOS DE SU DESDO"|1|196000|49196
20140801|90|"GENERAL PICO"|15|"GRASAS Y ACEITES ANIMALES O VEGETALES; PRODUCTOS DE SU DESDO"|5|747340|332912.14
20141101|90|"GENERAL PICO"|15|"GRASAS Y ACEITES ANIMALES O VEGETALES; PRODUCTOS DE SU DESDO"|2|167120|187028.23
20141201|90|"GENERAL PICO"|15|"GRASAS Y ACEITES ANIMALES O VEGETALES; PRODUCTOS DE SU DESDO"|1|168000|192586.8
20150101|90|"GENERAL PICO"|15|"GRASAS Y ACEITES ANIMALES O VEGETALES; PRODUCTOS DE SU DESDO"|2|84000|91000
20150201|90|"GENERAL PICO"|15|"GRASAS Y ACEITES ANIMALES O VEGETALES; PRODUCTOS DE SU DESDO"|2|166496|188526.6
20150301|90|"GENERAL PICO"|15|"GRASAS Y ACEITES ANIMALES O VEGETALES; PRODUCTOS DE SU DESDO"|4|615980|681828.87
20150401|90|"GENERAL PICO"|15|"GRASAS Y ACEITES ANIMALES O VEGETALES; PRODUCTOS DE SU DESDO"|5|643740|702314.89
20150501|90|"GENERAL PICO"|15|"GRASAS Y ACEITES ANIMALES O VEGETALES; PRODUCTOS DE SU DESDO"|6|250325|268935.62
20150601|90|"GENERAL PICO"|15|"GRASAS Y ACEITES ANIMALES O VEGETALES; PRODUCTOS DE SU DESDO"|6|305176|321437.14
20150701|90|"GENERAL PICO"|15|"GRASAS Y ACEITES ANIMALES O VEGETALES; PRODUCTOS DE SU DESDO"|4|37130|27847.5
20150801|90|"GENERAL PICO"|15|"GRASAS Y ACEITES ANIMALES O VEGETALES; PRODUCTOS DE SU DESDO"|5|274400|285341
20150901|90|"GENERAL PICO"|15|"GRASAS Y ACEITES ANIMALES O VEGETALES; PRODUCTOS DE SU DESDO"|2|55580|55720.4
20151001|90|"GENERAL PICO"|15|"GRASAS Y ACEITES ANIMALES O VEGETALES; PRODUCTOS DE SU DESDO"|5|220920|223635.2
20151101|90|"GENERAL PICO"|15|"GRASAS Y ACEITES ANIMALES O VEGETALES; PRODUCTOS DE SU DESDO"|7|221996|243475
20151201|90|"GENERAL PICO"|15|"GRASAS Y ACEITES ANIMALES O VEGETALES; PRODUCTOS DE SU DESDO"|3|252000|253789.2
