"fecha_oficia"|"aduana"|"aduana_desc"|"mercaderia"|"mercaderia_desc"|"cantidad"|"kilos"|"importe"
20150401|92|"BS.AS. SUR"|73|"MANUFACTURAS DE FUNDICION, HIERRO O ACERO"|133|655190.53|1380594.61
20150501|92|"BS.AS. SUR"|73|"MANUFACTURAS DE FUNDICION, HIERRO O ACERO"|439|1797980.15|4537636.71
20150601|92|"BS.AS. SUR"|73|"MANUFACTURAS DE FUNDICION, HIERRO O ACERO"|491|1818780.72|4467274.64
20150701|92|"BS.AS. SUR"|73|"MANUFACTURAS DE FUNDICION, HIERRO O ACERO"|579|1803761.94|6230719.04
20150801|92|"BS.AS. SUR"|73|"MANUFACTURAS DE FUNDICION, HIERRO O ACERO"|567|1942583.98|5130608.4
20150901|92|"BS.AS. SUR"|73|"MANUFACTURAS DE FUNDICION, HIERRO O ACERO"|459|1420327.66|3651614.37
20151001|92|"BS.AS. SUR"|73|"MANUFACTURAS DE FUNDICION, HIERRO O ACERO"|1101|1652253.3|4248809.43
20151101|92|"BS.AS. SUR"|73|"MANUFACTURAS DE FUNDICION, HIERRO O ACERO"|475|1614191.14|4545633.31
20151201|92|"BS.AS. SUR"|73|"MANUFACTURAS DE FUNDICION, HIERRO O ACERO"|401|1372984.94|4289628.47
