"fecha_oficia"|"aduana"|"aduana_desc"|"mercaderia"|"mercaderia_desc"|"cantidad"|"kilos"|"importe"
20140101|84|"SANTO TOME"|35|"MATERIAS ALBUMINOIDEAS; PRODUCTOS A BASE DE ALMIDON O DE FEC"|9|144594.6|536481.92
20140201|84|"SANTO TOME"|35|"MATERIAS ALBUMINOIDEAS; PRODUCTOS A BASE DE ALMIDON O DE FEC"|9|139065.7|553281.55
20140301|84|"SANTO TOME"|35|"MATERIAS ALBUMINOIDEAS; PRODUCTOS A BASE DE ALMIDON O DE FEC"|8|166059|636400.08
20140401|84|"SANTO TOME"|35|"MATERIAS ALBUMINOIDEAS; PRODUCTOS A BASE DE ALMIDON O DE FEC"|5|69063|288917.03
20140501|84|"SANTO TOME"|35|"MATERIAS ALBUMINOIDEAS; PRODUCTOS A BASE DE ALMIDON O DE FEC"|7|141286.6|537474.45
20140601|84|"SANTO TOME"|35|"MATERIAS ALBUMINOIDEAS; PRODUCTOS A BASE DE ALMIDON O DE FEC"|9|141204.1|552838.02
20140701|84|"SANTO TOME"|35|"MATERIAS ALBUMINOIDEAS; PRODUCTOS A BASE DE ALMIDON O DE FEC"|12|152192.7|575460.88
20140801|84|"SANTO TOME"|35|"MATERIAS ALBUMINOIDEAS; PRODUCTOS A BASE DE ALMIDON O DE FEC"|10|148734.6|589651.1
20140901|84|"SANTO TOME"|35|"MATERIAS ALBUMINOIDEAS; PRODUCTOS A BASE DE ALMIDON O DE FEC"|7|117111.9|453299.78
20141001|84|"SANTO TOME"|35|"MATERIAS ALBUMINOIDEAS; PRODUCTOS A BASE DE ALMIDON O DE FEC"|14|159852.1|597145.31
20141101|84|"SANTO TOME"|35|"MATERIAS ALBUMINOIDEAS; PRODUCTOS A BASE DE ALMIDON O DE FEC"|3|44092.4|173731.87
20141201|84|"SANTO TOME"|35|"MATERIAS ALBUMINOIDEAS; PRODUCTOS A BASE DE ALMIDON O DE FEC"|7|64928.5|260770.41
20150101|84|"SANTO TOME"|35|"MATERIAS ALBUMINOIDEAS; PRODUCTOS A BASE DE ALMIDON O DE FEC"|3|42775.9|142957.48
20150201|84|"SANTO TOME"|35|"MATERIAS ALBUMINOIDEAS; PRODUCTOS A BASE DE ALMIDON O DE FEC"|3|61216.5|228730.15
20150301|84|"SANTO TOME"|35|"MATERIAS ALBUMINOIDEAS; PRODUCTOS A BASE DE ALMIDON O DE FEC"|4|48083.3|185245.86
20150401|84|"SANTO TOME"|35|"MATERIAS ALBUMINOIDEAS; PRODUCTOS A BASE DE ALMIDON O DE FEC"|7|28963|99738.99
20150501|84|"SANTO TOME"|35|"MATERIAS ALBUMINOIDEAS; PRODUCTOS A BASE DE ALMIDON O DE FEC"|2|21159.8|73080.03
20150601|84|"SANTO TOME"|35|"MATERIAS ALBUMINOIDEAS; PRODUCTOS A BASE DE ALMIDON O DE FEC"|9|103570.9|396172.04
20150701|84|"SANTO TOME"|35|"MATERIAS ALBUMINOIDEAS; PRODUCTOS A BASE DE ALMIDON O DE FEC"|10|137534.2|547830.77
20150801|84|"SANTO TOME"|35|"MATERIAS ALBUMINOIDEAS; PRODUCTOS A BASE DE ALMIDON O DE FEC"|6|116523.8|424689.54
20150901|84|"SANTO TOME"|35|"MATERIAS ALBUMINOIDEAS; PRODUCTOS A BASE DE ALMIDON O DE FEC"|10|187313|695625.06
20151001|84|"SANTO TOME"|35|"MATERIAS ALBUMINOIDEAS; PRODUCTOS A BASE DE ALMIDON O DE FEC"|7|91070|309710.26
20151101|84|"SANTO TOME"|35|"MATERIAS ALBUMINOIDEAS; PRODUCTOS A BASE DE ALMIDON O DE FEC"|7|115914.6|392225.62
20151201|84|"SANTO TOME"|35|"MATERIAS ALBUMINOIDEAS; PRODUCTOS A BASE DE ALMIDON O DE FEC"|7|76952.8|281276.11
