"fecha_oficia"|"aduana"|"aduana_desc"|"mercaderia"|"mercaderia_desc"|"cantidad"|"kilos"|"importe"
20140101|83|"SAN LUIS"|73|"MANUFACTURAS DE FUNDICION, HIERRO O ACERO"|7|368530.1|163169.65
20140201|83|"SAN LUIS"|73|"MANUFACTURAS DE FUNDICION, HIERRO O ACERO"|13|32640.4|84721.95
20140301|83|"SAN LUIS"|73|"MANUFACTURAS DE FUNDICION, HIERRO O ACERO"|18|534142|406326.8
20140401|83|"SAN LUIS"|73|"MANUFACTURAS DE FUNDICION, HIERRO O ACERO"|10|139641.12|158953.26
20140501|83|"SAN LUIS"|73|"MANUFACTURAS DE FUNDICION, HIERRO O ACERO"|25|178092.68|298628.97
20140601|83|"SAN LUIS"|73|"MANUFACTURAS DE FUNDICION, HIERRO O ACERO"|17|123732.7|248296.22
20140701|83|"SAN LUIS"|73|"MANUFACTURAS DE FUNDICION, HIERRO O ACERO"|16|179318.99|161770.14
20140801|83|"SAN LUIS"|73|"MANUFACTURAS DE FUNDICION, HIERRO O ACERO"|15|20576.4|172780.83
20140901|83|"SAN LUIS"|73|"MANUFACTURAS DE FUNDICION, HIERRO O ACERO"|11|62267|160648.04
20141001|83|"SAN LUIS"|73|"MANUFACTURAS DE FUNDICION, HIERRO O ACERO"|14|294866.7|319879.06
20141101|83|"SAN LUIS"|73|"MANUFACTURAS DE FUNDICION, HIERRO O ACERO"|21|269069.49|367238.61
20141201|83|"SAN LUIS"|73|"MANUFACTURAS DE FUNDICION, HIERRO O ACERO"|15|232198.72|293255.29
20150101|83|"SAN LUIS"|73|"MANUFACTURAS DE FUNDICION, HIERRO O ACERO"|2|178266.9|170450.7
20150201|83|"SAN LUIS"|73|"MANUFACTURAS DE FUNDICION, HIERRO O ACERO"|8|351011.62|351090.53
20150301|83|"SAN LUIS"|73|"MANUFACTURAS DE FUNDICION, HIERRO O ACERO"|11|230779.96|265516.06
20150401|83|"SAN LUIS"|73|"MANUFACTURAS DE FUNDICION, HIERRO O ACERO"|8|210666.9|270818.84
20150501|83|"SAN LUIS"|73|"MANUFACTURAS DE FUNDICION, HIERRO O ACERO"|12|179446.4|188596.46
20150601|83|"SAN LUIS"|73|"MANUFACTURAS DE FUNDICION, HIERRO O ACERO"|5|230669.42|210351.03
20150701|83|"SAN LUIS"|73|"MANUFACTURAS DE FUNDICION, HIERRO O ACERO"|7|145001.8|162027.58
20150801|83|"SAN LUIS"|73|"MANUFACTURAS DE FUNDICION, HIERRO O ACERO"|5|124890.78|137175
20150901|83|"SAN LUIS"|73|"MANUFACTURAS DE FUNDICION, HIERRO O ACERO"|5|20405|39937.19
20151001|83|"SAN LUIS"|73|"MANUFACTURAS DE FUNDICION, HIERRO O ACERO"|7|68755|73605.15
20151101|83|"SAN LUIS"|73|"MANUFACTURAS DE FUNDICION, HIERRO O ACERO"|12|125722.9|130920.13
20151201|83|"SAN LUIS"|73|"MANUFACTURAS DE FUNDICION, HIERRO O ACERO"|4|203452.8|204416.84
