"fecha_oficia"|"aduana"|"aduana_desc"|"mercaderia"|"mercaderia_desc"|"cantidad"|"kilos"|"importe"
20140101|78|"SAN RAFAEL"|39|"PLASTICO Y SUS MANUFACTURAS"|6|123933.2|318513.36
20140201|78|"SAN RAFAEL"|39|"PLASTICO Y SUS MANUFACTURAS"|5|110618.4|313789.55
20140301|78|"SAN RAFAEL"|39|"PLASTICO Y SUS MANUFACTURAS"|4|89523.1|253332.09
20140401|78|"SAN RAFAEL"|39|"PLASTICO Y SUS MANUFACTURAS"|5|79910.98|239179.83
20140501|78|"SAN RAFAEL"|39|"PLASTICO Y SUS MANUFACTURAS"|2|46559.6|134118.14
20140601|78|"SAN RAFAEL"|39|"PLASTICO Y SUS MANUFACTURAS"|3|77559.1|200201.93
20140701|78|"SAN RAFAEL"|39|"PLASTICO Y SUS MANUFACTURAS"|5|116896.6|330488
20140801|78|"SAN RAFAEL"|39|"PLASTICO Y SUS MANUFACTURAS"|4|94822.7|259518.97
20140901|78|"SAN RAFAEL"|39|"PLASTICO Y SUS MANUFACTURAS"|7|115349.1|327334.58
20141001|78|"SAN RAFAEL"|39|"PLASTICO Y SUS MANUFACTURAS"|6|137698|402340.46
20141101|78|"SAN RAFAEL"|39|"PLASTICO Y SUS MANUFACTURAS"|4|95332.6|260935.88
20141201|78|"SAN RAFAEL"|39|"PLASTICO Y SUS MANUFACTURAS"|5|118977.9|347302.25
20150101|78|"SAN RAFAEL"|39|"PLASTICO Y SUS MANUFACTURAS"|3|70583.2|188366.39
20150201|78|"SAN RAFAEL"|39|"PLASTICO Y SUS MANUFACTURAS"|5|88894.9|272448.81
20150301|78|"SAN RAFAEL"|39|"PLASTICO Y SUS MANUFACTURAS"|2|46160.6|121842.35
20150401|78|"SAN RAFAEL"|39|"PLASTICO Y SUS MANUFACTURAS"|4|89014.9|269581.35
20150501|78|"SAN RAFAEL"|39|"PLASTICO Y SUS MANUFACTURAS"|2|47312.5|138853.07
20150601|78|"SAN RAFAEL"|39|"PLASTICO Y SUS MANUFACTURAS"|7|93453.95|266901.55
20150701|78|"SAN RAFAEL"|39|"PLASTICO Y SUS MANUFACTURAS"|3|21493.2|69359.02
20150801|78|"SAN RAFAEL"|39|"PLASTICO Y SUS MANUFACTURAS"|2|44838.6|120771.34
20150901|78|"SAN RAFAEL"|39|"PLASTICO Y SUS MANUFACTURAS"|5|72718.38|182973.21
20151001|78|"SAN RAFAEL"|39|"PLASTICO Y SUS MANUFACTURAS"|2|45049.9|108656.43
20151101|78|"SAN RAFAEL"|39|"PLASTICO Y SUS MANUFACTURAS"|3|68008.5|185783.46
20151201|78|"SAN RAFAEL"|39|"PLASTICO Y SUS MANUFACTURAS"|2|50372.3|105026.24
