"fecha_oficia"|"aduana"|"aduana_desc"|"mercaderia"|"mercaderia_desc"|"cantidad"|"kilos"|"importe"
20150401|92|"BS.AS. SUR"|64|"CALZADO, POLAINAS Y ARTICULOS ANALOGOS; PARTES DE ESTOS ARTI"|43|22147.196|307334.36
20150501|92|"BS.AS. SUR"|64|"CALZADO, POLAINAS Y ARTICULOS ANALOGOS; PARTES DE ESTOS ARTI"|77|28704.834|439015.81
20150601|92|"BS.AS. SUR"|64|"CALZADO, POLAINAS Y ARTICULOS ANALOGOS; PARTES DE ESTOS ARTI"|82|63919.28|829682.6
20150701|92|"BS.AS. SUR"|64|"CALZADO, POLAINAS Y ARTICULOS ANALOGOS; PARTES DE ESTOS ARTI"|29|13113.49|265876.58
20150801|92|"BS.AS. SUR"|64|"CALZADO, POLAINAS Y ARTICULOS ANALOGOS; PARTES DE ESTOS ARTI"|61|34928.98|436672.28
20150901|92|"BS.AS. SUR"|64|"CALZADO, POLAINAS Y ARTICULOS ANALOGOS; PARTES DE ESTOS ARTI"|90|29173.56|672407.22
20151001|92|"BS.AS. SUR"|64|"CALZADO, POLAINAS Y ARTICULOS ANALOGOS; PARTES DE ESTOS ARTI"|68|28697.29|422838.1
20151101|92|"BS.AS. SUR"|64|"CALZADO, POLAINAS Y ARTICULOS ANALOGOS; PARTES DE ESTOS ARTI"|68|14978.5|330269.31
20151201|92|"BS.AS. SUR"|64|"CALZADO, POLAINAS Y ARTICULOS ANALOGOS; PARTES DE ESTOS ARTI"|53|25593.89|589488.63
