"fecha_oficia"|"aduana"|"aduana_desc"|"mercaderia"|"mercaderia_desc"|"cantidad"|"kilos"|"importe"
20140401|83|"SAN LUIS"|12|"SEMILLAS Y FRUTOS OLEAGINOSOS; SEMILLAS Y FRUTOS DIVERSOS; P"|1|348000|158340
20140501|83|"SAN LUIS"|12|"SEMILLAS Y FRUTOS OLEAGINOSOS; SEMILLAS Y FRUTOS DIVERSOS; P"|3|661160|285048.72
20140601|83|"SAN LUIS"|12|"SEMILLAS Y FRUTOS OLEAGINOSOS; SEMILLAS Y FRUTOS DIVERSOS; P"|1|6930|8925
20140701|83|"SAN LUIS"|12|"SEMILLAS Y FRUTOS OLEAGINOSOS; SEMILLAS Y FRUTOS DIVERSOS; P"|2|573308.09|108926.77
20140901|83|"SAN LUIS"|12|"SEMILLAS Y FRUTOS OLEAGINOSOS; SEMILLAS Y FRUTOS DIVERSOS; P"|2|85000|16257
20141001|83|"SAN LUIS"|12|"SEMILLAS Y FRUTOS OLEAGINOSOS; SEMILLAS Y FRUTOS DIVERSOS; P"|4|241000|45723
20141201|83|"SAN LUIS"|12|"SEMILLAS Y FRUTOS OLEAGINOSOS; SEMILLAS Y FRUTOS DIVERSOS; P"|1|28450|5889.15
20150101|83|"SAN LUIS"|12|"SEMILLAS Y FRUTOS OLEAGINOSOS; SEMILLAS Y FRUTOS DIVERSOS; P"|1|28000|5320
20150301|83|"SAN LUIS"|12|"SEMILLAS Y FRUTOS OLEAGINOSOS; SEMILLAS Y FRUTOS DIVERSOS; P"|3|321930|57392.4
20150401|83|"SAN LUIS"|12|"SEMILLAS Y FRUTOS OLEAGINOSOS; SEMILLAS Y FRUTOS DIVERSOS; P"|2|445630|82613.4
20150601|83|"SAN LUIS"|12|"SEMILLAS Y FRUTOS OLEAGINOSOS; SEMILLAS Y FRUTOS DIVERSOS; P"|1|271240|50993.12
