"fecha_oficia"|"aduana"|"aduana_desc"|"mercaderia"|"mercaderia_desc"|"cantidad"|"kilos"|"importe"
20150401|91|"BS.AS. NORTE"|87|"VEHICULOS AUTOMOVILES, TRACTORES, VELOCIPEDOS Y DEMAS VEHICU"|105|89239.25|815447.86
20150501|91|"BS.AS. NORTE"|87|"VEHICULOS AUTOMOVILES, TRACTORES, VELOCIPEDOS Y DEMAS VEHICU"|220|155254.83|1403433.86
20150601|91|"BS.AS. NORTE"|87|"VEHICULOS AUTOMOVILES, TRACTORES, VELOCIPEDOS Y DEMAS VEHICU"|265|328258.62|2112669.09
20150701|91|"BS.AS. NORTE"|87|"VEHICULOS AUTOMOVILES, TRACTORES, VELOCIPEDOS Y DEMAS VEHICU"|347|242200|2106577.15
20150801|91|"BS.AS. NORTE"|87|"VEHICULOS AUTOMOVILES, TRACTORES, VELOCIPEDOS Y DEMAS VEHICU"|270|154847.27|1366994.21
20150901|91|"BS.AS. NORTE"|87|"VEHICULOS AUTOMOVILES, TRACTORES, VELOCIPEDOS Y DEMAS VEHICU"|287|400616.33|3102504.81
20151001|91|"BS.AS. NORTE"|87|"VEHICULOS AUTOMOVILES, TRACTORES, VELOCIPEDOS Y DEMAS VEHICU"|326|217271.44|3178883.15
20151101|91|"BS.AS. NORTE"|87|"VEHICULOS AUTOMOVILES, TRACTORES, VELOCIPEDOS Y DEMAS VEHICU"|275|412691.37|3911677.39
20151201|91|"BS.AS. NORTE"|87|"VEHICULOS AUTOMOVILES, TRACTORES, VELOCIPEDOS Y DEMAS VEHICU"|296|191555.7|2601773.78
