"fecha_oficia"|"aduana"|"aduana_desc"|"mercaderia"|"mercaderia_desc"|"cantidad"|"kilos"|"importe"
20150401|91|"BS.AS. NORTE"|9|"CAFE, TE, YERBA MATE Y ESPECIAS"|8|2529.6|18181.57
20150501|91|"BS.AS. NORTE"|9|"CAFE, TE, YERBA MATE Y ESPECIAS"|7|116590.08|166546.92
20150601|91|"BS.AS. NORTE"|9|"CAFE, TE, YERBA MATE Y ESPECIAS"|24|123756.53|246925.4
20150701|91|"BS.AS. NORTE"|9|"CAFE, TE, YERBA MATE Y ESPECIAS"|15|88876.41|269112.23
20150801|91|"BS.AS. NORTE"|9|"CAFE, TE, YERBA MATE Y ESPECIAS"|10|104446|195872.72
20150901|91|"BS.AS. NORTE"|9|"CAFE, TE, YERBA MATE Y ESPECIAS"|2|31480|120049.2
20151001|91|"BS.AS. NORTE"|9|"CAFE, TE, YERBA MATE Y ESPECIAS"|9|46819.32|194254.19
20151101|91|"BS.AS. NORTE"|9|"CAFE, TE, YERBA MATE Y ESPECIAS"|15|53733.39|212096.4
20151201|91|"BS.AS. NORTE"|9|"CAFE, TE, YERBA MATE Y ESPECIAS"|16|695569.07|589989.54
