"fecha_oficia"|"aduana"|"aduana_desc"|"mercaderia"|"mercaderia_desc"|"cantidad"|"kilos"|"importe"
20150401|92|"BS.AS. SUR"|34|"JABON, AGENTES DE SUPERFICIE ORGANICOS, PREPARACIONES PARA L"|120|761492.57|1223888.1
20150501|92|"BS.AS. SUR"|34|"JABON, AGENTES DE SUPERFICIE ORGANICOS, PREPARACIONES PARA L"|351|2385659.51|3997471.5
20150601|92|"BS.AS. SUR"|34|"JABON, AGENTES DE SUPERFICIE ORGANICOS, PREPARACIONES PARA L"|388|3123197.13|5528986.21
20150701|92|"BS.AS. SUR"|34|"JABON, AGENTES DE SUPERFICIE ORGANICOS, PREPARACIONES PARA L"|304|2074843.47|3699883.2
20150801|92|"BS.AS. SUR"|34|"JABON, AGENTES DE SUPERFICIE ORGANICOS, PREPARACIONES PARA L"|341|2378058.49|3996819.68
20150901|92|"BS.AS. SUR"|34|"JABON, AGENTES DE SUPERFICIE ORGANICOS, PREPARACIONES PARA L"|302|2386222.13|4352455.3
20151001|92|"BS.AS. SUR"|34|"JABON, AGENTES DE SUPERFICIE ORGANICOS, PREPARACIONES PARA L"|315|2332817.7|4145224.3
20151101|92|"BS.AS. SUR"|34|"JABON, AGENTES DE SUPERFICIE ORGANICOS, PREPARACIONES PARA L"|362|2374298.96|3482280.93
20151201|92|"BS.AS. SUR"|34|"JABON, AGENTES DE SUPERFICIE ORGANICOS, PREPARACIONES PARA L"|293|2185086.3|3560100.95
