"fecha_oficia"|"aduana"|"aduana_desc"|"mercaderia"|"mercaderia_desc"|"cantidad"|"kilos"|"importe"
20150401|91|"BS.AS. NORTE"|42|"MANUFACTURAS DE CUERO; ARTICULOS DE TALABARTERIA O GUARNICIO"|3|1135.66|177722.21
20150501|91|"BS.AS. NORTE"|42|"MANUFACTURAS DE CUERO; ARTICULOS DE TALABARTERIA O GUARNICIO"|15|924.95|23400.72
20150601|91|"BS.AS. NORTE"|42|"MANUFACTURAS DE CUERO; ARTICULOS DE TALABARTERIA O GUARNICIO"|32|9014.18|273208.44
20150701|91|"BS.AS. NORTE"|42|"MANUFACTURAS DE CUERO; ARTICULOS DE TALABARTERIA O GUARNICIO"|15|1007.41|73494.39
20150801|91|"BS.AS. NORTE"|42|"MANUFACTURAS DE CUERO; ARTICULOS DE TALABARTERIA O GUARNICIO"|7|1562.2|58717.04
20150901|91|"BS.AS. NORTE"|42|"MANUFACTURAS DE CUERO; ARTICULOS DE TALABARTERIA O GUARNICIO"|18|2712.58|127852.07
20151001|91|"BS.AS. NORTE"|42|"MANUFACTURAS DE CUERO; ARTICULOS DE TALABARTERIA O GUARNICIO"|21|5116.68|60977.03
20151101|91|"BS.AS. NORTE"|42|"MANUFACTURAS DE CUERO; ARTICULOS DE TALABARTERIA O GUARNICIO"|14|2160.02|44141.32
20151201|91|"BS.AS. NORTE"|42|"MANUFACTURAS DE CUERO; ARTICULOS DE TALABARTERIA O GUARNICIO"|19|3562.22|127696.95
