"fecha_oficia"|"aduana"|"aduana_desc"|"mercaderia"|"mercaderia_desc"|"cantidad"|"kilos"|"importe"
20140301|83|"SAN LUIS"|29|"PRODUCTOS QUIMICOS ORGANICOS"|1|26000|54314
20140501|83|"SAN LUIS"|29|"PRODUCTOS QUIMICOS ORGANICOS"|1|26000|52312
20150201|83|"SAN LUIS"|29|"PRODUCTOS QUIMICOS ORGANICOS"|1|27000|41580
20150401|83|"SAN LUIS"|29|"PRODUCTOS QUIMICOS ORGANICOS"|1|26000|39828
20150701|83|"SAN LUIS"|29|"PRODUCTOS QUIMICOS ORGANICOS"|1|28000|42980
20151101|83|"SAN LUIS"|29|"PRODUCTOS QUIMICOS ORGANICOS"|1|26000|50898
