"fecha_oficia"|"aduana"|"aduana_desc"|"mercaderia"|"mercaderia_desc"|"cantidad"|"kilos"|"importe"
20150401|92|"BS.AS. SUR"|27|"COMBUSTIBLES MINERALES, ACEITES MINERALES Y PRODUCTOS DE SU "|16|15735923.63|6510635.07
20150501|92|"BS.AS. SUR"|27|"COMBUSTIBLES MINERALES, ACEITES MINERALES Y PRODUCTOS DE SU "|58|6033695.48|4832786.55
20150601|92|"BS.AS. SUR"|27|"COMBUSTIBLES MINERALES, ACEITES MINERALES Y PRODUCTOS DE SU "|82|6663158.67|4816895.1
20150701|92|"BS.AS. SUR"|27|"COMBUSTIBLES MINERALES, ACEITES MINERALES Y PRODUCTOS DE SU "|88|19085988.12|10545449.42
20150801|92|"BS.AS. SUR"|27|"COMBUSTIBLES MINERALES, ACEITES MINERALES Y PRODUCTOS DE SU "|127|6320924.84|5262576.98
20150901|92|"BS.AS. SUR"|27|"COMBUSTIBLES MINERALES, ACEITES MINERALES Y PRODUCTOS DE SU "|64|4246377.03|3939135.76
20151001|92|"BS.AS. SUR"|27|"COMBUSTIBLES MINERALES, ACEITES MINERALES Y PRODUCTOS DE SU "|45|32768672.25|10835941.37
20151101|92|"BS.AS. SUR"|27|"COMBUSTIBLES MINERALES, ACEITES MINERALES Y PRODUCTOS DE SU "|77|9890806|5468034.81
20151201|92|"BS.AS. SUR"|27|"COMBUSTIBLES MINERALES, ACEITES MINERALES Y PRODUCTOS DE SU "|52|39231160.05|12234314.8
