"fecha_oficia"|"aduana"|"aduana_desc"|"mercaderia"|"mercaderia_desc"|"cantidad"|"kilos"|"importe"
20150401|92|"BS.AS. SUR"|22|"BEBIDAS, LIQUIDOS ALCOHOLICOS Y VINAGRE"|136|360177.3|1286277.63
20150501|92|"BS.AS. SUR"|22|"BEBIDAS, LIQUIDOS ALCOHOLICOS Y VINAGRE"|399|1482012.65|4621063.94
20150601|92|"BS.AS. SUR"|22|"BEBIDAS, LIQUIDOS ALCOHOLICOS Y VINAGRE"|523|1417468.13|4695583.5
20150701|92|"BS.AS. SUR"|22|"BEBIDAS, LIQUIDOS ALCOHOLICOS Y VINAGRE"|605|1581949.604|4600127.26
20150801|92|"BS.AS. SUR"|22|"BEBIDAS, LIQUIDOS ALCOHOLICOS Y VINAGRE"|440|1211071.21|3952988.79
20150901|92|"BS.AS. SUR"|22|"BEBIDAS, LIQUIDOS ALCOHOLICOS Y VINAGRE"|522|1178063.03|4883289.09
20151001|92|"BS.AS. SUR"|22|"BEBIDAS, LIQUIDOS ALCOHOLICOS Y VINAGRE"|536|1887146.628|6674742.15
20151101|92|"BS.AS. SUR"|22|"BEBIDAS, LIQUIDOS ALCOHOLICOS Y VINAGRE"|433|1102101.662|3336523.59
20151201|92|"BS.AS. SUR"|22|"BEBIDAS, LIQUIDOS ALCOHOLICOS Y VINAGRE"|363|1097979|2610681.52
