"fecha_oficia"|"aduana"|"aduana_desc"|"mercaderia"|"mercaderia_desc"|"cantidad"|"kilos"|"importe"
20150401|91|"BS.AS. NORTE"|49|"PRODUCTOS EDITORIALES DE LA PRENSA Y DE LAS DEMAS INDUSTRIAS"|42|17307.89|166917.87
20150501|91|"BS.AS. NORTE"|49|"PRODUCTOS EDITORIALES DE LA PRENSA Y DE LAS DEMAS INDUSTRIAS"|106|59707.31|567698.98
20150601|91|"BS.AS. NORTE"|49|"PRODUCTOS EDITORIALES DE LA PRENSA Y DE LAS DEMAS INDUSTRIAS"|291|130259.37|1282991.61
20150701|91|"BS.AS. NORTE"|49|"PRODUCTOS EDITORIALES DE LA PRENSA Y DE LAS DEMAS INDUSTRIAS"|202|87606.18|823891.02
20150801|91|"BS.AS. NORTE"|49|"PRODUCTOS EDITORIALES DE LA PRENSA Y DE LAS DEMAS INDUSTRIAS"|116|49063.15|393044.19
20150901|91|"BS.AS. NORTE"|49|"PRODUCTOS EDITORIALES DE LA PRENSA Y DE LAS DEMAS INDUSTRIAS"|160|116287.59|1010270.41
20151001|91|"BS.AS. NORTE"|49|"PRODUCTOS EDITORIALES DE LA PRENSA Y DE LAS DEMAS INDUSTRIAS"|228|150955.97|1458296.55
20151101|91|"BS.AS. NORTE"|49|"PRODUCTOS EDITORIALES DE LA PRENSA Y DE LAS DEMAS INDUSTRIAS"|122|216522.68|1673792.25
20151201|91|"BS.AS. NORTE"|49|"PRODUCTOS EDITORIALES DE LA PRENSA Y DE LAS DEMAS INDUSTRIAS"|125|62836.86|535207.56
