"fecha_oficia"|"aduana"|"aduana_desc"|"mercaderia"|"mercaderia_desc"|"cantidad"|"kilos"|"importe"
20140101|83|"SAN LUIS"|20|"PREPARACIONES DE HORTALIZAS, FRUTAS U OTROS FRUTOS O DEMAS P"|81|4415432.46|7206507.42
20140201|83|"SAN LUIS"|20|"PREPARACIONES DE HORTALIZAS, FRUTAS U OTROS FRUTOS O DEMAS P"|69|2235200.34|3740772.48
20140301|83|"SAN LUIS"|20|"PREPARACIONES DE HORTALIZAS, FRUTAS U OTROS FRUTOS O DEMAS P"|88|2566363.48|4391544.79
20140401|83|"SAN LUIS"|20|"PREPARACIONES DE HORTALIZAS, FRUTAS U OTROS FRUTOS O DEMAS P"|64|1763432.86|2935087.6
20140501|83|"SAN LUIS"|20|"PREPARACIONES DE HORTALIZAS, FRUTAS U OTROS FRUTOS O DEMAS P"|57|1263221.1|2295166.88
20140601|83|"SAN LUIS"|20|"PREPARACIONES DE HORTALIZAS, FRUTAS U OTROS FRUTOS O DEMAS P"|57|1058440.58|1930779.19
20140701|83|"SAN LUIS"|20|"PREPARACIONES DE HORTALIZAS, FRUTAS U OTROS FRUTOS O DEMAS P"|61|1259639.99|2324636.67
20140801|83|"SAN LUIS"|20|"PREPARACIONES DE HORTALIZAS, FRUTAS U OTROS FRUTOS O DEMAS P"|37|833647.72|1547245.03
20140901|83|"SAN LUIS"|20|"PREPARACIONES DE HORTALIZAS, FRUTAS U OTROS FRUTOS O DEMAS P"|49|1379396.72|2426915.98
20141001|83|"SAN LUIS"|20|"PREPARACIONES DE HORTALIZAS, FRUTAS U OTROS FRUTOS O DEMAS P"|59|1190203.2|2213428.83
20141101|83|"SAN LUIS"|20|"PREPARACIONES DE HORTALIZAS, FRUTAS U OTROS FRUTOS O DEMAS P"|29|721161.56|1376956.01
20141201|83|"SAN LUIS"|20|"PREPARACIONES DE HORTALIZAS, FRUTAS U OTROS FRUTOS O DEMAS P"|21|481533|918253.13
20150101|83|"SAN LUIS"|20|"PREPARACIONES DE HORTALIZAS, FRUTAS U OTROS FRUTOS O DEMAS P"|33|1392120|2544228.01
20150201|83|"SAN LUIS"|20|"PREPARACIONES DE HORTALIZAS, FRUTAS U OTROS FRUTOS O DEMAS P"|54|1267413.68|2347332.38
20150301|83|"SAN LUIS"|20|"PREPARACIONES DE HORTALIZAS, FRUTAS U OTROS FRUTOS O DEMAS P"|48|867679.24|1652467.81
20150401|83|"SAN LUIS"|20|"PREPARACIONES DE HORTALIZAS, FRUTAS U OTROS FRUTOS O DEMAS P"|56|1074200.8|1991218.15
20150501|83|"SAN LUIS"|20|"PREPARACIONES DE HORTALIZAS, FRUTAS U OTROS FRUTOS O DEMAS P"|25|645334.12|1088514.6
20150601|83|"SAN LUIS"|20|"PREPARACIONES DE HORTALIZAS, FRUTAS U OTROS FRUTOS O DEMAS P"|59|1336904.84|2359261.37
20150701|83|"SAN LUIS"|20|"PREPARACIONES DE HORTALIZAS, FRUTAS U OTROS FRUTOS O DEMAS P"|57|1642024.08|2918921.85
20150801|83|"SAN LUIS"|20|"PREPARACIONES DE HORTALIZAS, FRUTAS U OTROS FRUTOS O DEMAS P"|31|1231191.6|2219349.4
20150901|83|"SAN LUIS"|20|"PREPARACIONES DE HORTALIZAS, FRUTAS U OTROS FRUTOS O DEMAS P"|40|1067936.48|1875222.7
20151001|83|"SAN LUIS"|20|"PREPARACIONES DE HORTALIZAS, FRUTAS U OTROS FRUTOS O DEMAS P"|36|1059728|2006445.3
20151101|83|"SAN LUIS"|20|"PREPARACIONES DE HORTALIZAS, FRUTAS U OTROS FRUTOS O DEMAS P"|39|1093795.36|1824584.3
20151201|83|"SAN LUIS"|20|"PREPARACIONES DE HORTALIZAS, FRUTAS U OTROS FRUTOS O DEMAS P"|50|1747950.08|2881269.83
