"fecha_oficia"|"aduana"|"aduana_desc"|"mercaderia"|"mercaderia_desc"|"cantidad"|"kilos"|"importe"
20140301|76|"ORAN"|44|"MADERA, CARBON VEGETAL Y MANUFACTURAS DE MADERA"|1|23710.32|17186.56
20140801|76|"ORAN"|44|"MADERA, CARBON VEGETAL Y MANUFACTURAS DE MADERA"|2|52580|12350
20140901|76|"ORAN"|44|"MADERA, CARBON VEGETAL Y MANUFACTURAS DE MADERA"|2|99478|43009.23
20141101|76|"ORAN"|44|"MADERA, CARBON VEGETAL Y MANUFACTURAS DE MADERA"|1|25000|6600
20150101|76|"ORAN"|44|"MADERA, CARBON VEGETAL Y MANUFACTURAS DE MADERA"|7|14620|2437.6
20150301|76|"ORAN"|44|"MADERA, CARBON VEGETAL Y MANUFACTURAS DE MADERA"|3|76260|49946.08
20151001|76|"ORAN"|44|"MADERA, CARBON VEGETAL Y MANUFACTURAS DE MADERA"|1|74478|33101.64
20151201|76|"ORAN"|44|"MADERA, CARBON VEGETAL Y MANUFACTURAS DE MADERA"|1|38770|8042.4
