"fecha_oficia"|"aduana"|"aduana_desc"|"mercaderia"|"mercaderia_desc"|"cantidad"|"kilos"|"importe"
20140101|89|"SANTIAGO DEL ESTERO"|23|"RESIDUOS Y DESPERDICIOS DE LAS INDUSTRIAS ALIMENTARIAS; ALIM"|7|3860900|2010044.72
20140201|89|"SANTIAGO DEL ESTERO"|23|"RESIDUOS Y DESPERDICIOS DE LAS INDUSTRIAS ALIMENTARIAS; ALIM"|10|5189260|2712724.52
20140301|89|"SANTIAGO DEL ESTERO"|23|"RESIDUOS Y DESPERDICIOS DE LAS INDUSTRIAS ALIMENTARIAS; ALIM"|1|150000|67500
20140401|89|"SANTIAGO DEL ESTERO"|23|"RESIDUOS Y DESPERDICIOS DE LAS INDUSTRIAS ALIMENTARIAS; ALIM"|15|6945820|3069839.32
20140501|89|"SANTIAGO DEL ESTERO"|23|"RESIDUOS Y DESPERDICIOS DE LAS INDUSTRIAS ALIMENTARIAS; ALIM"|22|16249720|7125332.16
20140601|89|"SANTIAGO DEL ESTERO"|23|"RESIDUOS Y DESPERDICIOS DE LAS INDUSTRIAS ALIMENTARIAS; ALIM"|20|17131260|7666811.09
20140701|89|"SANTIAGO DEL ESTERO"|23|"RESIDUOS Y DESPERDICIOS DE LAS INDUSTRIAS ALIMENTARIAS; ALIM"|34|14968580|6149918.54
20140801|89|"SANTIAGO DEL ESTERO"|23|"RESIDUOS Y DESPERDICIOS DE LAS INDUSTRIAS ALIMENTARIAS; ALIM"|40|20482500|6971003.93
20140901|89|"SANTIAGO DEL ESTERO"|23|"RESIDUOS Y DESPERDICIOS DE LAS INDUSTRIAS ALIMENTARIAS; ALIM"|18|14766880|5127165.64
20141001|89|"SANTIAGO DEL ESTERO"|23|"RESIDUOS Y DESPERDICIOS DE LAS INDUSTRIAS ALIMENTARIAS; ALIM"|57|27534500|8939308.81
20141101|89|"SANTIAGO DEL ESTERO"|23|"RESIDUOS Y DESPERDICIOS DE LAS INDUSTRIAS ALIMENTARIAS; ALIM"|48|21255570|6992664.68
20141201|89|"SANTIAGO DEL ESTERO"|23|"RESIDUOS Y DESPERDICIOS DE LAS INDUSTRIAS ALIMENTARIAS; ALIM"|57|33329920|11001965.43
20150101|89|"SANTIAGO DEL ESTERO"|23|"RESIDUOS Y DESPERDICIOS DE LAS INDUSTRIAS ALIMENTARIAS; ALIM"|52|41725080|13808722.72
20150201|89|"SANTIAGO DEL ESTERO"|23|"RESIDUOS Y DESPERDICIOS DE LAS INDUSTRIAS ALIMENTARIAS; ALIM"|48|23115160|7357839.66
20150301|89|"SANTIAGO DEL ESTERO"|23|"RESIDUOS Y DESPERDICIOS DE LAS INDUSTRIAS ALIMENTARIAS; ALIM"|53|51895220|16027764.38
20150401|89|"SANTIAGO DEL ESTERO"|23|"RESIDUOS Y DESPERDICIOS DE LAS INDUSTRIAS ALIMENTARIAS; ALIM"|54|42453300|12120209.3
20150501|89|"SANTIAGO DEL ESTERO"|23|"RESIDUOS Y DESPERDICIOS DE LAS INDUSTRIAS ALIMENTARIAS; ALIM"|48|35752700|9865201.92
20150601|89|"SANTIAGO DEL ESTERO"|23|"RESIDUOS Y DESPERDICIOS DE LAS INDUSTRIAS ALIMENTARIAS; ALIM"|63|41712340|10765333.44
20150701|89|"SANTIAGO DEL ESTERO"|23|"RESIDUOS Y DESPERDICIOS DE LAS INDUSTRIAS ALIMENTARIAS; ALIM"|58|24036320|6708457.08
20150801|89|"SANTIAGO DEL ESTERO"|23|"RESIDUOS Y DESPERDICIOS DE LAS INDUSTRIAS ALIMENTARIAS; ALIM"|48|21431200|6663423.85
20150901|89|"SANTIAGO DEL ESTERO"|23|"RESIDUOS Y DESPERDICIOS DE LAS INDUSTRIAS ALIMENTARIAS; ALIM"|69|27312600|8191081.09
20151001|89|"SANTIAGO DEL ESTERO"|23|"RESIDUOS Y DESPERDICIOS DE LAS INDUSTRIAS ALIMENTARIAS; ALIM"|63|25181700|6838183.16
20151101|89|"SANTIAGO DEL ESTERO"|23|"RESIDUOS Y DESPERDICIOS DE LAS INDUSTRIAS ALIMENTARIAS; ALIM"|47|20140280|5662583.83
20151201|89|"SANTIAGO DEL ESTERO"|23|"RESIDUOS Y DESPERDICIOS DE LAS INDUSTRIAS ALIMENTARIAS; ALIM"|62|29638220|7910423.1
