"fecha_oficia"|"aduana"|"aduana_desc"|"mercaderia"|"mercaderia_desc"|"cantidad"|"kilos"|"importe"
20140201|88|"GENERAL DEHEZA"|9|"CAFE, TE, YERBA MATE Y ESPECIAS"|3|80000|114280
20140401|88|"GENERAL DEHEZA"|9|"CAFE, TE, YERBA MATE Y ESPECIAS"|2|40000|62600
20140501|88|"GENERAL DEHEZA"|9|"CAFE, TE, YERBA MATE Y ESPECIAS"|1|20000|24000
20150101|88|"GENERAL DEHEZA"|9|"CAFE, TE, YERBA MATE Y ESPECIAS"|5|140000|202650
20150201|88|"GENERAL DEHEZA"|9|"CAFE, TE, YERBA MATE Y ESPECIAS"|4|170000|228400
20150301|88|"GENERAL DEHEZA"|9|"CAFE, TE, YERBA MATE Y ESPECIAS"|1|40000|52200
20150401|88|"GENERAL DEHEZA"|9|"CAFE, TE, YERBA MATE Y ESPECIAS"|2|79070|92314.23
20150601|88|"GENERAL DEHEZA"|9|"CAFE, TE, YERBA MATE Y ESPECIAS"|1|44000|47820.08
20150701|88|"GENERAL DEHEZA"|9|"CAFE, TE, YERBA MATE Y ESPECIAS"|6|70000|75722.35
20151001|88|"GENERAL DEHEZA"|9|"CAFE, TE, YERBA MATE Y ESPECIAS"|1|396|1995.84
20151201|88|"GENERAL DEHEZA"|9|"CAFE, TE, YERBA MATE Y ESPECIAS"|1|20000|16350
