"fecha_oficia"|"aduana"|"aduana_desc"|"mercaderia"|"mercaderia_desc"|"cantidad"|"kilos"|"importe"
20150401|91|"BS.AS. NORTE"|21|"PREPARACIONES ALIMENTICIAS DIVERSAS"|131|837158.58|1886464.47
20150501|91|"BS.AS. NORTE"|21|"PREPARACIONES ALIMENTICIAS DIVERSAS"|285|1940807.4|4337599.87
20150601|91|"BS.AS. NORTE"|21|"PREPARACIONES ALIMENTICIAS DIVERSAS"|370|2130444.16|5083780.6
20150701|91|"BS.AS. NORTE"|21|"PREPARACIONES ALIMENTICIAS DIVERSAS"|330|1880654.17|4796271.29
20150801|91|"BS.AS. NORTE"|21|"PREPARACIONES ALIMENTICIAS DIVERSAS"|299|2248338.26|5944692.71
20150901|91|"BS.AS. NORTE"|21|"PREPARACIONES ALIMENTICIAS DIVERSAS"|316|2998666.62|5927861.71
20151001|91|"BS.AS. NORTE"|21|"PREPARACIONES ALIMENTICIAS DIVERSAS"|331|2498225.68|5010494.18
20151101|91|"BS.AS. NORTE"|21|"PREPARACIONES ALIMENTICIAS DIVERSAS"|439|3077495.58|6490903.35
20151201|91|"BS.AS. NORTE"|21|"PREPARACIONES ALIMENTICIAS DIVERSAS"|215|1184421.22|3962493.44
