"fecha_oficia"|"aduana"|"aduana_desc"|"mercaderia"|"mercaderia_desc"|"cantidad"|"kilos"|"importe"
20150401|92|"BS.AS. SUR"|33|"ACEITES ESENCIALES Y RESINOIDES; PEPARACIONES DE PERFUMERIA,"|204|341372.29|3181038.86
20150501|92|"BS.AS. SUR"|33|"ACEITES ESENCIALES Y RESINOIDES; PEPARACIONES DE PERFUMERIA,"|602|1030005.69|9789729.04
20150601|92|"BS.AS. SUR"|33|"ACEITES ESENCIALES Y RESINOIDES; PEPARACIONES DE PERFUMERIA,"|840|1250886.38|16328797.1
20150701|92|"BS.AS. SUR"|33|"ACEITES ESENCIALES Y RESINOIDES; PEPARACIONES DE PERFUMERIA,"|727|1203087.11|13553987.35
20150801|92|"BS.AS. SUR"|33|"ACEITES ESENCIALES Y RESINOIDES; PEPARACIONES DE PERFUMERIA,"|654|1101660.91|14115592.64
20150901|92|"BS.AS. SUR"|33|"ACEITES ESENCIALES Y RESINOIDES; PEPARACIONES DE PERFUMERIA,"|657|1368955.19|17257552.98
20151001|92|"BS.AS. SUR"|33|"ACEITES ESENCIALES Y RESINOIDES; PEPARACIONES DE PERFUMERIA,"|599|1151143.47|13571121.59
20151101|92|"BS.AS. SUR"|33|"ACEITES ESENCIALES Y RESINOIDES; PEPARACIONES DE PERFUMERIA,"|615|1280444.18|13165179.74
20151201|92|"BS.AS. SUR"|33|"ACEITES ESENCIALES Y RESINOIDES; PEPARACIONES DE PERFUMERIA,"|583|1138162.33|14315112.13
