"fecha_oficia"|"aduana"|"aduana_desc"|"mercaderia"|"mercaderia_desc"|"cantidad"|"kilos"|"importe"
20150501|91|"BS.AS. NORTE"|59|"TELAS IMPREGNADAS, RECUBIERTAS, REVESTIDAS O ESTRATIFICADAS;"|8|7686.5|64940.74
20150601|91|"BS.AS. NORTE"|59|"TELAS IMPREGNADAS, RECUBIERTAS, REVESTIDAS O ESTRATIFICADAS;"|10|10299.12|103179.25
20150701|91|"BS.AS. NORTE"|59|"TELAS IMPREGNADAS, RECUBIERTAS, REVESTIDAS O ESTRATIFICADAS;"|8|5777.75|58384.43
20150801|91|"BS.AS. NORTE"|59|"TELAS IMPREGNADAS, RECUBIERTAS, REVESTIDAS O ESTRATIFICADAS;"|4|4970.43|63433.92
20150901|91|"BS.AS. NORTE"|59|"TELAS IMPREGNADAS, RECUBIERTAS, REVESTIDAS O ESTRATIFICADAS;"|10|10239.1|154451.14
20151001|91|"BS.AS. NORTE"|59|"TELAS IMPREGNADAS, RECUBIERTAS, REVESTIDAS O ESTRATIFICADAS;"|6|3543.22|35552.02
20151101|91|"BS.AS. NORTE"|59|"TELAS IMPREGNADAS, RECUBIERTAS, REVESTIDAS O ESTRATIFICADAS;"|6|5198.8|61058.45
20151201|91|"BS.AS. NORTE"|59|"TELAS IMPREGNADAS, RECUBIERTAS, REVESTIDAS O ESTRATIFICADAS;"|4|393|8880.28
