"fecha_oficia"|"aduana"|"aduana_desc"|"mercaderia"|"mercaderia_desc"|"cantidad"|"kilos"|"importe"
20140101|83|"SAN LUIS"|76|"ALUMINIO Y SUS MANUFACTURAS"|2|12152|122324.86
20140201|83|"SAN LUIS"|76|"ALUMINIO Y SUS MANUFACTURAS"|1|6272|61162.42
20140301|83|"SAN LUIS"|76|"ALUMINIO Y SUS MANUFACTURAS"|1|6272|61162.41
20140501|83|"SAN LUIS"|76|"ALUMINIO Y SUS MANUFACTURAS"|1|6272|61162.42
20140601|83|"SAN LUIS"|76|"ALUMINIO Y SUS MANUFACTURAS"|2|12544|122324.84
20140701|83|"SAN LUIS"|76|"ALUMINIO Y SUS MANUFACTURAS"|1|6272|61162.41
20140801|83|"SAN LUIS"|76|"ALUMINIO Y SUS MANUFACTURAS"|2|12544|122324.81
20141101|83|"SAN LUIS"|76|"ALUMINIO Y SUS MANUFACTURAS"|1|1.05|35
