"fecha_oficia"|"aduana"|"aduana_desc"|"mercaderia"|"mercaderia_desc"|"cantidad"|"kilos"|"importe"
20150401|92|"BS.AS. SUR"|44|"MADERA, CARBON VEGETAL Y MANUFACTURAS DE MADERA"|49|1010757.54|1145476.55
20150501|92|"BS.AS. SUR"|44|"MADERA, CARBON VEGETAL Y MANUFACTURAS DE MADERA"|118|2117044.34|2048676.85
20150601|92|"BS.AS. SUR"|44|"MADERA, CARBON VEGETAL Y MANUFACTURAS DE MADERA"|141|3852355.61|3928773.45
20150701|92|"BS.AS. SUR"|44|"MADERA, CARBON VEGETAL Y MANUFACTURAS DE MADERA"|87|1500662.81|2041138.07
20150801|92|"BS.AS. SUR"|44|"MADERA, CARBON VEGETAL Y MANUFACTURAS DE MADERA"|128|1738126.69|2820679.86
20150901|92|"BS.AS. SUR"|44|"MADERA, CARBON VEGETAL Y MANUFACTURAS DE MADERA"|94|1488497.28|1183994.51
20151001|92|"BS.AS. SUR"|44|"MADERA, CARBON VEGETAL Y MANUFACTURAS DE MADERA"|99|2168165.01|1441922.81
20151101|92|"BS.AS. SUR"|44|"MADERA, CARBON VEGETAL Y MANUFACTURAS DE MADERA"|78|1952503.08|1261595.96
20151201|92|"BS.AS. SUR"|44|"MADERA, CARBON VEGETAL Y MANUFACTURAS DE MADERA"|78|1021169.952|893681.94
