"fecha_oficia"|"aduana"|"aduana_desc"|"mercaderia"|"mercaderia_desc"|"cantidad"|"kilos"|"importe"
20140101|85|"VILLA REGINA"|20|"PREPARACIONES DE HORTALIZAS, FRUTAS U OTROS FRUTOS O DEMAS P"|4|41400|83151
20140201|85|"VILLA REGINA"|20|"PREPARACIONES DE HORTALIZAS, FRUTAS U OTROS FRUTOS O DEMAS P"|3|27442.8|44151.6
20140301|85|"VILLA REGINA"|20|"PREPARACIONES DE HORTALIZAS, FRUTAS U OTROS FRUTOS O DEMAS P"|2|24300|48729.6
20140401|85|"VILLA REGINA"|20|"PREPARACIONES DE HORTALIZAS, FRUTAS U OTROS FRUTOS O DEMAS P"|2|1839.6|2659
20140501|85|"VILLA REGINA"|20|"PREPARACIONES DE HORTALIZAS, FRUTAS U OTROS FRUTOS O DEMAS P"|2|24000|47694
20140601|85|"VILLA REGINA"|20|"PREPARACIONES DE HORTALIZAS, FRUTAS U OTROS FRUTOS O DEMAS P"|2|1839.6|2682.63
20140701|85|"VILLA REGINA"|20|"PREPARACIONES DE HORTALIZAS, FRUTAS U OTROS FRUTOS O DEMAS P"|2|2146.2|3017.52
20140801|85|"VILLA REGINA"|20|"PREPARACIONES DE HORTALIZAS, FRUTAS U OTROS FRUTOS O DEMAS P"|5|49754.4|78524.67
20140901|85|"VILLA REGINA"|20|"PREPARACIONES DE HORTALIZAS, FRUTAS U OTROS FRUTOS O DEMAS P"|5|53225.6|88524.05
20141001|85|"VILLA REGINA"|20|"PREPARACIONES DE HORTALIZAS, FRUTAS U OTROS FRUTOS O DEMAS P"|2|24000|44578.68
20141101|85|"VILLA REGINA"|20|"PREPARACIONES DE HORTALIZAS, FRUTAS U OTROS FRUTOS O DEMAS P"|2|7358.4|10730.45
20141201|85|"VILLA REGINA"|20|"PREPARACIONES DE HORTALIZAS, FRUTAS U OTROS FRUTOS O DEMAS P"|4|48000|89157.36
20150101|85|"VILLA REGINA"|20|"PREPARACIONES DE HORTALIZAS, FRUTAS U OTROS FRUTOS O DEMAS P"|8|55802.54|86632.62
20150201|85|"VILLA REGINA"|20|"PREPARACIONES DE HORTALIZAS, FRUTAS U OTROS FRUTOS O DEMAS P"|4|144230|222552.4
20150301|85|"VILLA REGINA"|20|"PREPARACIONES DE HORTALIZAS, FRUTAS U OTROS FRUTOS O DEMAS P"|4|56206.2|89686.19
20150401|85|"VILLA REGINA"|20|"PREPARACIONES DE HORTALIZAS, FRUTAS U OTROS FRUTOS O DEMAS P"|18|127448.82|195284.9
20150501|85|"VILLA REGINA"|20|"PREPARACIONES DE HORTALIZAS, FRUTAS U OTROS FRUTOS O DEMAS P"|5|93200.4|152536.44
20150601|85|"VILLA REGINA"|20|"PREPARACIONES DE HORTALIZAS, FRUTAS U OTROS FRUTOS O DEMAS P"|3|40500|73770.47
20150701|85|"VILLA REGINA"|20|"PREPARACIONES DE HORTALIZAS, FRUTAS U OTROS FRUTOS O DEMAS P"|6|40722.76|59139.35
20150801|85|"VILLA REGINA"|20|"PREPARACIONES DE HORTALIZAS, FRUTAS U OTROS FRUTOS O DEMAS P"|13|133109.12|211039.96
20150901|85|"VILLA REGINA"|20|"PREPARACIONES DE HORTALIZAS, FRUTAS U OTROS FRUTOS O DEMAS P"|9|70854.2|107002.84
20151001|85|"VILLA REGINA"|20|"PREPARACIONES DE HORTALIZAS, FRUTAS U OTROS FRUTOS O DEMAS P"|12|146186.56|207088.16
20151101|85|"VILLA REGINA"|20|"PREPARACIONES DE HORTALIZAS, FRUTAS U OTROS FRUTOS O DEMAS P"|6|54660|81508.34
20151201|85|"VILLA REGINA"|20|"PREPARACIONES DE HORTALIZAS, FRUTAS U OTROS FRUTOS O DEMAS P"|12|115217.8|142597.29
