"fecha_oficia"|"aduana"|"aduana_desc"|"mercaderia"|"mercaderia_desc"|"cantidad"|"kilos"|"importe"
20150401|91|"BS.AS. NORTE"|35|"MATERIAS ALBUMINOIDEAS; PRODUCTOS A BASE DE ALMIDON O DE FEC"|46|395406.47|1743485.24
20150501|91|"BS.AS. NORTE"|35|"MATERIAS ALBUMINOIDEAS; PRODUCTOS A BASE DE ALMIDON O DE FEC"|114|1310710.91|5894766.75
20150601|91|"BS.AS. NORTE"|35|"MATERIAS ALBUMINOIDEAS; PRODUCTOS A BASE DE ALMIDON O DE FEC"|120|1143543.94|5599699.37
20150701|91|"BS.AS. NORTE"|35|"MATERIAS ALBUMINOIDEAS; PRODUCTOS A BASE DE ALMIDON O DE FEC"|78|1027216.88|4640333
20150801|91|"BS.AS. NORTE"|35|"MATERIAS ALBUMINOIDEAS; PRODUCTOS A BASE DE ALMIDON O DE FEC"|110|1039797.71|4612955.95
20150901|91|"BS.AS. NORTE"|35|"MATERIAS ALBUMINOIDEAS; PRODUCTOS A BASE DE ALMIDON O DE FEC"|97|1096067.94|4976235.07
20151001|91|"BS.AS. NORTE"|35|"MATERIAS ALBUMINOIDEAS; PRODUCTOS A BASE DE ALMIDON O DE FEC"|106|1233694.57|5502894.09
20151101|91|"BS.AS. NORTE"|35|"MATERIAS ALBUMINOIDEAS; PRODUCTOS A BASE DE ALMIDON O DE FEC"|95|916582.57|4195991.04
20151201|91|"BS.AS. NORTE"|35|"MATERIAS ALBUMINOIDEAS; PRODUCTOS A BASE DE ALMIDON O DE FEC"|81|832051.17|3873857.86
