"fecha_oficia"|"aduana"|"aduana_desc"|"mercaderia"|"mercaderia_desc"|"cantidad"|"kilos"|"importe"
20150401|91|"BS.AS. NORTE"|25|"SAL; AZUFRE; TIERRAS Y PIEDRAS; YESOS, CALES Y CEMENTOS"|14|330429.2|145854.04
20150501|91|"BS.AS. NORTE"|25|"SAL; AZUFRE; TIERRAS Y PIEDRAS; YESOS, CALES Y CEMENTOS"|33|806524.98|416654.09
20150601|91|"BS.AS. NORTE"|25|"SAL; AZUFRE; TIERRAS Y PIEDRAS; YESOS, CALES Y CEMENTOS"|35|840290|409117.3
20150701|91|"BS.AS. NORTE"|25|"SAL; AZUFRE; TIERRAS Y PIEDRAS; YESOS, CALES Y CEMENTOS"|35|810796.39|408619.31
20150801|91|"BS.AS. NORTE"|25|"SAL; AZUFRE; TIERRAS Y PIEDRAS; YESOS, CALES Y CEMENTOS"|37|737110.78|378416.12
20150901|91|"BS.AS. NORTE"|25|"SAL; AZUFRE; TIERRAS Y PIEDRAS; YESOS, CALES Y CEMENTOS"|28|591357.74|315858.21
20151001|91|"BS.AS. NORTE"|25|"SAL; AZUFRE; TIERRAS Y PIEDRAS; YESOS, CALES Y CEMENTOS"|26|547433|289667.26
20151101|91|"BS.AS. NORTE"|25|"SAL; AZUFRE; TIERRAS Y PIEDRAS; YESOS, CALES Y CEMENTOS"|19|463401|239424.62
20151201|91|"BS.AS. NORTE"|25|"SAL; AZUFRE; TIERRAS Y PIEDRAS; YESOS, CALES Y CEMENTOS"|14|247820|160168.41
