"fecha_oficia"|"aduana"|"aduana_desc"|"mercaderia"|"mercaderia_desc"|"cantidad"|"kilos"|"importe"
20140101|79|"LA RIOJA"|22|"BEBIDAS, LIQUIDOS ALCOHOLICOS Y VINAGRE"|31|318653|1034674.43
20140201|79|"LA RIOJA"|22|"BEBIDAS, LIQUIDOS ALCOHOLICOS Y VINAGRE"|30|475965|1022748.45
20140301|79|"LA RIOJA"|22|"BEBIDAS, LIQUIDOS ALCOHOLICOS Y VINAGRE"|53|653946|1331778.73
20140401|79|"LA RIOJA"|22|"BEBIDAS, LIQUIDOS ALCOHOLICOS Y VINAGRE"|40|366218|704700.9
20140501|79|"LA RIOJA"|22|"BEBIDAS, LIQUIDOS ALCOHOLICOS Y VINAGRE"|44|610978|1267187.61
20140601|79|"LA RIOJA"|22|"BEBIDAS, LIQUIDOS ALCOHOLICOS Y VINAGRE"|35|484909.8|1110757.92
20140701|79|"LA RIOJA"|22|"BEBIDAS, LIQUIDOS ALCOHOLICOS Y VINAGRE"|67|1046277|2497401.98
20140801|79|"LA RIOJA"|22|"BEBIDAS, LIQUIDOS ALCOHOLICOS Y VINAGRE"|58|894815.47|1842702.06
20140901|79|"LA RIOJA"|22|"BEBIDAS, LIQUIDOS ALCOHOLICOS Y VINAGRE"|69|613299|1418975.7
20141001|79|"LA RIOJA"|22|"BEBIDAS, LIQUIDOS ALCOHOLICOS Y VINAGRE"|69|755457|1515315.24
20141101|79|"LA RIOJA"|22|"BEBIDAS, LIQUIDOS ALCOHOLICOS Y VINAGRE"|33|410922|914099.24
20141201|79|"LA RIOJA"|22|"BEBIDAS, LIQUIDOS ALCOHOLICOS Y VINAGRE"|28|386757|786203.76
20150101|79|"LA RIOJA"|22|"BEBIDAS, LIQUIDOS ALCOHOLICOS Y VINAGRE"|36|583108|1000516.94
20150201|79|"LA RIOJA"|22|"BEBIDAS, LIQUIDOS ALCOHOLICOS Y VINAGRE"|39|551447|1041072.32
20150301|79|"LA RIOJA"|22|"BEBIDAS, LIQUIDOS ALCOHOLICOS Y VINAGRE"|33|453180|862216.64
20150401|79|"LA RIOJA"|22|"BEBIDAS, LIQUIDOS ALCOHOLICOS Y VINAGRE"|42|500475.31|1164808.81
20150501|79|"LA RIOJA"|22|"BEBIDAS, LIQUIDOS ALCOHOLICOS Y VINAGRE"|59|787047|1664914.66
20150601|79|"LA RIOJA"|22|"BEBIDAS, LIQUIDOS ALCOHOLICOS Y VINAGRE"|62|815103|1358550.28
20150701|79|"LA RIOJA"|22|"BEBIDAS, LIQUIDOS ALCOHOLICOS Y VINAGRE"|29|409255|761236.3
20150801|79|"LA RIOJA"|22|"BEBIDAS, LIQUIDOS ALCOHOLICOS Y VINAGRE"|44|596517|1039330.92
20150901|79|"LA RIOJA"|22|"BEBIDAS, LIQUIDOS ALCOHOLICOS Y VINAGRE"|66|828906|1500739.77
20151001|79|"LA RIOJA"|22|"BEBIDAS, LIQUIDOS ALCOHOLICOS Y VINAGRE"|54|654582|976563.36
20151101|79|"LA RIOJA"|22|"BEBIDAS, LIQUIDOS ALCOHOLICOS Y VINAGRE"|26|159869|337446.22
20151201|79|"LA RIOJA"|22|"BEBIDAS, LIQUIDOS ALCOHOLICOS Y VINAGRE"|15|384651|418963.73
