"fecha_oficia"|"aduana"|"aduana_desc"|"mercaderia"|"mercaderia_desc"|"cantidad"|"kilos"|"importe"
20140101|88|"GENERAL DEHEZA"|23|"RESIDUOS Y DESPERDICIOS DE LAS INDUSTRIAS ALIMENTARIAS; ALIM"|53|9413660|3300522.1
20140201|88|"GENERAL DEHEZA"|23|"RESIDUOS Y DESPERDICIOS DE LAS INDUSTRIAS ALIMENTARIAS; ALIM"|57|9774950|3212251.55
20140301|88|"GENERAL DEHEZA"|23|"RESIDUOS Y DESPERDICIOS DE LAS INDUSTRIAS ALIMENTARIAS; ALIM"|53|8142650|3061554.72
20140401|88|"GENERAL DEHEZA"|23|"RESIDUOS Y DESPERDICIOS DE LAS INDUSTRIAS ALIMENTARIAS; ALIM"|69|10917510|4053408.23
20140501|88|"GENERAL DEHEZA"|23|"RESIDUOS Y DESPERDICIOS DE LAS INDUSTRIAS ALIMENTARIAS; ALIM"|90|15753710|5426083.18
20140601|88|"GENERAL DEHEZA"|23|"RESIDUOS Y DESPERDICIOS DE LAS INDUSTRIAS ALIMENTARIAS; ALIM"|86|12234720|4553402.04
20140701|88|"GENERAL DEHEZA"|23|"RESIDUOS Y DESPERDICIOS DE LAS INDUSTRIAS ALIMENTARIAS; ALIM"|69|15872920|5113966.44
20140801|88|"GENERAL DEHEZA"|23|"RESIDUOS Y DESPERDICIOS DE LAS INDUSTRIAS ALIMENTARIAS; ALIM"|59|15430800|4148884.54
20140901|88|"GENERAL DEHEZA"|23|"RESIDUOS Y DESPERDICIOS DE LAS INDUSTRIAS ALIMENTARIAS; ALIM"|60|12232700|3286431.06
20141001|88|"GENERAL DEHEZA"|23|"RESIDUOS Y DESPERDICIOS DE LAS INDUSTRIAS ALIMENTARIAS; ALIM"|97|17742500|4121198.46
20141101|88|"GENERAL DEHEZA"|23|"RESIDUOS Y DESPERDICIOS DE LAS INDUSTRIAS ALIMENTARIAS; ALIM"|69|12590550|2957971.9
20141201|88|"GENERAL DEHEZA"|23|"RESIDUOS Y DESPERDICIOS DE LAS INDUSTRIAS ALIMENTARIAS; ALIM"|67|11766520|2562527.94
20150101|88|"GENERAL DEHEZA"|23|"RESIDUOS Y DESPERDICIOS DE LAS INDUSTRIAS ALIMENTARIAS; ALIM"|108|20324040|4061482.16
20150201|88|"GENERAL DEHEZA"|23|"RESIDUOS Y DESPERDICIOS DE LAS INDUSTRIAS ALIMENTARIAS; ALIM"|90|20867240|4229315.86
20150301|88|"GENERAL DEHEZA"|23|"RESIDUOS Y DESPERDICIOS DE LAS INDUSTRIAS ALIMENTARIAS; ALIM"|123|27150596|5441119.74
20150401|88|"GENERAL DEHEZA"|23|"RESIDUOS Y DESPERDICIOS DE LAS INDUSTRIAS ALIMENTARIAS; ALIM"|147|34841640|6803417.85
20150501|88|"GENERAL DEHEZA"|23|"RESIDUOS Y DESPERDICIOS DE LAS INDUSTRIAS ALIMENTARIAS; ALIM"|124|27490610|5071784.42
20150601|88|"GENERAL DEHEZA"|23|"RESIDUOS Y DESPERDICIOS DE LAS INDUSTRIAS ALIMENTARIAS; ALIM"|106|25042190|4510955.93
20150701|88|"GENERAL DEHEZA"|23|"RESIDUOS Y DESPERDICIOS DE LAS INDUSTRIAS ALIMENTARIAS; ALIM"|128|27997220|4473816.11
20150801|88|"GENERAL DEHEZA"|23|"RESIDUOS Y DESPERDICIOS DE LAS INDUSTRIAS ALIMENTARIAS; ALIM"|95|20691208|3287276.91
20150901|88|"GENERAL DEHEZA"|23|"RESIDUOS Y DESPERDICIOS DE LAS INDUSTRIAS ALIMENTARIAS; ALIM"|116|24491580|3790052.04
20151001|88|"GENERAL DEHEZA"|23|"RESIDUOS Y DESPERDICIOS DE LAS INDUSTRIAS ALIMENTARIAS; ALIM"|102|24760150|3503359.7
20151101|88|"GENERAL DEHEZA"|23|"RESIDUOS Y DESPERDICIOS DE LAS INDUSTRIAS ALIMENTARIAS; ALIM"|88|22059630|3099161.46
20151201|88|"GENERAL DEHEZA"|23|"RESIDUOS Y DESPERDICIOS DE LAS INDUSTRIAS ALIMENTARIAS; ALIM"|79|19406680|2688646.8
