"fecha_oficia"|"aduana"|"aduana_desc"|"mercaderia"|"mercaderia_desc"|"cantidad"|"kilos"|"importe"
20150401|92|"BS.AS. SUR"|82|"HERRAMIENTAS Y UTILES, ARTICULOS DE CUCHILLERIA Y CUBIERTOS "|80|50501.67|347774.95
20150501|92|"BS.AS. SUR"|82|"HERRAMIENTAS Y UTILES, ARTICULOS DE CUCHILLERIA Y CUBIERTOS "|133|126771.32|584398.55
20150601|92|"BS.AS. SUR"|82|"HERRAMIENTAS Y UTILES, ARTICULOS DE CUCHILLERIA Y CUBIERTOS "|202|128525.19|582105.54
20150701|92|"BS.AS. SUR"|82|"HERRAMIENTAS Y UTILES, ARTICULOS DE CUCHILLERIA Y CUBIERTOS "|115|119828.8|423193.9
20150801|92|"BS.AS. SUR"|82|"HERRAMIENTAS Y UTILES, ARTICULOS DE CUCHILLERIA Y CUBIERTOS "|112|95648.65|382255.05
20150901|92|"BS.AS. SUR"|82|"HERRAMIENTAS Y UTILES, ARTICULOS DE CUCHILLERIA Y CUBIERTOS "|113|80733.71|512376.53
20151001|92|"BS.AS. SUR"|82|"HERRAMIENTAS Y UTILES, ARTICULOS DE CUCHILLERIA Y CUBIERTOS "|137|80947.9|316744.08
20151101|92|"BS.AS. SUR"|82|"HERRAMIENTAS Y UTILES, ARTICULOS DE CUCHILLERIA Y CUBIERTOS "|99|70450.03|316169.75
20151201|92|"BS.AS. SUR"|82|"HERRAMIENTAS Y UTILES, ARTICULOS DE CUCHILLERIA Y CUBIERTOS "|178|85841.11|351964.5
