"fecha_oficia"|"aduana"|"aduana_desc"|"mercaderia"|"mercaderia_desc"|"cantidad"|"kilos"|"importe"
20150301|76|"ORAN"|22|"BEBIDAS, LIQUIDOS ALCOHOLICOS Y VINAGRE"|3|183836.4|117876
20150401|76|"ORAN"|22|"BEBIDAS, LIQUIDOS ALCOHOLICOS Y VINAGRE"|2|122557.6|78584
20150501|76|"ORAN"|22|"BEBIDAS, LIQUIDOS ALCOHOLICOS Y VINAGRE"|5|271627.2|173712
20150601|76|"ORAN"|22|"BEBIDAS, LIQUIDOS ALCOHOLICOS Y VINAGRE"|5|245966.4|157168
20150701|76|"ORAN"|22|"BEBIDAS, LIQUIDOS ALCOHOLICOS Y VINAGRE"|5|273335.7|172679
20150801|76|"ORAN"|22|"BEBIDAS, LIQUIDOS ALCOHOLICOS Y VINAGRE"|4|275754.6|171000
20150901|76|"ORAN"|22|"BEBIDAS, LIQUIDOS ALCOHOLICOS Y VINAGRE"|3|214445.4|133000
20151001|76|"ORAN"|22|"BEBIDAS, LIQUIDOS ALCOHOLICOS Y VINAGRE"|3|214369.4|133000
20151101|76|"ORAN"|22|"BEBIDAS, LIQUIDOS ALCOHOLICOS Y VINAGRE"|6|398251|247000
20151201|76|"ORAN"|22|"BEBIDAS, LIQUIDOS ALCOHOLICOS Y VINAGRE"|1|61278.8|38000
