"fecha_oficia"|"aduana"|"aduana_desc"|"mercaderia"|"mercaderia_desc"|"cantidad"|"kilos"|"importe"
20140101|88|"GENERAL DEHEZA"|2|"CARNE Y DESPOJOS COMESTIBLES"|46|1060539|1616814.28
20140201|88|"GENERAL DEHEZA"|2|"CARNE Y DESPOJOS COMESTIBLES"|35|1002307.2|1764305.42
20140301|88|"GENERAL DEHEZA"|2|"CARNE Y DESPOJOS COMESTIBLES"|25|612479.6|1073148.02
20140401|88|"GENERAL DEHEZA"|2|"CARNE Y DESPOJOS COMESTIBLES"|28|681022.8|1355060.85
20140501|88|"GENERAL DEHEZA"|2|"CARNE Y DESPOJOS COMESTIBLES"|30|1133097.6|2291300.35
20140601|88|"GENERAL DEHEZA"|2|"CARNE Y DESPOJOS COMESTIBLES"|35|1213608|2297701.64
20140701|88|"GENERAL DEHEZA"|2|"CARNE Y DESPOJOS COMESTIBLES"|39|1429308.6|2868369.94
20140801|88|"GENERAL DEHEZA"|2|"CARNE Y DESPOJOS COMESTIBLES"|35|1061552.6|2001082.16
20140901|88|"GENERAL DEHEZA"|2|"CARNE Y DESPOJOS COMESTIBLES"|34|1235570.4|2199887.94
20141001|88|"GENERAL DEHEZA"|2|"CARNE Y DESPOJOS COMESTIBLES"|32|839430.4|1483741.25
20141101|88|"GENERAL DEHEZA"|2|"CARNE Y DESPOJOS COMESTIBLES"|15|444077.8|646043.14
20141201|88|"GENERAL DEHEZA"|2|"CARNE Y DESPOJOS COMESTIBLES"|23|1001990.6|1489748.29
20150101|88|"GENERAL DEHEZA"|2|"CARNE Y DESPOJOS COMESTIBLES"|24|747007.4|1129154.29
20150201|88|"GENERAL DEHEZA"|2|"CARNE Y DESPOJOS COMESTIBLES"|26|706446.4|881151.39
20150301|88|"GENERAL DEHEZA"|2|"CARNE Y DESPOJOS COMESTIBLES"|20|598028.8|812496.22
20150401|88|"GENERAL DEHEZA"|2|"CARNE Y DESPOJOS COMESTIBLES"|22|757027.4|998090.88
20150501|88|"GENERAL DEHEZA"|2|"CARNE Y DESPOJOS COMESTIBLES"|23|654540.2|891815.06
20150601|88|"GENERAL DEHEZA"|2|"CARNE Y DESPOJOS COMESTIBLES"|29|734566|899739.45
20150701|88|"GENERAL DEHEZA"|2|"CARNE Y DESPOJOS COMESTIBLES"|17|415932|628345.62
20150801|88|"GENERAL DEHEZA"|2|"CARNE Y DESPOJOS COMESTIBLES"|13|323052|489271.87
20150901|88|"GENERAL DEHEZA"|2|"CARNE Y DESPOJOS COMESTIBLES"|52|1298274|2080548.14
20151001|88|"GENERAL DEHEZA"|2|"CARNE Y DESPOJOS COMESTIBLES"|48|1207725|1867802.83
20151101|88|"GENERAL DEHEZA"|2|"CARNE Y DESPOJOS COMESTIBLES"|47|1202422|1815916.5
20151201|88|"GENERAL DEHEZA"|2|"CARNE Y DESPOJOS COMESTIBLES"|44|1106398|1679882.09
