"fecha_oficia"|"aduana"|"aduana_desc"|"mercaderia"|"mercaderia_desc"|"cantidad"|"kilos"|"importe"
20140101|86|"OBERA"|9|"CAFE, TE, YERBA MATE Y ESPECIAS"|141|5957917.47|10411999.2
20140201|86|"OBERA"|9|"CAFE, TE, YERBA MATE Y ESPECIAS"|149|5858028.82|9794595.2
20140301|86|"OBERA"|9|"CAFE, TE, YERBA MATE Y ESPECIAS"|188|6953693.58|10844472.34
20140401|86|"OBERA"|9|"CAFE, TE, YERBA MATE Y ESPECIAS"|169|5949135.21|10016292.9
20140501|86|"OBERA"|9|"CAFE, TE, YERBA MATE Y ESPECIAS"|230|8000096.44|11807506.81
20140601|86|"OBERA"|9|"CAFE, TE, YERBA MATE Y ESPECIAS"|127|3999601.24|5946549.07
20140701|86|"OBERA"|9|"CAFE, TE, YERBA MATE Y ESPECIAS"|183|6076478.38|9644893.19
20140801|86|"OBERA"|9|"CAFE, TE, YERBA MATE Y ESPECIAS"|135|4715390.09|6781132.88
20140901|86|"OBERA"|9|"CAFE, TE, YERBA MATE Y ESPECIAS"|157|5332719.6|7691904.2
20141001|86|"OBERA"|9|"CAFE, TE, YERBA MATE Y ESPECIAS"|152|5614825.53|9013628.79
20141101|86|"OBERA"|9|"CAFE, TE, YERBA MATE Y ESPECIAS"|119|4393580.58|7041065.9
20141201|86|"OBERA"|9|"CAFE, TE, YERBA MATE Y ESPECIAS"|104|3745242.29|6311547.42
20150101|86|"OBERA"|9|"CAFE, TE, YERBA MATE Y ESPECIAS"|181|5806465.11|8922126.28
20150201|86|"OBERA"|9|"CAFE, TE, YERBA MATE Y ESPECIAS"|175|5730732.72|7761157.09
20150301|86|"OBERA"|9|"CAFE, TE, YERBA MATE Y ESPECIAS"|200|6460265.92|8748456.91
20150401|86|"OBERA"|9|"CAFE, TE, YERBA MATE Y ESPECIAS"|213|7307203.31|9619521.26
20150501|86|"OBERA"|9|"CAFE, TE, YERBA MATE Y ESPECIAS"|187|5767188.81|8065538
20150601|86|"OBERA"|9|"CAFE, TE, YERBA MATE Y ESPECIAS"|177|5639006.12|7833128.32
20150701|86|"OBERA"|9|"CAFE, TE, YERBA MATE Y ESPECIAS"|192|6401510.01|8380384.02
20150801|86|"OBERA"|9|"CAFE, TE, YERBA MATE Y ESPECIAS"|181|5652903.74|7461353.38
20150901|86|"OBERA"|9|"CAFE, TE, YERBA MATE Y ESPECIAS"|159|5633700.79|7268388.6
20151001|86|"OBERA"|9|"CAFE, TE, YERBA MATE Y ESPECIAS"|138|5118551.64|6611155.21
20151101|86|"OBERA"|9|"CAFE, TE, YERBA MATE Y ESPECIAS"|112|4082170.58|5789346.49
20151201|86|"OBERA"|9|"CAFE, TE, YERBA MATE Y ESPECIAS"|78|2989171.52|3993398.1
