"fecha_oficia"|"aduana"|"aduana_desc"|"mercaderia"|"mercaderia_desc"|"cantidad"|"kilos"|"importe"
20140601|76|"ORAN"|84|"REACTORES NUCLEARES, CALDERAS, MAQUINAS, APARATOS Y ARTEFACT"|1|5989.5|17325
20140801|76|"ORAN"|84|"REACTORES NUCLEARES, CALDERAS, MAQUINAS, APARATOS Y ARTEFACT"|2|690|14210
20141101|76|"ORAN"|84|"REACTORES NUCLEARES, CALDERAS, MAQUINAS, APARATOS Y ARTEFACT"|3|910|5500
20150701|76|"ORAN"|84|"REACTORES NUCLEARES, CALDERAS, MAQUINAS, APARATOS Y ARTEFACT"|4|4280|29200
20150801|76|"ORAN"|84|"REACTORES NUCLEARES, CALDERAS, MAQUINAS, APARATOS Y ARTEFACT"|2|798|11800
20150901|76|"ORAN"|84|"REACTORES NUCLEARES, CALDERAS, MAQUINAS, APARATOS Y ARTEFACT"|1|12104.93|38750
