"fecha_oficia"|"aduana"|"aduana_desc"|"mercaderia"|"mercaderia_desc"|"cantidad"|"kilos"|"importe"
20150401|92|"BS.AS. SUR"|21|"PREPARACIONES ALIMENTICIAS DIVERSAS"|67|919969.32|2337716.3
20150501|92|"BS.AS. SUR"|21|"PREPARACIONES ALIMENTICIAS DIVERSAS"|191|2956851.35|5631546.36
20150601|92|"BS.AS. SUR"|21|"PREPARACIONES ALIMENTICIAS DIVERSAS"|210|3416798.58|6664619.28
20150701|92|"BS.AS. SUR"|21|"PREPARACIONES ALIMENTICIAS DIVERSAS"|224|3347064.5|7319235.85
20150801|92|"BS.AS. SUR"|21|"PREPARACIONES ALIMENTICIAS DIVERSAS"|169|2368251.15|4785102.9
20150901|92|"BS.AS. SUR"|21|"PREPARACIONES ALIMENTICIAS DIVERSAS"|210|3029546.3|6846869.78
20151001|92|"BS.AS. SUR"|21|"PREPARACIONES ALIMENTICIAS DIVERSAS"|196|2953307.13|5594721.6
20151101|92|"BS.AS. SUR"|21|"PREPARACIONES ALIMENTICIAS DIVERSAS"|184|2564923.43|5957450.11
20151201|92|"BS.AS. SUR"|21|"PREPARACIONES ALIMENTICIAS DIVERSAS"|200|2801054.32|5638157.02
