"fecha_oficia"|"aduana"|"aduana_desc"|"mercaderia"|"mercaderia_desc"|"cantidad"|"kilos"|"importe"
20150401|91|"BS.AS. NORTE"|76|"ALUMINIO Y SUS MANUFACTURAS"|21|41183.19|349163.72
20150501|91|"BS.AS. NORTE"|76|"ALUMINIO Y SUS MANUFACTURAS"|45|94354.05|659435.58
20150601|91|"BS.AS. NORTE"|76|"ALUMINIO Y SUS MANUFACTURAS"|60|142507.06|1040726.81
20150701|91|"BS.AS. NORTE"|76|"ALUMINIO Y SUS MANUFACTURAS"|41|89097.09|494171.66
20150801|91|"BS.AS. NORTE"|76|"ALUMINIO Y SUS MANUFACTURAS"|41|137215.42|1092354.63
20150901|91|"BS.AS. NORTE"|76|"ALUMINIO Y SUS MANUFACTURAS"|39|38291.88|295154.78
20151001|91|"BS.AS. NORTE"|76|"ALUMINIO Y SUS MANUFACTURAS"|59|250514.51|1809446.63
20151101|91|"BS.AS. NORTE"|76|"ALUMINIO Y SUS MANUFACTURAS"|48|64068.95|409861.64
20151201|91|"BS.AS. NORTE"|76|"ALUMINIO Y SUS MANUFACTURAS"|36|29850.91|342249.11
