"fecha_oficia"|"aduana"|"aduana_desc"|"mercaderia"|"mercaderia_desc"|"cantidad"|"kilos"|"importe"
20140601|79|"LA RIOJA"|34|"JABON, AGENTES DE SUPERFICIE ORGANICOS, PREPARACIONES PARA L"|1|1911.44|12935.22
20140901|79|"LA RIOJA"|34|"JABON, AGENTES DE SUPERFICIE ORGANICOS, PREPARACIONES PARA L"|1|1900.72|12935.22
20150701|79|"LA RIOJA"|34|"JABON, AGENTES DE SUPERFICIE ORGANICOS, PREPARACIONES PARA L"|1|2113.92|11598.24
20150901|79|"LA RIOJA"|34|"JABON, AGENTES DE SUPERFICIE ORGANICOS, PREPARACIONES PARA L"|1|482.21|3555.76
