"fecha_oficia"|"aduana"|"aduana_desc"|"mercaderia"|"mercaderia_desc"|"cantidad"|"kilos"|"importe"
20140101|88|"GENERAL DEHEZA"|7|"HORTALIZAS, PLANTAS, RAICES Y TUBERCULOS ALIMENTICIOS"|9|227648|139411.93
20140201|88|"GENERAL DEHEZA"|7|"HORTALIZAS, PLANTAS, RAICES Y TUBERCULOS ALIMENTICIOS"|1|23000|14490
20140501|88|"GENERAL DEHEZA"|7|"HORTALIZAS, PLANTAS, RAICES Y TUBERCULOS ALIMENTICIOS"|2|45900|23409
20140601|88|"GENERAL DEHEZA"|7|"HORTALIZAS, PLANTAS, RAICES Y TUBERCULOS ALIMENTICIOS"|1|74835|84600
20140701|88|"GENERAL DEHEZA"|7|"HORTALIZAS, PLANTAS, RAICES Y TUBERCULOS ALIMENTICIOS"|3|82778.63|90326.92
20140901|88|"GENERAL DEHEZA"|7|"HORTALIZAS, PLANTAS, RAICES Y TUBERCULOS ALIMENTICIOS"|1|24000|29856
20150301|88|"GENERAL DEHEZA"|7|"HORTALIZAS, PLANTAS, RAICES Y TUBERCULOS ALIMENTICIOS"|1|5000|3000
20150401|88|"GENERAL DEHEZA"|7|"HORTALIZAS, PLANTAS, RAICES Y TUBERCULOS ALIMENTICIOS"|4|118620|79850
20150501|88|"GENERAL DEHEZA"|7|"HORTALIZAS, PLANTAS, RAICES Y TUBERCULOS ALIMENTICIOS"|6|414440|421093.3
20150601|88|"GENERAL DEHEZA"|7|"HORTALIZAS, PLANTAS, RAICES Y TUBERCULOS ALIMENTICIOS"|5|529800|484696
20150701|88|"GENERAL DEHEZA"|7|"HORTALIZAS, PLANTAS, RAICES Y TUBERCULOS ALIMENTICIOS"|5|287820|303856.04
20150801|88|"GENERAL DEHEZA"|7|"HORTALIZAS, PLANTAS, RAICES Y TUBERCULOS ALIMENTICIOS"|1|96000|102000
20150901|88|"GENERAL DEHEZA"|7|"HORTALIZAS, PLANTAS, RAICES Y TUBERCULOS ALIMENTICIOS"|1|46000|37527
20151001|88|"GENERAL DEHEZA"|7|"HORTALIZAS, PLANTAS, RAICES Y TUBERCULOS ALIMENTICIOS"|4|191620|157210.31
20151101|88|"GENERAL DEHEZA"|7|"HORTALIZAS, PLANTAS, RAICES Y TUBERCULOS ALIMENTICIOS"|1|46000|37527.96
20151201|88|"GENERAL DEHEZA"|7|"HORTALIZAS, PLANTAS, RAICES Y TUBERCULOS ALIMENTICIOS"|1|46000|37527
