"fecha_oficia"|"aduana"|"aduana_desc"|"mercaderia"|"mercaderia_desc"|"cantidad"|"kilos"|"importe"
20150101|76|"ORAN"|17|"AZUCARES Y ARTICULOS DE CONFITERIA"|2|742500|253682.55
20150201|76|"ORAN"|17|"AZUCARES Y ARTICULOS DE CONFITERIA"|1|165000|54780
20150901|76|"ORAN"|17|"AZUCARES Y ARTICULOS DE CONFITERIA"|2|292600|89828.2
20151001|76|"ORAN"|17|"AZUCARES Y ARTICULOS DE CONFITERIA"|4|909800|289418.8
20151101|76|"ORAN"|17|"AZUCARES Y ARTICULOS DE CONFITERIA"|4|805200|254570.8
20151201|76|"ORAN"|17|"AZUCARES Y ARTICULOS DE CONFITERIA"|1|220000|70818
