"fecha_oficia"|"aduana"|"aduana_desc"|"mercaderia"|"mercaderia_desc"|"cantidad"|"kilos"|"importe"
20150401|91|"BS.AS. NORTE"|84|"REACTORES NUCLEARES, CALDERAS, MAQUINAS, APARATOS Y ARTEFACT"|200|274675.73|6256785.11
20150501|91|"BS.AS. NORTE"|84|"REACTORES NUCLEARES, CALDERAS, MAQUINAS, APARATOS Y ARTEFACT"|742|804757.7|12858949.47
20150601|91|"BS.AS. NORTE"|84|"REACTORES NUCLEARES, CALDERAS, MAQUINAS, APARATOS Y ARTEFACT"|719|936772.61|18634221.33
20150701|91|"BS.AS. NORTE"|84|"REACTORES NUCLEARES, CALDERAS, MAQUINAS, APARATOS Y ARTEFACT"|808|740326.13|14773033.67
20150801|91|"BS.AS. NORTE"|84|"REACTORES NUCLEARES, CALDERAS, MAQUINAS, APARATOS Y ARTEFACT"|690|862332.28|16747631.93
20150901|91|"BS.AS. NORTE"|84|"REACTORES NUCLEARES, CALDERAS, MAQUINAS, APARATOS Y ARTEFACT"|739|1213885.09|17165936.11
20151001|91|"BS.AS. NORTE"|84|"REACTORES NUCLEARES, CALDERAS, MAQUINAS, APARATOS Y ARTEFACT"|629|770819.827|13738755.04
20151101|91|"BS.AS. NORTE"|84|"REACTORES NUCLEARES, CALDERAS, MAQUINAS, APARATOS Y ARTEFACT"|570|635579.89|12399814.43
20151201|91|"BS.AS. NORTE"|84|"REACTORES NUCLEARES, CALDERAS, MAQUINAS, APARATOS Y ARTEFACT"|664|797078.99|16864631.76
