"fecha_oficia"|"aduana"|"aduana_desc"|"mercaderia"|"mercaderia_desc"|"cantidad"|"kilos"|"importe"
20150401|92|"BS.AS. SUR"|49|"PRODUCTOS EDITORIALES DE LA PRENSA Y DE LAS DEMAS INDUSTRIAS"|81|44640.52|358398.8
20150501|92|"BS.AS. SUR"|49|"PRODUCTOS EDITORIALES DE LA PRENSA Y DE LAS DEMAS INDUSTRIAS"|405|175078.07|1552066.09
20150601|92|"BS.AS. SUR"|49|"PRODUCTOS EDITORIALES DE LA PRENSA Y DE LAS DEMAS INDUSTRIAS"|381|235307.43|1381259.19
20150701|92|"BS.AS. SUR"|49|"PRODUCTOS EDITORIALES DE LA PRENSA Y DE LAS DEMAS INDUSTRIAS"|364|159017.83|1113781.98
20150801|92|"BS.AS. SUR"|49|"PRODUCTOS EDITORIALES DE LA PRENSA Y DE LAS DEMAS INDUSTRIAS"|375|151144.76|1062117.06
20150901|92|"BS.AS. SUR"|49|"PRODUCTOS EDITORIALES DE LA PRENSA Y DE LAS DEMAS INDUSTRIAS"|361|124598.76|895048.24
20151001|92|"BS.AS. SUR"|49|"PRODUCTOS EDITORIALES DE LA PRENSA Y DE LAS DEMAS INDUSTRIAS"|275|155942.56|1059567.31
20151101|92|"BS.AS. SUR"|49|"PRODUCTOS EDITORIALES DE LA PRENSA Y DE LAS DEMAS INDUSTRIAS"|345|204734.78|1852983.35
20151201|92|"BS.AS. SUR"|49|"PRODUCTOS EDITORIALES DE LA PRENSA Y DE LAS DEMAS INDUSTRIAS"|309|163444.79|1101808.76
