"fecha_oficia"|"aduana"|"aduana_desc"|"mercaderia"|"mercaderia_desc"|"cantidad"|"kilos"|"importe"
20140101|84|"SANTO TOME"|39|"PLASTICO Y SUS MANUFACTURAS"|36|594772.99|1929230
20140201|84|"SANTO TOME"|39|"PLASTICO Y SUS MANUFACTURAS"|42|547568.43|1821804.99
20140301|84|"SANTO TOME"|39|"PLASTICO Y SUS MANUFACTURAS"|55|628530.42|1999700
20140401|84|"SANTO TOME"|39|"PLASTICO Y SUS MANUFACTURAS"|44|653830|1947702.4
20140501|84|"SANTO TOME"|39|"PLASTICO Y SUS MANUFACTURAS"|38|503409.46|1470923
20140601|84|"SANTO TOME"|39|"PLASTICO Y SUS MANUFACTURAS"|21|296396|892637.63
20140701|84|"SANTO TOME"|39|"PLASTICO Y SUS MANUFACTURAS"|30|495216|1357558.8
20140801|84|"SANTO TOME"|39|"PLASTICO Y SUS MANUFACTURAS"|38|734153|1937042.88
20140901|84|"SANTO TOME"|39|"PLASTICO Y SUS MANUFACTURAS"|82|1849859.21|4656687.17
20141001|84|"SANTO TOME"|39|"PLASTICO Y SUS MANUFACTURAS"|52|930558.95|2594597.6
20141101|84|"SANTO TOME"|39|"PLASTICO Y SUS MANUFACTURAS"|42|866297|2138542.58
20141201|84|"SANTO TOME"|39|"PLASTICO Y SUS MANUFACTURAS"|63|1220188|2954710.91
20150101|84|"SANTO TOME"|39|"PLASTICO Y SUS MANUFACTURAS"|45|1112892|2617382.14
20150201|84|"SANTO TOME"|39|"PLASTICO Y SUS MANUFACTURAS"|35|753635|1860329.5
20150301|84|"SANTO TOME"|39|"PLASTICO Y SUS MANUFACTURAS"|38|1113940|2653984.32
20150401|84|"SANTO TOME"|39|"PLASTICO Y SUS MANUFACTURAS"|31|823917.9|1924811.81
20150501|84|"SANTO TOME"|39|"PLASTICO Y SUS MANUFACTURAS"|47|1239766.5|2576403.5
20150601|84|"SANTO TOME"|39|"PLASTICO Y SUS MANUFACTURAS"|37|850083|2083825.68
20150701|84|"SANTO TOME"|39|"PLASTICO Y SUS MANUFACTURAS"|31|749179|1505995.51
20150801|84|"SANTO TOME"|39|"PLASTICO Y SUS MANUFACTURAS"|52|1097267|2458956.11
20150901|84|"SANTO TOME"|39|"PLASTICO Y SUS MANUFACTURAS"|43|1166155|2237564.22
20151001|84|"SANTO TOME"|39|"PLASTICO Y SUS MANUFACTURAS"|32|536520.75|1235240.46
20151101|84|"SANTO TOME"|39|"PLASTICO Y SUS MANUFACTURAS"|29|477087|1160444.32
20151201|84|"SANTO TOME"|39|"PLASTICO Y SUS MANUFACTURAS"|18|253535|599630.97
