"fecha_oficia"|"aduana"|"aduana_desc"|"mercaderia"|"mercaderia_desc"|"cantidad"|"kilos"|"importe"
20150401|91|"BS.AS. NORTE"|68|"MANUFACTURAS DE PIEDRA, YESO FRAGUABLE, CEMENTO, AMIANTO (AS"|27|113507.64|193498.3
20150501|91|"BS.AS. NORTE"|68|"MANUFACTURAS DE PIEDRA, YESO FRAGUABLE, CEMENTO, AMIANTO (AS"|61|750576.06|686335.56
20150601|91|"BS.AS. NORTE"|68|"MANUFACTURAS DE PIEDRA, YESO FRAGUABLE, CEMENTO, AMIANTO (AS"|87|912154.03|859335.19
20150701|91|"BS.AS. NORTE"|68|"MANUFACTURAS DE PIEDRA, YESO FRAGUABLE, CEMENTO, AMIANTO (AS"|78|947949.37|1382243.1
20150801|91|"BS.AS. NORTE"|68|"MANUFACTURAS DE PIEDRA, YESO FRAGUABLE, CEMENTO, AMIANTO (AS"|46|596941.23|707851.92
20150901|91|"BS.AS. NORTE"|68|"MANUFACTURAS DE PIEDRA, YESO FRAGUABLE, CEMENTO, AMIANTO (AS"|46|480018.61|763836.67
20151001|91|"BS.AS. NORTE"|68|"MANUFACTURAS DE PIEDRA, YESO FRAGUABLE, CEMENTO, AMIANTO (AS"|47|189615.99|752605.12
20151101|91|"BS.AS. NORTE"|68|"MANUFACTURAS DE PIEDRA, YESO FRAGUABLE, CEMENTO, AMIANTO (AS"|38|616048.2|736097.43
20151201|91|"BS.AS. NORTE"|68|"MANUFACTURAS DE PIEDRA, YESO FRAGUABLE, CEMENTO, AMIANTO (AS"|47|688155.39|606723.93
