"fecha_oficia"|"aduana"|"aduana_desc"|"mercaderia"|"mercaderia_desc"|"cantidad"|"kilos"|"importe"
20140401|49|"RIO GRANDE"|88|"AERONAVES, VEHICULOS ESPACIALES Y SUS PARTES"|1|11|21151
20140801|49|"RIO GRANDE"|88|"AERONAVES, VEHICULOS ESPACIALES Y SUS PARTES"|2|10|11365
20141201|49|"RIO GRANDE"|88|"AERONAVES, VEHICULOS ESPACIALES Y SUS PARTES"|2|15|6747
20150101|49|"RIO GRANDE"|88|"AERONAVES, VEHICULOS ESPACIALES Y SUS PARTES"|1|17|4482
20150601|49|"RIO GRANDE"|88|"AERONAVES, VEHICULOS ESPACIALES Y SUS PARTES"|1|2|3405.33
20150801|49|"RIO GRANDE"|88|"AERONAVES, VEHICULOS ESPACIALES Y SUS PARTES"|3|77.33|23096.67
20150901|49|"RIO GRANDE"|88|"AERONAVES, VEHICULOS ESPACIALES Y SUS PARTES"|2|42|4427.94
20151101|49|"RIO GRANDE"|88|"AERONAVES, VEHICULOS ESPACIALES Y SUS PARTES"|1|7.05|2345.7
20151201|49|"RIO GRANDE"|88|"AERONAVES, VEHICULOS ESPACIALES Y SUS PARTES"|4|203.87|14268.55
