"fecha_oficia"|"aduana"|"aduana_desc"|"mercaderia"|"mercaderia_desc"|"cantidad"|"kilos"|"importe"
20140101|76|"ORAN"|72|"METALES COMUNES Y MANUFACTURAS DE ESTOS METALES"|11|320709|259139.32
20140201|76|"ORAN"|72|"METALES COMUNES Y MANUFACTURAS DE ESTOS METALES"|5|244950|221300.56
20140301|76|"ORAN"|72|"METALES COMUNES Y MANUFACTURAS DE ESTOS METALES"|11|431664|348267.11
20140401|76|"ORAN"|72|"METALES COMUNES Y MANUFACTURAS DE ESTOS METALES"|11|346603|279949.24
20140501|76|"ORAN"|72|"METALES COMUNES Y MANUFACTURAS DE ESTOS METALES"|8|353277|284491.08
20140601|76|"ORAN"|72|"METALES COMUNES Y MANUFACTURAS DE ESTOS METALES"|8|353139|276073.62
20140901|76|"ORAN"|72|"METALES COMUNES Y MANUFACTURAS DE ESTOS METALES"|2|80983|61182.67
20141101|76|"ORAN"|72|"METALES COMUNES Y MANUFACTURAS DE ESTOS METALES"|2|107506|80716.07
20141201|76|"ORAN"|72|"METALES COMUNES Y MANUFACTURAS DE ESTOS METALES"|8|266922|199986.73
20150201|76|"ORAN"|72|"METALES COMUNES Y MANUFACTURAS DE ESTOS METALES"|4|137941|103063.74
20150301|76|"ORAN"|72|"METALES COMUNES Y MANUFACTURAS DE ESTOS METALES"|6|190129|139364.33
20150401|76|"ORAN"|72|"METALES COMUNES Y MANUFACTURAS DE ESTOS METALES"|1|55194|40197.8
20150801|76|"ORAN"|72|"METALES COMUNES Y MANUFACTURAS DE ESTOS METALES"|1|26788|18368.53
20151001|76|"ORAN"|72|"METALES COMUNES Y MANUFACTURAS DE ESTOS METALES"|1|24116|15933.44
20151201|76|"ORAN"|72|"METALES COMUNES Y MANUFACTURAS DE ESTOS METALES"|1|52856|31439.28
