"fecha_oficia"|"aduana"|"aduana_desc"|"mercaderia"|"mercaderia_desc"|"cantidad"|"kilos"|"importe"
20150401|91|"BS.AS. NORTE"|63|"LOS DEMAS ARTICULOS TEXTILES CONFECCIONADOS; JUEGOS; PRENDER"|13|246.08|5650.55
20150501|91|"BS.AS. NORTE"|63|"LOS DEMAS ARTICULOS TEXTILES CONFECCIONADOS; JUEGOS; PRENDER"|23|4311.25|75295.32
20150601|91|"BS.AS. NORTE"|63|"LOS DEMAS ARTICULOS TEXTILES CONFECCIONADOS; JUEGOS; PRENDER"|38|2547.62|52830.42
20150701|91|"BS.AS. NORTE"|63|"LOS DEMAS ARTICULOS TEXTILES CONFECCIONADOS; JUEGOS; PRENDER"|38|5742.89|86501.8
20150801|91|"BS.AS. NORTE"|63|"LOS DEMAS ARTICULOS TEXTILES CONFECCIONADOS; JUEGOS; PRENDER"|22|7201.16|110877.03
20150901|91|"BS.AS. NORTE"|63|"LOS DEMAS ARTICULOS TEXTILES CONFECCIONADOS; JUEGOS; PRENDER"|35|942.78|81324.19
20151001|91|"BS.AS. NORTE"|63|"LOS DEMAS ARTICULOS TEXTILES CONFECCIONADOS; JUEGOS; PRENDER"|38|5985.64|166450.96
20151101|91|"BS.AS. NORTE"|63|"LOS DEMAS ARTICULOS TEXTILES CONFECCIONADOS; JUEGOS; PRENDER"|32|2212.8|48197.3
20151201|91|"BS.AS. NORTE"|63|"LOS DEMAS ARTICULOS TEXTILES CONFECCIONADOS; JUEGOS; PRENDER"|37|1053.92|20878.24
