"fecha_oficia"|"aduana"|"aduana_desc"|"mercaderia"|"mercaderia_desc"|"cantidad"|"kilos"|"importe"
20150401|92|"BS.AS. SUR"|43|"PELETERIA Y CONFECCIONES DE PELETERIA; PELETERIA FACTICIA O "|4|24156|51843
20150501|92|"BS.AS. SUR"|43|"PELETERIA Y CONFECCIONES DE PELETERIA; PELETERIA FACTICIA O "|2|3450|101697
20150601|92|"BS.AS. SUR"|43|"PELETERIA Y CONFECCIONES DE PELETERIA; PELETERIA FACTICIA O "|1|270|11654.4
20150701|92|"BS.AS. SUR"|43|"PELETERIA Y CONFECCIONES DE PELETERIA; PELETERIA FACTICIA O "|8|1334.28|57347.2
20150801|92|"BS.AS. SUR"|43|"PELETERIA Y CONFECCIONES DE PELETERIA; PELETERIA FACTICIA O "|6|29856.62|546225.4
20150901|92|"BS.AS. SUR"|43|"PELETERIA Y CONFECCIONES DE PELETERIA; PELETERIA FACTICIA O "|4|13578.2|138414.38
20151001|92|"BS.AS. SUR"|43|"PELETERIA Y CONFECCIONES DE PELETERIA; PELETERIA FACTICIA O "|4|6901.42|75520.47
20151101|92|"BS.AS. SUR"|43|"PELETERIA Y CONFECCIONES DE PELETERIA; PELETERIA FACTICIA O "|3|22541|55951.79
