"fecha_oficia"|"aduana"|"aduana_desc"|"mercaderia"|"mercaderia_desc"|"cantidad"|"kilos"|"importe"
20140101|89|"SANTIAGO DEL ESTERO"|5|"LOS DEMAS PRODUCTOS DE ORIGEN ANIMAL, NO EXPRESADOS NI COMPR"|3|79500|90630
20140201|89|"SANTIAGO DEL ESTERO"|5|"LOS DEMAS PRODUCTOS DE ORIGEN ANIMAL, NO EXPRESADOS NI COMPR"|2|44000|50600
20140301|89|"SANTIAGO DEL ESTERO"|5|"LOS DEMAS PRODUCTOS DE ORIGEN ANIMAL, NO EXPRESADOS NI COMPR"|1|26500|29812.5
20140401|89|"SANTIAGO DEL ESTERO"|5|"LOS DEMAS PRODUCTOS DE ORIGEN ANIMAL, NO EXPRESADOS NI COMPR"|1|26500|29547.5
20140701|89|"SANTIAGO DEL ESTERO"|5|"LOS DEMAS PRODUCTOS DE ORIGEN ANIMAL, NO EXPRESADOS NI COMPR"|1|10000|11250
20140901|89|"SANTIAGO DEL ESTERO"|5|"LOS DEMAS PRODUCTOS DE ORIGEN ANIMAL, NO EXPRESADOS NI COMPR"|7|171500|196550
20141001|89|"SANTIAGO DEL ESTERO"|5|"LOS DEMAS PRODUCTOS DE ORIGEN ANIMAL, NO EXPRESADOS NI COMPR"|3|79000|94800
20141101|89|"SANTIAGO DEL ESTERO"|5|"LOS DEMAS PRODUCTOS DE ORIGEN ANIMAL, NO EXPRESADOS NI COMPR"|1|11000|12650
20141201|89|"SANTIAGO DEL ESTERO"|5|"LOS DEMAS PRODUCTOS DE ORIGEN ANIMAL, NO EXPRESADOS NI COMPR"|4|106000|127200
20150401|89|"SANTIAGO DEL ESTERO"|5|"LOS DEMAS PRODUCTOS DE ORIGEN ANIMAL, NO EXPRESADOS NI COMPR"|1|26500|27295
20150501|89|"SANTIAGO DEL ESTERO"|5|"LOS DEMAS PRODUCTOS DE ORIGEN ANIMAL, NO EXPRESADOS NI COMPR"|2|54000|55620
20150601|89|"SANTIAGO DEL ESTERO"|5|"LOS DEMAS PRODUCTOS DE ORIGEN ANIMAL, NO EXPRESADOS NI COMPR"|2|53000|54590
20150701|89|"SANTIAGO DEL ESTERO"|5|"LOS DEMAS PRODUCTOS DE ORIGEN ANIMAL, NO EXPRESADOS NI COMPR"|2|54000|56700
20150801|89|"SANTIAGO DEL ESTERO"|5|"LOS DEMAS PRODUCTOS DE ORIGEN ANIMAL, NO EXPRESADOS NI COMPR"|1|26500|29150
