"fecha_oficia"|"aduana"|"aduana_desc"|"mercaderia"|"mercaderia_desc"|"cantidad"|"kilos"|"importe"
20150401|92|"BS.AS. SUR"|95|"JUGUETES, JUEGOS Y ARTICULOS PARA RECREO O DEPORTE; SUS PART"|5|1635.5|20296.23
20150501|92|"BS.AS. SUR"|95|"JUGUETES, JUEGOS Y ARTICULOS PARA RECREO O DEPORTE; SUS PART"|41|34672.14|540045.53
20150601|92|"BS.AS. SUR"|95|"JUGUETES, JUEGOS Y ARTICULOS PARA RECREO O DEPORTE; SUS PART"|28|34011.64|753298.87
20150701|92|"BS.AS. SUR"|95|"JUGUETES, JUEGOS Y ARTICULOS PARA RECREO O DEPORTE; SUS PART"|40|73595.31|486448.02
20150801|92|"BS.AS. SUR"|95|"JUGUETES, JUEGOS Y ARTICULOS PARA RECREO O DEPORTE; SUS PART"|31|36088.75|273298.02
20150901|92|"BS.AS. SUR"|95|"JUGUETES, JUEGOS Y ARTICULOS PARA RECREO O DEPORTE; SUS PART"|19|30730.57|318800.67
20151001|92|"BS.AS. SUR"|95|"JUGUETES, JUEGOS Y ARTICULOS PARA RECREO O DEPORTE; SUS PART"|17|55498.49|673688.56
20151101|92|"BS.AS. SUR"|95|"JUGUETES, JUEGOS Y ARTICULOS PARA RECREO O DEPORTE; SUS PART"|48|532594.3|1478192.32
20151201|92|"BS.AS. SUR"|95|"JUGUETES, JUEGOS Y ARTICULOS PARA RECREO O DEPORTE; SUS PART"|39|663215.11|1884134.51
