"fecha_oficia"|"aduana"|"aduana_desc"|"mercaderia"|"mercaderia_desc"|"cantidad"|"kilos"|"importe"
20150401|92|"BS.AS. SUR"|54|"FILAMENTOS SINTETICOS O ARTIFICIALES"|11|266171.84|1177453.41
20150501|92|"BS.AS. SUR"|54|"FILAMENTOS SINTETICOS O ARTIFICIALES"|30|406186.96|1767805.67
20150601|92|"BS.AS. SUR"|54|"FILAMENTOS SINTETICOS O ARTIFICIALES"|31|608386.19|2575173.74
20150701|92|"BS.AS. SUR"|54|"FILAMENTOS SINTETICOS O ARTIFICIALES"|30|740894.16|3043241.71
20150801|92|"BS.AS. SUR"|54|"FILAMENTOS SINTETICOS O ARTIFICIALES"|23|697554.68|2807018.15
20150901|92|"BS.AS. SUR"|54|"FILAMENTOS SINTETICOS O ARTIFICIALES"|26|610025.52|2454991.26
20151001|92|"BS.AS. SUR"|54|"FILAMENTOS SINTETICOS O ARTIFICIALES"|27|720640.84|3008622.48
20151101|92|"BS.AS. SUR"|54|"FILAMENTOS SINTETICOS O ARTIFICIALES"|21|552095.32|2242658.05
20151201|92|"BS.AS. SUR"|54|"FILAMENTOS SINTETICOS O ARTIFICIALES"|20|421145.49|1650915.35
