"fecha_oficia"|"aduana"|"aduana_desc"|"mercaderia"|"mercaderia_desc"|"cantidad"|"kilos"|"importe"
20140901|89|"SANTIAGO DEL ESTERO"|15|"GRASAS Y ACEITES ANIMALES O VEGETALES; PRODUCTOS DE SU DESDO"|1|26000|22600
20141001|89|"SANTIAGO DEL ESTERO"|15|"GRASAS Y ACEITES ANIMALES O VEGETALES; PRODUCTOS DE SU DESDO"|3|78000|66760
20141201|89|"SANTIAGO DEL ESTERO"|15|"GRASAS Y ACEITES ANIMALES O VEGETALES; PRODUCTOS DE SU DESDO"|2|52000|33700
20150601|89|"SANTIAGO DEL ESTERO"|15|"GRASAS Y ACEITES ANIMALES O VEGETALES; PRODUCTOS DE SU DESDO"|1|60000|13500
20150701|89|"SANTIAGO DEL ESTERO"|15|"GRASAS Y ACEITES ANIMALES O VEGETALES; PRODUCTOS DE SU DESDO"|1|55080|12393
