"fecha_oficia"|"aduana"|"aduana_desc"|"mercaderia"|"mercaderia_desc"|"cantidad"|"kilos"|"importe"
20140201|76|"ORAN"|10|"CEREALES"|1|25000|18125
20140401|76|"ORAN"|10|"CEREALES"|2|82960|44695.8
20140501|76|"ORAN"|10|"CEREALES"|3|227860|131300.6
20140601|76|"ORAN"|10|"CEREALES"|2|83960|45010.6
20140701|76|"ORAN"|10|"CEREALES"|2|54980|30855.1
20140801|76|"ORAN"|10|"CEREALES"|3|115920|55931.4
20140901|76|"ORAN"|10|"CEREALES"|1|26000|16510
20141001|76|"ORAN"|10|"CEREALES"|1|26000|16510
20141201|76|"ORAN"|10|"CEREALES"|3|109960|56361.2
20150201|76|"ORAN"|10|"CEREALES"|1|26000|11700
20150501|76|"ORAN"|10|"CEREALES"|2|52000|19760
20150801|76|"ORAN"|10|"CEREALES"|1|26000|9360
20151001|76|"ORAN"|10|"CEREALES"|1|26000|9360
