"fecha_oficia"|"aduana"|"aduana_desc"|"mercaderia"|"mercaderia_desc"|"cantidad"|"kilos"|"importe"
20150401|91|"BS.AS. NORTE"|56|"GUATA, FIELTRO Y TELA SIN TEJER; HILADOS ESPECIALES; CORDELE"|65|501624.22|2002962.05
20150501|91|"BS.AS. NORTE"|56|"GUATA, FIELTRO Y TELA SIN TEJER; HILADOS ESPECIALES; CORDELE"|163|1251102.72|4873587.42
20150601|91|"BS.AS. NORTE"|56|"GUATA, FIELTRO Y TELA SIN TEJER; HILADOS ESPECIALES; CORDELE"|138|1280878.9|4863519.34
20150701|91|"BS.AS. NORTE"|56|"GUATA, FIELTRO Y TELA SIN TEJER; HILADOS ESPECIALES; CORDELE"|163|1486654.87|5784671.9
20150801|91|"BS.AS. NORTE"|56|"GUATA, FIELTRO Y TELA SIN TEJER; HILADOS ESPECIALES; CORDELE"|150|1149662.21|4540100.3
20150901|91|"BS.AS. NORTE"|56|"GUATA, FIELTRO Y TELA SIN TEJER; HILADOS ESPECIALES; CORDELE"|144|1172180.83|4480258.84
20151001|91|"BS.AS. NORTE"|56|"GUATA, FIELTRO Y TELA SIN TEJER; HILADOS ESPECIALES; CORDELE"|117|911094.12|3400935.96
20151101|91|"BS.AS. NORTE"|56|"GUATA, FIELTRO Y TELA SIN TEJER; HILADOS ESPECIALES; CORDELE"|122|890197.98|2862010.73
20151201|91|"BS.AS. NORTE"|56|"GUATA, FIELTRO Y TELA SIN TEJER; HILADOS ESPECIALES; CORDELE"|102|633563.9|2362964.79
