"fecha_oficia"|"aduana"|"aduana_desc"|"mercaderia"|"mercaderia_desc"|"cantidad"|"kilos"|"importe"
20140101|82|"BERNARDO DE YRIGOYEN"|44|"MADERA, CARBON VEGETAL Y MANUFACTURAS DE MADERA"|30|1211111.43|332436.87
20140201|82|"BERNARDO DE YRIGOYEN"|44|"MADERA, CARBON VEGETAL Y MANUFACTURAS DE MADERA"|38|1158576.76|356515.48
20140301|82|"BERNARDO DE YRIGOYEN"|44|"MADERA, CARBON VEGETAL Y MANUFACTURAS DE MADERA"|39|1034969.85|423878.26
20140401|82|"BERNARDO DE YRIGOYEN"|44|"MADERA, CARBON VEGETAL Y MANUFACTURAS DE MADERA"|38|896563.81|371415.85
20140501|82|"BERNARDO DE YRIGOYEN"|44|"MADERA, CARBON VEGETAL Y MANUFACTURAS DE MADERA"|41|1271412.56|437833.49
20140601|82|"BERNARDO DE YRIGOYEN"|44|"MADERA, CARBON VEGETAL Y MANUFACTURAS DE MADERA"|38|1295958|504815.29
20140701|82|"BERNARDO DE YRIGOYEN"|44|"MADERA, CARBON VEGETAL Y MANUFACTURAS DE MADERA"|43|1304336.09|469998.13
20140801|82|"BERNARDO DE YRIGOYEN"|44|"MADERA, CARBON VEGETAL Y MANUFACTURAS DE MADERA"|36|1259478.52|498097.88
20140901|82|"BERNARDO DE YRIGOYEN"|44|"MADERA, CARBON VEGETAL Y MANUFACTURAS DE MADERA"|39|1706532.24|629339.34
20141001|82|"BERNARDO DE YRIGOYEN"|44|"MADERA, CARBON VEGETAL Y MANUFACTURAS DE MADERA"|29|962520.8|404583.42
20141101|82|"BERNARDO DE YRIGOYEN"|44|"MADERA, CARBON VEGETAL Y MANUFACTURAS DE MADERA"|24|661860.23|387112.47
20141201|82|"BERNARDO DE YRIGOYEN"|44|"MADERA, CARBON VEGETAL Y MANUFACTURAS DE MADERA"|22|860665.72|333527.08
20150101|82|"BERNARDO DE YRIGOYEN"|44|"MADERA, CARBON VEGETAL Y MANUFACTURAS DE MADERA"|31|1063148.18|331607.3
20150201|82|"BERNARDO DE YRIGOYEN"|44|"MADERA, CARBON VEGETAL Y MANUFACTURAS DE MADERA"|17|402910|201914.84
20150301|82|"BERNARDO DE YRIGOYEN"|44|"MADERA, CARBON VEGETAL Y MANUFACTURAS DE MADERA"|22|587295.83|311497.23
20150401|82|"BERNARDO DE YRIGOYEN"|44|"MADERA, CARBON VEGETAL Y MANUFACTURAS DE MADERA"|19|525944|284428.12
20150501|82|"BERNARDO DE YRIGOYEN"|44|"MADERA, CARBON VEGETAL Y MANUFACTURAS DE MADERA"|28|749340|307061.26
20150601|82|"BERNARDO DE YRIGOYEN"|44|"MADERA, CARBON VEGETAL Y MANUFACTURAS DE MADERA"|25|574210.52|277340.09
20150701|82|"BERNARDO DE YRIGOYEN"|44|"MADERA, CARBON VEGETAL Y MANUFACTURAS DE MADERA"|19|458430|299281.18
20150801|82|"BERNARDO DE YRIGOYEN"|44|"MADERA, CARBON VEGETAL Y MANUFACTURAS DE MADERA"|20|490470|262539.78
20150901|82|"BERNARDO DE YRIGOYEN"|44|"MADERA, CARBON VEGETAL Y MANUFACTURAS DE MADERA"|11|260290|205380.01
20151001|82|"BERNARDO DE YRIGOYEN"|44|"MADERA, CARBON VEGETAL Y MANUFACTURAS DE MADERA"|11|288958|183188.8
20151101|82|"BERNARDO DE YRIGOYEN"|44|"MADERA, CARBON VEGETAL Y MANUFACTURAS DE MADERA"|7|177460|156996.5
20151201|82|"BERNARDO DE YRIGOYEN"|44|"MADERA, CARBON VEGETAL Y MANUFACTURAS DE MADERA"|7|196920|147679.11
