"fecha_oficia"|"aduana"|"aduana_desc"|"mercaderia"|"mercaderia_desc"|"cantidad"|"kilos"|"importe"
20150401|85|"VILLA REGINA"|15|"GRASAS Y ACEITES ANIMALES O VEGETALES; PRODUCTOS DE SU DESDO"|1|55|80.2
20150801|85|"VILLA REGINA"|15|"GRASAS Y ACEITES ANIMALES O VEGETALES; PRODUCTOS DE SU DESDO"|1|1264.32|1983.16
20150901|85|"VILLA REGINA"|15|"GRASAS Y ACEITES ANIMALES O VEGETALES; PRODUCTOS DE SU DESDO"|1|1264.32|1983.16
20151001|85|"VILLA REGINA"|15|"GRASAS Y ACEITES ANIMALES O VEGETALES; PRODUCTOS DE SU DESDO"|1|1628.94|2599.8
