"fecha_oficia"|"aduana"|"aduana_desc"|"mercaderia"|"mercaderia_desc"|"cantidad"|"kilos"|"importe"
20140101|88|"GENERAL DEHEZA"|84|"REACTORES NUCLEARES, CALDERAS, MAQUINAS, APARATOS Y ARTEFACT"|26|128024.26|854630.19
20140201|88|"GENERAL DEHEZA"|84|"REACTORES NUCLEARES, CALDERAS, MAQUINAS, APARATOS Y ARTEFACT"|36|267237.65|1154093.05
20140301|88|"GENERAL DEHEZA"|84|"REACTORES NUCLEARES, CALDERAS, MAQUINAS, APARATOS Y ARTEFACT"|67|200754.97|940839.71
20140401|88|"GENERAL DEHEZA"|84|"REACTORES NUCLEARES, CALDERAS, MAQUINAS, APARATOS Y ARTEFACT"|62|257599.02|1463929.55
20140501|88|"GENERAL DEHEZA"|84|"REACTORES NUCLEARES, CALDERAS, MAQUINAS, APARATOS Y ARTEFACT"|48|408815.06|1739458.6
20140601|88|"GENERAL DEHEZA"|84|"REACTORES NUCLEARES, CALDERAS, MAQUINAS, APARATOS Y ARTEFACT"|40|273658.836|1399143.88
20140701|88|"GENERAL DEHEZA"|84|"REACTORES NUCLEARES, CALDERAS, MAQUINAS, APARATOS Y ARTEFACT"|31|253862.56|1116376.22
20140801|88|"GENERAL DEHEZA"|84|"REACTORES NUCLEARES, CALDERAS, MAQUINAS, APARATOS Y ARTEFACT"|85|471870.6|1779579.38
20140901|88|"GENERAL DEHEZA"|84|"REACTORES NUCLEARES, CALDERAS, MAQUINAS, APARATOS Y ARTEFACT"|53|472535.37|1536714.52
20141001|88|"GENERAL DEHEZA"|84|"REACTORES NUCLEARES, CALDERAS, MAQUINAS, APARATOS Y ARTEFACT"|38|270120.5|964721.62
20141101|88|"GENERAL DEHEZA"|84|"REACTORES NUCLEARES, CALDERAS, MAQUINAS, APARATOS Y ARTEFACT"|34|220304.24|852993.12
20141201|88|"GENERAL DEHEZA"|84|"REACTORES NUCLEARES, CALDERAS, MAQUINAS, APARATOS Y ARTEFACT"|19|176999.11|681575.03
20150101|88|"GENERAL DEHEZA"|84|"REACTORES NUCLEARES, CALDERAS, MAQUINAS, APARATOS Y ARTEFACT"|32|97496.52|300309.7
20150201|88|"GENERAL DEHEZA"|84|"REACTORES NUCLEARES, CALDERAS, MAQUINAS, APARATOS Y ARTEFACT"|55|243241.98|908728.15
20150301|88|"GENERAL DEHEZA"|84|"REACTORES NUCLEARES, CALDERAS, MAQUINAS, APARATOS Y ARTEFACT"|20|152389.63|608331.9
20150401|88|"GENERAL DEHEZA"|84|"REACTORES NUCLEARES, CALDERAS, MAQUINAS, APARATOS Y ARTEFACT"|35|198222.1|1021755.08
20150501|88|"GENERAL DEHEZA"|84|"REACTORES NUCLEARES, CALDERAS, MAQUINAS, APARATOS Y ARTEFACT"|22|179053.9|728749.24
20150601|88|"GENERAL DEHEZA"|84|"REACTORES NUCLEARES, CALDERAS, MAQUINAS, APARATOS Y ARTEFACT"|36|221017.92|1542910.48
20150701|88|"GENERAL DEHEZA"|84|"REACTORES NUCLEARES, CALDERAS, MAQUINAS, APARATOS Y ARTEFACT"|63|289068.488|2564438.2
20150801|88|"GENERAL DEHEZA"|84|"REACTORES NUCLEARES, CALDERAS, MAQUINAS, APARATOS Y ARTEFACT"|76|285753.52|1341553.45
20150901|88|"GENERAL DEHEZA"|84|"REACTORES NUCLEARES, CALDERAS, MAQUINAS, APARATOS Y ARTEFACT"|30|184099.6|1467117.83
20151001|88|"GENERAL DEHEZA"|84|"REACTORES NUCLEARES, CALDERAS, MAQUINAS, APARATOS Y ARTEFACT"|22|157827.42|593263.84
20151101|88|"GENERAL DEHEZA"|84|"REACTORES NUCLEARES, CALDERAS, MAQUINAS, APARATOS Y ARTEFACT"|19|187659.2|380963.87
20151201|88|"GENERAL DEHEZA"|84|"REACTORES NUCLEARES, CALDERAS, MAQUINAS, APARATOS Y ARTEFACT"|34|197852.21|619643.25
