"fecha_oficia"|"aduana"|"aduana_desc"|"mercaderia"|"mercaderia_desc"|"cantidad"|"kilos"|"importe"
20150401|92|"BS.AS. SUR"|11|"PRODUCTOS DE LA MOLINERIA; MALTA; ALMIDON Y FECULA; INULINA;"|10|913250|348147.5
20150501|92|"BS.AS. SUR"|11|"PRODUCTOS DE LA MOLINERIA; MALTA; ALMIDON Y FECULA; INULINA;"|20|1933360|640762.53
20150601|92|"BS.AS. SUR"|11|"PRODUCTOS DE LA MOLINERIA; MALTA; ALMIDON Y FECULA; INULINA;"|19|1662003.2|616417.03
20150701|92|"BS.AS. SUR"|11|"PRODUCTOS DE LA MOLINERIA; MALTA; ALMIDON Y FECULA; INULINA;"|30|2502195|921665.31
20150801|92|"BS.AS. SUR"|11|"PRODUCTOS DE LA MOLINERIA; MALTA; ALMIDON Y FECULA; INULINA;"|26|1649225|613334.52
20150901|92|"BS.AS. SUR"|11|"PRODUCTOS DE LA MOLINERIA; MALTA; ALMIDON Y FECULA; INULINA;"|24|1401696.8|585492.22
20151001|92|"BS.AS. SUR"|11|"PRODUCTOS DE LA MOLINERIA; MALTA; ALMIDON Y FECULA; INULINA;"|24|2587300|905761.5
20151101|92|"BS.AS. SUR"|11|"PRODUCTOS DE LA MOLINERIA; MALTA; ALMIDON Y FECULA; INULINA;"|14|1231350|448816.9
20151201|92|"BS.AS. SUR"|11|"PRODUCTOS DE LA MOLINERIA; MALTA; ALMIDON Y FECULA; INULINA;"|16|1307000|471438.13
