"fecha_oficia"|"aduana"|"aduana_desc"|"mercaderia"|"mercaderia_desc"|"cantidad"|"kilos"|"importe"
20140101|83|"SAN LUIS"|17|"AZUCARES Y ARTICULOS DE CONFITERIA"|22|3040012.96|1526036.45
20140201|83|"SAN LUIS"|17|"AZUCARES Y ARTICULOS DE CONFITERIA"|20|2781620|1319534.77
20140301|83|"SAN LUIS"|17|"AZUCARES Y ARTICULOS DE CONFITERIA"|22|3291080|1641885.26
20140401|83|"SAN LUIS"|17|"AZUCARES Y ARTICULOS DE CONFITERIA"|15|2170680|1024888.3
20140501|83|"SAN LUIS"|17|"AZUCARES Y ARTICULOS DE CONFITERIA"|20|3082780|1504908.13
20140601|83|"SAN LUIS"|17|"AZUCARES Y ARTICULOS DE CONFITERIA"|18|2307416.48|1132648.71
20140701|83|"SAN LUIS"|17|"AZUCARES Y ARTICULOS DE CONFITERIA"|18|2643240|1252089.3
20140801|83|"SAN LUIS"|17|"AZUCARES Y ARTICULOS DE CONFITERIA"|23|3492240|1695185.43
20140901|83|"SAN LUIS"|17|"AZUCARES Y ARTICULOS DE CONFITERIA"|18|2509080|1199132.74
20141001|83|"SAN LUIS"|17|"AZUCARES Y ARTICULOS DE CONFITERIA"|31|5002720|2327761.07
20141101|83|"SAN LUIS"|17|"AZUCARES Y ARTICULOS DE CONFITERIA"|13|2125800|1012347.42
20141201|83|"SAN LUIS"|17|"AZUCARES Y ARTICULOS DE CONFITERIA"|23|4146629.12|1867746.86
20150101|83|"SAN LUIS"|17|"AZUCARES Y ARTICULOS DE CONFITERIA"|13|2463600|1186011.51
20150201|83|"SAN LUIS"|17|"AZUCARES Y ARTICULOS DE CONFITERIA"|16|2308880|1020309.82
20150301|83|"SAN LUIS"|17|"AZUCARES Y ARTICULOS DE CONFITERIA"|21|3174760|1383970.49
20150401|83|"SAN LUIS"|17|"AZUCARES Y ARTICULOS DE CONFITERIA"|19|2249580|994396.7
20150501|83|"SAN LUIS"|17|"AZUCARES Y ARTICULOS DE CONFITERIA"|18|2495240|1022072.46
20150601|83|"SAN LUIS"|17|"AZUCARES Y ARTICULOS DE CONFITERIA"|14|1674900|721943.23
20150701|83|"SAN LUIS"|17|"AZUCARES Y ARTICULOS DE CONFITERIA"|30|3930440|1601529.71
20150801|83|"SAN LUIS"|17|"AZUCARES Y ARTICULOS DE CONFITERIA"|22|2595080|1047960.91
20150901|83|"SAN LUIS"|17|"AZUCARES Y ARTICULOS DE CONFITERIA"|24|3580400|1431860.1
20151001|83|"SAN LUIS"|17|"AZUCARES Y ARTICULOS DE CONFITERIA"|31|4593057.36|1885889.88
20151101|83|"SAN LUIS"|17|"AZUCARES Y ARTICULOS DE CONFITERIA"|22|3276824.72|1314761.45
20151201|83|"SAN LUIS"|17|"AZUCARES Y ARTICULOS DE CONFITERIA"|16|2302548.24|929300.33
