"fecha_oficia"|"aduana"|"aduana_desc"|"mercaderia"|"mercaderia_desc"|"cantidad"|"kilos"|"importe"
20150701|91|"BS.AS. NORTE"|66|"PARAGUAS, SOMBRILLAS, QUITASOLES, BASTONES, BASTONES ASIENTO"|1|2.21|19.22
20150801|91|"BS.AS. NORTE"|66|"PARAGUAS, SOMBRILLAS, QUITASOLES, BASTONES, BASTONES ASIENTO"|1|278.46|2421.72
20150901|91|"BS.AS. NORTE"|66|"PARAGUAS, SOMBRILLAS, QUITASOLES, BASTONES, BASTONES ASIENTO"|1|79.56|735.12
20151001|91|"BS.AS. NORTE"|66|"PARAGUAS, SOMBRILLAS, QUITASOLES, BASTONES, BASTONES ASIENTO"|1|278.46|2421.72
20151101|91|"BS.AS. NORTE"|66|"PARAGUAS, SOMBRILLAS, QUITASOLES, BASTONES, BASTONES ASIENTO"|1|278.46|2421.72
20151201|91|"BS.AS. NORTE"|66|"PARAGUAS, SOMBRILLAS, QUITASOLES, BASTONES, BASTONES ASIENTO"|1|27.33|825.6
