"fecha_oficia"|"aduana"|"aduana_desc"|"mercaderia"|"mercaderia_desc"|"cantidad"|"kilos"|"importe"
20150401|92|"BS.AS. SUR"|56|"GUATA, FIELTRO Y TELA SIN TEJER; HILADOS ESPECIALES; CORDELE"|13|33182.53|205951.83
20150501|92|"BS.AS. SUR"|56|"GUATA, FIELTRO Y TELA SIN TEJER; HILADOS ESPECIALES; CORDELE"|38|120496|669485.88
20150601|92|"BS.AS. SUR"|56|"GUATA, FIELTRO Y TELA SIN TEJER; HILADOS ESPECIALES; CORDELE"|33|109799.24|566390.9
20150701|92|"BS.AS. SUR"|56|"GUATA, FIELTRO Y TELA SIN TEJER; HILADOS ESPECIALES; CORDELE"|58|123025.78|756583.56
20150801|92|"BS.AS. SUR"|56|"GUATA, FIELTRO Y TELA SIN TEJER; HILADOS ESPECIALES; CORDELE"|33|109144.52|507547.03
20150901|92|"BS.AS. SUR"|56|"GUATA, FIELTRO Y TELA SIN TEJER; HILADOS ESPECIALES; CORDELE"|38|65728.97|403421.32
20151001|92|"BS.AS. SUR"|56|"GUATA, FIELTRO Y TELA SIN TEJER; HILADOS ESPECIALES; CORDELE"|48|95324.77|518425.55
20151101|92|"BS.AS. SUR"|56|"GUATA, FIELTRO Y TELA SIN TEJER; HILADOS ESPECIALES; CORDELE"|34|76900.23|454322
20151201|92|"BS.AS. SUR"|56|"GUATA, FIELTRO Y TELA SIN TEJER; HILADOS ESPECIALES; CORDELE"|35|80554.43|494509.91
