"fecha_oficia"|"aduana"|"aduana_desc"|"mercaderia"|"mercaderia_desc"|"cantidad"|"kilos"|"importe"
20140501|49|"RIO GRANDE"|34|"JABON, AGENTES DE SUPERFICIE ORGANICOS, PREPARACIONES PARA L"|2|10871.6|16344.76
20140601|49|"RIO GRANDE"|34|"JABON, AGENTES DE SUPERFICIE ORGANICOS, PREPARACIONES PARA L"|5|17345.45|34358.61
20140801|49|"RIO GRANDE"|34|"JABON, AGENTES DE SUPERFICIE ORGANICOS, PREPARACIONES PARA L"|10|24328.03|53443.86
20141201|49|"RIO GRANDE"|34|"JABON, AGENTES DE SUPERFICIE ORGANICOS, PREPARACIONES PARA L"|4|15380.75|38478.05
20150101|49|"RIO GRANDE"|34|"JABON, AGENTES DE SUPERFICIE ORGANICOS, PREPARACIONES PARA L"|5|6155.83|10425.02
20150301|49|"RIO GRANDE"|34|"JABON, AGENTES DE SUPERFICIE ORGANICOS, PREPARACIONES PARA L"|2|620.8|2156.06
20150601|49|"RIO GRANDE"|34|"JABON, AGENTES DE SUPERFICIE ORGANICOS, PREPARACIONES PARA L"|5|14636.17|27341.61
20150701|49|"RIO GRANDE"|34|"JABON, AGENTES DE SUPERFICIE ORGANICOS, PREPARACIONES PARA L"|3|13331.28|24320.43
20150801|49|"RIO GRANDE"|34|"JABON, AGENTES DE SUPERFICIE ORGANICOS, PREPARACIONES PARA L"|11|6916.87|17392.17
20151101|49|"RIO GRANDE"|34|"JABON, AGENTES DE SUPERFICIE ORGANICOS, PREPARACIONES PARA L"|3|17864.25|32424.75
20151201|49|"RIO GRANDE"|34|"JABON, AGENTES DE SUPERFICIE ORGANICOS, PREPARACIONES PARA L"|5|19953.45|36345.29
