"fecha_oficia"|"aduana"|"aduana_desc"|"mercaderia"|"mercaderia_desc"|"cantidad"|"kilos"|"importe"
20140101|79|"LA RIOJA"|15|"GRASAS Y ACEITES ANIMALES O VEGETALES; PRODUCTOS DE SU DESDO"|19|436162.66|1360347.41
20140201|79|"LA RIOJA"|15|"GRASAS Y ACEITES ANIMALES O VEGETALES; PRODUCTOS DE SU DESDO"|13|286853.3|994270.3
20140301|79|"LA RIOJA"|15|"GRASAS Y ACEITES ANIMALES O VEGETALES; PRODUCTOS DE SU DESDO"|28|439657.7|1501636.24
20140401|79|"LA RIOJA"|15|"GRASAS Y ACEITES ANIMALES O VEGETALES; PRODUCTOS DE SU DESDO"|14|302673.19|1058760.64
20140501|79|"LA RIOJA"|15|"GRASAS Y ACEITES ANIMALES O VEGETALES; PRODUCTOS DE SU DESDO"|27|653189.81|2119263.53
20140601|79|"LA RIOJA"|15|"GRASAS Y ACEITES ANIMALES O VEGETALES; PRODUCTOS DE SU DESDO"|18|376754.28|1227572.62
20140701|79|"LA RIOJA"|15|"GRASAS Y ACEITES ANIMALES O VEGETALES; PRODUCTOS DE SU DESDO"|15|349695.18|1149210.72
20140801|79|"LA RIOJA"|15|"GRASAS Y ACEITES ANIMALES O VEGETALES; PRODUCTOS DE SU DESDO"|34|748088.08|2410825.92
20140901|79|"LA RIOJA"|15|"GRASAS Y ACEITES ANIMALES O VEGETALES; PRODUCTOS DE SU DESDO"|24|477653.91|1576033.09
20141001|79|"LA RIOJA"|15|"GRASAS Y ACEITES ANIMALES O VEGETALES; PRODUCTOS DE SU DESDO"|32|554430.27|2040469.04
20141101|79|"LA RIOJA"|15|"GRASAS Y ACEITES ANIMALES O VEGETALES; PRODUCTOS DE SU DESDO"|19|279048.2|1151222.6
20141201|79|"LA RIOJA"|15|"GRASAS Y ACEITES ANIMALES O VEGETALES; PRODUCTOS DE SU DESDO"|13|201275.9|873600.04
20150101|79|"LA RIOJA"|15|"GRASAS Y ACEITES ANIMALES O VEGETALES; PRODUCTOS DE SU DESDO"|5|65525|224080
20150201|79|"LA RIOJA"|15|"GRASAS Y ACEITES ANIMALES O VEGETALES; PRODUCTOS DE SU DESDO"|10|167493.7|568889.4
20150301|79|"LA RIOJA"|15|"GRASAS Y ACEITES ANIMALES O VEGETALES; PRODUCTOS DE SU DESDO"|7|122590.91|538225
20150401|79|"LA RIOJA"|15|"GRASAS Y ACEITES ANIMALES O VEGETALES; PRODUCTOS DE SU DESDO"|6|103781.57|375110.88
20150501|79|"LA RIOJA"|15|"GRASAS Y ACEITES ANIMALES O VEGETALES; PRODUCTOS DE SU DESDO"|14|678017.1|2226098
20150601|79|"LA RIOJA"|15|"GRASAS Y ACEITES ANIMALES O VEGETALES; PRODUCTOS DE SU DESDO"|26|1079504.95|3923583.67
20150701|79|"LA RIOJA"|15|"GRASAS Y ACEITES ANIMALES O VEGETALES; PRODUCTOS DE SU DESDO"|38|1988049.65|7427800.68
20150801|79|"LA RIOJA"|15|"GRASAS Y ACEITES ANIMALES O VEGETALES; PRODUCTOS DE SU DESDO"|43|2975720.92|11298204.32
20150901|79|"LA RIOJA"|15|"GRASAS Y ACEITES ANIMALES O VEGETALES; PRODUCTOS DE SU DESDO"|38|2204898.17|8640160.06
20151001|79|"LA RIOJA"|15|"GRASAS Y ACEITES ANIMALES O VEGETALES; PRODUCTOS DE SU DESDO"|30|1612896.61|6097646.55
20151101|79|"LA RIOJA"|15|"GRASAS Y ACEITES ANIMALES O VEGETALES; PRODUCTOS DE SU DESDO"|17|542968.53|2136897.36
20151201|79|"LA RIOJA"|15|"GRASAS Y ACEITES ANIMALES O VEGETALES; PRODUCTOS DE SU DESDO"|16|313695.24|1169327.77
