"fecha_oficia"|"aduana"|"aduana_desc"|"mercaderia"|"mercaderia_desc"|"cantidad"|"kilos"|"importe"
20140101|80|"SAN ANTONIO OESTE"|3|"PESCADOS Y CRUSTACEOS, MOLUSCOS Y DEMAS INVERTEBRADOS ACUATI"|25|943179|1665203.28
20140201|80|"SAN ANTONIO OESTE"|3|"PESCADOS Y CRUSTACEOS, MOLUSCOS Y DEMAS INVERTEBRADOS ACUATI"|13|491017|865825.29
20140301|80|"SAN ANTONIO OESTE"|3|"PESCADOS Y CRUSTACEOS, MOLUSCOS Y DEMAS INVERTEBRADOS ACUATI"|26|982457|1729803.45
20140401|80|"SAN ANTONIO OESTE"|3|"PESCADOS Y CRUSTACEOS, MOLUSCOS Y DEMAS INVERTEBRADOS ACUATI"|36|1404457|2469191.16
20140501|80|"SAN ANTONIO OESTE"|3|"PESCADOS Y CRUSTACEOS, MOLUSCOS Y DEMAS INVERTEBRADOS ACUATI"|30|1100398|1937281.56
20140601|80|"SAN ANTONIO OESTE"|3|"PESCADOS Y CRUSTACEOS, MOLUSCOS Y DEMAS INVERTEBRADOS ACUATI"|6|233917|410997.24
20140901|80|"SAN ANTONIO OESTE"|3|"PESCADOS Y CRUSTACEOS, MOLUSCOS Y DEMAS INVERTEBRADOS ACUATI"|5|248954|456836.36
20141001|80|"SAN ANTONIO OESTE"|3|"PESCADOS Y CRUSTACEOS, MOLUSCOS Y DEMAS INVERTEBRADOS ACUATI"|19|977906|1794804.04
20141101|80|"SAN ANTONIO OESTE"|3|"PESCADOS Y CRUSTACEOS, MOLUSCOS Y DEMAS INVERTEBRADOS ACUATI"|16|997441|1834465.44
20141201|80|"SAN ANTONIO OESTE"|3|"PESCADOS Y CRUSTACEOS, MOLUSCOS Y DEMAS INVERTEBRADOS ACUATI"|18|643458|1181897.72
20150101|80|"SAN ANTONIO OESTE"|3|"PESCADOS Y CRUSTACEOS, MOLUSCOS Y DEMAS INVERTEBRADOS ACUATI"|14|465793|856286.6
20150201|80|"SAN ANTONIO OESTE"|3|"PESCADOS Y CRUSTACEOS, MOLUSCOS Y DEMAS INVERTEBRADOS ACUATI"|20|738394|1352459.4
20150301|80|"SAN ANTONIO OESTE"|3|"PESCADOS Y CRUSTACEOS, MOLUSCOS Y DEMAS INVERTEBRADOS ACUATI"|13|726901|1333397.34
20150401|80|"SAN ANTONIO OESTE"|3|"PESCADOS Y CRUSTACEOS, MOLUSCOS Y DEMAS INVERTEBRADOS ACUATI"|10|470313|862414.12
20150501|80|"SAN ANTONIO OESTE"|3|"PESCADOS Y CRUSTACEOS, MOLUSCOS Y DEMAS INVERTEBRADOS ACUATI"|4|265346|488236.64
20150601|80|"SAN ANTONIO OESTE"|3|"PESCADOS Y CRUSTACEOS, MOLUSCOS Y DEMAS INVERTEBRADOS ACUATI"|7|363552|668109.68
20150701|80|"SAN ANTONIO OESTE"|3|"PESCADOS Y CRUSTACEOS, MOLUSCOS Y DEMAS INVERTEBRADOS ACUATI"|6|345148|634246.32
