"fecha_oficia"|"aduana"|"aduana_desc"|"mercaderia"|"mercaderia_desc"|"cantidad"|"kilos"|"importe"
20140201|88|"GENERAL DEHEZA"|21|"PREPARACIONES ALIMENTICIAS DIVERSAS"|9|51454.75|67937.9
20140401|88|"GENERAL DEHEZA"|21|"PREPARACIONES ALIMENTICIAS DIVERSAS"|1|8010|8010
20140501|88|"GENERAL DEHEZA"|21|"PREPARACIONES ALIMENTICIAS DIVERSAS"|3|44910|42334.97
20140701|88|"GENERAL DEHEZA"|21|"PREPARACIONES ALIMENTICIAS DIVERSAS"|2|43390|40424.05
20140801|88|"GENERAL DEHEZA"|21|"PREPARACIONES ALIMENTICIAS DIVERSAS"|4|175960|150379.45
20140901|88|"GENERAL DEHEZA"|21|"PREPARACIONES ALIMENTICIAS DIVERSAS"|7|168080|146240.66
20141001|88|"GENERAL DEHEZA"|21|"PREPARACIONES ALIMENTICIAS DIVERSAS"|3|28450|29242.8
20141101|88|"GENERAL DEHEZA"|21|"PREPARACIONES ALIMENTICIAS DIVERSAS"|7|234200|208384
20141201|88|"GENERAL DEHEZA"|21|"PREPARACIONES ALIMENTICIAS DIVERSAS"|5|210040|183567.48
20150101|88|"GENERAL DEHEZA"|21|"PREPARACIONES ALIMENTICIAS DIVERSAS"|3|109420|98332
20150301|88|"GENERAL DEHEZA"|21|"PREPARACIONES ALIMENTICIAS DIVERSAS"|2|43400|40760
20150401|88|"GENERAL DEHEZA"|21|"PREPARACIONES ALIMENTICIAS DIVERSAS"|5|138959.9|123412
20150501|88|"GENERAL DEHEZA"|21|"PREPARACIONES ALIMENTICIAS DIVERSAS"|3|50100|44203.42
20150601|88|"GENERAL DEHEZA"|21|"PREPARACIONES ALIMENTICIAS DIVERSAS"|4|200260|145521.76
20150701|88|"GENERAL DEHEZA"|21|"PREPARACIONES ALIMENTICIAS DIVERSAS"|4|137740|109289.73
20150801|88|"GENERAL DEHEZA"|21|"PREPARACIONES ALIMENTICIAS DIVERSAS"|6|291521.25|234806.46
20150901|88|"GENERAL DEHEZA"|21|"PREPARACIONES ALIMENTICIAS DIVERSAS"|4|121500|109380.82
20151001|88|"GENERAL DEHEZA"|21|"PREPARACIONES ALIMENTICIAS DIVERSAS"|2|9203.28|24299.58
20151101|88|"GENERAL DEHEZA"|21|"PREPARACIONES ALIMENTICIAS DIVERSAS"|9|323720|254834.08
20151201|88|"GENERAL DEHEZA"|21|"PREPARACIONES ALIMENTICIAS DIVERSAS"|8|452430|330108.27
