"fecha_oficia"|"aduana"|"aduana_desc"|"mercaderia"|"mercaderia_desc"|"cantidad"|"kilos"|"importe"
20150401|91|"BS.AS. NORTE"|94|"MUEBLES; MOBILIARIO MEDICOQUIRURGICO; ARTICULOS DE CAMA Y SI"|15|15976.88|85679.96
20150501|91|"BS.AS. NORTE"|94|"MUEBLES; MOBILIARIO MEDICOQUIRURGICO; ARTICULOS DE CAMA Y SI"|133|237499.24|1399942.84
20150601|91|"BS.AS. NORTE"|94|"MUEBLES; MOBILIARIO MEDICOQUIRURGICO; ARTICULOS DE CAMA Y SI"|117|197445.04|1175460.99
20150701|91|"BS.AS. NORTE"|94|"MUEBLES; MOBILIARIO MEDICOQUIRURGICO; ARTICULOS DE CAMA Y SI"|127|186736.46|994208.52
20150801|91|"BS.AS. NORTE"|94|"MUEBLES; MOBILIARIO MEDICOQUIRURGICO; ARTICULOS DE CAMA Y SI"|89|109740.87|699383.82
20150901|91|"BS.AS. NORTE"|94|"MUEBLES; MOBILIARIO MEDICOQUIRURGICO; ARTICULOS DE CAMA Y SI"|86|154013.37|651961.06
20151001|91|"BS.AS. NORTE"|94|"MUEBLES; MOBILIARIO MEDICOQUIRURGICO; ARTICULOS DE CAMA Y SI"|150|427343.83|3033857.1
20151101|91|"BS.AS. NORTE"|94|"MUEBLES; MOBILIARIO MEDICOQUIRURGICO; ARTICULOS DE CAMA Y SI"|106|217151.71|1421734.99
20151201|91|"BS.AS. NORTE"|94|"MUEBLES; MOBILIARIO MEDICOQUIRURGICO; ARTICULOS DE CAMA Y SI"|102|149713.3|781306.24
