"fecha_oficia"|"aduana"|"aduana_desc"|"mercaderia"|"mercaderia_desc"|"cantidad"|"kilos"|"importe"
20140101|85|"VILLA REGINA"|22|"BEBIDAS, LIQUIDOS ALCOHOLICOS Y VINAGRE"|1|36360|213428.8
20140201|85|"VILLA REGINA"|22|"BEBIDAS, LIQUIDOS ALCOHOLICOS Y VINAGRE"|1|40500|233222.62
20140301|85|"VILLA REGINA"|22|"BEBIDAS, LIQUIDOS ALCOHOLICOS Y VINAGRE"|3|42511|242497.5
20140401|85|"VILLA REGINA"|22|"BEBIDAS, LIQUIDOS ALCOHOLICOS Y VINAGRE"|1|41701|239347.5
20140501|85|"VILLA REGINA"|22|"BEBIDAS, LIQUIDOS ALCOHOLICOS Y VINAGRE"|3|125253|713974.5
20140601|85|"VILLA REGINA"|22|"BEBIDAS, LIQUIDOS ALCOHOLICOS Y VINAGRE"|2|83502|483229.8
20140701|85|"VILLA REGINA"|22|"BEBIDAS, LIQUIDOS ALCOHOLICOS Y VINAGRE"|2|83283|485900.8
20140801|85|"VILLA REGINA"|22|"BEBIDAS, LIQUIDOS ALCOHOLICOS Y VINAGRE"|13|63766.5|360893.5
20140901|85|"VILLA REGINA"|22|"BEBIDAS, LIQUIDOS ALCOHOLICOS Y VINAGRE"|3|114506|704143.88
20141001|85|"VILLA REGINA"|22|"BEBIDAS, LIQUIDOS ALCOHOLICOS Y VINAGRE"|5|95616|533021.16
20141101|85|"VILLA REGINA"|22|"BEBIDAS, LIQUIDOS ALCOHOLICOS Y VINAGRE"|4|81659.5|461264.65
20141201|85|"VILLA REGINA"|22|"BEBIDAS, LIQUIDOS ALCOHOLICOS Y VINAGRE"|4|140792.5|801194.15
20150101|85|"VILLA REGINA"|22|"BEBIDAS, LIQUIDOS ALCOHOLICOS Y VINAGRE"|2|58203|332446.34
20150401|85|"VILLA REGINA"|22|"BEBIDAS, LIQUIDOS ALCOHOLICOS Y VINAGRE"|5|815262|1136482.69
20150501|85|"VILLA REGINA"|22|"BEBIDAS, LIQUIDOS ALCOHOLICOS Y VINAGRE"|27|3172125|2616570.94
20150601|85|"VILLA REGINA"|22|"BEBIDAS, LIQUIDOS ALCOHOLICOS Y VINAGRE"|35|4167982|2790530.47
20150701|85|"VILLA REGINA"|22|"BEBIDAS, LIQUIDOS ALCOHOLICOS Y VINAGRE"|43|4788690|3118374.86
20150801|85|"VILLA REGINA"|22|"BEBIDAS, LIQUIDOS ALCOHOLICOS Y VINAGRE"|36|3763970|3020000.92
20150901|85|"VILLA REGINA"|22|"BEBIDAS, LIQUIDOS ALCOHOLICOS Y VINAGRE"|9|782473|913183.17
20151001|85|"VILLA REGINA"|22|"BEBIDAS, LIQUIDOS ALCOHOLICOS Y VINAGRE"|5|633174|527495.58
20151101|85|"VILLA REGINA"|22|"BEBIDAS, LIQUIDOS ALCOHOLICOS Y VINAGRE"|3|125127|789492.05
