"fecha_oficia"|"aduana"|"aduana_desc"|"mercaderia"|"mercaderia_desc"|"cantidad"|"kilos"|"importe"
20150401|92|"BS.AS. SUR"|57|"ALFOMBRAS Y DEMAS REVESTIMIENTOS PARA EL SUELO, DE MATERIA T"|3|14109.49|68124.17
20150501|92|"BS.AS. SUR"|57|"ALFOMBRAS Y DEMAS REVESTIMIENTOS PARA EL SUELO, DE MATERIA T"|14|101506|505533.63
20150601|92|"BS.AS. SUR"|57|"ALFOMBRAS Y DEMAS REVESTIMIENTOS PARA EL SUELO, DE MATERIA T"|12|108563.49|493368.37
20150701|92|"BS.AS. SUR"|57|"ALFOMBRAS Y DEMAS REVESTIMIENTOS PARA EL SUELO, DE MATERIA T"|12|102738.05|439866.29
20150801|92|"BS.AS. SUR"|57|"ALFOMBRAS Y DEMAS REVESTIMIENTOS PARA EL SUELO, DE MATERIA T"|8|104370.31|541047.83
20150901|92|"BS.AS. SUR"|57|"ALFOMBRAS Y DEMAS REVESTIMIENTOS PARA EL SUELO, DE MATERIA T"|8|47690.03|355269.04
20151001|92|"BS.AS. SUR"|57|"ALFOMBRAS Y DEMAS REVESTIMIENTOS PARA EL SUELO, DE MATERIA T"|13|101875.09|461717.57
20151101|92|"BS.AS. SUR"|57|"ALFOMBRAS Y DEMAS REVESTIMIENTOS PARA EL SUELO, DE MATERIA T"|14|76543.26|519384.25
20151201|92|"BS.AS. SUR"|57|"ALFOMBRAS Y DEMAS REVESTIMIENTOS PARA EL SUELO, DE MATERIA T"|15|46750.42|231081.41
