"fecha_oficia"|"aduana"|"aduana_desc"|"mercaderia"|"mercaderia_desc"|"cantidad"|"kilos"|"importe"
20150401|92|"BS.AS. SUR"|91|"APARATOS DE RELOJERIA Y SUS PARTES"|2|44.05|2073.02
20150501|92|"BS.AS. SUR"|91|"APARATOS DE RELOJERIA Y SUS PARTES"|4|229.56|12062.43
20150601|92|"BS.AS. SUR"|91|"APARATOS DE RELOJERIA Y SUS PARTES"|7|3112.25|25161.55
20150701|92|"BS.AS. SUR"|91|"APARATOS DE RELOJERIA Y SUS PARTES"|5|3641.76|26616.56
20150801|92|"BS.AS. SUR"|91|"APARATOS DE RELOJERIA Y SUS PARTES"|8|1247.3|20491.19
20150901|92|"BS.AS. SUR"|91|"APARATOS DE RELOJERIA Y SUS PARTES"|3|48.37|2037.05
20151001|92|"BS.AS. SUR"|91|"APARATOS DE RELOJERIA Y SUS PARTES"|2|3.42|1008.45
20151101|92|"BS.AS. SUR"|91|"APARATOS DE RELOJERIA Y SUS PARTES"|2|205.12|4878.96
20151201|92|"BS.AS. SUR"|91|"APARATOS DE RELOJERIA Y SUS PARTES"|6|10968.31|68675.76
