"fecha_oficia"|"aduana"|"aduana_desc"|"mercaderia"|"mercaderia_desc"|"cantidad"|"kilos"|"importe"
20150401|92|"BS.AS. SUR"|62|"PRENDAS Y COMPLEMENTOS (ACCESORIOS) DE VESTIR, EXCEPTO LOS D"|161|3238.22|191637.14
20150501|92|"BS.AS. SUR"|62|"PRENDAS Y COMPLEMENTOS (ACCESORIOS) DE VESTIR, EXCEPTO LOS D"|291|8681.83|541339.28
20150601|92|"BS.AS. SUR"|62|"PRENDAS Y COMPLEMENTOS (ACCESORIOS) DE VESTIR, EXCEPTO LOS D"|322|6682.41|496098.69
20150701|92|"BS.AS. SUR"|62|"PRENDAS Y COMPLEMENTOS (ACCESORIOS) DE VESTIR, EXCEPTO LOS D"|220|8288.38|430691.52
20150801|92|"BS.AS. SUR"|62|"PRENDAS Y COMPLEMENTOS (ACCESORIOS) DE VESTIR, EXCEPTO LOS D"|335|5951.114|406548.02
20150901|92|"BS.AS. SUR"|62|"PRENDAS Y COMPLEMENTOS (ACCESORIOS) DE VESTIR, EXCEPTO LOS D"|405|5483.98|423180.41
20151001|92|"BS.AS. SUR"|62|"PRENDAS Y COMPLEMENTOS (ACCESORIOS) DE VESTIR, EXCEPTO LOS D"|363|5369.44|353532.24
20151101|92|"BS.AS. SUR"|62|"PRENDAS Y COMPLEMENTOS (ACCESORIOS) DE VESTIR, EXCEPTO LOS D"|504|7952.43|433039.07
20151201|92|"BS.AS. SUR"|62|"PRENDAS Y COMPLEMENTOS (ACCESORIOS) DE VESTIR, EXCEPTO LOS D"|371|4766.636|296934.15
