"fecha_oficia"|"aduana"|"aduana_desc"|"mercaderia"|"mercaderia_desc"|"cantidad"|"kilos"|"importe"
20140101|88|"GENERAL DEHEZA"|10|"CEREALES"|6|924000|658140
20140201|88|"GENERAL DEHEZA"|10|"CEREALES"|7|268800|192962.86
20140301|88|"GENERAL DEHEZA"|10|"CEREALES"|6|325000|225738
20140401|88|"GENERAL DEHEZA"|10|"CEREALES"|14|1000100|683947.5
20140501|88|"GENERAL DEHEZA"|10|"CEREALES"|10|492000|323773.06
20140601|88|"GENERAL DEHEZA"|10|"CEREALES"|7|275000|168512
20140701|88|"GENERAL DEHEZA"|10|"CEREALES"|15|1015320|336660.22
20140801|88|"GENERAL DEHEZA"|10|"CEREALES"|19|1457900|511103.64
20140901|88|"GENERAL DEHEZA"|10|"CEREALES"|18|1684720|438857.14
20141001|88|"GENERAL DEHEZA"|10|"CEREALES"|8|1083040|680859.12
20141101|88|"GENERAL DEHEZA"|10|"CEREALES"|16|1052150|515135.51
20141201|88|"GENERAL DEHEZA"|10|"CEREALES"|42|4441830|1070893.71
20150101|88|"GENERAL DEHEZA"|10|"CEREALES"|23|3144440|746733.43
20150201|88|"GENERAL DEHEZA"|10|"CEREALES"|20|802820|314873.32
20150301|88|"GENERAL DEHEZA"|10|"CEREALES"|27|1572000|592298.4
20150401|88|"GENERAL DEHEZA"|10|"CEREALES"|14|569710|207239.43
20150501|88|"GENERAL DEHEZA"|10|"CEREALES"|13|441060|163137.91
20150601|88|"GENERAL DEHEZA"|10|"CEREALES"|24|937980|327319.39
20150701|88|"GENERAL DEHEZA"|10|"CEREALES"|29|1852350|606359.93
20150801|88|"GENERAL DEHEZA"|10|"CEREALES"|21|772150|273557.1
20150901|88|"GENERAL DEHEZA"|10|"CEREALES"|25|1251460|408313.86
20151001|88|"GENERAL DEHEZA"|10|"CEREALES"|20|1095800|350556.65
20151101|88|"GENERAL DEHEZA"|10|"CEREALES"|19|1103700|351458.8
20151201|88|"GENERAL DEHEZA"|10|"CEREALES"|17|828826|302243.56
