"fecha_oficia"|"aduana"|"aduana_desc"|"mercaderia"|"mercaderia_desc"|"cantidad"|"kilos"|"importe"
20140101|83|"SAN LUIS"|23|"RESIDUOS Y DESPERDICIOS DE LAS INDUSTRIAS ALIMENTARIAS; ALIM"|17|2583520|972621.77
20140201|83|"SAN LUIS"|23|"RESIDUOS Y DESPERDICIOS DE LAS INDUSTRIAS ALIMENTARIAS; ALIM"|24|2421979|1019428.89
20140301|83|"SAN LUIS"|23|"RESIDUOS Y DESPERDICIOS DE LAS INDUSTRIAS ALIMENTARIAS; ALIM"|18|1766320|964185.52
20140401|83|"SAN LUIS"|23|"RESIDUOS Y DESPERDICIOS DE LAS INDUSTRIAS ALIMENTARIAS; ALIM"|20|3018634|1207574.37
20140501|83|"SAN LUIS"|23|"RESIDUOS Y DESPERDICIOS DE LAS INDUSTRIAS ALIMENTARIAS; ALIM"|27|4739055|1939761.14
20140601|83|"SAN LUIS"|23|"RESIDUOS Y DESPERDICIOS DE LAS INDUSTRIAS ALIMENTARIAS; ALIM"|14|1514494|628918.96
20140701|83|"SAN LUIS"|23|"RESIDUOS Y DESPERDICIOS DE LAS INDUSTRIAS ALIMENTARIAS; ALIM"|15|1499097|564333.1
20140801|83|"SAN LUIS"|23|"RESIDUOS Y DESPERDICIOS DE LAS INDUSTRIAS ALIMENTARIAS; ALIM"|20|2378100|1009615.14
20140901|83|"SAN LUIS"|23|"RESIDUOS Y DESPERDICIOS DE LAS INDUSTRIAS ALIMENTARIAS; ALIM"|12|959800|557670.64
20141001|83|"SAN LUIS"|23|"RESIDUOS Y DESPERDICIOS DE LAS INDUSTRIAS ALIMENTARIAS; ALIM"|17|1938580|513138.41
20141101|83|"SAN LUIS"|23|"RESIDUOS Y DESPERDICIOS DE LAS INDUSTRIAS ALIMENTARIAS; ALIM"|17|2602233|991944.73
20141201|83|"SAN LUIS"|23|"RESIDUOS Y DESPERDICIOS DE LAS INDUSTRIAS ALIMENTARIAS; ALIM"|17|3301580|906095.18
20150101|83|"SAN LUIS"|23|"RESIDUOS Y DESPERDICIOS DE LAS INDUSTRIAS ALIMENTARIAS; ALIM"|24|5122220|1538773.5
20150201|83|"SAN LUIS"|23|"RESIDUOS Y DESPERDICIOS DE LAS INDUSTRIAS ALIMENTARIAS; ALIM"|29|2709323|928733.48
20150301|83|"SAN LUIS"|23|"RESIDUOS Y DESPERDICIOS DE LAS INDUSTRIAS ALIMENTARIAS; ALIM"|18|4593070|1332444.51
20150401|83|"SAN LUIS"|23|"RESIDUOS Y DESPERDICIOS DE LAS INDUSTRIAS ALIMENTARIAS; ALIM"|27|6841570|1554149.71
20150501|83|"SAN LUIS"|23|"RESIDUOS Y DESPERDICIOS DE LAS INDUSTRIAS ALIMENTARIAS; ALIM"|40|7470200|1515663.41
20150601|83|"SAN LUIS"|23|"RESIDUOS Y DESPERDICIOS DE LAS INDUSTRIAS ALIMENTARIAS; ALIM"|32|6167343.85|1232368.31
20150701|83|"SAN LUIS"|23|"RESIDUOS Y DESPERDICIOS DE LAS INDUSTRIAS ALIMENTARIAS; ALIM"|28|5865870|1034538.77
20150801|83|"SAN LUIS"|23|"RESIDUOS Y DESPERDICIOS DE LAS INDUSTRIAS ALIMENTARIAS; ALIM"|23|2687639|648586.33
20150901|83|"SAN LUIS"|23|"RESIDUOS Y DESPERDICIOS DE LAS INDUSTRIAS ALIMENTARIAS; ALIM"|19|2745229|601758.62
20151001|83|"SAN LUIS"|23|"RESIDUOS Y DESPERDICIOS DE LAS INDUSTRIAS ALIMENTARIAS; ALIM"|11|1234068|316481.44
20151101|83|"SAN LUIS"|23|"RESIDUOS Y DESPERDICIOS DE LAS INDUSTRIAS ALIMENTARIAS; ALIM"|14|1078080|291135.86
20151201|83|"SAN LUIS"|23|"RESIDUOS Y DESPERDICIOS DE LAS INDUSTRIAS ALIMENTARIAS; ALIM"|18|2346453|739808.82
