"fecha_oficia"|"aduana"|"aduana_desc"|"mercaderia"|"mercaderia_desc"|"cantidad"|"kilos"|"importe"
20150401|92|"BS.AS. SUR"|69|"PRODUCTOS CERAMICOS"|26|569311.1|94979.6
20150501|92|"BS.AS. SUR"|69|"PRODUCTOS CERAMICOS"|78|1315019.7|678112.76
20150601|92|"BS.AS. SUR"|69|"PRODUCTOS CERAMICOS"|122|1259160.68|497213.16
20150701|92|"BS.AS. SUR"|69|"PRODUCTOS CERAMICOS"|63|897927.5|447135.42
20150801|92|"BS.AS. SUR"|69|"PRODUCTOS CERAMICOS"|69|426732.29|377208.88
20150901|92|"BS.AS. SUR"|69|"PRODUCTOS CERAMICOS"|85|475448.61|306841.03
20151001|92|"BS.AS. SUR"|69|"PRODUCTOS CERAMICOS"|35|323303.04|268105.83
20151101|92|"BS.AS. SUR"|69|"PRODUCTOS CERAMICOS"|65|254423.92|312050.6
20151201|92|"BS.AS. SUR"|69|"PRODUCTOS CERAMICOS"|23|294913.08|239489.54
