"fecha_oficia"|"aduana"|"aduana_desc"|"mercaderia"|"mercaderia_desc"|"cantidad"|"kilos"|"importe"
20150501|91|"BS.AS. NORTE"|55|"FIBRAS SINTETICAS O ARTIFICIALES DISCONTINUAS"|1|663.5|5138.55
20150601|91|"BS.AS. NORTE"|55|"FIBRAS SINTETICAS O ARTIFICIALES DISCONTINUAS"|1|12270|6226.8
20150901|91|"BS.AS. NORTE"|55|"FIBRAS SINTETICAS O ARTIFICIALES DISCONTINUAS"|1|453.54|3705
20151001|91|"BS.AS. NORTE"|55|"FIBRAS SINTETICAS O ARTIFICIALES DISCONTINUAS"|1|9700|101751.6
20151101|91|"BS.AS. NORTE"|55|"FIBRAS SINTETICAS O ARTIFICIALES DISCONTINUAS"|2|774.54|6544.05
20151201|91|"BS.AS. NORTE"|55|"FIBRAS SINTETICAS O ARTIFICIALES DISCONTINUAS"|3|2317.09|20433.83
