"fecha_oficia"|"aduana"|"aduana_desc"|"mercaderia"|"mercaderia_desc"|"cantidad"|"kilos"|"importe"
20140501|49|"RIO GRANDE"|40|"CAUCHO Y SUS MANUFACTURAS"|1|112|5676.78
20140701|49|"RIO GRANDE"|40|"CAUCHO Y SUS MANUFACTURAS"|1|2.52|304.05
20140901|49|"RIO GRANDE"|40|"CAUCHO Y SUS MANUFACTURAS"|1|11.2|449.73
20141201|49|"RIO GRANDE"|40|"CAUCHO Y SUS MANUFACTURAS"|1|5.14|164.84
20150301|49|"RIO GRANDE"|40|"CAUCHO Y SUS MANUFACTURAS"|10|23423.42|44445.5
20150601|49|"RIO GRANDE"|40|"CAUCHO Y SUS MANUFACTURAS"|2|27.6|757.12
20150801|49|"RIO GRANDE"|40|"CAUCHO Y SUS MANUFACTURAS"|2|336.4|1799.27
20151101|49|"RIO GRANDE"|40|"CAUCHO Y SUS MANUFACTURAS"|1|5.25|1981.53
