"fecha_oficia"|"aduana"|"aduana_desc"|"mercaderia"|"mercaderia_desc"|"cantidad"|"kilos"|"importe"
20150501|92|"BS.AS. SUR"|89|"BARCOS Y DEMAS ARTEFACTOS FLOTANTES"|2|3824350|18304990.53
20150701|92|"BS.AS. SUR"|89|"BARCOS Y DEMAS ARTEFACTOS FLOTANTES"|3|3262778|12948651.65
20150901|92|"BS.AS. SUR"|89|"BARCOS Y DEMAS ARTEFACTOS FLOTANTES"|2|48261.03|71252.72
20151101|92|"BS.AS. SUR"|89|"BARCOS Y DEMAS ARTEFACTOS FLOTANTES"|7|2950|374735.18
20151201|92|"BS.AS. SUR"|89|"BARCOS Y DEMAS ARTEFACTOS FLOTANTES"|2|2435|28256.17
