"fecha_oficia"|"aduana"|"aduana_desc"|"mercaderia"|"mercaderia_desc"|"cantidad"|"kilos"|"importe"
20150401|91|"BS.AS. NORTE"|17|"AZUCARES Y ARTICULOS DE CONFITERIA"|8|39004.94|143146.19
20150501|91|"BS.AS. NORTE"|17|"AZUCARES Y ARTICULOS DE CONFITERIA"|13|636362.18|486693.4
20150601|91|"BS.AS. NORTE"|17|"AZUCARES Y ARTICULOS DE CONFITERIA"|6|404904|463875.72
20150701|91|"BS.AS. NORTE"|17|"AZUCARES Y ARTICULOS DE CONFITERIA"|16|128657.07|240282.04
20150801|91|"BS.AS. NORTE"|17|"AZUCARES Y ARTICULOS DE CONFITERIA"|9|27161.26|117743.38
20150901|91|"BS.AS. NORTE"|17|"AZUCARES Y ARTICULOS DE CONFITERIA"|18|137023.03|434758.94
20151001|91|"BS.AS. NORTE"|17|"AZUCARES Y ARTICULOS DE CONFITERIA"|15|142499.7|224472.74
20151101|91|"BS.AS. NORTE"|17|"AZUCARES Y ARTICULOS DE CONFITERIA"|11|543762.21|378627.16
20151201|91|"BS.AS. NORTE"|17|"AZUCARES Y ARTICULOS DE CONFITERIA"|20|558022.44|633173.42
