"fecha_oficia"|"aduana"|"aduana_desc"|"mercaderia"|"mercaderia_desc"|"cantidad"|"kilos"|"importe"
20140101|83|"SAN LUIS"|87|"VEHICULOS AUTOMOVILES, TRACTORES, VELOCIPEDOS Y DEMAS VEHICU"|3|72730|276457.4
20140201|83|"SAN LUIS"|87|"VEHICULOS AUTOMOVILES, TRACTORES, VELOCIPEDOS Y DEMAS VEHICU"|3|66022|261898.7
20140301|83|"SAN LUIS"|87|"VEHICULOS AUTOMOVILES, TRACTORES, VELOCIPEDOS Y DEMAS VEHICU"|3|68173|262943.02
20140401|83|"SAN LUIS"|87|"VEHICULOS AUTOMOVILES, TRACTORES, VELOCIPEDOS Y DEMAS VEHICU"|4|77698|317919.4
20140501|83|"SAN LUIS"|87|"VEHICULOS AUTOMOVILES, TRACTORES, VELOCIPEDOS Y DEMAS VEHICU"|3|54934|222916.22
20140601|83|"SAN LUIS"|87|"VEHICULOS AUTOMOVILES, TRACTORES, VELOCIPEDOS Y DEMAS VEHICU"|2|38409|131062
20140701|83|"SAN LUIS"|87|"VEHICULOS AUTOMOVILES, TRACTORES, VELOCIPEDOS Y DEMAS VEHICU"|2|34930|116130.02
20140801|83|"SAN LUIS"|87|"VEHICULOS AUTOMOVILES, TRACTORES, VELOCIPEDOS Y DEMAS VEHICU"|2|48898|163561.54
20140901|83|"SAN LUIS"|87|"VEHICULOS AUTOMOVILES, TRACTORES, VELOCIPEDOS Y DEMAS VEHICU"|3|56421|192570.6
20141001|83|"SAN LUIS"|87|"VEHICULOS AUTOMOVILES, TRACTORES, VELOCIPEDOS Y DEMAS VEHICU"|3|48859|161530.62
20141101|83|"SAN LUIS"|87|"VEHICULOS AUTOMOVILES, TRACTORES, VELOCIPEDOS Y DEMAS VEHICU"|1|21683|76418.06
20141201|83|"SAN LUIS"|87|"VEHICULOS AUTOMOVILES, TRACTORES, VELOCIPEDOS Y DEMAS VEHICU"|1|23057|81305.56
20150201|83|"SAN LUIS"|87|"VEHICULOS AUTOMOVILES, TRACTORES, VELOCIPEDOS Y DEMAS VEHICU"|2|36905|119371.52
20150301|83|"SAN LUIS"|87|"VEHICULOS AUTOMOVILES, TRACTORES, VELOCIPEDOS Y DEMAS VEHICU"|5|46981|201560.73
20150401|83|"SAN LUIS"|87|"VEHICULOS AUTOMOVILES, TRACTORES, VELOCIPEDOS Y DEMAS VEHICU"|1|14859|65167.24
20150501|83|"SAN LUIS"|87|"VEHICULOS AUTOMOVILES, TRACTORES, VELOCIPEDOS Y DEMAS VEHICU"|1|15219|73570.64
20150601|83|"SAN LUIS"|87|"VEHICULOS AUTOMOVILES, TRACTORES, VELOCIPEDOS Y DEMAS VEHICU"|1|4965|24038.96
20150701|83|"SAN LUIS"|87|"VEHICULOS AUTOMOVILES, TRACTORES, VELOCIPEDOS Y DEMAS VEHICU"|2|28136|86533.66
