"fecha_oficia"|"aduana"|"aduana_desc"|"mercaderia"|"mercaderia_desc"|"cantidad"|"kilos"|"importe"
20140101|83|"SAN LUIS"|11|"PRODUCTOS DE LA MOLINERIA; MALTA; ALMIDON Y FECULA; INULINA;"|5|467500|204696.8
20140201|83|"SAN LUIS"|11|"PRODUCTOS DE LA MOLINERIA; MALTA; ALMIDON Y FECULA; INULINA;"|13|2285300|743222.26
20140301|83|"SAN LUIS"|11|"PRODUCTOS DE LA MOLINERIA; MALTA; ALMIDON Y FECULA; INULINA;"|12|2906240|703460.8
20140401|83|"SAN LUIS"|11|"PRODUCTOS DE LA MOLINERIA; MALTA; ALMIDON Y FECULA; INULINA;"|14|1421900|607704.12
20140501|83|"SAN LUIS"|11|"PRODUCTOS DE LA MOLINERIA; MALTA; ALMIDON Y FECULA; INULINA;"|6|947460|314329.8
20140601|83|"SAN LUIS"|11|"PRODUCTOS DE LA MOLINERIA; MALTA; ALMIDON Y FECULA; INULINA;"|9|825100|285406.79
20140701|83|"SAN LUIS"|11|"PRODUCTOS DE LA MOLINERIA; MALTA; ALMIDON Y FECULA; INULINA;"|22|2064720|342285.29
20140801|83|"SAN LUIS"|11|"PRODUCTOS DE LA MOLINERIA; MALTA; ALMIDON Y FECULA; INULINA;"|32|4563480|930077.36
20140901|83|"SAN LUIS"|11|"PRODUCTOS DE LA MOLINERIA; MALTA; ALMIDON Y FECULA; INULINA;"|31|3344800|699912.04
20141001|83|"SAN LUIS"|11|"PRODUCTOS DE LA MOLINERIA; MALTA; ALMIDON Y FECULA; INULINA;"|36|3964860|593882.84
20141101|83|"SAN LUIS"|11|"PRODUCTOS DE LA MOLINERIA; MALTA; ALMIDON Y FECULA; INULINA;"|24|2593420|406964.98
20141201|83|"SAN LUIS"|11|"PRODUCTOS DE LA MOLINERIA; MALTA; ALMIDON Y FECULA; INULINA;"|14|1411470.3|374217.27
20150101|83|"SAN LUIS"|11|"PRODUCTOS DE LA MOLINERIA; MALTA; ALMIDON Y FECULA; INULINA;"|13|2639570|435190.51
20150201|83|"SAN LUIS"|11|"PRODUCTOS DE LA MOLINERIA; MALTA; ALMIDON Y FECULA; INULINA;"|6|1187560|243532.44
20150301|83|"SAN LUIS"|11|"PRODUCTOS DE LA MOLINERIA; MALTA; ALMIDON Y FECULA; INULINA;"|13|2983980|548256.48
20150401|83|"SAN LUIS"|11|"PRODUCTOS DE LA MOLINERIA; MALTA; ALMIDON Y FECULA; INULINA;"|14|3878860|689946.1
20150501|83|"SAN LUIS"|11|"PRODUCTOS DE LA MOLINERIA; MALTA; ALMIDON Y FECULA; INULINA;"|8|1356360|259273.28
20150601|83|"SAN LUIS"|11|"PRODUCTOS DE LA MOLINERIA; MALTA; ALMIDON Y FECULA; INULINA;"|7|1343100|278944.5
20150701|83|"SAN LUIS"|11|"PRODUCTOS DE LA MOLINERIA; MALTA; ALMIDON Y FECULA; INULINA;"|22|5767060|895196.4
20150801|83|"SAN LUIS"|11|"PRODUCTOS DE LA MOLINERIA; MALTA; ALMIDON Y FECULA; INULINA;"|20|4246680|567523.4
20150901|83|"SAN LUIS"|11|"PRODUCTOS DE LA MOLINERIA; MALTA; ALMIDON Y FECULA; INULINA;"|35|6867980|1080809.83
20151001|83|"SAN LUIS"|11|"PRODUCTOS DE LA MOLINERIA; MALTA; ALMIDON Y FECULA; INULINA;"|12|2896200|343624.4
20151101|83|"SAN LUIS"|11|"PRODUCTOS DE LA MOLINERIA; MALTA; ALMIDON Y FECULA; INULINA;"|23|4660540|912040.22
20151201|83|"SAN LUIS"|11|"PRODUCTOS DE LA MOLINERIA; MALTA; ALMIDON Y FECULA; INULINA;"|13|2111160|434383.35
