"fecha_oficia"|"aduana"|"aduana_desc"|"mercaderia"|"mercaderia_desc"|"cantidad"|"kilos"|"importe"
20140101|88|"GENERAL DEHEZA"|20|"PREPARACIONES DE HORTALIZAS, FRUTAS U OTROS FRUTOS O DEMAS P"|565|33919166.4|49631005.32
20140201|88|"GENERAL DEHEZA"|20|"PREPARACIONES DE HORTALIZAS, FRUTAS U OTROS FRUTOS O DEMAS P"|506|27151589.4|40105215.05
20140301|88|"GENERAL DEHEZA"|20|"PREPARACIONES DE HORTALIZAS, FRUTAS U OTROS FRUTOS O DEMAS P"|434|25631559.2|38189764.56
20140401|88|"GENERAL DEHEZA"|20|"PREPARACIONES DE HORTALIZAS, FRUTAS U OTROS FRUTOS O DEMAS P"|403|20570654|28439183.29
20140501|88|"GENERAL DEHEZA"|20|"PREPARACIONES DE HORTALIZAS, FRUTAS U OTROS FRUTOS O DEMAS P"|349|16615032|23512660.92
20140601|88|"GENERAL DEHEZA"|20|"PREPARACIONES DE HORTALIZAS, FRUTAS U OTROS FRUTOS O DEMAS P"|435|22742833.8|32245534.59
20140701|88|"GENERAL DEHEZA"|20|"PREPARACIONES DE HORTALIZAS, FRUTAS U OTROS FRUTOS O DEMAS P"|640|33037036.2|46461435.39
20140801|88|"GENERAL DEHEZA"|20|"PREPARACIONES DE HORTALIZAS, FRUTAS U OTROS FRUTOS O DEMAS P"|675|41394503.8|56770819.69
20140901|88|"GENERAL DEHEZA"|20|"PREPARACIONES DE HORTALIZAS, FRUTAS U OTROS FRUTOS O DEMAS P"|800|48354121|66025847.36
20141001|88|"GENERAL DEHEZA"|20|"PREPARACIONES DE HORTALIZAS, FRUTAS U OTROS FRUTOS O DEMAS P"|765|44094545.9|59385762.84
20141101|88|"GENERAL DEHEZA"|20|"PREPARACIONES DE HORTALIZAS, FRUTAS U OTROS FRUTOS O DEMAS P"|690|40353622.8|55464525.9
20141201|88|"GENERAL DEHEZA"|20|"PREPARACIONES DE HORTALIZAS, FRUTAS U OTROS FRUTOS O DEMAS P"|735|39614199.2|54776550.13
20150101|88|"GENERAL DEHEZA"|20|"PREPARACIONES DE HORTALIZAS, FRUTAS U OTROS FRUTOS O DEMAS P"|663|38534624.8|53983927.44
20150201|88|"GENERAL DEHEZA"|20|"PREPARACIONES DE HORTALIZAS, FRUTAS U OTROS FRUTOS O DEMAS P"|589|34846013.6|48639836.04
20150301|88|"GENERAL DEHEZA"|20|"PREPARACIONES DE HORTALIZAS, FRUTAS U OTROS FRUTOS O DEMAS P"|618|36908169.62|52652931.77
20150401|88|"GENERAL DEHEZA"|20|"PREPARACIONES DE HORTALIZAS, FRUTAS U OTROS FRUTOS O DEMAS P"|605|31683064|45516145.74
20150501|88|"GENERAL DEHEZA"|20|"PREPARACIONES DE HORTALIZAS, FRUTAS U OTROS FRUTOS O DEMAS P"|621|35522442.4|49661443.18
20150601|88|"GENERAL DEHEZA"|20|"PREPARACIONES DE HORTALIZAS, FRUTAS U OTROS FRUTOS O DEMAS P"|719|38291592.4|51634533.63
20150701|88|"GENERAL DEHEZA"|20|"PREPARACIONES DE HORTALIZAS, FRUTAS U OTROS FRUTOS O DEMAS P"|910|51503754.4|67096968.13
20150801|88|"GENERAL DEHEZA"|20|"PREPARACIONES DE HORTALIZAS, FRUTAS U OTROS FRUTOS O DEMAS P"|907|50856672.9|65318850.89
20150901|88|"GENERAL DEHEZA"|20|"PREPARACIONES DE HORTALIZAS, FRUTAS U OTROS FRUTOS O DEMAS P"|869|45614434.2|57604577.43
20151001|88|"GENERAL DEHEZA"|20|"PREPARACIONES DE HORTALIZAS, FRUTAS U OTROS FRUTOS O DEMAS P"|984|55348174.64|67639001.6
20151101|88|"GENERAL DEHEZA"|20|"PREPARACIONES DE HORTALIZAS, FRUTAS U OTROS FRUTOS O DEMAS P"|920|52803789|63260508.91
20151201|88|"GENERAL DEHEZA"|20|"PREPARACIONES DE HORTALIZAS, FRUTAS U OTROS FRUTOS O DEMAS P"|834|48588601.4|58186844.06
