"fecha_oficia"|"aduana"|"aduana_desc"|"mercaderia"|"mercaderia_desc"|"cantidad"|"kilos"|"importe"
20150401|91|"BS.AS. NORTE"|8|"FRUTAS Y FRUTOS COMESTIBLES; CORTEZAS DE AGRIOS(CITRICOS), M"|116|5890115|5192413.59
20150501|91|"BS.AS. NORTE"|8|"FRUTAS Y FRUTOS COMESTIBLES; CORTEZAS DE AGRIOS(CITRICOS), M"|679|32410496.16|28593939.29
20150601|91|"BS.AS. NORTE"|8|"FRUTAS Y FRUTOS COMESTIBLES; CORTEZAS DE AGRIOS(CITRICOS), M"|922|42638623.46|37643397.9
20150701|91|"BS.AS. NORTE"|8|"FRUTAS Y FRUTOS COMESTIBLES; CORTEZAS DE AGRIOS(CITRICOS), M"|991|51806286.34|41443744.73
20150801|91|"BS.AS. NORTE"|8|"FRUTAS Y FRUTOS COMESTIBLES; CORTEZAS DE AGRIOS(CITRICOS), M"|378|22558941.82|15286512.37
20150901|91|"BS.AS. NORTE"|8|"FRUTAS Y FRUTOS COMESTIBLES; CORTEZAS DE AGRIOS(CITRICOS), M"|275|9902207.72|10198668.98
20151001|91|"BS.AS. NORTE"|8|"FRUTAS Y FRUTOS COMESTIBLES; CORTEZAS DE AGRIOS(CITRICOS), M"|482|18442710.4|21753234.04
20151101|91|"BS.AS. NORTE"|8|"FRUTAS Y FRUTOS COMESTIBLES; CORTEZAS DE AGRIOS(CITRICOS), M"|291|8825763.28|9869117.6
20151201|91|"BS.AS. NORTE"|8|"FRUTAS Y FRUTOS COMESTIBLES; CORTEZAS DE AGRIOS(CITRICOS), M"|258|7088341.9|8692638.28
