"fecha_oficia"|"aduana"|"aduana_desc"|"mercaderia"|"mercaderia_desc"|"cantidad"|"kilos"|"importe"
20140301|88|"GENERAL DEHEZA"|68|"MANUFACTURAS DE PIEDRA, YESO FRAGUABLE, CEMENTO, AMIANTO (AS"|1|25.79|233.28
20140501|88|"GENERAL DEHEZA"|68|"MANUFACTURAS DE PIEDRA, YESO FRAGUABLE, CEMENTO, AMIANTO (AS"|1|25.06|333.84
20140901|88|"GENERAL DEHEZA"|68|"MANUFACTURAS DE PIEDRA, YESO FRAGUABLE, CEMENTO, AMIANTO (AS"|1|1.78|28.54
20150101|88|"GENERAL DEHEZA"|68|"MANUFACTURAS DE PIEDRA, YESO FRAGUABLE, CEMENTO, AMIANTO (AS"|1|30.77|622.62
20150801|88|"GENERAL DEHEZA"|68|"MANUFACTURAS DE PIEDRA, YESO FRAGUABLE, CEMENTO, AMIANTO (AS"|5|214.62|1919.38
