"fecha_oficia"|"aduana"|"aduana_desc"|"mercaderia"|"mercaderia_desc"|"cantidad"|"kilos"|"importe"
20141001|89|"SANTIAGO DEL ESTERO"|29|"PRODUCTOS QUIMICOS ORGANICOS"|2|50960|13249.6
20141101|89|"SANTIAGO DEL ESTERO"|29|"PRODUCTOS QUIMICOS ORGANICOS"|1|57000|8265
20150101|89|"SANTIAGO DEL ESTERO"|29|"PRODUCTOS QUIMICOS ORGANICOS"|3|110420|17417.4
20150701|89|"SANTIAGO DEL ESTERO"|29|"PRODUCTOS QUIMICOS ORGANICOS"|1|30000|7650
20150801|89|"SANTIAGO DEL ESTERO"|29|"PRODUCTOS QUIMICOS ORGANICOS"|1|28900|7369.5
20150901|89|"SANTIAGO DEL ESTERO"|29|"PRODUCTOS QUIMICOS ORGANICOS"|3|83260|20815
20151001|89|"SANTIAGO DEL ESTERO"|29|"PRODUCTOS QUIMICOS ORGANICOS"|1|27280|6820
