"fecha_oficia"|"aduana"|"aduana_desc"|"mercaderia"|"mercaderia_desc"|"cantidad"|"kilos"|"importe"
20150401|92|"BS.AS. SUR"|65|"SOMBREROS, DEMAS TOCADOS Y SUS PARTES"|10|1208.86|15999.28
20150501|92|"BS.AS. SUR"|65|"SOMBREROS, DEMAS TOCADOS Y SUS PARTES"|10|94.7|9944.17
20150601|92|"BS.AS. SUR"|65|"SOMBREROS, DEMAS TOCADOS Y SUS PARTES"|23|345.49|26833.5
20150701|92|"BS.AS. SUR"|65|"SOMBREROS, DEMAS TOCADOS Y SUS PARTES"|14|296.51|20327.75
20150801|92|"BS.AS. SUR"|65|"SOMBREROS, DEMAS TOCADOS Y SUS PARTES"|12|1515.89|22663.22
20150901|92|"BS.AS. SUR"|65|"SOMBREROS, DEMAS TOCADOS Y SUS PARTES"|13|2025|25875.72
20151001|92|"BS.AS. SUR"|65|"SOMBREROS, DEMAS TOCADOS Y SUS PARTES"|9|2800.73|122204.79
20151101|92|"BS.AS. SUR"|65|"SOMBREROS, DEMAS TOCADOS Y SUS PARTES"|18|1956.28|47428.36
20151201|92|"BS.AS. SUR"|65|"SOMBREROS, DEMAS TOCADOS Y SUS PARTES"|15|5850.522|62402.93
