"fecha_oficia"|"aduana"|"aduana_desc"|"mercaderia"|"mercaderia_desc"|"cantidad"|"kilos"|"importe"
20140101|84|"SANTO TOME"|84|"REACTORES NUCLEARES, CALDERAS, MAQUINAS, APARATOS Y ARTEFACT"|100|107938.4|2400110.32
20140201|84|"SANTO TOME"|84|"REACTORES NUCLEARES, CALDERAS, MAQUINAS, APARATOS Y ARTEFACT"|146|342800.7|8110804.31
20140301|84|"SANTO TOME"|84|"REACTORES NUCLEARES, CALDERAS, MAQUINAS, APARATOS Y ARTEFACT"|128|205733.6|5067053.43
20140401|84|"SANTO TOME"|84|"REACTORES NUCLEARES, CALDERAS, MAQUINAS, APARATOS Y ARTEFACT"|128|141362.15|3676039.61
20140501|84|"SANTO TOME"|84|"REACTORES NUCLEARES, CALDERAS, MAQUINAS, APARATOS Y ARTEFACT"|113|157145.07|3602379.81
20140601|84|"SANTO TOME"|84|"REACTORES NUCLEARES, CALDERAS, MAQUINAS, APARATOS Y ARTEFACT"|97|98600.24|2642120.18
20140701|84|"SANTO TOME"|84|"REACTORES NUCLEARES, CALDERAS, MAQUINAS, APARATOS Y ARTEFACT"|101|96959.33|2375798.92
20140801|84|"SANTO TOME"|84|"REACTORES NUCLEARES, CALDERAS, MAQUINAS, APARATOS Y ARTEFACT"|112|136421.786|3070132.04
20140901|84|"SANTO TOME"|84|"REACTORES NUCLEARES, CALDERAS, MAQUINAS, APARATOS Y ARTEFACT"|123|180306.99|3154370.82
20141001|84|"SANTO TOME"|84|"REACTORES NUCLEARES, CALDERAS, MAQUINAS, APARATOS Y ARTEFACT"|185|284942.33|4797762.31
20141101|84|"SANTO TOME"|84|"REACTORES NUCLEARES, CALDERAS, MAQUINAS, APARATOS Y ARTEFACT"|88|195334.72|2948016
20141201|84|"SANTO TOME"|84|"REACTORES NUCLEARES, CALDERAS, MAQUINAS, APARATOS Y ARTEFACT"|50|108275.63|1640221.85
20150101|84|"SANTO TOME"|84|"REACTORES NUCLEARES, CALDERAS, MAQUINAS, APARATOS Y ARTEFACT"|41|55826.69|545838.83
20150201|84|"SANTO TOME"|84|"REACTORES NUCLEARES, CALDERAS, MAQUINAS, APARATOS Y ARTEFACT"|72|54004.21|1151029.31
20150301|84|"SANTO TOME"|84|"REACTORES NUCLEARES, CALDERAS, MAQUINAS, APARATOS Y ARTEFACT"|79|95223.64|1453493.37
20150401|84|"SANTO TOME"|84|"REACTORES NUCLEARES, CALDERAS, MAQUINAS, APARATOS Y ARTEFACT"|64|47255.24|1114404.47
20150501|84|"SANTO TOME"|84|"REACTORES NUCLEARES, CALDERAS, MAQUINAS, APARATOS Y ARTEFACT"|103|79708.712|2100649.88
20150601|84|"SANTO TOME"|84|"REACTORES NUCLEARES, CALDERAS, MAQUINAS, APARATOS Y ARTEFACT"|67|48254.53|1014836.55
20150701|84|"SANTO TOME"|84|"REACTORES NUCLEARES, CALDERAS, MAQUINAS, APARATOS Y ARTEFACT"|78|99325.66|1739773.74
20150801|84|"SANTO TOME"|84|"REACTORES NUCLEARES, CALDERAS, MAQUINAS, APARATOS Y ARTEFACT"|80|93551.38|1387787.03
20150901|84|"SANTO TOME"|84|"REACTORES NUCLEARES, CALDERAS, MAQUINAS, APARATOS Y ARTEFACT"|82|116053.48|1593622.43
20151001|84|"SANTO TOME"|84|"REACTORES NUCLEARES, CALDERAS, MAQUINAS, APARATOS Y ARTEFACT"|93|110506.79|1770195.34
20151101|84|"SANTO TOME"|84|"REACTORES NUCLEARES, CALDERAS, MAQUINAS, APARATOS Y ARTEFACT"|64|81515|1904194.71
20151201|84|"SANTO TOME"|84|"REACTORES NUCLEARES, CALDERAS, MAQUINAS, APARATOS Y ARTEFACT"|33|59129.7|1454142
