"fecha_oficia"|"aduana"|"aduana_desc"|"mercaderia"|"mercaderia_desc"|"cantidad"|"kilos"|"importe"
20150401|92|"BS.AS. SUR"|4|"LECHE Y PRODUCTOS LACTEOS; HUEVOS DE AVE; MIEL NATURAL; PROD"|105|1326635.51|4660908.9
20150501|92|"BS.AS. SUR"|4|"LECHE Y PRODUCTOS LACTEOS; HUEVOS DE AVE; MIEL NATURAL; PROD"|252|8710062.95|26079200.73
20150601|92|"BS.AS. SUR"|4|"LECHE Y PRODUCTOS LACTEOS; HUEVOS DE AVE; MIEL NATURAL; PROD"|327|11317674.29|31566341.65
20150701|92|"BS.AS. SUR"|4|"LECHE Y PRODUCTOS LACTEOS; HUEVOS DE AVE; MIEL NATURAL; PROD"|337|7567525.44|20384742.17
20150801|92|"BS.AS. SUR"|4|"LECHE Y PRODUCTOS LACTEOS; HUEVOS DE AVE; MIEL NATURAL; PROD"|336|10878203.79|31002986.01
20150901|92|"BS.AS. SUR"|4|"LECHE Y PRODUCTOS LACTEOS; HUEVOS DE AVE; MIEL NATURAL; PROD"|311|7985597.38|19392622.15
20151001|92|"BS.AS. SUR"|4|"LECHE Y PRODUCTOS LACTEOS; HUEVOS DE AVE; MIEL NATURAL; PROD"|387|11541994.31|26469505.43
20151101|92|"BS.AS. SUR"|4|"LECHE Y PRODUCTOS LACTEOS; HUEVOS DE AVE; MIEL NATURAL; PROD"|299|10055765.61|23108224.52
20151201|92|"BS.AS. SUR"|4|"LECHE Y PRODUCTOS LACTEOS; HUEVOS DE AVE; MIEL NATURAL; PROD"|287|10598700.4|29006722.84
