"fecha_oficia"|"aduana"|"aduana_desc"|"mercaderia"|"mercaderia_desc"|"cantidad"|"kilos"|"importe"
20150401|91|"BS.AS. NORTE"|69|"PRODUCTOS CERAMICOS"|50|618558.98|586971.55
20150501|91|"BS.AS. NORTE"|69|"PRODUCTOS CERAMICOS"|163|1825537.04|1528924.57
20150601|91|"BS.AS. NORTE"|69|"PRODUCTOS CERAMICOS"|142|1254514.68|1090651.58
20150701|91|"BS.AS. NORTE"|69|"PRODUCTOS CERAMICOS"|158|1484998.313|1245037.15
20150801|91|"BS.AS. NORTE"|69|"PRODUCTOS CERAMICOS"|139|1347209.02|1810054.5
20150901|91|"BS.AS. NORTE"|69|"PRODUCTOS CERAMICOS"|88|800920.04|707605.52
20151001|91|"BS.AS. NORTE"|69|"PRODUCTOS CERAMICOS"|123|807457.79|882839.79
20151101|91|"BS.AS. NORTE"|69|"PRODUCTOS CERAMICOS"|142|1152370.45|1052442.15
20151201|91|"BS.AS. NORTE"|69|"PRODUCTOS CERAMICOS"|141|1001195.96|1099820.66
