"fecha_oficia"|"aduana"|"aduana_desc"|"mercaderia"|"mercaderia_desc"|"cantidad"|"kilos"|"importe"
20150601|91|"BS.AS. NORTE"|43|"PELETERIA Y CONFECCIONES DE PELETERIA; PELETERIA FACTICIA O "|4|1818.5|54372.84
20150701|91|"BS.AS. NORTE"|43|"PELETERIA Y CONFECCIONES DE PELETERIA; PELETERIA FACTICIA O "|1|757|35896.2
20150901|91|"BS.AS. NORTE"|43|"PELETERIA Y CONFECCIONES DE PELETERIA; PELETERIA FACTICIA O "|3|4664|118424
20151001|91|"BS.AS. NORTE"|43|"PELETERIA Y CONFECCIONES DE PELETERIA; PELETERIA FACTICIA O "|3|605.14|35149
20151101|91|"BS.AS. NORTE"|43|"PELETERIA Y CONFECCIONES DE PELETERIA; PELETERIA FACTICIA O "|1|595|8160
20151201|91|"BS.AS. NORTE"|43|"PELETERIA Y CONFECCIONES DE PELETERIA; PELETERIA FACTICIA O "|1|766|18129
