"fecha_oficia"|"aduana"|"aduana_desc"|"mercaderia"|"mercaderia_desc"|"cantidad"|"kilos"|"importe"
20140101|87|"CALETA OLIVIA"|3|"PESCADOS Y CRUSTACEOS, MOLUSCOS Y DEMAS INVERTEBRADOS ACUATI"|8|265999.1|1948696.04
20140201|87|"CALETA OLIVIA"|3|"PESCADOS Y CRUSTACEOS, MOLUSCOS Y DEMAS INVERTEBRADOS ACUATI"|19|492324.65|3664003.56
20140301|87|"CALETA OLIVIA"|3|"PESCADOS Y CRUSTACEOS, MOLUSCOS Y DEMAS INVERTEBRADOS ACUATI"|18|735820.56|3486130.96
20140401|87|"CALETA OLIVIA"|3|"PESCADOS Y CRUSTACEOS, MOLUSCOS Y DEMAS INVERTEBRADOS ACUATI"|24|1377891.61|7128754.13
20140501|87|"CALETA OLIVIA"|3|"PESCADOS Y CRUSTACEOS, MOLUSCOS Y DEMAS INVERTEBRADOS ACUATI"|42|2014599.76|8769601.35
20140601|87|"CALETA OLIVIA"|3|"PESCADOS Y CRUSTACEOS, MOLUSCOS Y DEMAS INVERTEBRADOS ACUATI"|23|1436695.54|8105624.33
20140701|87|"CALETA OLIVIA"|3|"PESCADOS Y CRUSTACEOS, MOLUSCOS Y DEMAS INVERTEBRADOS ACUATI"|26|1239216|9776989.61
20140801|87|"CALETA OLIVIA"|3|"PESCADOS Y CRUSTACEOS, MOLUSCOS Y DEMAS INVERTEBRADOS ACUATI"|44|2230195.32|15579185.9
20140901|87|"CALETA OLIVIA"|3|"PESCADOS Y CRUSTACEOS, MOLUSCOS Y DEMAS INVERTEBRADOS ACUATI"|32|1458264|11008593.1
20141001|87|"CALETA OLIVIA"|3|"PESCADOS Y CRUSTACEOS, MOLUSCOS Y DEMAS INVERTEBRADOS ACUATI"|36|1663424.83|10532461.87
20141101|87|"CALETA OLIVIA"|3|"PESCADOS Y CRUSTACEOS, MOLUSCOS Y DEMAS INVERTEBRADOS ACUATI"|12|670740|4559905.2
20141201|87|"CALETA OLIVIA"|3|"PESCADOS Y CRUSTACEOS, MOLUSCOS Y DEMAS INVERTEBRADOS ACUATI"|7|386332.08|2472983.67
20150101|87|"CALETA OLIVIA"|3|"PESCADOS Y CRUSTACEOS, MOLUSCOS Y DEMAS INVERTEBRADOS ACUATI"|8|286204.08|1988497.94
20150201|87|"CALETA OLIVIA"|3|"PESCADOS Y CRUSTACEOS, MOLUSCOS Y DEMAS INVERTEBRADOS ACUATI"|18|648462.07|4643098.33
20150301|87|"CALETA OLIVIA"|3|"PESCADOS Y CRUSTACEOS, MOLUSCOS Y DEMAS INVERTEBRADOS ACUATI"|17|706668|4475966.88
20150401|87|"CALETA OLIVIA"|3|"PESCADOS Y CRUSTACEOS, MOLUSCOS Y DEMAS INVERTEBRADOS ACUATI"|16|484464|2978030.98
20150501|87|"CALETA OLIVIA"|3|"PESCADOS Y CRUSTACEOS, MOLUSCOS Y DEMAS INVERTEBRADOS ACUATI"|27|1056768|6924659.59
20150601|87|"CALETA OLIVIA"|3|"PESCADOS Y CRUSTACEOS, MOLUSCOS Y DEMAS INVERTEBRADOS ACUATI"|20|857331.15|4846942.57
20150701|87|"CALETA OLIVIA"|3|"PESCADOS Y CRUSTACEOS, MOLUSCOS Y DEMAS INVERTEBRADOS ACUATI"|52|2938748.24|19537831.74
20150801|87|"CALETA OLIVIA"|3|"PESCADOS Y CRUSTACEOS, MOLUSCOS Y DEMAS INVERTEBRADOS ACUATI"|48|1916160|13010432.37
20150901|87|"CALETA OLIVIA"|3|"PESCADOS Y CRUSTACEOS, MOLUSCOS Y DEMAS INVERTEBRADOS ACUATI"|15|593772|3941612.6
20151001|87|"CALETA OLIVIA"|3|"PESCADOS Y CRUSTACEOS, MOLUSCOS Y DEMAS INVERTEBRADOS ACUATI"|36|1688388|11710541.6
20151101|87|"CALETA OLIVIA"|3|"PESCADOS Y CRUSTACEOS, MOLUSCOS Y DEMAS INVERTEBRADOS ACUATI"|34|1271832|8619369.4
20151201|87|"CALETA OLIVIA"|3|"PESCADOS Y CRUSTACEOS, MOLUSCOS Y DEMAS INVERTEBRADOS ACUATI"|5|336144|2247694.82
