"fecha_oficia"|"aduana"|"aduana_desc"|"mercaderia"|"mercaderia_desc"|"cantidad"|"kilos"|"importe"
20150401|91|"BS.AS. NORTE"|41|"PIELES (EXCEPTO LA PELETERIA) Y CUEROS"|57|756728.8|3722423.27
20150501|91|"BS.AS. NORTE"|41|"PIELES (EXCEPTO LA PELETERIA) Y CUEROS"|122|2310523.5|9508583.28
20150601|91|"BS.AS. NORTE"|41|"PIELES (EXCEPTO LA PELETERIA) Y CUEROS"|117|2024002.5|8859530.18
20150701|91|"BS.AS. NORTE"|41|"PIELES (EXCEPTO LA PELETERIA) Y CUEROS"|103|1502033.5|7651325.49
20150801|91|"BS.AS. NORTE"|41|"PIELES (EXCEPTO LA PELETERIA) Y CUEROS"|100|1729331|7791810.75
20150901|91|"BS.AS. NORTE"|41|"PIELES (EXCEPTO LA PELETERIA) Y CUEROS"|144|2321023.85|9398940.81
20151001|91|"BS.AS. NORTE"|41|"PIELES (EXCEPTO LA PELETERIA) Y CUEROS"|114|1996488|8259846.81
20151101|91|"BS.AS. NORTE"|41|"PIELES (EXCEPTO LA PELETERIA) Y CUEROS"|97|1833347|6723171.56
20151201|91|"BS.AS. NORTE"|41|"PIELES (EXCEPTO LA PELETERIA) Y CUEROS"|97|1671671.29|6735889.18
