"fecha_oficia"|"aduana"|"aduana_desc"|"mercaderia"|"mercaderia_desc"|"cantidad"|"kilos"|"importe"
20140201|83|"SAN LUIS"|54|"FILAMENTOS SINTETICOS O ARTIFICIALES"|1|18720|55411.2
20140301|83|"SAN LUIS"|54|"FILAMENTOS SINTETICOS O ARTIFICIALES"|1|18699|51048.27
20140501|83|"SAN LUIS"|54|"FILAMENTOS SINTETICOS O ARTIFICIALES"|1|18720|61776
20140601|83|"SAN LUIS"|54|"FILAMENTOS SINTETICOS O ARTIFICIALES"|3|16312|55422.28
20140701|83|"SAN LUIS"|54|"FILAMENTOS SINTETICOS O ARTIFICIALES"|1|15136|47375.68
20140801|83|"SAN LUIS"|54|"FILAMENTOS SINTETICOS O ARTIFICIALES"|1|18720|58593.6
20140901|83|"SAN LUIS"|54|"FILAMENTOS SINTETICOS O ARTIFICIALES"|3|32076.2|107131.42
20141001|83|"SAN LUIS"|54|"FILAMENTOS SINTETICOS O ARTIFICIALES"|1|18624|52519.68
20141101|83|"SAN LUIS"|54|"FILAMENTOS SINTETICOS O ARTIFICIALES"|3|52074|147849.84
20141201|83|"SAN LUIS"|54|"FILAMENTOS SINTETICOS O ARTIFICIALES"|1|17670|49829.4
20150101|83|"SAN LUIS"|54|"FILAMENTOS SINTETICOS O ARTIFICIALES"|4|54140|157405.84
20150201|83|"SAN LUIS"|54|"FILAMENTOS SINTETICOS O ARTIFICIALES"|1|18696|52722.72
20150301|83|"SAN LUIS"|54|"FILAMENTOS SINTETICOS O ARTIFICIALES"|3|33718|104839.7
20150401|83|"SAN LUIS"|54|"FILAMENTOS SINTETICOS O ARTIFICIALES"|3|50172|154335.6
20150501|83|"SAN LUIS"|54|"FILAMENTOS SINTETICOS O ARTIFICIALES"|2|34656|103136.7
20150601|83|"SAN LUIS"|54|"FILAMENTOS SINTETICOS O ARTIFICIALES"|2|34656|91838.4
20150701|83|"SAN LUIS"|54|"FILAMENTOS SINTETICOS O ARTIFICIALES"|3|51696|155019.3
20150801|83|"SAN LUIS"|54|"FILAMENTOS SINTETICOS O ARTIFICIALES"|1|17280|45792
20150901|83|"SAN LUIS"|54|"FILAMENTOS SINTETICOS O ARTIFICIALES"|2|34560|91584
20151001|83|"SAN LUIS"|54|"FILAMENTOS SINTETICOS O ARTIFICIALES"|1|17280|43200
20151101|83|"SAN LUIS"|54|"FILAMENTOS SINTETICOS O ARTIFICIALES"|2|34341|85852.5
20151201|83|"SAN LUIS"|54|"FILAMENTOS SINTETICOS O ARTIFICIALES"|2|34782|86955
