"fecha_oficia"|"aduana"|"aduana_desc"|"mercaderia"|"mercaderia_desc"|"cantidad"|"kilos"|"importe"
20140401|86|"OBERA"|73|"MANUFACTURAS DE FUNDICION, HIERRO O ACERO"|2|81|5820
20140501|86|"OBERA"|73|"MANUFACTURAS DE FUNDICION, HIERRO O ACERO"|1|26|1888
20140701|86|"OBERA"|73|"MANUFACTURAS DE FUNDICION, HIERRO O ACERO"|1|120|8352
20150201|86|"OBERA"|73|"MANUFACTURAS DE FUNDICION, HIERRO O ACERO"|1|100|6960
20150501|86|"OBERA"|73|"MANUFACTURAS DE FUNDICION, HIERRO O ACERO"|1|97.5|6786
20150901|86|"OBERA"|73|"MANUFACTURAS DE FUNDICION, HIERRO O ACERO"|1|60|4176
