"fecha_oficia"|"aduana"|"aduana_desc"|"mercaderia"|"mercaderia_desc"|"cantidad"|"kilos"|"importe"
20150401|91|"BS.AS. NORTE"|27|"COMBUSTIBLES MINERALES, ACEITES MINERALES Y PRODUCTOS DE SU "|4|54025.67|359275.08
20150501|91|"BS.AS. NORTE"|27|"COMBUSTIBLES MINERALES, ACEITES MINERALES Y PRODUCTOS DE SU "|15|36956.17|225284.17
20150601|91|"BS.AS. NORTE"|27|"COMBUSTIBLES MINERALES, ACEITES MINERALES Y PRODUCTOS DE SU "|8|6586.35|31175.28
20150701|91|"BS.AS. NORTE"|27|"COMBUSTIBLES MINERALES, ACEITES MINERALES Y PRODUCTOS DE SU "|6|22033.2|130796.93
20150801|91|"BS.AS. NORTE"|27|"COMBUSTIBLES MINERALES, ACEITES MINERALES Y PRODUCTOS DE SU "|7|7242.39|24717.91
20150901|91|"BS.AS. NORTE"|27|"COMBUSTIBLES MINERALES, ACEITES MINERALES Y PRODUCTOS DE SU "|7|17596.51|81238
20151001|91|"BS.AS. NORTE"|27|"COMBUSTIBLES MINERALES, ACEITES MINERALES Y PRODUCTOS DE SU "|5|44752|334263.33
20151101|91|"BS.AS. NORTE"|27|"COMBUSTIBLES MINERALES, ACEITES MINERALES Y PRODUCTOS DE SU "|9|29406.97|195456.2
20151201|91|"BS.AS. NORTE"|27|"COMBUSTIBLES MINERALES, ACEITES MINERALES Y PRODUCTOS DE SU "|5|9783.68|15711.71
