"fecha_oficia"|"aduana"|"aduana_desc"|"mercaderia"|"mercaderia_desc"|"cantidad"|"kilos"|"importe"
20140101|89|"SANTIAGO DEL ESTERO"|16|"PREPARACIONES DE CARNE, PESCADO O DE CRUSTACEOS, MOLUSCOS O "|4|40500|153376.92
20140201|89|"SANTIAGO DEL ESTERO"|16|"PREPARACIONES DE CARNE, PESCADO O DE CRUSTACEOS, MOLUSCOS O "|3|28500|107561.54
20140301|89|"SANTIAGO DEL ESTERO"|16|"PREPARACIONES DE CARNE, PESCADO O DE CRUSTACEOS, MOLUSCOS O "|2|20000|74692.3
20140401|89|"SANTIAGO DEL ESTERO"|16|"PREPARACIONES DE CARNE, PESCADO O DE CRUSTACEOS, MOLUSCOS O "|3|30000|110938.46
20140501|89|"SANTIAGO DEL ESTERO"|16|"PREPARACIONES DE CARNE, PESCADO O DE CRUSTACEOS, MOLUSCOS O "|1|10000|36246.16
20140601|89|"SANTIAGO DEL ESTERO"|16|"PREPARACIONES DE CARNE, PESCADO O DE CRUSTACEOS, MOLUSCOS O "|3|31500|143065.38
20140701|89|"SANTIAGO DEL ESTERO"|16|"PREPARACIONES DE CARNE, PESCADO O DE CRUSTACEOS, MOLUSCOS O "|3|31500|143065.38
20140901|89|"SANTIAGO DEL ESTERO"|16|"PREPARACIONES DE CARNE, PESCADO O DE CRUSTACEOS, MOLUSCOS O "|4|34000|164609.63
20141001|89|"SANTIAGO DEL ESTERO"|16|"PREPARACIONES DE CARNE, PESCADO O DE CRUSTACEOS, MOLUSCOS O "|5|42992|210286.21
20141101|89|"SANTIAGO DEL ESTERO"|16|"PREPARACIONES DE CARNE, PESCADO O DE CRUSTACEOS, MOLUSCOS O "|4|40000|199007.68
20141201|89|"SANTIAGO DEL ESTERO"|16|"PREPARACIONES DE CARNE, PESCADO O DE CRUSTACEOS, MOLUSCOS O "|2|20500|100487.69
20150101|89|"SANTIAGO DEL ESTERO"|16|"PREPARACIONES DE CARNE, PESCADO O DE CRUSTACEOS, MOLUSCOS O "|2|17000|84422.3
20150301|89|"SANTIAGO DEL ESTERO"|16|"PREPARACIONES DE CARNE, PESCADO O DE CRUSTACEOS, MOLUSCOS O "|1|13000|57650
20150401|89|"SANTIAGO DEL ESTERO"|16|"PREPARACIONES DE CARNE, PESCADO O DE CRUSTACEOS, MOLUSCOS O "|5|51500|232375.84
20150501|89|"SANTIAGO DEL ESTERO"|16|"PREPARACIONES DE CARNE, PESCADO O DE CRUSTACEOS, MOLUSCOS O "|4|65500|288745.88
20150701|89|"SANTIAGO DEL ESTERO"|16|"PREPARACIONES DE CARNE, PESCADO O DE CRUSTACEOS, MOLUSCOS O "|2|36005|151474.54
20150901|89|"SANTIAGO DEL ESTERO"|16|"PREPARACIONES DE CARNE, PESCADO O DE CRUSTACEOS, MOLUSCOS O "|1|13000|53309.26
20151001|89|"SANTIAGO DEL ESTERO"|16|"PREPARACIONES DE CARNE, PESCADO O DE CRUSTACEOS, MOLUSCOS O "|1|13000|53309.26
20151101|89|"SANTIAGO DEL ESTERO"|16|"PREPARACIONES DE CARNE, PESCADO O DE CRUSTACEOS, MOLUSCOS O "|1|14000|52603.85
20151201|89|"SANTIAGO DEL ESTERO"|16|"PREPARACIONES DE CARNE, PESCADO O DE CRUSTACEOS, MOLUSCOS O "|1|14000|52603.85
