"fecha_oficia"|"aduana"|"aduana_desc"|"mercaderia"|"mercaderia_desc"|"cantidad"|"kilos"|"importe"
20150401|92|"BS.AS. SUR"|51|"LANA Y PELO FINO U ORDINARIO; HILADOS Y TEJIDOS DE CRIN"|13|204312|957663.83
20150501|92|"BS.AS. SUR"|51|"LANA Y PELO FINO U ORDINARIO; HILADOS Y TEJIDOS DE CRIN"|43|488427.5|2611625.86
20150601|92|"BS.AS. SUR"|51|"LANA Y PELO FINO U ORDINARIO; HILADOS Y TEJIDOS DE CRIN"|47|713920|3160613.82
20150701|92|"BS.AS. SUR"|51|"LANA Y PELO FINO U ORDINARIO; HILADOS Y TEJIDOS DE CRIN"|25|338747.4|1433346.33
20150801|92|"BS.AS. SUR"|51|"LANA Y PELO FINO U ORDINARIO; HILADOS Y TEJIDOS DE CRIN"|29|260821|1005018.6
20150901|92|"BS.AS. SUR"|51|"LANA Y PELO FINO U ORDINARIO; HILADOS Y TEJIDOS DE CRIN"|37|440509|1874645.13
20151001|92|"BS.AS. SUR"|51|"LANA Y PELO FINO U ORDINARIO; HILADOS Y TEJIDOS DE CRIN"|39|397410.3|1643397.06
20151101|92|"BS.AS. SUR"|51|"LANA Y PELO FINO U ORDINARIO; HILADOS Y TEJIDOS DE CRIN"|28|343010.7|1121811.45
20151201|92|"BS.AS. SUR"|51|"LANA Y PELO FINO U ORDINARIO; HILADOS Y TEJIDOS DE CRIN"|31|376858.2|968608.07
