"fecha_oficia"|"aduana"|"aduana_desc"|"mercaderia"|"mercaderia_desc"|"cantidad"|"kilos"|"importe"
20150401|92|"BS.AS. SUR"|58|"TEJIDOS ESPECIALES; SUPERFICIES TEXTILES CON MECHON INSERTAD"|3|4436.67|39626.42
20150501|92|"BS.AS. SUR"|58|"TEJIDOS ESPECIALES; SUPERFICIES TEXTILES CON MECHON INSERTAD"|17|2168.47|81692.49
20150601|92|"BS.AS. SUR"|58|"TEJIDOS ESPECIALES; SUPERFICIES TEXTILES CON MECHON INSERTAD"|4|1683|16749.77
20150701|92|"BS.AS. SUR"|58|"TEJIDOS ESPECIALES; SUPERFICIES TEXTILES CON MECHON INSERTAD"|12|10884.24|106518.46
20150801|92|"BS.AS. SUR"|58|"TEJIDOS ESPECIALES; SUPERFICIES TEXTILES CON MECHON INSERTAD"|5|7690.24|122074.61
20150901|92|"BS.AS. SUR"|58|"TEJIDOS ESPECIALES; SUPERFICIES TEXTILES CON MECHON INSERTAD"|13|5784.2|117326.31
20151001|92|"BS.AS. SUR"|58|"TEJIDOS ESPECIALES; SUPERFICIES TEXTILES CON MECHON INSERTAD"|5|736.58|29376.11
20151101|92|"BS.AS. SUR"|58|"TEJIDOS ESPECIALES; SUPERFICIES TEXTILES CON MECHON INSERTAD"|14|2094.23|25760.84
20151201|92|"BS.AS. SUR"|58|"TEJIDOS ESPECIALES; SUPERFICIES TEXTILES CON MECHON INSERTAD"|10|3024.99|109755.02
