"fecha_oficia"|"aduana"|"aduana_desc"|"mercaderia"|"mercaderia_desc"|"cantidad"|"kilos"|"importe"
20140101|83|"SAN LUIS"|38|"PRODUCTOS DIVERSOS DE LA INDUSTRIA QUIMICA"|14|451200|573216.1
20140201|83|"SAN LUIS"|38|"PRODUCTOS DIVERSOS DE LA INDUSTRIA QUIMICA"|30|881180|1061915.07
20140301|83|"SAN LUIS"|38|"PRODUCTOS DIVERSOS DE LA INDUSTRIA QUIMICA"|24|780500|968235.13
20140401|83|"SAN LUIS"|38|"PRODUCTOS DIVERSOS DE LA INDUSTRIA QUIMICA"|19|640920|779434.77
20140501|83|"SAN LUIS"|38|"PRODUCTOS DIVERSOS DE LA INDUSTRIA QUIMICA"|22|747860|920807.16
20140601|83|"SAN LUIS"|38|"PRODUCTOS DIVERSOS DE LA INDUSTRIA QUIMICA"|20|603295|718308.65
20140701|83|"SAN LUIS"|38|"PRODUCTOS DIVERSOS DE LA INDUSTRIA QUIMICA"|28|814800|1012299.59
20140801|83|"SAN LUIS"|38|"PRODUCTOS DIVERSOS DE LA INDUSTRIA QUIMICA"|35|947124|1138397.3
20140901|83|"SAN LUIS"|38|"PRODUCTOS DIVERSOS DE LA INDUSTRIA QUIMICA"|21|508820|593867.7
20141001|83|"SAN LUIS"|38|"PRODUCTOS DIVERSOS DE LA INDUSTRIA QUIMICA"|31|901920|1059057.71
20141101|83|"SAN LUIS"|38|"PRODUCTOS DIVERSOS DE LA INDUSTRIA QUIMICA"|19|634210|736566.7
20141201|83|"SAN LUIS"|38|"PRODUCTOS DIVERSOS DE LA INDUSTRIA QUIMICA"|23|626323|721074.48
20150101|83|"SAN LUIS"|38|"PRODUCTOS DIVERSOS DE LA INDUSTRIA QUIMICA"|17|418750|495395.1
20150201|83|"SAN LUIS"|38|"PRODUCTOS DIVERSOS DE LA INDUSTRIA QUIMICA"|22|554125|610757.85
20150301|83|"SAN LUIS"|38|"PRODUCTOS DIVERSOS DE LA INDUSTRIA QUIMICA"|11|424025|471556.5
20150401|83|"SAN LUIS"|38|"PRODUCTOS DIVERSOS DE LA INDUSTRIA QUIMICA"|17|416555|467361.16
20150501|83|"SAN LUIS"|38|"PRODUCTOS DIVERSOS DE LA INDUSTRIA QUIMICA"|11|287815|310968.51
20150601|83|"SAN LUIS"|38|"PRODUCTOS DIVERSOS DE LA INDUSTRIA QUIMICA"|20|452950|520334.27
20150701|83|"SAN LUIS"|38|"PRODUCTOS DIVERSOS DE LA INDUSTRIA QUIMICA"|18|340102|374984.96
20150801|83|"SAN LUIS"|38|"PRODUCTOS DIVERSOS DE LA INDUSTRIA QUIMICA"|13|346260|368631.46
20150901|83|"SAN LUIS"|38|"PRODUCTOS DIVERSOS DE LA INDUSTRIA QUIMICA"|20|545886|586305.18
20151001|83|"SAN LUIS"|38|"PRODUCTOS DIVERSOS DE LA INDUSTRIA QUIMICA"|10|269689|253121.75
20151101|83|"SAN LUIS"|38|"PRODUCTOS DIVERSOS DE LA INDUSTRIA QUIMICA"|11|291855|299012.42
20151201|83|"SAN LUIS"|38|"PRODUCTOS DIVERSOS DE LA INDUSTRIA QUIMICA"|14|544240|636630.68
