"fecha_oficia"|"aduana"|"aduana_desc"|"mercaderia"|"mercaderia_desc"|"cantidad"|"kilos"|"importe"
20140301|88|"GENERAL DEHEZA"|83|"MANUFACTURAS DIVERSAS DE METAL COMUN"|1|0.4|3.66
20140701|88|"GENERAL DEHEZA"|83|"MANUFACTURAS DIVERSAS DE METAL COMUN"|4|48|481.19
20140801|88|"GENERAL DEHEZA"|83|"MANUFACTURAS DIVERSAS DE METAL COMUN"|1|0.68|34.74
20140901|88|"GENERAL DEHEZA"|83|"MANUFACTURAS DIVERSAS DE METAL COMUN"|2|204.11|19221
20150201|88|"GENERAL DEHEZA"|83|"MANUFACTURAS DIVERSAS DE METAL COMUN"|1|0.05|1.24
20151201|88|"GENERAL DEHEZA"|83|"MANUFACTURAS DIVERSAS DE METAL COMUN"|1|3.32|30.6
