"fecha_oficia"|"aduana"|"aduana_desc"|"mercaderia"|"mercaderia_desc"|"cantidad"|"kilos"|"importe"
20140601|82|"BERNARDO DE YRIGOYEN"|39|"PLASTICO Y SUS MANUFACTURAS"|1|28000|23240
20140701|82|"BERNARDO DE YRIGOYEN"|39|"PLASTICO Y SUS MANUFACTURAS"|3|31528|46108.4
20140801|82|"BERNARDO DE YRIGOYEN"|39|"PLASTICO Y SUS MANUFACTURAS"|2|56000|71680
20140901|82|"BERNARDO DE YRIGOYEN"|39|"PLASTICO Y SUS MANUFACTURAS"|1|28000|25536
20141001|82|"BERNARDO DE YRIGOYEN"|39|"PLASTICO Y SUS MANUFACTURAS"|3|81000|113025
20141101|82|"BERNARDO DE YRIGOYEN"|39|"PLASTICO Y SUS MANUFACTURAS"|3|81125|107437.5
