"fecha_oficia"|"aduana"|"aduana_desc"|"mercaderia"|"mercaderia_desc"|"cantidad"|"kilos"|"importe"
20150401|91|"BS.AS. NORTE"|81|"LOS DEMAS METALES COMUNES; CERMETS; MANUFACTURAS DE ESTAS MA"|2|400|26889.76
20150501|91|"BS.AS. NORTE"|81|"LOS DEMAS METALES COMUNES; CERMETS; MANUFACTURAS DE ESTAS MA"|2|1400|37839.38
20150601|91|"BS.AS. NORTE"|81|"LOS DEMAS METALES COMUNES; CERMETS; MANUFACTURAS DE ESTAS MA"|3|43.66|646.75
20150701|91|"BS.AS. NORTE"|81|"LOS DEMAS METALES COMUNES; CERMETS; MANUFACTURAS DE ESTAS MA"|4|147.04|4051.15
20150801|91|"BS.AS. NORTE"|81|"LOS DEMAS METALES COMUNES; CERMETS; MANUFACTURAS DE ESTAS MA"|1|545|7696.83
20150901|91|"BS.AS. NORTE"|81|"LOS DEMAS METALES COMUNES; CERMETS; MANUFACTURAS DE ESTAS MA"|3|509.26|21073.89
20151001|91|"BS.AS. NORTE"|81|"LOS DEMAS METALES COMUNES; CERMETS; MANUFACTURAS DE ESTAS MA"|1|127.33|1930.7
20151101|91|"BS.AS. NORTE"|81|"LOS DEMAS METALES COMUNES; CERMETS; MANUFACTURAS DE ESTAS MA"|1|45.94|482.8
20151201|91|"BS.AS. NORTE"|81|"LOS DEMAS METALES COMUNES; CERMETS; MANUFACTURAS DE ESTAS MA"|1|9.28|121.8
