"fecha_oficia"|"aduana"|"aduana_desc"|"mercaderia"|"mercaderia_desc"|"cantidad"|"kilos"|"importe"
20150401|92|"BS.AS. SUR"|35|"MATERIAS ALBUMINOIDEAS; PRODUCTOS A BASE DE ALMIDON O DE FEC"|49|360905.01|2455184.07
20150501|92|"BS.AS. SUR"|35|"MATERIAS ALBUMINOIDEAS; PRODUCTOS A BASE DE ALMIDON O DE FEC"|102|927799.36|7286903.06
20150601|92|"BS.AS. SUR"|35|"MATERIAS ALBUMINOIDEAS; PRODUCTOS A BASE DE ALMIDON O DE FEC"|109|1055816.25|7543614.69
20150701|92|"BS.AS. SUR"|35|"MATERIAS ALBUMINOIDEAS; PRODUCTOS A BASE DE ALMIDON O DE FEC"|95|808489.47|4522958.64
20150801|92|"BS.AS. SUR"|35|"MATERIAS ALBUMINOIDEAS; PRODUCTOS A BASE DE ALMIDON O DE FEC"|89|684805.07|4985116.47
20150901|92|"BS.AS. SUR"|35|"MATERIAS ALBUMINOIDEAS; PRODUCTOS A BASE DE ALMIDON O DE FEC"|105|1042188.02|7008404.49
20151001|92|"BS.AS. SUR"|35|"MATERIAS ALBUMINOIDEAS; PRODUCTOS A BASE DE ALMIDON O DE FEC"|111|858703.02|5619074.47
20151101|92|"BS.AS. SUR"|35|"MATERIAS ALBUMINOIDEAS; PRODUCTOS A BASE DE ALMIDON O DE FEC"|101|889373.34|5324885.76
20151201|92|"BS.AS. SUR"|35|"MATERIAS ALBUMINOIDEAS; PRODUCTOS A BASE DE ALMIDON O DE FEC"|89|834678.25|3532367.77
