"fecha_oficia"|"aduana"|"aduana_desc"|"mercaderia"|"mercaderia_desc"|"cantidad"|"kilos"|"importe"
20150401|91|"BS.AS. NORTE"|90|"INSTRUMENTOS Y APARATOS DE OPTICA, FOTOGRAFIA O CINEMATOGRAF"|33|8014.79|401176.33
20150501|91|"BS.AS. NORTE"|90|"INSTRUMENTOS Y APARATOS DE OPTICA, FOTOGRAFIA O CINEMATOGRAF"|118|33100.705|1469797.9
20150601|91|"BS.AS. NORTE"|90|"INSTRUMENTOS Y APARATOS DE OPTICA, FOTOGRAFIA O CINEMATOGRAF"|132|39064.13|1236758.96
20150701|91|"BS.AS. NORTE"|90|"INSTRUMENTOS Y APARATOS DE OPTICA, FOTOGRAFIA O CINEMATOGRAF"|104|28172.31|1303850.04
20150801|91|"BS.AS. NORTE"|90|"INSTRUMENTOS Y APARATOS DE OPTICA, FOTOGRAFIA O CINEMATOGRAF"|91|28733.421|1047883.68
20150901|91|"BS.AS. NORTE"|90|"INSTRUMENTOS Y APARATOS DE OPTICA, FOTOGRAFIA O CINEMATOGRAF"|72|23148.58|1080326.17
20151001|91|"BS.AS. NORTE"|90|"INSTRUMENTOS Y APARATOS DE OPTICA, FOTOGRAFIA O CINEMATOGRAF"|95|43008.53|1134205.07
20151101|91|"BS.AS. NORTE"|90|"INSTRUMENTOS Y APARATOS DE OPTICA, FOTOGRAFIA O CINEMATOGRAF"|103|25116.1|850543.37
20151201|91|"BS.AS. NORTE"|90|"INSTRUMENTOS Y APARATOS DE OPTICA, FOTOGRAFIA O CINEMATOGRAF"|70|23339.804|959708.18
