"fecha_oficia"|"aduana"|"aduana_desc"|"mercaderia"|"mercaderia_desc"|"cantidad"|"kilos"|"importe"
20150501|91|"BS.AS. NORTE"|71|"PERLAS NATURALES (FINAS)* O CULTIVADAS, PIEDRAS PRECIOSAS O "|3|1230.06|11089.57
20150601|91|"BS.AS. NORTE"|71|"PERLAS NATURALES (FINAS)* O CULTIVADAS, PIEDRAS PRECIOSAS O "|13|1668.39|146666.55
20150701|91|"BS.AS. NORTE"|71|"PERLAS NATURALES (FINAS)* O CULTIVADAS, PIEDRAS PRECIOSAS O "|4|476.6|4304.83
20150801|91|"BS.AS. NORTE"|71|"PERLAS NATURALES (FINAS)* O CULTIVADAS, PIEDRAS PRECIOSAS O "|6|1260.17|14811.27
20150901|91|"BS.AS. NORTE"|71|"PERLAS NATURALES (FINAS)* O CULTIVADAS, PIEDRAS PRECIOSAS O "|3|498.33|5965.86
20151001|91|"BS.AS. NORTE"|71|"PERLAS NATURALES (FINAS)* O CULTIVADAS, PIEDRAS PRECIOSAS O "|11|2634.27|19987.97
20151101|91|"BS.AS. NORTE"|71|"PERLAS NATURALES (FINAS)* O CULTIVADAS, PIEDRAS PRECIOSAS O "|3|862.29|518509.07
20151201|91|"BS.AS. NORTE"|71|"PERLAS NATURALES (FINAS)* O CULTIVADAS, PIEDRAS PRECIOSAS O "|8|7760.48|512907.01
