"fecha_oficia"|"aduana"|"aduana_desc"|"mercaderia"|"mercaderia_desc"|"cantidad"|"kilos"|"importe"
20150401|91|"BS.AS. NORTE"|32|"EXTRACTOS CURTIENTES O TINTOREOS; TANINOS Y SUS DERIVADOS; P"|68|492965.85|1120817.42
20150501|91|"BS.AS. NORTE"|32|"EXTRACTOS CURTIENTES O TINTOREOS; TANINOS Y SUS DERIVADOS; P"|150|843783.25|1838816.95
20150601|91|"BS.AS. NORTE"|32|"EXTRACTOS CURTIENTES O TINTOREOS; TANINOS Y SUS DERIVADOS; P"|174|892461.23|2111123.71
20150701|91|"BS.AS. NORTE"|32|"EXTRACTOS CURTIENTES O TINTOREOS; TANINOS Y SUS DERIVADOS; P"|175|1157773.12|2280378.56
20150801|91|"BS.AS. NORTE"|32|"EXTRACTOS CURTIENTES O TINTOREOS; TANINOS Y SUS DERIVADOS; P"|113|1752292.5|4040284.16
20150901|91|"BS.AS. NORTE"|32|"EXTRACTOS CURTIENTES O TINTOREOS; TANINOS Y SUS DERIVADOS; P"|145|1002265.41|1937456.63
20151001|91|"BS.AS. NORTE"|32|"EXTRACTOS CURTIENTES O TINTOREOS; TANINOS Y SUS DERIVADOS; P"|152|1545439.83|3450336.54
20151101|91|"BS.AS. NORTE"|32|"EXTRACTOS CURTIENTES O TINTOREOS; TANINOS Y SUS DERIVADOS; P"|140|1451092.33|3978109.82
20151201|91|"BS.AS. NORTE"|32|"EXTRACTOS CURTIENTES O TINTOREOS; TANINOS Y SUS DERIVADOS; P"|84|1216098.02|2986386.1
