"fecha_oficia"|"aduana"|"aduana_desc"|"mercaderia"|"mercaderia_desc"|"cantidad"|"kilos"|"importe"
20150401|92|"BS.AS. SUR"|90|"INSTRUMENTOS Y APARATOS DE OPTICA, FOTOGRAFIA O CINEMATOGRAF"|64|20479.27|565126.09
20150501|92|"BS.AS. SUR"|90|"INSTRUMENTOS Y APARATOS DE OPTICA, FOTOGRAFIA O CINEMATOGRAF"|144|59875.13|1359872.09
20150601|92|"BS.AS. SUR"|90|"INSTRUMENTOS Y APARATOS DE OPTICA, FOTOGRAFIA O CINEMATOGRAF"|149|46878.39|1432456.94
20150701|92|"BS.AS. SUR"|90|"INSTRUMENTOS Y APARATOS DE OPTICA, FOTOGRAFIA O CINEMATOGRAF"|167|69233.002|2336142.3
20150801|92|"BS.AS. SUR"|90|"INSTRUMENTOS Y APARATOS DE OPTICA, FOTOGRAFIA O CINEMATOGRAF"|142|46482.257|1625692.11
20150901|92|"BS.AS. SUR"|90|"INSTRUMENTOS Y APARATOS DE OPTICA, FOTOGRAFIA O CINEMATOGRAF"|168|67005.735|2215364.62
20151001|92|"BS.AS. SUR"|90|"INSTRUMENTOS Y APARATOS DE OPTICA, FOTOGRAFIA O CINEMATOGRAF"|161|43874.2|1605080.17
20151101|92|"BS.AS. SUR"|90|"INSTRUMENTOS Y APARATOS DE OPTICA, FOTOGRAFIA O CINEMATOGRAF"|136|71588.09|1602300.81
20151201|92|"BS.AS. SUR"|90|"INSTRUMENTOS Y APARATOS DE OPTICA, FOTOGRAFIA O CINEMATOGRAF"|172|47427.093|1613449.33
