"fecha_oficia"|"aduana"|"aduana_desc"|"mercaderia"|"mercaderia_desc"|"cantidad"|"kilos"|"importe"
20150401|92|"BS.AS. SUR"|81|"LOS DEMAS METALES COMUNES; CERMETS; MANUFACTURAS DE ESTAS MA"|1|85.49|824
20150501|92|"BS.AS. SUR"|81|"LOS DEMAS METALES COMUNES; CERMETS; MANUFACTURAS DE ESTAS MA"|1|5|54.1
20150601|92|"BS.AS. SUR"|81|"LOS DEMAS METALES COMUNES; CERMETS; MANUFACTURAS DE ESTAS MA"|3|989.42|16251.54
20150701|92|"BS.AS. SUR"|81|"LOS DEMAS METALES COMUNES; CERMETS; MANUFACTURAS DE ESTAS MA"|1|352|3136
20150801|92|"BS.AS. SUR"|81|"LOS DEMAS METALES COMUNES; CERMETS; MANUFACTURAS DE ESTAS MA"|1|190.05|1280
20150901|92|"BS.AS. SUR"|81|"LOS DEMAS METALES COMUNES; CERMETS; MANUFACTURAS DE ESTAS MA"|1|1106.7|62257.79
20151001|92|"BS.AS. SUR"|81|"LOS DEMAS METALES COMUNES; CERMETS; MANUFACTURAS DE ESTAS MA"|1|318.99|18109.54
20151201|92|"BS.AS. SUR"|81|"LOS DEMAS METALES COMUNES; CERMETS; MANUFACTURAS DE ESTAS MA"|2|1529.87|82684.64
