"fecha_oficia"|"aduana"|"aduana_desc"|"mercaderia"|"mercaderia_desc"|"cantidad"|"kilos"|"importe"
20140101|78|"SAN RAFAEL"|84|"REACTORES NUCLEARES, CALDERAS, MAQUINAS, APARATOS Y ARTEFACT"|3|7004.5|145036.62
20140201|78|"SAN RAFAEL"|84|"REACTORES NUCLEARES, CALDERAS, MAQUINAS, APARATOS Y ARTEFACT"|1|17660|110499
20140301|78|"SAN RAFAEL"|84|"REACTORES NUCLEARES, CALDERAS, MAQUINAS, APARATOS Y ARTEFACT"|2|1767|50462.06
20140401|78|"SAN RAFAEL"|84|"REACTORES NUCLEARES, CALDERAS, MAQUINAS, APARATOS Y ARTEFACT"|6|18800.04|330302.6
20140501|78|"SAN RAFAEL"|84|"REACTORES NUCLEARES, CALDERAS, MAQUINAS, APARATOS Y ARTEFACT"|7|6077.5|162521.44
20140601|78|"SAN RAFAEL"|84|"REACTORES NUCLEARES, CALDERAS, MAQUINAS, APARATOS Y ARTEFACT"|3|4158|47177.93
20140701|78|"SAN RAFAEL"|84|"REACTORES NUCLEARES, CALDERAS, MAQUINAS, APARATOS Y ARTEFACT"|6|50108.6|386141.04
20140801|78|"SAN RAFAEL"|84|"REACTORES NUCLEARES, CALDERAS, MAQUINAS, APARATOS Y ARTEFACT"|2|3521|46792.77
20140901|78|"SAN RAFAEL"|84|"REACTORES NUCLEARES, CALDERAS, MAQUINAS, APARATOS Y ARTEFACT"|10|22155.5|196519.55
20141001|78|"SAN RAFAEL"|84|"REACTORES NUCLEARES, CALDERAS, MAQUINAS, APARATOS Y ARTEFACT"|5|7100|112015.99
20141101|78|"SAN RAFAEL"|84|"REACTORES NUCLEARES, CALDERAS, MAQUINAS, APARATOS Y ARTEFACT"|6|11972|205504.89
20141201|78|"SAN RAFAEL"|84|"REACTORES NUCLEARES, CALDERAS, MAQUINAS, APARATOS Y ARTEFACT"|12|58395|643640.89
20150101|78|"SAN RAFAEL"|84|"REACTORES NUCLEARES, CALDERAS, MAQUINAS, APARATOS Y ARTEFACT"|3|37250|1130875.38
20150201|78|"SAN RAFAEL"|84|"REACTORES NUCLEARES, CALDERAS, MAQUINAS, APARATOS Y ARTEFACT"|3|19888|163754
20150301|78|"SAN RAFAEL"|84|"REACTORES NUCLEARES, CALDERAS, MAQUINAS, APARATOS Y ARTEFACT"|12|78232.9|642586.34
20150401|78|"SAN RAFAEL"|84|"REACTORES NUCLEARES, CALDERAS, MAQUINAS, APARATOS Y ARTEFACT"|4|37471.38|243383.54
20150501|78|"SAN RAFAEL"|84|"REACTORES NUCLEARES, CALDERAS, MAQUINAS, APARATOS Y ARTEFACT"|4|14674.72|198346.23
20150601|78|"SAN RAFAEL"|84|"REACTORES NUCLEARES, CALDERAS, MAQUINAS, APARATOS Y ARTEFACT"|7|33032.04|341571.41
20150701|78|"SAN RAFAEL"|84|"REACTORES NUCLEARES, CALDERAS, MAQUINAS, APARATOS Y ARTEFACT"|6|23110.6|350059.26
20150801|78|"SAN RAFAEL"|84|"REACTORES NUCLEARES, CALDERAS, MAQUINAS, APARATOS Y ARTEFACT"|7|28657.59|352521.99
20150901|78|"SAN RAFAEL"|84|"REACTORES NUCLEARES, CALDERAS, MAQUINAS, APARATOS Y ARTEFACT"|8|66540.64|648953.4
20151001|78|"SAN RAFAEL"|84|"REACTORES NUCLEARES, CALDERAS, MAQUINAS, APARATOS Y ARTEFACT"|6|7175|204472
20151101|78|"SAN RAFAEL"|84|"REACTORES NUCLEARES, CALDERAS, MAQUINAS, APARATOS Y ARTEFACT"|7|8271.67|206399.21
20151201|78|"SAN RAFAEL"|84|"REACTORES NUCLEARES, CALDERAS, MAQUINAS, APARATOS Y ARTEFACT"|7|13156|232178
