"fecha_oficia"|"aduana"|"aduana_desc"|"mercaderia"|"mercaderia_desc"|"cantidad"|"kilos"|"importe"
20150401|92|"BS.AS. SUR"|39|"PLASTICO Y SUS MANUFACTURAS"|449|2660537.56|7485149.47
20150501|92|"BS.AS. SUR"|39|"PLASTICO Y SUS MANUFACTURAS"|1174|9597220.79|22441361.76
20150601|92|"BS.AS. SUR"|39|"PLASTICO Y SUS MANUFACTURAS"|1178|10906888.65|24860484.05
20150701|92|"BS.AS. SUR"|39|"PLASTICO Y SUS MANUFACTURAS"|1182|6515869.69|17693576.92
20150801|92|"BS.AS. SUR"|39|"PLASTICO Y SUS MANUFACTURAS"|1071|6440498.82|17180180.58
20150901|92|"BS.AS. SUR"|39|"PLASTICO Y SUS MANUFACTURAS"|1261|6054298.2|16851802.12
20151001|92|"BS.AS. SUR"|39|"PLASTICO Y SUS MANUFACTURAS"|1214|5229532.83|14267918.69
20151101|92|"BS.AS. SUR"|39|"PLASTICO Y SUS MANUFACTURAS"|1076|4881676.4|14681357.59
20151201|92|"BS.AS. SUR"|39|"PLASTICO Y SUS MANUFACTURAS"|1030|5159189.15|15862023.79
