"fecha_oficia"|"aduana"|"aduana_desc"|"mercaderia"|"mercaderia_desc"|"cantidad"|"kilos"|"importe"
20150401|91|"BS.AS. NORTE"|18|"CACAO Y SUS PREPARACIONES"|6|19699.2|107250.91
20150501|91|"BS.AS. NORTE"|18|"CACAO Y SUS PREPARACIONES"|37|119930.02|702261.7
20150601|91|"BS.AS. NORTE"|18|"CACAO Y SUS PREPARACIONES"|20|73616.2|462498.56
20150701|91|"BS.AS. NORTE"|18|"CACAO Y SUS PREPARACIONES"|24|87121|489133.91
20150801|91|"BS.AS. NORTE"|18|"CACAO Y SUS PREPARACIONES"|24|43829.15|279842.07
20150901|91|"BS.AS. NORTE"|18|"CACAO Y SUS PREPARACIONES"|27|84193.2|377450.97
20151001|91|"BS.AS. NORTE"|18|"CACAO Y SUS PREPARACIONES"|33|71406.61|386048.92
20151101|91|"BS.AS. NORTE"|18|"CACAO Y SUS PREPARACIONES"|31|41330.7|269169.51
20151201|91|"BS.AS. NORTE"|18|"CACAO Y SUS PREPARACIONES"|35|117969.76|569542.69
