"fecha_oficia"|"aduana"|"aduana_desc"|"mercaderia"|"mercaderia_desc"|"cantidad"|"kilos"|"importe"
20150401|92|"BS.AS. SUR"|19|"PREPARACIONES A BASE DE CEREALES, HARINA, ALMIDON, FECULA O "|54|698514.13|762027.81
20150501|92|"BS.AS. SUR"|19|"PREPARACIONES A BASE DE CEREALES, HARINA, ALMIDON, FECULA O "|162|2117288.1|2537930.4
20150601|92|"BS.AS. SUR"|19|"PREPARACIONES A BASE DE CEREALES, HARINA, ALMIDON, FECULA O "|172|2397265.59|2721957.87
20150701|92|"BS.AS. SUR"|19|"PREPARACIONES A BASE DE CEREALES, HARINA, ALMIDON, FECULA O "|218|2465132.2|3102028.37
20150801|92|"BS.AS. SUR"|19|"PREPARACIONES A BASE DE CEREALES, HARINA, ALMIDON, FECULA O "|204|3137919.03|3364362.01
20150901|92|"BS.AS. SUR"|19|"PREPARACIONES A BASE DE CEREALES, HARINA, ALMIDON, FECULA O "|203|3388057.92|3294848.9
20151001|92|"BS.AS. SUR"|19|"PREPARACIONES A BASE DE CEREALES, HARINA, ALMIDON, FECULA O "|206|3648335.37|3271632.07
20151101|92|"BS.AS. SUR"|19|"PREPARACIONES A BASE DE CEREALES, HARINA, ALMIDON, FECULA O "|161|2214535.86|2306129.21
20151201|92|"BS.AS. SUR"|19|"PREPARACIONES A BASE DE CEREALES, HARINA, ALMIDON, FECULA O "|156|2017338.35|2444981.92
