"fecha_oficia"|"aduana"|"aduana_desc"|"mercaderia"|"mercaderia_desc"|"cantidad"|"kilos"|"importe"
20150401|92|"BS.AS. SUR"|2|"CARNE Y DESPOJOS COMESTIBLES"|274|2589220.05|8117360.47
20150501|92|"BS.AS. SUR"|2|"CARNE Y DESPOJOS COMESTIBLES"|1102|13443510.19|33245061.49
20150601|92|"BS.AS. SUR"|2|"CARNE Y DESPOJOS COMESTIBLES"|1242|15702788.84|39037883.23
20150701|92|"BS.AS. SUR"|2|"CARNE Y DESPOJOS COMESTIBLES"|1368|18314967.42|39025305.57
20150801|92|"BS.AS. SUR"|2|"CARNE Y DESPOJOS COMESTIBLES"|1307|16806712.69|36284584.12
20150901|92|"BS.AS. SUR"|2|"CARNE Y DESPOJOS COMESTIBLES"|1613|19261494.52|42469059.6
20151001|92|"BS.AS. SUR"|2|"CARNE Y DESPOJOS COMESTIBLES"|1309|16230212.56|34789343.04
20151101|92|"BS.AS. SUR"|2|"CARNE Y DESPOJOS COMESTIBLES"|1183|13535269.26|29364913.9
20151201|92|"BS.AS. SUR"|2|"CARNE Y DESPOJOS COMESTIBLES"|904|11609273.24|24358425.34
