"fecha_oficia"|"aduana"|"aduana_desc"|"mercaderia"|"mercaderia_desc"|"cantidad"|"kilos"|"importe"
20140201|88|"GENERAL DEHEZA"|39|"PLASTICO Y SUS MANUFACTURAS"|1|3|30
20140301|88|"GENERAL DEHEZA"|39|"PLASTICO Y SUS MANUFACTURAS"|3|2640.18|7482.16
20140501|88|"GENERAL DEHEZA"|39|"PLASTICO Y SUS MANUFACTURAS"|2|304.8|1949.22
20140701|88|"GENERAL DEHEZA"|39|"PLASTICO Y SUS MANUFACTURAS"|3|75.8|1301.15
20140801|88|"GENERAL DEHEZA"|39|"PLASTICO Y SUS MANUFACTURAS"|4|455.73|2939.54
20140901|88|"GENERAL DEHEZA"|39|"PLASTICO Y SUS MANUFACTURAS"|2|540.81|2800.49
20141001|88|"GENERAL DEHEZA"|39|"PLASTICO Y SUS MANUFACTURAS"|1|180.27|934.41
20141101|88|"GENERAL DEHEZA"|39|"PLASTICO Y SUS MANUFACTURAS"|3|684.63|3832.33
20141201|88|"GENERAL DEHEZA"|39|"PLASTICO Y SUS MANUFACTURAS"|1|180.27|926.22
20150601|88|"GENERAL DEHEZA"|39|"PLASTICO Y SUS MANUFACTURAS"|5|5236.12|33273.8
20150701|88|"GENERAL DEHEZA"|39|"PLASTICO Y SUS MANUFACTURAS"|2|2744|15978.2
20150901|88|"GENERAL DEHEZA"|39|"PLASTICO Y SUS MANUFACTURAS"|4|4606|26820.55
