"fecha_oficia"|"aduana"|"aduana_desc"|"mercaderia"|"mercaderia_desc"|"cantidad"|"kilos"|"importe"
20150401|92|"BS.AS. SUR"|13|"GOMAS, RESINAS Y DEMAS JUGOS Y EXTRACTOS VEGETALES"|3|868.2|17778.51
20150501|92|"BS.AS. SUR"|13|"GOMAS, RESINAS Y DEMAS JUGOS Y EXTRACTOS VEGETALES"|12|5934.7|63841.29
20150601|92|"BS.AS. SUR"|13|"GOMAS, RESINAS Y DEMAS JUGOS Y EXTRACTOS VEGETALES"|5|665.51|36285.35
20150701|92|"BS.AS. SUR"|13|"GOMAS, RESINAS Y DEMAS JUGOS Y EXTRACTOS VEGETALES"|5|4361|76856.09
20150801|92|"BS.AS. SUR"|13|"GOMAS, RESINAS Y DEMAS JUGOS Y EXTRACTOS VEGETALES"|12|3393.27|86641.81
20150901|92|"BS.AS. SUR"|13|"GOMAS, RESINAS Y DEMAS JUGOS Y EXTRACTOS VEGETALES"|4|5690|85935.5
20151001|92|"BS.AS. SUR"|13|"GOMAS, RESINAS Y DEMAS JUGOS Y EXTRACTOS VEGETALES"|5|28240|216780.5
20151101|92|"BS.AS. SUR"|13|"GOMAS, RESINAS Y DEMAS JUGOS Y EXTRACTOS VEGETALES"|10|7225.75|75108.65
20151201|92|"BS.AS. SUR"|13|"GOMAS, RESINAS Y DEMAS JUGOS Y EXTRACTOS VEGETALES"|2|1120|8575
