"fecha_oficia"|"aduana"|"aduana_desc"|"mercaderia"|"mercaderia_desc"|"cantidad"|"kilos"|"importe"
20140501|86|"OBERA"|44|"MADERA, CARBON VEGETAL Y MANUFACTURAS DE MADERA"|1|23400|19241.9
20140601|86|"OBERA"|44|"MADERA, CARBON VEGETAL Y MANUFACTURAS DE MADERA"|1|22500|24694.47
20140901|86|"OBERA"|44|"MADERA, CARBON VEGETAL Y MANUFACTURAS DE MADERA"|1|25300|30081.18
20141001|86|"OBERA"|44|"MADERA, CARBON VEGETAL Y MANUFACTURAS DE MADERA"|3|40700|52208.46
20141101|86|"OBERA"|44|"MADERA, CARBON VEGETAL Y MANUFACTURAS DE MADERA"|3|69700|67054.17
20141201|86|"OBERA"|44|"MADERA, CARBON VEGETAL Y MANUFACTURAS DE MADERA"|1|22400|17380.93
20150201|86|"OBERA"|44|"MADERA, CARBON VEGETAL Y MANUFACTURAS DE MADERA"|1|24000|14135.22
20150601|86|"OBERA"|44|"MADERA, CARBON VEGETAL Y MANUFACTURAS DE MADERA"|1|24000|12952.1
20151201|86|"OBERA"|44|"MADERA, CARBON VEGETAL Y MANUFACTURAS DE MADERA"|1|24500|15247.55
