"fecha_oficia"|"aduana"|"aduana_desc"|"mercaderia"|"mercaderia_desc"|"cantidad"|"kilos"|"importe"
20150401|92|"BS.AS. SUR"|10|"CEREALES"|7|183000|80540
20150501|92|"BS.AS. SUR"|10|"CEREALES"|29|2532240|888767.6
20150601|92|"BS.AS. SUR"|10|"CEREALES"|18|1511938|805788.22
20150701|92|"BS.AS. SUR"|10|"CEREALES"|24|1541180|609516.99
20150801|92|"BS.AS. SUR"|10|"CEREALES"|24|1163150|427294.32
20150901|92|"BS.AS. SUR"|10|"CEREALES"|23|2101490|721291.72
20151001|92|"BS.AS. SUR"|10|"CEREALES"|27|2695616|966026.39
20151101|92|"BS.AS. SUR"|10|"CEREALES"|28|1662970|636472.28
20151201|92|"BS.AS. SUR"|10|"CEREALES"|26|1708304.5|664112.34
