"fecha_oficia"|"aduana"|"aduana_desc"|"mercaderia"|"mercaderia_desc"|"cantidad"|"kilos"|"importe"
20140101|84|"SANTO TOME"|83|"MANUFACTURAS DIVERSAS DE METAL COMUN"|1|37.86|223.02
20140201|84|"SANTO TOME"|83|"MANUFACTURAS DIVERSAS DE METAL COMUN"|5|7420.52|43985.24
20140301|84|"SANTO TOME"|83|"MANUFACTURAS DIVERSAS DE METAL COMUN"|12|15057|89116.6
20140401|84|"SANTO TOME"|83|"MANUFACTURAS DIVERSAS DE METAL COMUN"|13|15926.4|94090.4
20140501|84|"SANTO TOME"|83|"MANUFACTURAS DIVERSAS DE METAL COMUN"|6|16094.68|94987.16
20140601|84|"SANTO TOME"|83|"MANUFACTURAS DIVERSAS DE METAL COMUN"|8|4977.84|29659.28
20140701|84|"SANTO TOME"|83|"MANUFACTURAS DIVERSAS DE METAL COMUN"|12|7277.48|43237.16
20140801|84|"SANTO TOME"|83|"MANUFACTURAS DIVERSAS DE METAL COMUN"|16|13221.13|90517.4
20140901|84|"SANTO TOME"|83|"MANUFACTURAS DIVERSAS DE METAL COMUN"|15|9705.85|82968.04
20141001|84|"SANTO TOME"|83|"MANUFACTURAS DIVERSAS DE METAL COMUN"|15|12011.22|79615.76
20141101|84|"SANTO TOME"|83|"MANUFACTURAS DIVERSAS DE METAL COMUN"|9|6567.61|39026.12
20141201|84|"SANTO TOME"|83|"MANUFACTURAS DIVERSAS DE METAL COMUN"|6|9585.52|56949.04
20150101|84|"SANTO TOME"|83|"MANUFACTURAS DIVERSAS DE METAL COMUN"|4|5477.04|32263.56
20150201|84|"SANTO TOME"|83|"MANUFACTURAS DIVERSAS DE METAL COMUN"|5|5300.4|31222.8
20150301|84|"SANTO TOME"|83|"MANUFACTURAS DIVERSAS DE METAL COMUN"|9|4792.37|28474.52
20150401|84|"SANTO TOME"|83|"MANUFACTURAS DIVERSAS DE METAL COMUN"|7|4961.04|29371.28
20150501|84|"SANTO TOME"|83|"MANUFACTURAS DIVERSAS DE METAL COMUN"|7|4086.04|24311.48
20150601|84|"SANTO TOME"|83|"MANUFACTURAS DIVERSAS DE METAL COMUN"|6|1612.52|9740.84
20150701|84|"SANTO TOME"|83|"MANUFACTURAS DIVERSAS DE METAL COMUN"|7|2490.32|14848.64
20150801|84|"SANTO TOME"|83|"MANUFACTURAS DIVERSAS DE METAL COMUN"|9|4439.04|22005
20150901|84|"SANTO TOME"|83|"MANUFACTURAS DIVERSAS DE METAL COMUN"|9|2672.6|13395
20151001|84|"SANTO TOME"|83|"MANUFACTURAS DIVERSAS DE METAL COMUN"|9|2495.92|12534
20151101|84|"SANTO TOME"|83|"MANUFACTURAS DIVERSAS DE METAL COMUN"|5|2134.16|10632
20151201|84|"SANTO TOME"|83|"MANUFACTURAS DIVERSAS DE METAL COMUN"|2|2120.16|10332
