"fecha_oficia"|"aduana"|"aduana_desc"|"mercaderia"|"mercaderia_desc"|"cantidad"|"kilos"|"importe"
20150401|91|"BS.AS. NORTE"|65|"SOMBREROS, DEMAS TOCADOS Y SUS PARTES"|1|6.56|300.5
20150501|91|"BS.AS. NORTE"|65|"SOMBREROS, DEMAS TOCADOS Y SUS PARTES"|4|1451.27|116049.7
20150601|91|"BS.AS. NORTE"|65|"SOMBREROS, DEMAS TOCADOS Y SUS PARTES"|8|2228.38|34193.64
20150701|91|"BS.AS. NORTE"|65|"SOMBREROS, DEMAS TOCADOS Y SUS PARTES"|4|5506.91|40300.39
20150801|91|"BS.AS. NORTE"|65|"SOMBREROS, DEMAS TOCADOS Y SUS PARTES"|2|1824.14|13951.56
20150901|91|"BS.AS. NORTE"|65|"SOMBREROS, DEMAS TOCADOS Y SUS PARTES"|1|0.59|31.63
20151001|91|"BS.AS. NORTE"|65|"SOMBREROS, DEMAS TOCADOS Y SUS PARTES"|7|216.17|8135.2
20151101|91|"BS.AS. NORTE"|65|"SOMBREROS, DEMAS TOCADOS Y SUS PARTES"|2|219.85|1808.78
