"fecha_oficia"|"aduana"|"aduana_desc"|"mercaderia"|"mercaderia_desc"|"cantidad"|"kilos"|"importe"
20140101|84|"SANTO TOME"|21|"PREPARACIONES ALIMENTICIAS DIVERSAS"|11|55207.5|234326.2
20140201|84|"SANTO TOME"|21|"PREPARACIONES ALIMENTICIAS DIVERSAS"|3|8238|29822.55
20140301|84|"SANTO TOME"|21|"PREPARACIONES ALIMENTICIAS DIVERSAS"|2|5850|23991.8
20140401|84|"SANTO TOME"|21|"PREPARACIONES ALIMENTICIAS DIVERSAS"|5|12615|59704.25
20140501|84|"SANTO TOME"|21|"PREPARACIONES ALIMENTICIAS DIVERSAS"|6|23847|97931.55
20140601|84|"SANTO TOME"|21|"PREPARACIONES ALIMENTICIAS DIVERSAS"|3|12395|51916.75
20140701|84|"SANTO TOME"|21|"PREPARACIONES ALIMENTICIAS DIVERSAS"|4|10516|43986.25
20140801|84|"SANTO TOME"|21|"PREPARACIONES ALIMENTICIAS DIVERSAS"|5|15425|63676
20140901|84|"SANTO TOME"|21|"PREPARACIONES ALIMENTICIAS DIVERSAS"|5|2425|10897
20141001|84|"SANTO TOME"|21|"PREPARACIONES ALIMENTICIAS DIVERSAS"|8|2340|11325.6
20141101|84|"SANTO TOME"|21|"PREPARACIONES ALIMENTICIAS DIVERSAS"|3|6215|25824.2
20141201|84|"SANTO TOME"|21|"PREPARACIONES ALIMENTICIAS DIVERSAS"|3|10075|42028.25
20150101|84|"SANTO TOME"|21|"PREPARACIONES ALIMENTICIAS DIVERSAS"|5|28100|113805.5
20150201|84|"SANTO TOME"|21|"PREPARACIONES ALIMENTICIAS DIVERSAS"|6|15250|63093.65
20150301|84|"SANTO TOME"|21|"PREPARACIONES ALIMENTICIAS DIVERSAS"|1|11950|49069
20150401|84|"SANTO TOME"|21|"PREPARACIONES ALIMENTICIAS DIVERSAS"|5|18600|75330
20150501|84|"SANTO TOME"|21|"PREPARACIONES ALIMENTICIAS DIVERSAS"|5|17975|72798.75
20150601|84|"SANTO TOME"|21|"PREPARACIONES ALIMENTICIAS DIVERSAS"|8|29758|122890.5
20150701|84|"SANTO TOME"|21|"PREPARACIONES ALIMENTICIAS DIVERSAS"|4|17297|67859.15
20150801|84|"SANTO TOME"|21|"PREPARACIONES ALIMENTICIAS DIVERSAS"|3|11200|45360
20150901|84|"SANTO TOME"|21|"PREPARACIONES ALIMENTICIAS DIVERSAS"|5|13930|56416.5
20151001|84|"SANTO TOME"|21|"PREPARACIONES ALIMENTICIAS DIVERSAS"|3|19000|76950
20151101|84|"SANTO TOME"|21|"PREPARACIONES ALIMENTICIAS DIVERSAS"|4|12025|41486.25
20151201|84|"SANTO TOME"|21|"PREPARACIONES ALIMENTICIAS DIVERSAS"|5|14910|51439.5
