"fecha_oficia"|"aduana"|"aduana_desc"|"mercaderia"|"mercaderia_desc"|"cantidad"|"kilos"|"importe"
20150401|92|"BS.AS. SUR"|71|"PERLAS NATURALES (FINAS)* O CULTIVADAS, PIEDRAS PRECIOSAS O "|5|36.9|3009.59
20150501|92|"BS.AS. SUR"|71|"PERLAS NATURALES (FINAS)* O CULTIVADAS, PIEDRAS PRECIOSAS O "|13|28634.81|221193.22
20150601|92|"BS.AS. SUR"|71|"PERLAS NATURALES (FINAS)* O CULTIVADAS, PIEDRAS PRECIOSAS O "|19|1843.72|4765.68
20150701|92|"BS.AS. SUR"|71|"PERLAS NATURALES (FINAS)* O CULTIVADAS, PIEDRAS PRECIOSAS O "|14|6257.81|569951.9
20150801|92|"BS.AS. SUR"|71|"PERLAS NATURALES (FINAS)* O CULTIVADAS, PIEDRAS PRECIOSAS O "|24|16155.5|111996.74
20150901|92|"BS.AS. SUR"|71|"PERLAS NATURALES (FINAS)* O CULTIVADAS, PIEDRAS PRECIOSAS O "|17|7612.88|81114.52
20151001|92|"BS.AS. SUR"|71|"PERLAS NATURALES (FINAS)* O CULTIVADAS, PIEDRAS PRECIOSAS O "|14|467.04|4449.72
20151101|92|"BS.AS. SUR"|71|"PERLAS NATURALES (FINAS)* O CULTIVADAS, PIEDRAS PRECIOSAS O "|17|235.12|5706.38
20151201|92|"BS.AS. SUR"|71|"PERLAS NATURALES (FINAS)* O CULTIVADAS, PIEDRAS PRECIOSAS O "|13|85684.46|5293827.43
