"fecha_oficia"|"aduana"|"aduana_desc"|"mercaderia"|"mercaderia_desc"|"cantidad"|"kilos"|"importe"
20140101|84|"SANTO TOME"|90|"INSTRUMENTOS Y APARATOS DE OPTICA, FOTOGRAFIA O CINEMATOGRAF"|1|4.3|1053
20140501|84|"SANTO TOME"|90|"INSTRUMENTOS Y APARATOS DE OPTICA, FOTOGRAFIA O CINEMATOGRAF"|1|24.21|604
20140801|84|"SANTO TOME"|90|"INSTRUMENTOS Y APARATOS DE OPTICA, FOTOGRAFIA O CINEMATOGRAF"|1|59.02|1579.5
20141001|84|"SANTO TOME"|90|"INSTRUMENTOS Y APARATOS DE OPTICA, FOTOGRAFIA O CINEMATOGRAF"|2|57.6|1657
20150601|84|"SANTO TOME"|90|"INSTRUMENTOS Y APARATOS DE OPTICA, FOTOGRAFIA O CINEMATOGRAF"|1|1.15|433.05
