"fecha_oficia"|"aduana"|"aduana_desc"|"mercaderia"|"mercaderia_desc"|"cantidad"|"kilos"|"importe"
20140101|82|"BERNARDO DE YRIGOYEN"|9|"CAFE, TE, YERBA MATE Y ESPECIAS"|4|1355868|1768271.74
20140201|82|"BERNARDO DE YRIGOYEN"|9|"CAFE, TE, YERBA MATE Y ESPECIAS"|9|1453300|2856914.46
20140301|82|"BERNARDO DE YRIGOYEN"|9|"CAFE, TE, YERBA MATE Y ESPECIAS"|3|63880|89106.2
20140401|82|"BERNARDO DE YRIGOYEN"|9|"CAFE, TE, YERBA MATE Y ESPECIAS"|10|1926290|5563956.7
20140501|82|"BERNARDO DE YRIGOYEN"|9|"CAFE, TE, YERBA MATE Y ESPECIAS"|5|2539810|7470150.35
20140601|82|"BERNARDO DE YRIGOYEN"|9|"CAFE, TE, YERBA MATE Y ESPECIAS"|3|1566000|4615759.5
20140701|82|"BERNARDO DE YRIGOYEN"|9|"CAFE, TE, YERBA MATE Y ESPECIAS"|2|1430000|4232800
20140801|82|"BERNARDO DE YRIGOYEN"|9|"CAFE, TE, YERBA MATE Y ESPECIAS"|2|1533284|4538520.64
20140901|82|"BERNARDO DE YRIGOYEN"|9|"CAFE, TE, YERBA MATE Y ESPECIAS"|2|1860720|5507731.2
20141001|82|"BERNARDO DE YRIGOYEN"|9|"CAFE, TE, YERBA MATE Y ESPECIAS"|1|1090830|3228856.8
20150101|82|"BERNARDO DE YRIGOYEN"|9|"CAFE, TE, YERBA MATE Y ESPECIAS"|3|457000|1327830
20150201|82|"BERNARDO DE YRIGOYEN"|9|"CAFE, TE, YERBA MATE Y ESPECIAS"|4|502960|1333001.6
20150301|82|"BERNARDO DE YRIGOYEN"|9|"CAFE, TE, YERBA MATE Y ESPECIAS"|4|734000|2068800
20150401|82|"BERNARDO DE YRIGOYEN"|9|"CAFE, TE, YERBA MATE Y ESPECIAS"|4|1560015|4588931.5
20150501|82|"BERNARDO DE YRIGOYEN"|9|"CAFE, TE, YERBA MATE Y ESPECIAS"|3|1808000|5310800
20150601|82|"BERNARDO DE YRIGOYEN"|9|"CAFE, TE, YERBA MATE Y ESPECIAS"|4|3799010|11245069.6
20150701|82|"BERNARDO DE YRIGOYEN"|9|"CAFE, TE, YERBA MATE Y ESPECIAS"|7|2073246|6092380.91
20150801|82|"BERNARDO DE YRIGOYEN"|9|"CAFE, TE, YERBA MATE Y ESPECIAS"|3|2906240|8602470.4
20150901|82|"BERNARDO DE YRIGOYEN"|9|"CAFE, TE, YERBA MATE Y ESPECIAS"|5|4851970|14361831.2
20151001|82|"BERNARDO DE YRIGOYEN"|9|"CAFE, TE, YERBA MATE Y ESPECIAS"|5|3847565|11377363.3
20151101|82|"BERNARDO DE YRIGOYEN"|9|"CAFE, TE, YERBA MATE Y ESPECIAS"|2|1827390|5409074.4
