"fecha_oficia"|"aduana"|"aduana_desc"|"mercaderia"|"mercaderia_desc"|"cantidad"|"kilos"|"importe"
20150401|91|"BS.AS. NORTE"|22|"BEBIDAS, LIQUIDOS ALCOHOLICOS Y VINAGRE"|96|945781.13|884306.03
20150501|91|"BS.AS. NORTE"|22|"BEBIDAS, LIQUIDOS ALCOHOLICOS Y VINAGRE"|291|2530503.89|2875958.92
20150601|91|"BS.AS. NORTE"|22|"BEBIDAS, LIQUIDOS ALCOHOLICOS Y VINAGRE"|273|2931776.18|2836288.72
20150701|91|"BS.AS. NORTE"|22|"BEBIDAS, LIQUIDOS ALCOHOLICOS Y VINAGRE"|220|2915371.15|3283035.27
20150801|91|"BS.AS. NORTE"|22|"BEBIDAS, LIQUIDOS ALCOHOLICOS Y VINAGRE"|233|2234524.15|2663885.42
20150901|91|"BS.AS. NORTE"|22|"BEBIDAS, LIQUIDOS ALCOHOLICOS Y VINAGRE"|303|2166332.82|2995387.71
20151001|91|"BS.AS. NORTE"|22|"BEBIDAS, LIQUIDOS ALCOHOLICOS Y VINAGRE"|319|2184274.28|2779269.9
20151101|91|"BS.AS. NORTE"|22|"BEBIDAS, LIQUIDOS ALCOHOLICOS Y VINAGRE"|271|2710906.78|2628033.77
20151201|91|"BS.AS. NORTE"|22|"BEBIDAS, LIQUIDOS ALCOHOLICOS Y VINAGRE"|171|2749499.96|2745124.47
