"fecha_oficia"|"aduana"|"aduana_desc"|"mercaderia"|"mercaderia_desc"|"cantidad"|"kilos"|"importe"
20150401|91|"BS.AS. NORTE"|29|"PRODUCTOS QUIMICOS ORGANICOS"|21|281364.9|446322.62
20150501|91|"BS.AS. NORTE"|29|"PRODUCTOS QUIMICOS ORGANICOS"|50|764354.32|1377402.53
20150601|91|"BS.AS. NORTE"|29|"PRODUCTOS QUIMICOS ORGANICOS"|41|504328.58|1055575.61
20150701|91|"BS.AS. NORTE"|29|"PRODUCTOS QUIMICOS ORGANICOS"|54|994275.99|1397930.25
20150801|91|"BS.AS. NORTE"|29|"PRODUCTOS QUIMICOS ORGANICOS"|42|881416.32|1753105.53
20150901|91|"BS.AS. NORTE"|29|"PRODUCTOS QUIMICOS ORGANICOS"|39|598276.07|1392754.53
20151001|91|"BS.AS. NORTE"|29|"PRODUCTOS QUIMICOS ORGANICOS"|32|453435.78|781189.52
20151101|91|"BS.AS. NORTE"|29|"PRODUCTOS QUIMICOS ORGANICOS"|52|1375377.85|2823444.65
20151201|91|"BS.AS. NORTE"|29|"PRODUCTOS QUIMICOS ORGANICOS"|43|965845.77|1240008.77
