"fecha_oficia"|"aduana"|"aduana_desc"|"mercaderia"|"mercaderia_desc"|"cantidad"|"kilos"|"importe"
20150401|92|"BS.AS. SUR"|59|"TELAS IMPREGNADAS, RECUBIERTAS, REVESTIDAS O ESTRATIFICADAS;"|8|20036.8|151537.46
20150501|92|"BS.AS. SUR"|59|"TELAS IMPREGNADAS, RECUBIERTAS, REVESTIDAS O ESTRATIFICADAS;"|32|45843.85|382014.8
20150601|92|"BS.AS. SUR"|59|"TELAS IMPREGNADAS, RECUBIERTAS, REVESTIDAS O ESTRATIFICADAS;"|32|61402.84|466919.71
20150701|92|"BS.AS. SUR"|59|"TELAS IMPREGNADAS, RECUBIERTAS, REVESTIDAS O ESTRATIFICADAS;"|33|43049.69|371363.77
20150801|92|"BS.AS. SUR"|59|"TELAS IMPREGNADAS, RECUBIERTAS, REVESTIDAS O ESTRATIFICADAS;"|22|29658.23|170771.7
20150901|92|"BS.AS. SUR"|59|"TELAS IMPREGNADAS, RECUBIERTAS, REVESTIDAS O ESTRATIFICADAS;"|38|33386.04|336642.41
20151001|92|"BS.AS. SUR"|59|"TELAS IMPREGNADAS, RECUBIERTAS, REVESTIDAS O ESTRATIFICADAS;"|24|16533|215284.63
20151101|92|"BS.AS. SUR"|59|"TELAS IMPREGNADAS, RECUBIERTAS, REVESTIDAS O ESTRATIFICADAS;"|29|39483.19|317797.81
20151201|92|"BS.AS. SUR"|59|"TELAS IMPREGNADAS, RECUBIERTAS, REVESTIDAS O ESTRATIFICADAS;"|12|11772.26|95337.44
