"fecha_oficia"|"aduana"|"aduana_desc"|"mercaderia"|"mercaderia_desc"|"cantidad"|"kilos"|"importe"
20150401|91|"BS.AS. NORTE"|39|"PLASTICO Y SUS MANUFACTURAS"|295|1921084.39|5330153.01
20150501|91|"BS.AS. NORTE"|39|"PLASTICO Y SUS MANUFACTURAS"|839|5339928.49|14544479.43
20150601|91|"BS.AS. NORTE"|39|"PLASTICO Y SUS MANUFACTURAS"|880|5299756.8|16132968.5
20150701|91|"BS.AS. NORTE"|39|"PLASTICO Y SUS MANUFACTURAS"|913|5131781.42|15219046.48
20150801|91|"BS.AS. NORTE"|39|"PLASTICO Y SUS MANUFACTURAS"|810|4336036.89|14225243.05
20150901|91|"BS.AS. NORTE"|39|"PLASTICO Y SUS MANUFACTURAS"|889|4357059.68|13936744.61
20151001|91|"BS.AS. NORTE"|39|"PLASTICO Y SUS MANUFACTURAS"|823|4654196.82|14330463.46
20151101|91|"BS.AS. NORTE"|39|"PLASTICO Y SUS MANUFACTURAS"|785|4318431.1|13364438.45
20151201|91|"BS.AS. NORTE"|39|"PLASTICO Y SUS MANUFACTURAS"|721|4038348.01|11932071.02
