"fecha_oficia"|"aduana"|"aduana_desc"|"mercaderia"|"mercaderia_desc"|"cantidad"|"kilos"|"importe"
20150401|91|"BS.AS. NORTE"|48|"PAPEL Y CARTON; MANUFACTURAS DE PASTA DE CELULOSA, DE PAPEL "|38|116507|357006.42
20150501|91|"BS.AS. NORTE"|48|"PAPEL Y CARTON; MANUFACTURAS DE PASTA DE CELULOSA, DE PAPEL "|126|362709.52|1580525.53
20150601|91|"BS.AS. NORTE"|48|"PAPEL Y CARTON; MANUFACTURAS DE PASTA DE CELULOSA, DE PAPEL "|166|510331.25|2072136.08
20150701|91|"BS.AS. NORTE"|48|"PAPEL Y CARTON; MANUFACTURAS DE PASTA DE CELULOSA, DE PAPEL "|127|415495.62|1605743.8
20150801|91|"BS.AS. NORTE"|48|"PAPEL Y CARTON; MANUFACTURAS DE PASTA DE CELULOSA, DE PAPEL "|120|300261.67|1051322.21
20150901|91|"BS.AS. NORTE"|48|"PAPEL Y CARTON; MANUFACTURAS DE PASTA DE CELULOSA, DE PAPEL "|144|346149.86|1397394.86
20151001|91|"BS.AS. NORTE"|48|"PAPEL Y CARTON; MANUFACTURAS DE PASTA DE CELULOSA, DE PAPEL "|122|237596.89|819057.32
20151101|91|"BS.AS. NORTE"|48|"PAPEL Y CARTON; MANUFACTURAS DE PASTA DE CELULOSA, DE PAPEL "|110|294548.2|1140180.87
20151201|91|"BS.AS. NORTE"|48|"PAPEL Y CARTON; MANUFACTURAS DE PASTA DE CELULOSA, DE PAPEL "|106|162436.88|658262.37
