"fecha_oficia"|"aduana"|"aduana_desc"|"mercaderia"|"mercaderia_desc"|"cantidad"|"kilos"|"importe"
20140101|83|"SAN LUIS"|47|"PASTA DE MADERA O DE LAS DEMAS MATERIAS FIBROSAS CELULOSICAS"|4|77874|135538.99
20140201|83|"SAN LUIS"|47|"PASTA DE MADERA O DE LAS DEMAS MATERIAS FIBROSAS CELULOSICAS"|1|16596|28877.04
20140701|83|"SAN LUIS"|47|"PASTA DE MADERA O DE LAS DEMAS MATERIAS FIBROSAS CELULOSICAS"|5|63719|56072.72
20140801|83|"SAN LUIS"|47|"PASTA DE MADERA O DE LAS DEMAS MATERIAS FIBROSAS CELULOSICAS"|1|1365|1201.2
20140901|83|"SAN LUIS"|47|"PASTA DE MADERA O DE LAS DEMAS MATERIAS FIBROSAS CELULOSICAS"|1|25293|22257.84
20141001|83|"SAN LUIS"|47|"PASTA DE MADERA O DE LAS DEMAS MATERIAS FIBROSAS CELULOSICAS"|1|24678|21716.64
20150101|83|"SAN LUIS"|47|"PASTA DE MADERA O DE LAS DEMAS MATERIAS FIBROSAS CELULOSICAS"|1|2071|1739.64
20150301|83|"SAN LUIS"|47|"PASTA DE MADERA O DE LAS DEMAS MATERIAS FIBROSAS CELULOSICAS"|8|177174|148826.16
