"fecha_oficia"|"aduana"|"aduana_desc"|"mercaderia"|"mercaderia_desc"|"cantidad"|"kilos"|"importe"
20100101|14|"COMODORO RIVADAVIA"|3|"PESCADOS Y CRUSTACEOS, MOLUSCOS Y DEMAS INVERTEBRADOS ACUATI"|5|113736|266095.16
20100201|14|"COMODORO RIVADAVIA"|3|"PESCADOS Y CRUSTACEOS, MOLUSCOS Y DEMAS INVERTEBRADOS ACUATI"|1|27396|27396
20100301|14|"COMODORO RIVADAVIA"|3|"PESCADOS Y CRUSTACEOS, MOLUSCOS Y DEMAS INVERTEBRADOS ACUATI"|1|38400|209520
20100401|14|"COMODORO RIVADAVIA"|3|"PESCADOS Y CRUSTACEOS, MOLUSCOS Y DEMAS INVERTEBRADOS ACUATI"|1|23664|126057.6
20100501|14|"COMODORO RIVADAVIA"|3|"PESCADOS Y CRUSTACEOS, MOLUSCOS Y DEMAS INVERTEBRADOS ACUATI"|0|0|0
20100601|14|"COMODORO RIVADAVIA"|3|"PESCADOS Y CRUSTACEOS, MOLUSCOS Y DEMAS INVERTEBRADOS ACUATI"|2|38230|299840
20100701|14|"COMODORO RIVADAVIA"|3|"PESCADOS Y CRUSTACEOS, MOLUSCOS Y DEMAS INVERTEBRADOS ACUATI"|9|76596|590993
20100801|14|"COMODORO RIVADAVIA"|3|"PESCADOS Y CRUSTACEOS, MOLUSCOS Y DEMAS INVERTEBRADOS ACUATI"|9|43298|325793.95
20100901|14|"COMODORO RIVADAVIA"|3|"PESCADOS Y CRUSTACEOS, MOLUSCOS Y DEMAS INVERTEBRADOS ACUATI"|2|8984|87348
20101001|14|"COMODORO RIVADAVIA"|3|"PESCADOS Y CRUSTACEOS, MOLUSCOS Y DEMAS INVERTEBRADOS ACUATI"|12|106378|769668
20101101|14|"COMODORO RIVADAVIA"|3|"PESCADOS Y CRUSTACEOS, MOLUSCOS Y DEMAS INVERTEBRADOS ACUATI"|10|212145|581553.57
20101201|14|"COMODORO RIVADAVIA"|3|"PESCADOS Y CRUSTACEOS, MOLUSCOS Y DEMAS INVERTEBRADOS ACUATI"|3|95670|127022.73
20110101|14|"COMODORO RIVADAVIA"|3|"PESCADOS Y CRUSTACEOS, MOLUSCOS Y DEMAS INVERTEBRADOS ACUATI"|4|155442|488590.83
20110201|14|"COMODORO RIVADAVIA"|3|"PESCADOS Y CRUSTACEOS, MOLUSCOS Y DEMAS INVERTEBRADOS ACUATI"|26|432091|2102409.82
20110301|14|"COMODORO RIVADAVIA"|3|"PESCADOS Y CRUSTACEOS, MOLUSCOS Y DEMAS INVERTEBRADOS ACUATI"|7|131520|564292.2
20110401|14|"COMODORO RIVADAVIA"|3|"PESCADOS Y CRUSTACEOS, MOLUSCOS Y DEMAS INVERTEBRADOS ACUATI"|27|428848|2183499.55
20110501|14|"COMODORO RIVADAVIA"|3|"PESCADOS Y CRUSTACEOS, MOLUSCOS Y DEMAS INVERTEBRADOS ACUATI"|14|369609|1306750
20110601|14|"COMODORO RIVADAVIA"|3|"PESCADOS Y CRUSTACEOS, MOLUSCOS Y DEMAS INVERTEBRADOS ACUATI"|7|186270|524381.55
20110701|14|"COMODORO RIVADAVIA"|3|"PESCADOS Y CRUSTACEOS, MOLUSCOS Y DEMAS INVERTEBRADOS ACUATI"|5|131199|392770.2
20110801|14|"COMODORO RIVADAVIA"|3|"PESCADOS Y CRUSTACEOS, MOLUSCOS Y DEMAS INVERTEBRADOS ACUATI"|17|511954|2590118.98
20110901|14|"COMODORO RIVADAVIA"|3|"PESCADOS Y CRUSTACEOS, MOLUSCOS Y DEMAS INVERTEBRADOS ACUATI"|15|472316|2516670.69
20111001|14|"COMODORO RIVADAVIA"|3|"PESCADOS Y CRUSTACEOS, MOLUSCOS Y DEMAS INVERTEBRADOS ACUATI"|10|145219.5|592621.53
20111101|14|"COMODORO RIVADAVIA"|3|"PESCADOS Y CRUSTACEOS, MOLUSCOS Y DEMAS INVERTEBRADOS ACUATI"|23|521009|2972667.7
20111201|14|"COMODORO RIVADAVIA"|3|"PESCADOS Y CRUSTACEOS, MOLUSCOS Y DEMAS INVERTEBRADOS ACUATI"|23|382043.85|2762690.1
20120101|14|"COMODORO RIVADAVIA"|3|"PESCADOS Y CRUSTACEOS, MOLUSCOS Y DEMAS INVERTEBRADOS ACUATI"|26|646645|3917129.92
20120201|14|"COMODORO RIVADAVIA"|3|"PESCADOS Y CRUSTACEOS, MOLUSCOS Y DEMAS INVERTEBRADOS ACUATI"|13|339977.2|1640001.78
20120301|14|"COMODORO RIVADAVIA"|3|"PESCADOS Y CRUSTACEOS, MOLUSCOS Y DEMAS INVERTEBRADOS ACUATI"|15|502446.1|1918287.63
20120401|14|"COMODORO RIVADAVIA"|3|"PESCADOS Y CRUSTACEOS, MOLUSCOS Y DEMAS INVERTEBRADOS ACUATI"|11|386596|1810983.9
20120501|14|"COMODORO RIVADAVIA"|3|"PESCADOS Y CRUSTACEOS, MOLUSCOS Y DEMAS INVERTEBRADOS ACUATI"|23|820773|2170032.9
20120601|14|"COMODORO RIVADAVIA"|3|"PESCADOS Y CRUSTACEOS, MOLUSCOS Y DEMAS INVERTEBRADOS ACUATI"|7|216648|254450.4
20120701|14|"COMODORO RIVADAVIA"|3|"PESCADOS Y CRUSTACEOS, MOLUSCOS Y DEMAS INVERTEBRADOS ACUATI"|7|217700|228585
20120801|14|"COMODORO RIVADAVIA"|3|"PESCADOS Y CRUSTACEOS, MOLUSCOS Y DEMAS INVERTEBRADOS ACUATI"|7|156084|256228.95
20120901|14|"COMODORO RIVADAVIA"|3|"PESCADOS Y CRUSTACEOS, MOLUSCOS Y DEMAS INVERTEBRADOS ACUATI"|9|244516|731328.85
20121001|14|"COMODORO RIVADAVIA"|3|"PESCADOS Y CRUSTACEOS, MOLUSCOS Y DEMAS INVERTEBRADOS ACUATI"|6|171011|654148.05
20121101|14|"COMODORO RIVADAVIA"|3|"PESCADOS Y CRUSTACEOS, MOLUSCOS Y DEMAS INVERTEBRADOS ACUATI"|9|311139.73|2120087.58
20121201|14|"COMODORO RIVADAVIA"|3|"PESCADOS Y CRUSTACEOS, MOLUSCOS Y DEMAS INVERTEBRADOS ACUATI"|19|415458.49|2176666.87
20130101|14|"COMODORO RIVADAVIA"|3|"PESCADOS Y CRUSTACEOS, MOLUSCOS Y DEMAS INVERTEBRADOS ACUATI"|7|420289.52|2613268.15
20130201|14|"COMODORO RIVADAVIA"|3|"PESCADOS Y CRUSTACEOS, MOLUSCOS Y DEMAS INVERTEBRADOS ACUATI"|17|536250.44|3200752.25
20130301|14|"COMODORO RIVADAVIA"|3|"PESCADOS Y CRUSTACEOS, MOLUSCOS Y DEMAS INVERTEBRADOS ACUATI"|5|138328|334796.48
20130401|14|"COMODORO RIVADAVIA"|3|"PESCADOS Y CRUSTACEOS, MOLUSCOS Y DEMAS INVERTEBRADOS ACUATI"|9|161552|356706.32
20130501|14|"COMODORO RIVADAVIA"|3|"PESCADOS Y CRUSTACEOS, MOLUSCOS Y DEMAS INVERTEBRADOS ACUATI"|8|202859.6|442752.06
20130601|14|"COMODORO RIVADAVIA"|3|"PESCADOS Y CRUSTACEOS, MOLUSCOS Y DEMAS INVERTEBRADOS ACUATI"|7|129474|218219.7
20130701|14|"COMODORO RIVADAVIA"|3|"PESCADOS Y CRUSTACEOS, MOLUSCOS Y DEMAS INVERTEBRADOS ACUATI"|10|186358.81|420790.82
20130801|14|"COMODORO RIVADAVIA"|3|"PESCADOS Y CRUSTACEOS, MOLUSCOS Y DEMAS INVERTEBRADOS ACUATI"|2|50302|136025.4
20130901|14|"COMODORO RIVADAVIA"|3|"PESCADOS Y CRUSTACEOS, MOLUSCOS Y DEMAS INVERTEBRADOS ACUATI"|8|210770|566570.52
20131001|14|"COMODORO RIVADAVIA"|3|"PESCADOS Y CRUSTACEOS, MOLUSCOS Y DEMAS INVERTEBRADOS ACUATI"|8|156012|557403.75
20131101|14|"COMODORO RIVADAVIA"|3|"PESCADOS Y CRUSTACEOS, MOLUSCOS Y DEMAS INVERTEBRADOS ACUATI"|8|182491|477775.4
20131201|14|"COMODORO RIVADAVIA"|3|"PESCADOS Y CRUSTACEOS, MOLUSCOS Y DEMAS INVERTEBRADOS ACUATI"|6|115649.8|520747.3
20140101|14|"COMODORO RIVADAVIA"|3|"PESCADOS Y CRUSTACEOS, MOLUSCOS Y DEMAS INVERTEBRADOS ACUATI"|13|223624|907599.4
20140201|14|"COMODORO RIVADAVIA"|3|"PESCADOS Y CRUSTACEOS, MOLUSCOS Y DEMAS INVERTEBRADOS ACUATI"|12|276664.08|1181774.48
20140301|14|"COMODORO RIVADAVIA"|3|"PESCADOS Y CRUSTACEOS, MOLUSCOS Y DEMAS INVERTEBRADOS ACUATI"|15|246460.78|1066206.69
20140401|14|"COMODORO RIVADAVIA"|3|"PESCADOS Y CRUSTACEOS, MOLUSCOS Y DEMAS INVERTEBRADOS ACUATI"|21|494170.5|1747965.34
20140501|14|"COMODORO RIVADAVIA"|3|"PESCADOS Y CRUSTACEOS, MOLUSCOS Y DEMAS INVERTEBRADOS ACUATI"|29|688797.9|2293619.37
20140601|14|"COMODORO RIVADAVIA"|3|"PESCADOS Y CRUSTACEOS, MOLUSCOS Y DEMAS INVERTEBRADOS ACUATI"|23|542451.83|2156033.22
20140701|14|"COMODORO RIVADAVIA"|3|"PESCADOS Y CRUSTACEOS, MOLUSCOS Y DEMAS INVERTEBRADOS ACUATI"|27|674383.63|3039211.26
20140801|14|"COMODORO RIVADAVIA"|3|"PESCADOS Y CRUSTACEOS, MOLUSCOS Y DEMAS INVERTEBRADOS ACUATI"|12|278325.7|1564690.24
20140901|14|"COMODORO RIVADAVIA"|3|"PESCADOS Y CRUSTACEOS, MOLUSCOS Y DEMAS INVERTEBRADOS ACUATI"|12|263522.43|1713184.88
20141001|14|"COMODORO RIVADAVIA"|3|"PESCADOS Y CRUSTACEOS, MOLUSCOS Y DEMAS INVERTEBRADOS ACUATI"|15|277130.24|1927488.32
20141101|14|"COMODORO RIVADAVIA"|3|"PESCADOS Y CRUSTACEOS, MOLUSCOS Y DEMAS INVERTEBRADOS ACUATI"|6|44016|327834.4
20141201|14|"COMODORO RIVADAVIA"|3|"PESCADOS Y CRUSTACEOS, MOLUSCOS Y DEMAS INVERTEBRADOS ACUATI"|15|278600.64|1430974.36
20150101|14|"COMODORO RIVADAVIA"|3|"PESCADOS Y CRUSTACEOS, MOLUSCOS Y DEMAS INVERTEBRADOS ACUATI"|15|442977.08|2588451.75
20150201|14|"COMODORO RIVADAVIA"|3|"PESCADOS Y CRUSTACEOS, MOLUSCOS Y DEMAS INVERTEBRADOS ACUATI"|8|314981.24|1896804.23
20150301|14|"COMODORO RIVADAVIA"|3|"PESCADOS Y CRUSTACEOS, MOLUSCOS Y DEMAS INVERTEBRADOS ACUATI"|6|328887.11|2252145.08
20150401|14|"COMODORO RIVADAVIA"|3|"PESCADOS Y CRUSTACEOS, MOLUSCOS Y DEMAS INVERTEBRADOS ACUATI"|24|588804.65|2457782.14
20150501|14|"COMODORO RIVADAVIA"|3|"PESCADOS Y CRUSTACEOS, MOLUSCOS Y DEMAS INVERTEBRADOS ACUATI"|19|530588|1581415.76
20150601|14|"COMODORO RIVADAVIA"|3|"PESCADOS Y CRUSTACEOS, MOLUSCOS Y DEMAS INVERTEBRADOS ACUATI"|18|378374|1318221.74
20150701|14|"COMODORO RIVADAVIA"|3|"PESCADOS Y CRUSTACEOS, MOLUSCOS Y DEMAS INVERTEBRADOS ACUATI"|19|300073|1146138.55
20150801|14|"COMODORO RIVADAVIA"|3|"PESCADOS Y CRUSTACEOS, MOLUSCOS Y DEMAS INVERTEBRADOS ACUATI"|10|202022|835162.82
20150901|14|"COMODORO RIVADAVIA"|3|"PESCADOS Y CRUSTACEOS, MOLUSCOS Y DEMAS INVERTEBRADOS ACUATI"|7|142652|700197.2
20151001|14|"COMODORO RIVADAVIA"|3|"PESCADOS Y CRUSTACEOS, MOLUSCOS Y DEMAS INVERTEBRADOS ACUATI"|8|170289.6|650142.4
20151101|14|"COMODORO RIVADAVIA"|3|"PESCADOS Y CRUSTACEOS, MOLUSCOS Y DEMAS INVERTEBRADOS ACUATI"|11|185012|955623.64
20151201|14|"COMODORO RIVADAVIA"|3|"PESCADOS Y CRUSTACEOS, MOLUSCOS Y DEMAS INVERTEBRADOS ACUATI"|11|195940|927987.22
