"fecha_oficia"|"aduana"|"aduana_desc"|"mercaderia"|"mercaderia_desc"|"cantidad"|"kilos"|"importe"
20100101|87|"CALETA OLIVIA"|3|"PESCADOS Y CRUSTACEOS, MOLUSCOS Y DEMAS INVERTEBRADOS ACUATI"|15|748275|3162901.5
20100201|87|"CALETA OLIVIA"|3|"PESCADOS Y CRUSTACEOS, MOLUSCOS Y DEMAS INVERTEBRADOS ACUATI"|20|472237|2133067.1
20100301|87|"CALETA OLIVIA"|3|"PESCADOS Y CRUSTACEOS, MOLUSCOS Y DEMAS INVERTEBRADOS ACUATI"|12|650904.5|3958740.1
20100401|87|"CALETA OLIVIA"|3|"PESCADOS Y CRUSTACEOS, MOLUSCOS Y DEMAS INVERTEBRADOS ACUATI"|23|1364288|10024215.4
20100501|87|"CALETA OLIVIA"|3|"PESCADOS Y CRUSTACEOS, MOLUSCOS Y DEMAS INVERTEBRADOS ACUATI"|40|4442916|36451362.99
20100601|87|"CALETA OLIVIA"|3|"PESCADOS Y CRUSTACEOS, MOLUSCOS Y DEMAS INVERTEBRADOS ACUATI"|54|9737202|78464384.93
20100701|87|"CALETA OLIVIA"|3|"PESCADOS Y CRUSTACEOS, MOLUSCOS Y DEMAS INVERTEBRADOS ACUATI"|55|6690754|49178705.97
20100801|87|"CALETA OLIVIA"|3|"PESCADOS Y CRUSTACEOS, MOLUSCOS Y DEMAS INVERTEBRADOS ACUATI"|63|16985880|125105758.37
20100901|87|"CALETA OLIVIA"|3|"PESCADOS Y CRUSTACEOS, MOLUSCOS Y DEMAS INVERTEBRADOS ACUATI"|72|17421438|114514606.18
20101001|87|"CALETA OLIVIA"|3|"PESCADOS Y CRUSTACEOS, MOLUSCOS Y DEMAS INVERTEBRADOS ACUATI"|28|1835406|11508855.01
20101101|87|"CALETA OLIVIA"|3|"PESCADOS Y CRUSTACEOS, MOLUSCOS Y DEMAS INVERTEBRADOS ACUATI"|58|2452472|12912342.42
20101201|87|"CALETA OLIVIA"|3|"PESCADOS Y CRUSTACEOS, MOLUSCOS Y DEMAS INVERTEBRADOS ACUATI"|15|621457|3370733.75
20110101|87|"CALETA OLIVIA"|3|"PESCADOS Y CRUSTACEOS, MOLUSCOS Y DEMAS INVERTEBRADOS ACUATI"|4|402206|1711480.09
20110201|87|"CALETA OLIVIA"|3|"PESCADOS Y CRUSTACEOS, MOLUSCOS Y DEMAS INVERTEBRADOS ACUATI"|42|1947659|8865586.13
20110301|87|"CALETA OLIVIA"|3|"PESCADOS Y CRUSTACEOS, MOLUSCOS Y DEMAS INVERTEBRADOS ACUATI"|17|618756|3550286.99
20110401|87|"CALETA OLIVIA"|3|"PESCADOS Y CRUSTACEOS, MOLUSCOS Y DEMAS INVERTEBRADOS ACUATI"|27|1704990|10566637.45
20110501|87|"CALETA OLIVIA"|3|"PESCADOS Y CRUSTACEOS, MOLUSCOS Y DEMAS INVERTEBRADOS ACUATI"|79|4923502.36|27911886.61
20110601|87|"CALETA OLIVIA"|3|"PESCADOS Y CRUSTACEOS, MOLUSCOS Y DEMAS INVERTEBRADOS ACUATI"|62|3349219|23444965.2
20110701|87|"CALETA OLIVIA"|3|"PESCADOS Y CRUSTACEOS, MOLUSCOS Y DEMAS INVERTEBRADOS ACUATI"|79|3282991|22124065.61
20110801|87|"CALETA OLIVIA"|3|"PESCADOS Y CRUSTACEOS, MOLUSCOS Y DEMAS INVERTEBRADOS ACUATI"|94|3310512.5|21098180.02
20110901|87|"CALETA OLIVIA"|3|"PESCADOS Y CRUSTACEOS, MOLUSCOS Y DEMAS INVERTEBRADOS ACUATI"|78|3380862.27|21793521.38
20111001|87|"CALETA OLIVIA"|3|"PESCADOS Y CRUSTACEOS, MOLUSCOS Y DEMAS INVERTEBRADOS ACUATI"|136|5544645|32957745.44
20111101|87|"CALETA OLIVIA"|3|"PESCADOS Y CRUSTACEOS, MOLUSCOS Y DEMAS INVERTEBRADOS ACUATI"|39|1177772.42|6599703.63
20111201|87|"CALETA OLIVIA"|3|"PESCADOS Y CRUSTACEOS, MOLUSCOS Y DEMAS INVERTEBRADOS ACUATI"|15|449604|2828552.57
20120101|87|"CALETA OLIVIA"|3|"PESCADOS Y CRUSTACEOS, MOLUSCOS Y DEMAS INVERTEBRADOS ACUATI"|20|784280|4900340
20120201|87|"CALETA OLIVIA"|3|"PESCADOS Y CRUSTACEOS, MOLUSCOS Y DEMAS INVERTEBRADOS ACUATI"|13|654103.16|4254571.2
20120301|87|"CALETA OLIVIA"|3|"PESCADOS Y CRUSTACEOS, MOLUSCOS Y DEMAS INVERTEBRADOS ACUATI"|3|114464|735705.6
20120401|87|"CALETA OLIVIA"|3|"PESCADOS Y CRUSTACEOS, MOLUSCOS Y DEMAS INVERTEBRADOS ACUATI"|18|1528305.09|7468201.3
20120501|87|"CALETA OLIVIA"|3|"PESCADOS Y CRUSTACEOS, MOLUSCOS Y DEMAS INVERTEBRADOS ACUATI"|59|2977433.93|16000646.64
20120601|87|"CALETA OLIVIA"|3|"PESCADOS Y CRUSTACEOS, MOLUSCOS Y DEMAS INVERTEBRADOS ACUATI"|47|2726410.64|17312316.41
20120701|87|"CALETA OLIVIA"|3|"PESCADOS Y CRUSTACEOS, MOLUSCOS Y DEMAS INVERTEBRADOS ACUATI"|16|837216|5256570.38
20120801|87|"CALETA OLIVIA"|3|"PESCADOS Y CRUSTACEOS, MOLUSCOS Y DEMAS INVERTEBRADOS ACUATI"|36|2488956|15595429.97
20120901|87|"CALETA OLIVIA"|3|"PESCADOS Y CRUSTACEOS, MOLUSCOS Y DEMAS INVERTEBRADOS ACUATI"|20|617112|4418565.73
20121001|87|"CALETA OLIVIA"|3|"PESCADOS Y CRUSTACEOS, MOLUSCOS Y DEMAS INVERTEBRADOS ACUATI"|41|1744488|11342255.52
20121101|87|"CALETA OLIVIA"|3|"PESCADOS Y CRUSTACEOS, MOLUSCOS Y DEMAS INVERTEBRADOS ACUATI"|33|1016824|6314500.39
20121201|87|"CALETA OLIVIA"|3|"PESCADOS Y CRUSTACEOS, MOLUSCOS Y DEMAS INVERTEBRADOS ACUATI"|40|1816092|11649914.15
20130101|87|"CALETA OLIVIA"|3|"PESCADOS Y CRUSTACEOS, MOLUSCOS Y DEMAS INVERTEBRADOS ACUATI"|6|127560|754068
20130201|87|"CALETA OLIVIA"|3|"PESCADOS Y CRUSTACEOS, MOLUSCOS Y DEMAS INVERTEBRADOS ACUATI"|5|110868|768679.2
20130301|87|"CALETA OLIVIA"|3|"PESCADOS Y CRUSTACEOS, MOLUSCOS Y DEMAS INVERTEBRADOS ACUATI"|2|46206.7|143396.51
20130401|87|"CALETA OLIVIA"|3|"PESCADOS Y CRUSTACEOS, MOLUSCOS Y DEMAS INVERTEBRADOS ACUATI"|24|1039214.9|5277577.4
20130501|87|"CALETA OLIVIA"|3|"PESCADOS Y CRUSTACEOS, MOLUSCOS Y DEMAS INVERTEBRADOS ACUATI"|21|894043.4|4367951.06
20130601|87|"CALETA OLIVIA"|3|"PESCADOS Y CRUSTACEOS, MOLUSCOS Y DEMAS INVERTEBRADOS ACUATI"|31|1628698.37|10605865.5
20130701|87|"CALETA OLIVIA"|3|"PESCADOS Y CRUSTACEOS, MOLUSCOS Y DEMAS INVERTEBRADOS ACUATI"|61|2537569.17|15031613
20130801|87|"CALETA OLIVIA"|3|"PESCADOS Y CRUSTACEOS, MOLUSCOS Y DEMAS INVERTEBRADOS ACUATI"|58|3788952.14|15257985.94
20130901|87|"CALETA OLIVIA"|3|"PESCADOS Y CRUSTACEOS, MOLUSCOS Y DEMAS INVERTEBRADOS ACUATI"|68|3197905|19630116.56
20131001|87|"CALETA OLIVIA"|3|"PESCADOS Y CRUSTACEOS, MOLUSCOS Y DEMAS INVERTEBRADOS ACUATI"|63|1605350.33|10499754.63
20131101|87|"CALETA OLIVIA"|3|"PESCADOS Y CRUSTACEOS, MOLUSCOS Y DEMAS INVERTEBRADOS ACUATI"|2|24024|149727.45
20131201|87|"CALETA OLIVIA"|3|"PESCADOS Y CRUSTACEOS, MOLUSCOS Y DEMAS INVERTEBRADOS ACUATI"|12|189484.04|1389805.51
20140101|87|"CALETA OLIVIA"|3|"PESCADOS Y CRUSTACEOS, MOLUSCOS Y DEMAS INVERTEBRADOS ACUATI"|8|265999.1|1948696.04
20140201|87|"CALETA OLIVIA"|3|"PESCADOS Y CRUSTACEOS, MOLUSCOS Y DEMAS INVERTEBRADOS ACUATI"|19|492324.65|3664003.56
20140301|87|"CALETA OLIVIA"|3|"PESCADOS Y CRUSTACEOS, MOLUSCOS Y DEMAS INVERTEBRADOS ACUATI"|18|735820.56|3486130.96
20140401|87|"CALETA OLIVIA"|3|"PESCADOS Y CRUSTACEOS, MOLUSCOS Y DEMAS INVERTEBRADOS ACUATI"|24|1377891.61|7128754.13
20140501|87|"CALETA OLIVIA"|3|"PESCADOS Y CRUSTACEOS, MOLUSCOS Y DEMAS INVERTEBRADOS ACUATI"|42|2014599.76|8769601.35
20140601|87|"CALETA OLIVIA"|3|"PESCADOS Y CRUSTACEOS, MOLUSCOS Y DEMAS INVERTEBRADOS ACUATI"|23|1436695.54|8105624.33
20140701|87|"CALETA OLIVIA"|3|"PESCADOS Y CRUSTACEOS, MOLUSCOS Y DEMAS INVERTEBRADOS ACUATI"|26|1239216|9776989.61
20140801|87|"CALETA OLIVIA"|3|"PESCADOS Y CRUSTACEOS, MOLUSCOS Y DEMAS INVERTEBRADOS ACUATI"|44|2230195.32|15579185.9
20140901|87|"CALETA OLIVIA"|3|"PESCADOS Y CRUSTACEOS, MOLUSCOS Y DEMAS INVERTEBRADOS ACUATI"|32|1458264|11008593.1
20141001|87|"CALETA OLIVIA"|3|"PESCADOS Y CRUSTACEOS, MOLUSCOS Y DEMAS INVERTEBRADOS ACUATI"|36|1663424.83|10532461.87
20141101|87|"CALETA OLIVIA"|3|"PESCADOS Y CRUSTACEOS, MOLUSCOS Y DEMAS INVERTEBRADOS ACUATI"|12|670740|4559905.2
20141201|87|"CALETA OLIVIA"|3|"PESCADOS Y CRUSTACEOS, MOLUSCOS Y DEMAS INVERTEBRADOS ACUATI"|7|386332.08|2472983.67
20150101|87|"CALETA OLIVIA"|3|"PESCADOS Y CRUSTACEOS, MOLUSCOS Y DEMAS INVERTEBRADOS ACUATI"|8|286204.08|1988497.94
20150201|87|"CALETA OLIVIA"|3|"PESCADOS Y CRUSTACEOS, MOLUSCOS Y DEMAS INVERTEBRADOS ACUATI"|18|648462.07|4643098.33
20150301|87|"CALETA OLIVIA"|3|"PESCADOS Y CRUSTACEOS, MOLUSCOS Y DEMAS INVERTEBRADOS ACUATI"|17|706668|4475966.88
20150401|87|"CALETA OLIVIA"|3|"PESCADOS Y CRUSTACEOS, MOLUSCOS Y DEMAS INVERTEBRADOS ACUATI"|16|484464|2978030.98
20150501|87|"CALETA OLIVIA"|3|"PESCADOS Y CRUSTACEOS, MOLUSCOS Y DEMAS INVERTEBRADOS ACUATI"|27|1056768|6924659.59
20150601|87|"CALETA OLIVIA"|3|"PESCADOS Y CRUSTACEOS, MOLUSCOS Y DEMAS INVERTEBRADOS ACUATI"|20|857331.15|4846942.57
20150701|87|"CALETA OLIVIA"|3|"PESCADOS Y CRUSTACEOS, MOLUSCOS Y DEMAS INVERTEBRADOS ACUATI"|52|2938748.24|19537831.74
20150801|87|"CALETA OLIVIA"|3|"PESCADOS Y CRUSTACEOS, MOLUSCOS Y DEMAS INVERTEBRADOS ACUATI"|48|1916160|13010432.37
20150901|87|"CALETA OLIVIA"|3|"PESCADOS Y CRUSTACEOS, MOLUSCOS Y DEMAS INVERTEBRADOS ACUATI"|15|593772|3941612.6
20151001|87|"CALETA OLIVIA"|3|"PESCADOS Y CRUSTACEOS, MOLUSCOS Y DEMAS INVERTEBRADOS ACUATI"|36|1688388|11710541.6
20151101|87|"CALETA OLIVIA"|3|"PESCADOS Y CRUSTACEOS, MOLUSCOS Y DEMAS INVERTEBRADOS ACUATI"|34|1271832|8619369.4
20151201|87|"CALETA OLIVIA"|3|"PESCADOS Y CRUSTACEOS, MOLUSCOS Y DEMAS INVERTEBRADOS ACUATI"|5|336144|2247694.82
