"fecha_oficia"|"aduana"|"aduana_desc"|"mercaderia"|"mercaderia_desc"|"cantidad"|"kilos"|"importe"
20100101|20|"DIAMANTE"|3|"PESCADOS Y CRUSTACEOS, MOLUSCOS Y DEMAS INVERTEBRADOS ACUATI"|30|724028|581941.4
20100201|20|"DIAMANTE"|3|"PESCADOS Y CRUSTACEOS, MOLUSCOS Y DEMAS INVERTEBRADOS ACUATI"|28|598274|513839.2
20100301|20|"DIAMANTE"|3|"PESCADOS Y CRUSTACEOS, MOLUSCOS Y DEMAS INVERTEBRADOS ACUATI"|71|1680349|1406735.95
20100401|20|"DIAMANTE"|3|"PESCADOS Y CRUSTACEOS, MOLUSCOS Y DEMAS INVERTEBRADOS ACUATI"|24|471514|425748.2
20100501|20|"DIAMANTE"|3|"PESCADOS Y CRUSTACEOS, MOLUSCOS Y DEMAS INVERTEBRADOS ACUATI"|34|767014|683342.7
20100601|20|"DIAMANTE"|3|"PESCADOS Y CRUSTACEOS, MOLUSCOS Y DEMAS INVERTEBRADOS ACUATI"|18|314028|331292.4
20100701|20|"DIAMANTE"|3|"PESCADOS Y CRUSTACEOS, MOLUSCOS Y DEMAS INVERTEBRADOS ACUATI"|25|593500|604400
20100801|20|"DIAMANTE"|3|"PESCADOS Y CRUSTACEOS, MOLUSCOS Y DEMAS INVERTEBRADOS ACUATI"|42|1048305|1081304
20100901|20|"DIAMANTE"|3|"PESCADOS Y CRUSTACEOS, MOLUSCOS Y DEMAS INVERTEBRADOS ACUATI"|41|1011000|1083220
20101001|20|"DIAMANTE"|3|"PESCADOS Y CRUSTACEOS, MOLUSCOS Y DEMAS INVERTEBRADOS ACUATI"|40|950500|990040
20101101|20|"DIAMANTE"|3|"PESCADOS Y CRUSTACEOS, MOLUSCOS Y DEMAS INVERTEBRADOS ACUATI"|37|966230|1083927.43
20101201|20|"DIAMANTE"|3|"PESCADOS Y CRUSTACEOS, MOLUSCOS Y DEMAS INVERTEBRADOS ACUATI"|43|947678|1315562.69
20110101|20|"DIAMANTE"|3|"PESCADOS Y CRUSTACEOS, MOLUSCOS Y DEMAS INVERTEBRADOS ACUATI"|49|1106160|1287912
20110201|20|"DIAMANTE"|3|"PESCADOS Y CRUSTACEOS, MOLUSCOS Y DEMAS INVERTEBRADOS ACUATI"|43|976750|995240
20110301|20|"DIAMANTE"|3|"PESCADOS Y CRUSTACEOS, MOLUSCOS Y DEMAS INVERTEBRADOS ACUATI"|52|1181000|1258600
20110401|20|"DIAMANTE"|3|"PESCADOS Y CRUSTACEOS, MOLUSCOS Y DEMAS INVERTEBRADOS ACUATI"|93|1303520|1519720
20110501|20|"DIAMANTE"|3|"PESCADOS Y CRUSTACEOS, MOLUSCOS Y DEMAS INVERTEBRADOS ACUATI"|60|1026260.6|1305708
20110601|20|"DIAMANTE"|3|"PESCADOS Y CRUSTACEOS, MOLUSCOS Y DEMAS INVERTEBRADOS ACUATI"|69|1481720|1753646
20110701|20|"DIAMANTE"|3|"PESCADOS Y CRUSTACEOS, MOLUSCOS Y DEMAS INVERTEBRADOS ACUATI"|87|1696890|2426210.15
20110801|20|"DIAMANTE"|3|"PESCADOS Y CRUSTACEOS, MOLUSCOS Y DEMAS INVERTEBRADOS ACUATI"|16|304000|415200
20110901|20|"DIAMANTE"|3|"PESCADOS Y CRUSTACEOS, MOLUSCOS Y DEMAS INVERTEBRADOS ACUATI"|29|454940|593293
20111001|20|"DIAMANTE"|3|"PESCADOS Y CRUSTACEOS, MOLUSCOS Y DEMAS INVERTEBRADOS ACUATI"|44|933252|1123917.8
20111101|20|"DIAMANTE"|3|"PESCADOS Y CRUSTACEOS, MOLUSCOS Y DEMAS INVERTEBRADOS ACUATI"|39|975870|1134829.8
20111201|20|"DIAMANTE"|3|"PESCADOS Y CRUSTACEOS, MOLUSCOS Y DEMAS INVERTEBRADOS ACUATI"|97|1562014|1834454
20120101|20|"DIAMANTE"|3|"PESCADOS Y CRUSTACEOS, MOLUSCOS Y DEMAS INVERTEBRADOS ACUATI"|16|294429|320117.1
20120201|20|"DIAMANTE"|3|"PESCADOS Y CRUSTACEOS, MOLUSCOS Y DEMAS INVERTEBRADOS ACUATI"|42|926600|1134560
20120301|20|"DIAMANTE"|3|"PESCADOS Y CRUSTACEOS, MOLUSCOS Y DEMAS INVERTEBRADOS ACUATI"|56|901422|1038527.4
20120401|20|"DIAMANTE"|3|"PESCADOS Y CRUSTACEOS, MOLUSCOS Y DEMAS INVERTEBRADOS ACUATI"|35|504688|616607.6
20120501|20|"DIAMANTE"|3|"PESCADOS Y CRUSTACEOS, MOLUSCOS Y DEMAS INVERTEBRADOS ACUATI"|76|998687.2|1495124.64
20120601|20|"DIAMANTE"|3|"PESCADOS Y CRUSTACEOS, MOLUSCOS Y DEMAS INVERTEBRADOS ACUATI"|89|934684|1266190.8
20120701|20|"DIAMANTE"|3|"PESCADOS Y CRUSTACEOS, MOLUSCOS Y DEMAS INVERTEBRADOS ACUATI"|101|1014460.8|1219940.36
20120801|20|"DIAMANTE"|3|"PESCADOS Y CRUSTACEOS, MOLUSCOS Y DEMAS INVERTEBRADOS ACUATI"|104|1238394.8|1536813.76
20120901|20|"DIAMANTE"|3|"PESCADOS Y CRUSTACEOS, MOLUSCOS Y DEMAS INVERTEBRADOS ACUATI"|64|1151500|1423680
20121001|20|"DIAMANTE"|3|"PESCADOS Y CRUSTACEOS, MOLUSCOS Y DEMAS INVERTEBRADOS ACUATI"|64|982640|1267113
20121101|20|"DIAMANTE"|3|"PESCADOS Y CRUSTACEOS, MOLUSCOS Y DEMAS INVERTEBRADOS ACUATI"|71|1156130|1460210
20121201|20|"DIAMANTE"|3|"PESCADOS Y CRUSTACEOS, MOLUSCOS Y DEMAS INVERTEBRADOS ACUATI"|61|774172.6|971159.47
20130101|20|"DIAMANTE"|3|"PESCADOS Y CRUSTACEOS, MOLUSCOS Y DEMAS INVERTEBRADOS ACUATI"|100|1138470|1452092.26
20130201|20|"DIAMANTE"|3|"PESCADOS Y CRUSTACEOS, MOLUSCOS Y DEMAS INVERTEBRADOS ACUATI"|61|910020|1098454
20130301|20|"DIAMANTE"|3|"PESCADOS Y CRUSTACEOS, MOLUSCOS Y DEMAS INVERTEBRADOS ACUATI"|46|570434|758932.26
20130401|20|"DIAMANTE"|3|"PESCADOS Y CRUSTACEOS, MOLUSCOS Y DEMAS INVERTEBRADOS ACUATI"|93|891096|1117607.6
20130501|20|"DIAMANTE"|3|"PESCADOS Y CRUSTACEOS, MOLUSCOS Y DEMAS INVERTEBRADOS ACUATI"|67|1039657.4|1285108.88
20130601|20|"DIAMANTE"|3|"PESCADOS Y CRUSTACEOS, MOLUSCOS Y DEMAS INVERTEBRADOS ACUATI"|72|1050631.2|1326017.44
20130701|20|"DIAMANTE"|3|"PESCADOS Y CRUSTACEOS, MOLUSCOS Y DEMAS INVERTEBRADOS ACUATI"|95|947077|1148682.4
20130801|20|"DIAMANTE"|3|"PESCADOS Y CRUSTACEOS, MOLUSCOS Y DEMAS INVERTEBRADOS ACUATI"|89|1193246.5|1509983.8
20130901|20|"DIAMANTE"|3|"PESCADOS Y CRUSTACEOS, MOLUSCOS Y DEMAS INVERTEBRADOS ACUATI"|80|1293865|1568928
20131001|20|"DIAMANTE"|3|"PESCADOS Y CRUSTACEOS, MOLUSCOS Y DEMAS INVERTEBRADOS ACUATI"|101|1218386|1466829.3
20131101|20|"DIAMANTE"|3|"PESCADOS Y CRUSTACEOS, MOLUSCOS Y DEMAS INVERTEBRADOS ACUATI"|56|858547|1050215.5
20131201|20|"DIAMANTE"|3|"PESCADOS Y CRUSTACEOS, MOLUSCOS Y DEMAS INVERTEBRADOS ACUATI"|69|668952|894591.5
20140101|20|"DIAMANTE"|3|"PESCADOS Y CRUSTACEOS, MOLUSCOS Y DEMAS INVERTEBRADOS ACUATI"|88|856649.8|1056599.26
20140201|20|"DIAMANTE"|3|"PESCADOS Y CRUSTACEOS, MOLUSCOS Y DEMAS INVERTEBRADOS ACUATI"|110|1147889|1479462
20140301|20|"DIAMANTE"|3|"PESCADOS Y CRUSTACEOS, MOLUSCOS Y DEMAS INVERTEBRADOS ACUATI"|98|1404104|1731653.4
20140401|20|"DIAMANTE"|3|"PESCADOS Y CRUSTACEOS, MOLUSCOS Y DEMAS INVERTEBRADOS ACUATI"|143|1597930|1969585
20140501|20|"DIAMANTE"|3|"PESCADOS Y CRUSTACEOS, MOLUSCOS Y DEMAS INVERTEBRADOS ACUATI"|88|1086314|1332322.9
20140601|20|"DIAMANTE"|3|"PESCADOS Y CRUSTACEOS, MOLUSCOS Y DEMAS INVERTEBRADOS ACUATI"|76|1160831|1450951.8
20140701|20|"DIAMANTE"|3|"PESCADOS Y CRUSTACEOS, MOLUSCOS Y DEMAS INVERTEBRADOS ACUATI"|85|1054381.8|1280769.36
20140801|20|"DIAMANTE"|3|"PESCADOS Y CRUSTACEOS, MOLUSCOS Y DEMAS INVERTEBRADOS ACUATI"|62|1081152|1333757.4
20140901|20|"DIAMANTE"|3|"PESCADOS Y CRUSTACEOS, MOLUSCOS Y DEMAS INVERTEBRADOS ACUATI"|83|996826|1266885.4
20141001|20|"DIAMANTE"|3|"PESCADOS Y CRUSTACEOS, MOLUSCOS Y DEMAS INVERTEBRADOS ACUATI"|56|968662.4|1364597.92
20141101|20|"DIAMANTE"|3|"PESCADOS Y CRUSTACEOS, MOLUSCOS Y DEMAS INVERTEBRADOS ACUATI"|99|785087.4|1193376.12
20141201|20|"DIAMANTE"|3|"PESCADOS Y CRUSTACEOS, MOLUSCOS Y DEMAS INVERTEBRADOS ACUATI"|76|967636|1415003.84
20150101|20|"DIAMANTE"|3|"PESCADOS Y CRUSTACEOS, MOLUSCOS Y DEMAS INVERTEBRADOS ACUATI"|102|1285128|1692066.9
20150201|20|"DIAMANTE"|3|"PESCADOS Y CRUSTACEOS, MOLUSCOS Y DEMAS INVERTEBRADOS ACUATI"|105|1032771.2|1308856.84
20150301|20|"DIAMANTE"|3|"PESCADOS Y CRUSTACEOS, MOLUSCOS Y DEMAS INVERTEBRADOS ACUATI"|109|1622067.6|1998161.04
20150401|20|"DIAMANTE"|3|"PESCADOS Y CRUSTACEOS, MOLUSCOS Y DEMAS INVERTEBRADOS ACUATI"|150|1861562.4|2296998.32
20150501|20|"DIAMANTE"|3|"PESCADOS Y CRUSTACEOS, MOLUSCOS Y DEMAS INVERTEBRADOS ACUATI"|95|981319|1328020.6
20150601|20|"DIAMANTE"|3|"PESCADOS Y CRUSTACEOS, MOLUSCOS Y DEMAS INVERTEBRADOS ACUATI"|108|1296403|1672473.4
20150701|20|"DIAMANTE"|3|"PESCADOS Y CRUSTACEOS, MOLUSCOS Y DEMAS INVERTEBRADOS ACUATI"|141|1709582|2126775.2
20150801|20|"DIAMANTE"|3|"PESCADOS Y CRUSTACEOS, MOLUSCOS Y DEMAS INVERTEBRADOS ACUATI"|128|1041712|1400771
20150901|20|"DIAMANTE"|3|"PESCADOS Y CRUSTACEOS, MOLUSCOS Y DEMAS INVERTEBRADOS ACUATI"|104|1301101.6|1635922.64
20151001|20|"DIAMANTE"|3|"PESCADOS Y CRUSTACEOS, MOLUSCOS Y DEMAS INVERTEBRADOS ACUATI"|100|1155425|1118755
20151101|20|"DIAMANTE"|3|"PESCADOS Y CRUSTACEOS, MOLUSCOS Y DEMAS INVERTEBRADOS ACUATI"|78|971981.8|811299.36
20151201|20|"DIAMANTE"|3|"PESCADOS Y CRUSTACEOS, MOLUSCOS Y DEMAS INVERTEBRADOS ACUATI"|97|941017.6|800651.96
