"fecha_oficia"|"aduana"|"aduana_desc"|"mercaderia"|"mercaderia_desc"|"cantidad"|"kilos"|"importe"
20100101|19|"PUERTO DESEADO"|3|"PESCADOS Y CRUSTACEOS, MOLUSCOS Y DEMAS INVERTEBRADOS ACUATI"|65|1813935|6657516.46
20100201|19|"PUERTO DESEADO"|3|"PESCADOS Y CRUSTACEOS, MOLUSCOS Y DEMAS INVERTEBRADOS ACUATI"|150|3517014.4|8360247.33
20100301|19|"PUERTO DESEADO"|3|"PESCADOS Y CRUSTACEOS, MOLUSCOS Y DEMAS INVERTEBRADOS ACUATI"|136|6234982.5|12846384.46
20100401|19|"PUERTO DESEADO"|3|"PESCADOS Y CRUSTACEOS, MOLUSCOS Y DEMAS INVERTEBRADOS ACUATI"|155|4409439.47|21088971.15
20100501|19|"PUERTO DESEADO"|3|"PESCADOS Y CRUSTACEOS, MOLUSCOS Y DEMAS INVERTEBRADOS ACUATI"|184|4164595.22|26229793.78
20100601|19|"PUERTO DESEADO"|3|"PESCADOS Y CRUSTACEOS, MOLUSCOS Y DEMAS INVERTEBRADOS ACUATI"|339|17261231.15|128082660.11
20100701|19|"PUERTO DESEADO"|3|"PESCADOS Y CRUSTACEOS, MOLUSCOS Y DEMAS INVERTEBRADOS ACUATI"|298|20243095.1|156776810.54
20100801|19|"PUERTO DESEADO"|3|"PESCADOS Y CRUSTACEOS, MOLUSCOS Y DEMAS INVERTEBRADOS ACUATI"|299|16970581.09|114185403.27
20100901|19|"PUERTO DESEADO"|3|"PESCADOS Y CRUSTACEOS, MOLUSCOS Y DEMAS INVERTEBRADOS ACUATI"|282|16834711.2|117440655.33
20101001|19|"PUERTO DESEADO"|3|"PESCADOS Y CRUSTACEOS, MOLUSCOS Y DEMAS INVERTEBRADOS ACUATI"|207|9684075.85|60540182.9
20101101|19|"PUERTO DESEADO"|3|"PESCADOS Y CRUSTACEOS, MOLUSCOS Y DEMAS INVERTEBRADOS ACUATI"|233|7088108.8|41236384.13
20101201|19|"PUERTO DESEADO"|3|"PESCADOS Y CRUSTACEOS, MOLUSCOS Y DEMAS INVERTEBRADOS ACUATI"|131|3858837.2|30383120.53
20110101|19|"PUERTO DESEADO"|3|"PESCADOS Y CRUSTACEOS, MOLUSCOS Y DEMAS INVERTEBRADOS ACUATI"|71|2059540|14785472.94
20110201|19|"PUERTO DESEADO"|3|"PESCADOS Y CRUSTACEOS, MOLUSCOS Y DEMAS INVERTEBRADOS ACUATI"|125|9555714.2|31580163.18
20110301|19|"PUERTO DESEADO"|3|"PESCADOS Y CRUSTACEOS, MOLUSCOS Y DEMAS INVERTEBRADOS ACUATI"|180|11626471|43369510
20110401|19|"PUERTO DESEADO"|3|"PESCADOS Y CRUSTACEOS, MOLUSCOS Y DEMAS INVERTEBRADOS ACUATI"|254|9553784.11|37910279.27
20110501|19|"PUERTO DESEADO"|3|"PESCADOS Y CRUSTACEOS, MOLUSCOS Y DEMAS INVERTEBRADOS ACUATI"|285|11141269.36|60360114.48
20110601|19|"PUERTO DESEADO"|3|"PESCADOS Y CRUSTACEOS, MOLUSCOS Y DEMAS INVERTEBRADOS ACUATI"|193|13176910.77|89719391.13
20110701|19|"PUERTO DESEADO"|3|"PESCADOS Y CRUSTACEOS, MOLUSCOS Y DEMAS INVERTEBRADOS ACUATI"|331|22157024.74|152110778.63
20110801|19|"PUERTO DESEADO"|3|"PESCADOS Y CRUSTACEOS, MOLUSCOS Y DEMAS INVERTEBRADOS ACUATI"|327|20104597.24|135146858.75
20110901|19|"PUERTO DESEADO"|3|"PESCADOS Y CRUSTACEOS, MOLUSCOS Y DEMAS INVERTEBRADOS ACUATI"|306|15477863.27|98733383.73
20111001|19|"PUERTO DESEADO"|3|"PESCADOS Y CRUSTACEOS, MOLUSCOS Y DEMAS INVERTEBRADOS ACUATI"|275|13214554.79|81018380.27
20111101|19|"PUERTO DESEADO"|3|"PESCADOS Y CRUSTACEOS, MOLUSCOS Y DEMAS INVERTEBRADOS ACUATI"|138|3879337|25354478.57
20111201|19|"PUERTO DESEADO"|3|"PESCADOS Y CRUSTACEOS, MOLUSCOS Y DEMAS INVERTEBRADOS ACUATI"|111|5311270.6|33358612.21
20120101|19|"PUERTO DESEADO"|3|"PESCADOS Y CRUSTACEOS, MOLUSCOS Y DEMAS INVERTEBRADOS ACUATI"|63|2442047.34|12638567.84
20120201|19|"PUERTO DESEADO"|3|"PESCADOS Y CRUSTACEOS, MOLUSCOS Y DEMAS INVERTEBRADOS ACUATI"|64|5726356.13|15754082.21
20120301|19|"PUERTO DESEADO"|3|"PESCADOS Y CRUSTACEOS, MOLUSCOS Y DEMAS INVERTEBRADOS ACUATI"|128|12663183.36|33255607.46
20120401|19|"PUERTO DESEADO"|3|"PESCADOS Y CRUSTACEOS, MOLUSCOS Y DEMAS INVERTEBRADOS ACUATI"|137|12190298.7|37900556.4
20120501|19|"PUERTO DESEADO"|3|"PESCADOS Y CRUSTACEOS, MOLUSCOS Y DEMAS INVERTEBRADOS ACUATI"|213|12596717.95|46832314.56
20120601|19|"PUERTO DESEADO"|3|"PESCADOS Y CRUSTACEOS, MOLUSCOS Y DEMAS INVERTEBRADOS ACUATI"|210|8053651.27|33479661.31
20120701|19|"PUERTO DESEADO"|3|"PESCADOS Y CRUSTACEOS, MOLUSCOS Y DEMAS INVERTEBRADOS ACUATI"|254|7024921.86|40696154.4
20120801|19|"PUERTO DESEADO"|3|"PESCADOS Y CRUSTACEOS, MOLUSCOS Y DEMAS INVERTEBRADOS ACUATI"|230|10422875|56203756.3
20120901|19|"PUERTO DESEADO"|3|"PESCADOS Y CRUSTACEOS, MOLUSCOS Y DEMAS INVERTEBRADOS ACUATI"|219|8907351.2|56464200.99
20121001|19|"PUERTO DESEADO"|3|"PESCADOS Y CRUSTACEOS, MOLUSCOS Y DEMAS INVERTEBRADOS ACUATI"|168|6701800.3|40283541.59
20121101|19|"PUERTO DESEADO"|3|"PESCADOS Y CRUSTACEOS, MOLUSCOS Y DEMAS INVERTEBRADOS ACUATI"|55|1946039.9|13853280.45
20121201|19|"PUERTO DESEADO"|3|"PESCADOS Y CRUSTACEOS, MOLUSCOS Y DEMAS INVERTEBRADOS ACUATI"|64|1793136.53|12244266.07
20130101|19|"PUERTO DESEADO"|3|"PESCADOS Y CRUSTACEOS, MOLUSCOS Y DEMAS INVERTEBRADOS ACUATI"|20|565421.61|4122038.19
20130201|19|"PUERTO DESEADO"|3|"PESCADOS Y CRUSTACEOS, MOLUSCOS Y DEMAS INVERTEBRADOS ACUATI"|113|16316400.95|34478940.9
20130301|19|"PUERTO DESEADO"|3|"PESCADOS Y CRUSTACEOS, MOLUSCOS Y DEMAS INVERTEBRADOS ACUATI"|161|16590593.54|42665171.43
20130401|19|"PUERTO DESEADO"|3|"PESCADOS Y CRUSTACEOS, MOLUSCOS Y DEMAS INVERTEBRADOS ACUATI"|246|24914377.98|59654636.71
20130501|19|"PUERTO DESEADO"|3|"PESCADOS Y CRUSTACEOS, MOLUSCOS Y DEMAS INVERTEBRADOS ACUATI"|175|18630704.21|46175918.88
20130601|19|"PUERTO DESEADO"|3|"PESCADOS Y CRUSTACEOS, MOLUSCOS Y DEMAS INVERTEBRADOS ACUATI"|251|14207715.6|52428684.28
20130701|19|"PUERTO DESEADO"|3|"PESCADOS Y CRUSTACEOS, MOLUSCOS Y DEMAS INVERTEBRADOS ACUATI"|251|10453877.33|57611449.63
20130801|19|"PUERTO DESEADO"|3|"PESCADOS Y CRUSTACEOS, MOLUSCOS Y DEMAS INVERTEBRADOS ACUATI"|274|9684262.19|59192043.34
20130901|19|"PUERTO DESEADO"|3|"PESCADOS Y CRUSTACEOS, MOLUSCOS Y DEMAS INVERTEBRADOS ACUATI"|255|9196159.46|52863266.97
20131001|19|"PUERTO DESEADO"|3|"PESCADOS Y CRUSTACEOS, MOLUSCOS Y DEMAS INVERTEBRADOS ACUATI"|144|5321929|37050502.34
20131101|19|"PUERTO DESEADO"|3|"PESCADOS Y CRUSTACEOS, MOLUSCOS Y DEMAS INVERTEBRADOS ACUATI"|112|4012449.38|30130569.83
20131201|19|"PUERTO DESEADO"|3|"PESCADOS Y CRUSTACEOS, MOLUSCOS Y DEMAS INVERTEBRADOS ACUATI"|46|1321066.06|11817437.43
20140101|19|"PUERTO DESEADO"|3|"PESCADOS Y CRUSTACEOS, MOLUSCOS Y DEMAS INVERTEBRADOS ACUATI"|39|964789.1|6996885.13
20140201|19|"PUERTO DESEADO"|3|"PESCADOS Y CRUSTACEOS, MOLUSCOS Y DEMAS INVERTEBRADOS ACUATI"|93|8726137.52|21159662.81
20140301|19|"PUERTO DESEADO"|3|"PESCADOS Y CRUSTACEOS, MOLUSCOS Y DEMAS INVERTEBRADOS ACUATI"|155|14678930.89|36224589.99
20140401|19|"PUERTO DESEADO"|3|"PESCADOS Y CRUSTACEOS, MOLUSCOS Y DEMAS INVERTEBRADOS ACUATI"|145|11036867.16|28303948.25
20140501|19|"PUERTO DESEADO"|3|"PESCADOS Y CRUSTACEOS, MOLUSCOS Y DEMAS INVERTEBRADOS ACUATI"|187|17017996.63|36314600.88
20140601|19|"PUERTO DESEADO"|3|"PESCADOS Y CRUSTACEOS, MOLUSCOS Y DEMAS INVERTEBRADOS ACUATI"|197|12788793.95|46861620.24
20140701|19|"PUERTO DESEADO"|3|"PESCADOS Y CRUSTACEOS, MOLUSCOS Y DEMAS INVERTEBRADOS ACUATI"|191|9383047.6|52562842.81
20140801|19|"PUERTO DESEADO"|3|"PESCADOS Y CRUSTACEOS, MOLUSCOS Y DEMAS INVERTEBRADOS ACUATI"|154|6794341.47|34986915.15
20140901|19|"PUERTO DESEADO"|3|"PESCADOS Y CRUSTACEOS, MOLUSCOS Y DEMAS INVERTEBRADOS ACUATI"|127|5522727.17|37712116.63
20141001|19|"PUERTO DESEADO"|3|"PESCADOS Y CRUSTACEOS, MOLUSCOS Y DEMAS INVERTEBRADOS ACUATI"|133|6838316.12|46997923.34
20141101|19|"PUERTO DESEADO"|3|"PESCADOS Y CRUSTACEOS, MOLUSCOS Y DEMAS INVERTEBRADOS ACUATI"|77|2604595.5|17792108.65
20141201|19|"PUERTO DESEADO"|3|"PESCADOS Y CRUSTACEOS, MOLUSCOS Y DEMAS INVERTEBRADOS ACUATI"|21|496894.85|4033087.12
20150101|19|"PUERTO DESEADO"|3|"PESCADOS Y CRUSTACEOS, MOLUSCOS Y DEMAS INVERTEBRADOS ACUATI"|43|1275277.52|11861459.73
20150201|19|"PUERTO DESEADO"|3|"PESCADOS Y CRUSTACEOS, MOLUSCOS Y DEMAS INVERTEBRADOS ACUATI"|78|3060639.48|20194033.2
20150301|19|"PUERTO DESEADO"|3|"PESCADOS Y CRUSTACEOS, MOLUSCOS Y DEMAS INVERTEBRADOS ACUATI"|85|10093892.75|19645571.54
20150401|19|"PUERTO DESEADO"|3|"PESCADOS Y CRUSTACEOS, MOLUSCOS Y DEMAS INVERTEBRADOS ACUATI"|108|8862136.54|19355767.41
20150501|19|"PUERTO DESEADO"|3|"PESCADOS Y CRUSTACEOS, MOLUSCOS Y DEMAS INVERTEBRADOS ACUATI"|137|11008116.08|22261233.78
20150601|19|"PUERTO DESEADO"|3|"PESCADOS Y CRUSTACEOS, MOLUSCOS Y DEMAS INVERTEBRADOS ACUATI"|158|9022164.05|38628763.51
20150701|19|"PUERTO DESEADO"|3|"PESCADOS Y CRUSTACEOS, MOLUSCOS Y DEMAS INVERTEBRADOS ACUATI"|261|10884861.36|61573249.97
20150801|19|"PUERTO DESEADO"|3|"PESCADOS Y CRUSTACEOS, MOLUSCOS Y DEMAS INVERTEBRADOS ACUATI"|150|7639795.26|46963779.14
20150901|19|"PUERTO DESEADO"|3|"PESCADOS Y CRUSTACEOS, MOLUSCOS Y DEMAS INVERTEBRADOS ACUATI"|109|5712234.8|35290692.69
20151001|19|"PUERTO DESEADO"|3|"PESCADOS Y CRUSTACEOS, MOLUSCOS Y DEMAS INVERTEBRADOS ACUATI"|194|8130318.08|51020689.79
20151101|19|"PUERTO DESEADO"|3|"PESCADOS Y CRUSTACEOS, MOLUSCOS Y DEMAS INVERTEBRADOS ACUATI"|110|4558504.47|29173499.31
20151201|19|"PUERTO DESEADO"|3|"PESCADOS Y CRUSTACEOS, MOLUSCOS Y DEMAS INVERTEBRADOS ACUATI"|53|1879687.36|12550189.71
