"fecha_oficia"|"aduana"|"aduana_desc"|"mercaderia"|"mercaderia_desc"|"cantidad"|"kilos"|"importe"
20100101|67|"USHUAIA"|3|"PESCADOS Y CRUSTACEOS, MOLUSCOS Y DEMAS INVERTEBRADOS ACUATI"|60|2349412.1|6571464.68
20100201|67|"USHUAIA"|3|"PESCADOS Y CRUSTACEOS, MOLUSCOS Y DEMAS INVERTEBRADOS ACUATI"|99|4642409.38|15655040.84
20100301|67|"USHUAIA"|3|"PESCADOS Y CRUSTACEOS, MOLUSCOS Y DEMAS INVERTEBRADOS ACUATI"|121|3256920.55|9998110.02
20100401|67|"USHUAIA"|3|"PESCADOS Y CRUSTACEOS, MOLUSCOS Y DEMAS INVERTEBRADOS ACUATI"|154|8049838.59|25139373.51
20100501|67|"USHUAIA"|3|"PESCADOS Y CRUSTACEOS, MOLUSCOS Y DEMAS INVERTEBRADOS ACUATI"|107|5799078.11|16203939.16
20100601|67|"USHUAIA"|3|"PESCADOS Y CRUSTACEOS, MOLUSCOS Y DEMAS INVERTEBRADOS ACUATI"|180|9448359.96|31309408.69
20100701|67|"USHUAIA"|3|"PESCADOS Y CRUSTACEOS, MOLUSCOS Y DEMAS INVERTEBRADOS ACUATI"|196|8143309.15|19223859.44
20100801|67|"USHUAIA"|3|"PESCADOS Y CRUSTACEOS, MOLUSCOS Y DEMAS INVERTEBRADOS ACUATI"|93|4515170.83|10904486.99
20100901|67|"USHUAIA"|3|"PESCADOS Y CRUSTACEOS, MOLUSCOS Y DEMAS INVERTEBRADOS ACUATI"|85|2822495.7|14694357.02
20101001|67|"USHUAIA"|3|"PESCADOS Y CRUSTACEOS, MOLUSCOS Y DEMAS INVERTEBRADOS ACUATI"|127|5276351.74|25864865.36
20101101|67|"USHUAIA"|3|"PESCADOS Y CRUSTACEOS, MOLUSCOS Y DEMAS INVERTEBRADOS ACUATI"|112|3329259.63|11133323.21
20101201|67|"USHUAIA"|3|"PESCADOS Y CRUSTACEOS, MOLUSCOS Y DEMAS INVERTEBRADOS ACUATI"|127|5253798.25|20983582.46
20110101|67|"USHUAIA"|3|"PESCADOS Y CRUSTACEOS, MOLUSCOS Y DEMAS INVERTEBRADOS ACUATI"|124|4235950.33|18767866.04
20110201|67|"USHUAIA"|3|"PESCADOS Y CRUSTACEOS, MOLUSCOS Y DEMAS INVERTEBRADOS ACUATI"|146|4256859.81|20834572.99
20110301|67|"USHUAIA"|3|"PESCADOS Y CRUSTACEOS, MOLUSCOS Y DEMAS INVERTEBRADOS ACUATI"|140|4340397.68|22341388.03
20110401|67|"USHUAIA"|3|"PESCADOS Y CRUSTACEOS, MOLUSCOS Y DEMAS INVERTEBRADOS ACUATI"|169|6024343.16|25108269.58
20110501|67|"USHUAIA"|3|"PESCADOS Y CRUSTACEOS, MOLUSCOS Y DEMAS INVERTEBRADOS ACUATI"|198|6801593.65|24086084.14
20110601|67|"USHUAIA"|3|"PESCADOS Y CRUSTACEOS, MOLUSCOS Y DEMAS INVERTEBRADOS ACUATI"|148|5889130.95|20612090.49
20110701|67|"USHUAIA"|3|"PESCADOS Y CRUSTACEOS, MOLUSCOS Y DEMAS INVERTEBRADOS ACUATI"|165|5226813.65|14402533.96
20110801|67|"USHUAIA"|3|"PESCADOS Y CRUSTACEOS, MOLUSCOS Y DEMAS INVERTEBRADOS ACUATI"|160|5090630.42|19506241.43
20110901|67|"USHUAIA"|3|"PESCADOS Y CRUSTACEOS, MOLUSCOS Y DEMAS INVERTEBRADOS ACUATI"|177|5066865.25|25309693.56
20111001|67|"USHUAIA"|3|"PESCADOS Y CRUSTACEOS, MOLUSCOS Y DEMAS INVERTEBRADOS ACUATI"|84|2446127.29|12207317.17
20111101|67|"USHUAIA"|3|"PESCADOS Y CRUSTACEOS, MOLUSCOS Y DEMAS INVERTEBRADOS ACUATI"|101|3283709.05|14318678.7
20111201|67|"USHUAIA"|3|"PESCADOS Y CRUSTACEOS, MOLUSCOS Y DEMAS INVERTEBRADOS ACUATI"|49|1369408|9552518.38
20120101|67|"USHUAIA"|3|"PESCADOS Y CRUSTACEOS, MOLUSCOS Y DEMAS INVERTEBRADOS ACUATI"|63|2274909.35|19598967.71
20120201|67|"USHUAIA"|3|"PESCADOS Y CRUSTACEOS, MOLUSCOS Y DEMAS INVERTEBRADOS ACUATI"|73|1743343.81|8988666.07
20120301|67|"USHUAIA"|3|"PESCADOS Y CRUSTACEOS, MOLUSCOS Y DEMAS INVERTEBRADOS ACUATI"|65|3938864.4|20512335.22
20120401|67|"USHUAIA"|3|"PESCADOS Y CRUSTACEOS, MOLUSCOS Y DEMAS INVERTEBRADOS ACUATI"|142|6283926.72|24013215.38
20120501|67|"USHUAIA"|3|"PESCADOS Y CRUSTACEOS, MOLUSCOS Y DEMAS INVERTEBRADOS ACUATI"|159|6831829.9|27746176.5
20120601|67|"USHUAIA"|3|"PESCADOS Y CRUSTACEOS, MOLUSCOS Y DEMAS INVERTEBRADOS ACUATI"|191|6239307.26|20992887.33
20120701|67|"USHUAIA"|3|"PESCADOS Y CRUSTACEOS, MOLUSCOS Y DEMAS INVERTEBRADOS ACUATI"|110|4288325.13|15545250.84
20120801|67|"USHUAIA"|3|"PESCADOS Y CRUSTACEOS, MOLUSCOS Y DEMAS INVERTEBRADOS ACUATI"|166|2917060.63|14158336.62
20120901|67|"USHUAIA"|3|"PESCADOS Y CRUSTACEOS, MOLUSCOS Y DEMAS INVERTEBRADOS ACUATI"|58|1771969.98|9301529.25
20121001|67|"USHUAIA"|3|"PESCADOS Y CRUSTACEOS, MOLUSCOS Y DEMAS INVERTEBRADOS ACUATI"|111|2950945.15|12012907.73
20121101|67|"USHUAIA"|3|"PESCADOS Y CRUSTACEOS, MOLUSCOS Y DEMAS INVERTEBRADOS ACUATI"|99|4079525.82|19036727.53
20121201|67|"USHUAIA"|3|"PESCADOS Y CRUSTACEOS, MOLUSCOS Y DEMAS INVERTEBRADOS ACUATI"|180|3954151.1|15844562.8
20130101|67|"USHUAIA"|3|"PESCADOS Y CRUSTACEOS, MOLUSCOS Y DEMAS INVERTEBRADOS ACUATI"|75|3370549.38|13528309.69
20130201|67|"USHUAIA"|3|"PESCADOS Y CRUSTACEOS, MOLUSCOS Y DEMAS INVERTEBRADOS ACUATI"|195|5029489.32|26527205.31
20130301|67|"USHUAIA"|3|"PESCADOS Y CRUSTACEOS, MOLUSCOS Y DEMAS INVERTEBRADOS ACUATI"|89|6017605.6|21927209.76
20130401|67|"USHUAIA"|3|"PESCADOS Y CRUSTACEOS, MOLUSCOS Y DEMAS INVERTEBRADOS ACUATI"|96|4204841.19|19411911.17
20130501|67|"USHUAIA"|3|"PESCADOS Y CRUSTACEOS, MOLUSCOS Y DEMAS INVERTEBRADOS ACUATI"|109|5227630.04|20103055.72
20130601|67|"USHUAIA"|3|"PESCADOS Y CRUSTACEOS, MOLUSCOS Y DEMAS INVERTEBRADOS ACUATI"|36|2175058.43|9753750.13
20130701|67|"USHUAIA"|3|"PESCADOS Y CRUSTACEOS, MOLUSCOS Y DEMAS INVERTEBRADOS ACUATI"|91|3213916.81|12656613.04
20130801|67|"USHUAIA"|3|"PESCADOS Y CRUSTACEOS, MOLUSCOS Y DEMAS INVERTEBRADOS ACUATI"|100|3744596.63|14921292.12
20130901|67|"USHUAIA"|3|"PESCADOS Y CRUSTACEOS, MOLUSCOS Y DEMAS INVERTEBRADOS ACUATI"|27|612400.5|5014811.82
20131001|67|"USHUAIA"|3|"PESCADOS Y CRUSTACEOS, MOLUSCOS Y DEMAS INVERTEBRADOS ACUATI"|34|1657156.97|9479096.45
20131101|67|"USHUAIA"|3|"PESCADOS Y CRUSTACEOS, MOLUSCOS Y DEMAS INVERTEBRADOS ACUATI"|41|861905.8|7171312.36
20131201|67|"USHUAIA"|3|"PESCADOS Y CRUSTACEOS, MOLUSCOS Y DEMAS INVERTEBRADOS ACUATI"|51|2155579.45|11516783.13
20140101|67|"USHUAIA"|3|"PESCADOS Y CRUSTACEOS, MOLUSCOS Y DEMAS INVERTEBRADOS ACUATI"|41|2499238.17|13954193.48
20140201|67|"USHUAIA"|3|"PESCADOS Y CRUSTACEOS, MOLUSCOS Y DEMAS INVERTEBRADOS ACUATI"|55|2653908.56|12322171.28
20140301|67|"USHUAIA"|3|"PESCADOS Y CRUSTACEOS, MOLUSCOS Y DEMAS INVERTEBRADOS ACUATI"|70|3138283.42|18791859.63
20140401|67|"USHUAIA"|3|"PESCADOS Y CRUSTACEOS, MOLUSCOS Y DEMAS INVERTEBRADOS ACUATI"|78|3462637.49|19491427.21
20140501|67|"USHUAIA"|3|"PESCADOS Y CRUSTACEOS, MOLUSCOS Y DEMAS INVERTEBRADOS ACUATI"|95|7281411.26|27068304.98
20140601|67|"USHUAIA"|3|"PESCADOS Y CRUSTACEOS, MOLUSCOS Y DEMAS INVERTEBRADOS ACUATI"|84|2637008.76|12370645.22
20140701|67|"USHUAIA"|3|"PESCADOS Y CRUSTACEOS, MOLUSCOS Y DEMAS INVERTEBRADOS ACUATI"|97|4670854.52|22961241.02
20140801|67|"USHUAIA"|3|"PESCADOS Y CRUSTACEOS, MOLUSCOS Y DEMAS INVERTEBRADOS ACUATI"|109|2701216.11|21194264.77
20140901|67|"USHUAIA"|3|"PESCADOS Y CRUSTACEOS, MOLUSCOS Y DEMAS INVERTEBRADOS ACUATI"|76|1853891.02|17639906.85
20141001|67|"USHUAIA"|3|"PESCADOS Y CRUSTACEOS, MOLUSCOS Y DEMAS INVERTEBRADOS ACUATI"|91|3926210.12|20834606.89
20141101|67|"USHUAIA"|3|"PESCADOS Y CRUSTACEOS, MOLUSCOS Y DEMAS INVERTEBRADOS ACUATI"|73|2789257.24|19613233.19
20141201|67|"USHUAIA"|3|"PESCADOS Y CRUSTACEOS, MOLUSCOS Y DEMAS INVERTEBRADOS ACUATI"|154|4465020.63|25993736.08
20150101|67|"USHUAIA"|3|"PESCADOS Y CRUSTACEOS, MOLUSCOS Y DEMAS INVERTEBRADOS ACUATI"|64|3191855.98|14402888.21
20150201|67|"USHUAIA"|3|"PESCADOS Y CRUSTACEOS, MOLUSCOS Y DEMAS INVERTEBRADOS ACUATI"|83|3833536.37|31344123.71
20150301|67|"USHUAIA"|3|"PESCADOS Y CRUSTACEOS, MOLUSCOS Y DEMAS INVERTEBRADOS ACUATI"|191|5651726.46|42140692.67
20150401|67|"USHUAIA"|3|"PESCADOS Y CRUSTACEOS, MOLUSCOS Y DEMAS INVERTEBRADOS ACUATI"|104|5074421.97|24065166.84
20150501|67|"USHUAIA"|3|"PESCADOS Y CRUSTACEOS, MOLUSCOS Y DEMAS INVERTEBRADOS ACUATI"|119|4680060.05|22730247.67
20150601|67|"USHUAIA"|3|"PESCADOS Y CRUSTACEOS, MOLUSCOS Y DEMAS INVERTEBRADOS ACUATI"|196|7878516.17|33613865.95
20150701|67|"USHUAIA"|3|"PESCADOS Y CRUSTACEOS, MOLUSCOS Y DEMAS INVERTEBRADOS ACUATI"|178|5369301.13|18824486.17
20150801|67|"USHUAIA"|3|"PESCADOS Y CRUSTACEOS, MOLUSCOS Y DEMAS INVERTEBRADOS ACUATI"|179|6780933.98|20071177.24
20150901|67|"USHUAIA"|3|"PESCADOS Y CRUSTACEOS, MOLUSCOS Y DEMAS INVERTEBRADOS ACUATI"|108|2671572.91|9868892.48
20151001|67|"USHUAIA"|3|"PESCADOS Y CRUSTACEOS, MOLUSCOS Y DEMAS INVERTEBRADOS ACUATI"|144|3450280.82|12325511.28
20151101|67|"USHUAIA"|3|"PESCADOS Y CRUSTACEOS, MOLUSCOS Y DEMAS INVERTEBRADOS ACUATI"|115|4621644.54|20004691.9
20151201|67|"USHUAIA"|3|"PESCADOS Y CRUSTACEOS, MOLUSCOS Y DEMAS INVERTEBRADOS ACUATI"|75|8271325.7|30138456.42
