"fecha_oficia"|"aduana"|"aduana_desc"|"mercaderia"|"mercaderia_desc"|"cantidad"|"kilos"|"importe"
20100101|37|"MAR DEL PLATA"|3|"PESCADOS Y CRUSTACEOS, MOLUSCOS Y DEMAS INVERTEBRADOS ACUATI"|1382|39857632.23|85194624.84
20100201|37|"MAR DEL PLATA"|3|"PESCADOS Y CRUSTACEOS, MOLUSCOS Y DEMAS INVERTEBRADOS ACUATI"|1285|40167987.26|88675808.94
20100301|37|"MAR DEL PLATA"|3|"PESCADOS Y CRUSTACEOS, MOLUSCOS Y DEMAS INVERTEBRADOS ACUATI"|1808|62872120.17|124957792.1
20100401|37|"MAR DEL PLATA"|3|"PESCADOS Y CRUSTACEOS, MOLUSCOS Y DEMAS INVERTEBRADOS ACUATI"|1412|37015210.03|78530534.21
20100501|37|"MAR DEL PLATA"|3|"PESCADOS Y CRUSTACEOS, MOLUSCOS Y DEMAS INVERTEBRADOS ACUATI"|1543|44414149.88|98995784.7
20100601|37|"MAR DEL PLATA"|3|"PESCADOS Y CRUSTACEOS, MOLUSCOS Y DEMAS INVERTEBRADOS ACUATI"|1576|43372128.1|100637962.49
20100701|37|"MAR DEL PLATA"|3|"PESCADOS Y CRUSTACEOS, MOLUSCOS Y DEMAS INVERTEBRADOS ACUATI"|1530|39268902.15|93718013.37
20100801|37|"MAR DEL PLATA"|3|"PESCADOS Y CRUSTACEOS, MOLUSCOS Y DEMAS INVERTEBRADOS ACUATI"|1679|72974830.28|180824721.38
20100901|37|"MAR DEL PLATA"|3|"PESCADOS Y CRUSTACEOS, MOLUSCOS Y DEMAS INVERTEBRADOS ACUATI"|1719|76666456.95|183592913.86
20101001|37|"MAR DEL PLATA"|3|"PESCADOS Y CRUSTACEOS, MOLUSCOS Y DEMAS INVERTEBRADOS ACUATI"|1722|67813134.5|157143872.01
20101101|37|"MAR DEL PLATA"|3|"PESCADOS Y CRUSTACEOS, MOLUSCOS Y DEMAS INVERTEBRADOS ACUATI"|1855|56623822.68|135507742.87
20101201|37|"MAR DEL PLATA"|3|"PESCADOS Y CRUSTACEOS, MOLUSCOS Y DEMAS INVERTEBRADOS ACUATI"|1449|42237804.08|103846953.21
20110101|37|"MAR DEL PLATA"|3|"PESCADOS Y CRUSTACEOS, MOLUSCOS Y DEMAS INVERTEBRADOS ACUATI"|1194|35640015.08|86892952.74
20110201|37|"MAR DEL PLATA"|3|"PESCADOS Y CRUSTACEOS, MOLUSCOS Y DEMAS INVERTEBRADOS ACUATI"|1287|40862965.47|100728948.53
20110301|37|"MAR DEL PLATA"|3|"PESCADOS Y CRUSTACEOS, MOLUSCOS Y DEMAS INVERTEBRADOS ACUATI"|1702|69387026.97|164628687.46
20110401|37|"MAR DEL PLATA"|3|"PESCADOS Y CRUSTACEOS, MOLUSCOS Y DEMAS INVERTEBRADOS ACUATI"|1131|38668939.56|100070961.45
20110501|37|"MAR DEL PLATA"|3|"PESCADOS Y CRUSTACEOS, MOLUSCOS Y DEMAS INVERTEBRADOS ACUATI"|1695|57024007.68|145709906.23
20110601|37|"MAR DEL PLATA"|3|"PESCADOS Y CRUSTACEOS, MOLUSCOS Y DEMAS INVERTEBRADOS ACUATI"|1545|43661623.05|116242951.86
20110701|37|"MAR DEL PLATA"|3|"PESCADOS Y CRUSTACEOS, MOLUSCOS Y DEMAS INVERTEBRADOS ACUATI"|1452|41527256.19|118577491.73
20110801|37|"MAR DEL PLATA"|3|"PESCADOS Y CRUSTACEOS, MOLUSCOS Y DEMAS INVERTEBRADOS ACUATI"|1605|54404982.25|148424376.88
20110901|37|"MAR DEL PLATA"|3|"PESCADOS Y CRUSTACEOS, MOLUSCOS Y DEMAS INVERTEBRADOS ACUATI"|1504|49884744.49|141645578.86
20111001|37|"MAR DEL PLATA"|3|"PESCADOS Y CRUSTACEOS, MOLUSCOS Y DEMAS INVERTEBRADOS ACUATI"|1205|34348316.53|98173697.05
20111101|37|"MAR DEL PLATA"|3|"PESCADOS Y CRUSTACEOS, MOLUSCOS Y DEMAS INVERTEBRADOS ACUATI"|1337|33636658.95|103045437.37
20111201|37|"MAR DEL PLATA"|3|"PESCADOS Y CRUSTACEOS, MOLUSCOS Y DEMAS INVERTEBRADOS ACUATI"|1117|35947710.32|99644371.92
20120101|37|"MAR DEL PLATA"|3|"PESCADOS Y CRUSTACEOS, MOLUSCOS Y DEMAS INVERTEBRADOS ACUATI"|1068|38758985.29|103825733.35
20120201|37|"MAR DEL PLATA"|3|"PESCADOS Y CRUSTACEOS, MOLUSCOS Y DEMAS INVERTEBRADOS ACUATI"|1055|27316435.07|75845821.26
20120301|37|"MAR DEL PLATA"|3|"PESCADOS Y CRUSTACEOS, MOLUSCOS Y DEMAS INVERTEBRADOS ACUATI"|1337|40632883.7|96319475.5
20120401|37|"MAR DEL PLATA"|3|"PESCADOS Y CRUSTACEOS, MOLUSCOS Y DEMAS INVERTEBRADOS ACUATI"|1016|34270275.22|79599405.56
20120501|37|"MAR DEL PLATA"|3|"PESCADOS Y CRUSTACEOS, MOLUSCOS Y DEMAS INVERTEBRADOS ACUATI"|915|27061184.5|65308923.91
20120601|37|"MAR DEL PLATA"|3|"PESCADOS Y CRUSTACEOS, MOLUSCOS Y DEMAS INVERTEBRADOS ACUATI"|880|28336890.67|65848357.7
20120701|37|"MAR DEL PLATA"|3|"PESCADOS Y CRUSTACEOS, MOLUSCOS Y DEMAS INVERTEBRADOS ACUATI"|822|25081905.81|52441976.98
20120801|37|"MAR DEL PLATA"|3|"PESCADOS Y CRUSTACEOS, MOLUSCOS Y DEMAS INVERTEBRADOS ACUATI"|919|24193894.09|53468401.64
20120901|37|"MAR DEL PLATA"|3|"PESCADOS Y CRUSTACEOS, MOLUSCOS Y DEMAS INVERTEBRADOS ACUATI"|947|21723375.43|53755249.97
20121001|37|"MAR DEL PLATA"|3|"PESCADOS Y CRUSTACEOS, MOLUSCOS Y DEMAS INVERTEBRADOS ACUATI"|1295|33690922.98|83706509.43
20121101|37|"MAR DEL PLATA"|3|"PESCADOS Y CRUSTACEOS, MOLUSCOS Y DEMAS INVERTEBRADOS ACUATI"|1078|24692304.35|65722098.8
20121201|37|"MAR DEL PLATA"|3|"PESCADOS Y CRUSTACEOS, MOLUSCOS Y DEMAS INVERTEBRADOS ACUATI"|1087|25545619.51|64940190.18
20130101|37|"MAR DEL PLATA"|3|"PESCADOS Y CRUSTACEOS, MOLUSCOS Y DEMAS INVERTEBRADOS ACUATI"|829|18600540.59|50458680.41
20130201|37|"MAR DEL PLATA"|3|"PESCADOS Y CRUSTACEOS, MOLUSCOS Y DEMAS INVERTEBRADOS ACUATI"|907|26830713.91|64850038.68
20130301|37|"MAR DEL PLATA"|3|"PESCADOS Y CRUSTACEOS, MOLUSCOS Y DEMAS INVERTEBRADOS ACUATI"|1143|33892257.75|70239776.44
20130401|37|"MAR DEL PLATA"|3|"PESCADOS Y CRUSTACEOS, MOLUSCOS Y DEMAS INVERTEBRADOS ACUATI"|1142|36307344.17|77649580.59
20130501|37|"MAR DEL PLATA"|3|"PESCADOS Y CRUSTACEOS, MOLUSCOS Y DEMAS INVERTEBRADOS ACUATI"|1376|37646096.11|85312033.9
20130601|37|"MAR DEL PLATA"|3|"PESCADOS Y CRUSTACEOS, MOLUSCOS Y DEMAS INVERTEBRADOS ACUATI"|1070|30015012.68|65588271.1
20130701|37|"MAR DEL PLATA"|3|"PESCADOS Y CRUSTACEOS, MOLUSCOS Y DEMAS INVERTEBRADOS ACUATI"|1365|42572410.44|88204021.56
20130801|37|"MAR DEL PLATA"|3|"PESCADOS Y CRUSTACEOS, MOLUSCOS Y DEMAS INVERTEBRADOS ACUATI"|1404|50233744.89|92766088.9
20130901|37|"MAR DEL PLATA"|3|"PESCADOS Y CRUSTACEOS, MOLUSCOS Y DEMAS INVERTEBRADOS ACUATI"|1366|43439441.27|90328403.73
20131001|37|"MAR DEL PLATA"|3|"PESCADOS Y CRUSTACEOS, MOLUSCOS Y DEMAS INVERTEBRADOS ACUATI"|1267|36212728.75|87068669.23
20131101|37|"MAR DEL PLATA"|3|"PESCADOS Y CRUSTACEOS, MOLUSCOS Y DEMAS INVERTEBRADOS ACUATI"|1080|27106635.27|68378626.21
20131201|37|"MAR DEL PLATA"|3|"PESCADOS Y CRUSTACEOS, MOLUSCOS Y DEMAS INVERTEBRADOS ACUATI"|982|22929107.6|59936299.16
20140101|37|"MAR DEL PLATA"|3|"PESCADOS Y CRUSTACEOS, MOLUSCOS Y DEMAS INVERTEBRADOS ACUATI"|827|21514914.61|56374831.51
20140201|37|"MAR DEL PLATA"|3|"PESCADOS Y CRUSTACEOS, MOLUSCOS Y DEMAS INVERTEBRADOS ACUATI"|990|27722623.28|68229056.79
20140301|37|"MAR DEL PLATA"|3|"PESCADOS Y CRUSTACEOS, MOLUSCOS Y DEMAS INVERTEBRADOS ACUATI"|1159|36368199.28|78894803.6
20140401|37|"MAR DEL PLATA"|3|"PESCADOS Y CRUSTACEOS, MOLUSCOS Y DEMAS INVERTEBRADOS ACUATI"|1263|41569722.82|86420358.58
20140501|37|"MAR DEL PLATA"|3|"PESCADOS Y CRUSTACEOS, MOLUSCOS Y DEMAS INVERTEBRADOS ACUATI"|1334|49187610.81|92330816.65
20140601|37|"MAR DEL PLATA"|3|"PESCADOS Y CRUSTACEOS, MOLUSCOS Y DEMAS INVERTEBRADOS ACUATI"|1290|42418013.56|78579619.33
20140701|37|"MAR DEL PLATA"|3|"PESCADOS Y CRUSTACEOS, MOLUSCOS Y DEMAS INVERTEBRADOS ACUATI"|1362|46839666.9|91329541.64
20140801|37|"MAR DEL PLATA"|3|"PESCADOS Y CRUSTACEOS, MOLUSCOS Y DEMAS INVERTEBRADOS ACUATI"|1194|31746343.53|70356968.22
20140901|37|"MAR DEL PLATA"|3|"PESCADOS Y CRUSTACEOS, MOLUSCOS Y DEMAS INVERTEBRADOS ACUATI"|1357|32454923.66|78214130.24
20141001|37|"MAR DEL PLATA"|3|"PESCADOS Y CRUSTACEOS, MOLUSCOS Y DEMAS INVERTEBRADOS ACUATI"|1236|30502044.05|81459570.69
20141101|37|"MAR DEL PLATA"|3|"PESCADOS Y CRUSTACEOS, MOLUSCOS Y DEMAS INVERTEBRADOS ACUATI"|1069|25837619.2|70411519.13
20141201|37|"MAR DEL PLATA"|3|"PESCADOS Y CRUSTACEOS, MOLUSCOS Y DEMAS INVERTEBRADOS ACUATI"|989|21662584.51|60276221.24
20150101|37|"MAR DEL PLATA"|3|"PESCADOS Y CRUSTACEOS, MOLUSCOS Y DEMAS INVERTEBRADOS ACUATI"|819|18862966.45|50349776.62
20150201|37|"MAR DEL PLATA"|3|"PESCADOS Y CRUSTACEOS, MOLUSCOS Y DEMAS INVERTEBRADOS ACUATI"|989|26179049.86|62740218.21
20150301|37|"MAR DEL PLATA"|3|"PESCADOS Y CRUSTACEOS, MOLUSCOS Y DEMAS INVERTEBRADOS ACUATI"|1276|54048753.62|92561510.54
20150401|37|"MAR DEL PLATA"|3|"PESCADOS Y CRUSTACEOS, MOLUSCOS Y DEMAS INVERTEBRADOS ACUATI"|1293|58002826.03|87683702.77
20150501|37|"MAR DEL PLATA"|3|"PESCADOS Y CRUSTACEOS, MOLUSCOS Y DEMAS INVERTEBRADOS ACUATI"|1296|56040394.82|97210166.05
20150601|37|"MAR DEL PLATA"|3|"PESCADOS Y CRUSTACEOS, MOLUSCOS Y DEMAS INVERTEBRADOS ACUATI"|1321|52911329.13|90093468.12
20150701|37|"MAR DEL PLATA"|3|"PESCADOS Y CRUSTACEOS, MOLUSCOS Y DEMAS INVERTEBRADOS ACUATI"|1285|37375719.55|76403957.57
20150801|37|"MAR DEL PLATA"|3|"PESCADOS Y CRUSTACEOS, MOLUSCOS Y DEMAS INVERTEBRADOS ACUATI"|1047|28097588|72379901.61
20150901|37|"MAR DEL PLATA"|3|"PESCADOS Y CRUSTACEOS, MOLUSCOS Y DEMAS INVERTEBRADOS ACUATI"|1078|28110792.11|73905609.96
20151001|37|"MAR DEL PLATA"|3|"PESCADOS Y CRUSTACEOS, MOLUSCOS Y DEMAS INVERTEBRADOS ACUATI"|1105|26739021.78|71796151.99
20151101|37|"MAR DEL PLATA"|3|"PESCADOS Y CRUSTACEOS, MOLUSCOS Y DEMAS INVERTEBRADOS ACUATI"|777|17329137.81|49437451.43
20151201|37|"MAR DEL PLATA"|3|"PESCADOS Y CRUSTACEOS, MOLUSCOS Y DEMAS INVERTEBRADOS ACUATI"|825|21455256.66|54993975.27
