"fecha_oficia"|"aduana"|"aduana_desc"|"mercaderia"|"mercaderia_desc"|"cantidad"|"kilos"|"importe"
20100101|47|"PUERTO MADRYN"|3|"PESCADOS Y CRUSTACEOS, MOLUSCOS Y DEMAS INVERTEBRADOS ACUATI"|367|19745961.19|39780710.09
20100201|47|"PUERTO MADRYN"|3|"PESCADOS Y CRUSTACEOS, MOLUSCOS Y DEMAS INVERTEBRADOS ACUATI"|402|24204707.14|73328888.14
20100301|47|"PUERTO MADRYN"|3|"PESCADOS Y CRUSTACEOS, MOLUSCOS Y DEMAS INVERTEBRADOS ACUATI"|822|54131638.79|150480831.07
20100401|47|"PUERTO MADRYN"|3|"PESCADOS Y CRUSTACEOS, MOLUSCOS Y DEMAS INVERTEBRADOS ACUATI"|508|38892671.57|126487334.01
20100501|47|"PUERTO MADRYN"|3|"PESCADOS Y CRUSTACEOS, MOLUSCOS Y DEMAS INVERTEBRADOS ACUATI"|798|57862127.58|240712719.61
20100601|47|"PUERTO MADRYN"|3|"PESCADOS Y CRUSTACEOS, MOLUSCOS Y DEMAS INVERTEBRADOS ACUATI"|702|74454982.01|332128172.86
20100701|47|"PUERTO MADRYN"|3|"PESCADOS Y CRUSTACEOS, MOLUSCOS Y DEMAS INVERTEBRADOS ACUATI"|701|96904239.37|428929328.21
20100801|47|"PUERTO MADRYN"|3|"PESCADOS Y CRUSTACEOS, MOLUSCOS Y DEMAS INVERTEBRADOS ACUATI"|836|97303673.09|534310285.57
20100901|47|"PUERTO MADRYN"|3|"PESCADOS Y CRUSTACEOS, MOLUSCOS Y DEMAS INVERTEBRADOS ACUATI"|686|55082247.25|233836006.41
20101001|47|"PUERTO MADRYN"|3|"PESCADOS Y CRUSTACEOS, MOLUSCOS Y DEMAS INVERTEBRADOS ACUATI"|592|42345355.69|207755227.49
20101101|47|"PUERTO MADRYN"|3|"PESCADOS Y CRUSTACEOS, MOLUSCOS Y DEMAS INVERTEBRADOS ACUATI"|646|49510898.06|179127146.13
20101201|47|"PUERTO MADRYN"|3|"PESCADOS Y CRUSTACEOS, MOLUSCOS Y DEMAS INVERTEBRADOS ACUATI"|754|55435232.39|221057622.48
20110101|47|"PUERTO MADRYN"|3|"PESCADOS Y CRUSTACEOS, MOLUSCOS Y DEMAS INVERTEBRADOS ACUATI"|357|30716769.48|134843844.67
20110201|47|"PUERTO MADRYN"|3|"PESCADOS Y CRUSTACEOS, MOLUSCOS Y DEMAS INVERTEBRADOS ACUATI"|424|27023514.9|97226558.43
20110301|47|"PUERTO MADRYN"|3|"PESCADOS Y CRUSTACEOS, MOLUSCOS Y DEMAS INVERTEBRADOS ACUATI"|703|49009541.19|133453518.03
20110401|47|"PUERTO MADRYN"|3|"PESCADOS Y CRUSTACEOS, MOLUSCOS Y DEMAS INVERTEBRADOS ACUATI"|570|39962564.63|122522291.74
20110501|47|"PUERTO MADRYN"|3|"PESCADOS Y CRUSTACEOS, MOLUSCOS Y DEMAS INVERTEBRADOS ACUATI"|702|78627882.01|306501901.9
20110601|47|"PUERTO MADRYN"|3|"PESCADOS Y CRUSTACEOS, MOLUSCOS Y DEMAS INVERTEBRADOS ACUATI"|609|69250825.74|313492769.77
20110701|47|"PUERTO MADRYN"|3|"PESCADOS Y CRUSTACEOS, MOLUSCOS Y DEMAS INVERTEBRADOS ACUATI"|613|58441766.89|283170985.49
20110801|47|"PUERTO MADRYN"|3|"PESCADOS Y CRUSTACEOS, MOLUSCOS Y DEMAS INVERTEBRADOS ACUATI"|810|80538644.91|385876201.95
20110901|47|"PUERTO MADRYN"|3|"PESCADOS Y CRUSTACEOS, MOLUSCOS Y DEMAS INVERTEBRADOS ACUATI"|880|61699092.95|278258736.89
20111001|47|"PUERTO MADRYN"|3|"PESCADOS Y CRUSTACEOS, MOLUSCOS Y DEMAS INVERTEBRADOS ACUATI"|638|41809069.75|157455073.33
20111101|47|"PUERTO MADRYN"|3|"PESCADOS Y CRUSTACEOS, MOLUSCOS Y DEMAS INVERTEBRADOS ACUATI"|677|42279299|169335342.97
20111201|47|"PUERTO MADRYN"|3|"PESCADOS Y CRUSTACEOS, MOLUSCOS Y DEMAS INVERTEBRADOS ACUATI"|591|39908801.28|143288546.32
20120101|47|"PUERTO MADRYN"|3|"PESCADOS Y CRUSTACEOS, MOLUSCOS Y DEMAS INVERTEBRADOS ACUATI"|498|37589462.52|144982331.15
20120201|47|"PUERTO MADRYN"|3|"PESCADOS Y CRUSTACEOS, MOLUSCOS Y DEMAS INVERTEBRADOS ACUATI"|350|23259494.97|68840935.17
20120301|47|"PUERTO MADRYN"|3|"PESCADOS Y CRUSTACEOS, MOLUSCOS Y DEMAS INVERTEBRADOS ACUATI"|423|13958260.83|37382510.55
20120401|47|"PUERTO MADRYN"|3|"PESCADOS Y CRUSTACEOS, MOLUSCOS Y DEMAS INVERTEBRADOS ACUATI"|390|13920503.4|44298840.48
20120501|47|"PUERTO MADRYN"|3|"PESCADOS Y CRUSTACEOS, MOLUSCOS Y DEMAS INVERTEBRADOS ACUATI"|525|16406556.49|48300568.4
20120601|47|"PUERTO MADRYN"|3|"PESCADOS Y CRUSTACEOS, MOLUSCOS Y DEMAS INVERTEBRADOS ACUATI"|492|12986953.62|41984083.9
20120701|47|"PUERTO MADRYN"|3|"PESCADOS Y CRUSTACEOS, MOLUSCOS Y DEMAS INVERTEBRADOS ACUATI"|475|12717095.16|44379122.7
20120801|47|"PUERTO MADRYN"|3|"PESCADOS Y CRUSTACEOS, MOLUSCOS Y DEMAS INVERTEBRADOS ACUATI"|468|14767395.5|58714782.55
20120901|47|"PUERTO MADRYN"|3|"PESCADOS Y CRUSTACEOS, MOLUSCOS Y DEMAS INVERTEBRADOS ACUATI"|420|11726640.15|51079844.88
20121001|47|"PUERTO MADRYN"|3|"PESCADOS Y CRUSTACEOS, MOLUSCOS Y DEMAS INVERTEBRADOS ACUATI"|574|14797846.31|57254357.04
20121101|47|"PUERTO MADRYN"|3|"PESCADOS Y CRUSTACEOS, MOLUSCOS Y DEMAS INVERTEBRADOS ACUATI"|319|9000210.2|27589139.5
20121201|47|"PUERTO MADRYN"|3|"PESCADOS Y CRUSTACEOS, MOLUSCOS Y DEMAS INVERTEBRADOS ACUATI"|398|8638409.88|32218753.31
20130101|47|"PUERTO MADRYN"|3|"PESCADOS Y CRUSTACEOS, MOLUSCOS Y DEMAS INVERTEBRADOS ACUATI"|271|6011277.37|21459036.38
20130201|47|"PUERTO MADRYN"|3|"PESCADOS Y CRUSTACEOS, MOLUSCOS Y DEMAS INVERTEBRADOS ACUATI"|258|8328908.42|26125212.6
20130301|47|"PUERTO MADRYN"|3|"PESCADOS Y CRUSTACEOS, MOLUSCOS Y DEMAS INVERTEBRADOS ACUATI"|318|9861096.95|23963926.55
20130401|47|"PUERTO MADRYN"|3|"PESCADOS Y CRUSTACEOS, MOLUSCOS Y DEMAS INVERTEBRADOS ACUATI"|602|16674999.99|42715497.64
20130501|47|"PUERTO MADRYN"|3|"PESCADOS Y CRUSTACEOS, MOLUSCOS Y DEMAS INVERTEBRADOS ACUATI"|507|15287431.27|38417302.13
20130601|47|"PUERTO MADRYN"|3|"PESCADOS Y CRUSTACEOS, MOLUSCOS Y DEMAS INVERTEBRADOS ACUATI"|352|13428075.95|43026520.51
20130701|47|"PUERTO MADRYN"|3|"PESCADOS Y CRUSTACEOS, MOLUSCOS Y DEMAS INVERTEBRADOS ACUATI"|474|14631007.88|50394580.56
20130801|47|"PUERTO MADRYN"|3|"PESCADOS Y CRUSTACEOS, MOLUSCOS Y DEMAS INVERTEBRADOS ACUATI"|541|18154751.55|67350295.95
20130901|47|"PUERTO MADRYN"|3|"PESCADOS Y CRUSTACEOS, MOLUSCOS Y DEMAS INVERTEBRADOS ACUATI"|450|13302974.53|53518683.34
20131001|47|"PUERTO MADRYN"|3|"PESCADOS Y CRUSTACEOS, MOLUSCOS Y DEMAS INVERTEBRADOS ACUATI"|671|16841516.8|93241634.15
20131101|47|"PUERTO MADRYN"|3|"PESCADOS Y CRUSTACEOS, MOLUSCOS Y DEMAS INVERTEBRADOS ACUATI"|560|14831855.77|70888352.53
20131201|47|"PUERTO MADRYN"|3|"PESCADOS Y CRUSTACEOS, MOLUSCOS Y DEMAS INVERTEBRADOS ACUATI"|437|10483781.32|47757174.17
20140101|47|"PUERTO MADRYN"|3|"PESCADOS Y CRUSTACEOS, MOLUSCOS Y DEMAS INVERTEBRADOS ACUATI"|356|9841216.21|48146582.75
20140201|47|"PUERTO MADRYN"|3|"PESCADOS Y CRUSTACEOS, MOLUSCOS Y DEMAS INVERTEBRADOS ACUATI"|414|10517448.78|47281732.87
20140301|47|"PUERTO MADRYN"|3|"PESCADOS Y CRUSTACEOS, MOLUSCOS Y DEMAS INVERTEBRADOS ACUATI"|399|12989765.67|35872830.44
20140401|47|"PUERTO MADRYN"|3|"PESCADOS Y CRUSTACEOS, MOLUSCOS Y DEMAS INVERTEBRADOS ACUATI"|408|16816384.33|38649565.01
20140501|47|"PUERTO MADRYN"|3|"PESCADOS Y CRUSTACEOS, MOLUSCOS Y DEMAS INVERTEBRADOS ACUATI"|533|19158669.92|42578859.72
20140601|47|"PUERTO MADRYN"|3|"PESCADOS Y CRUSTACEOS, MOLUSCOS Y DEMAS INVERTEBRADOS ACUATI"|397|12894181.59|44460176.33
20140701|47|"PUERTO MADRYN"|3|"PESCADOS Y CRUSTACEOS, MOLUSCOS Y DEMAS INVERTEBRADOS ACUATI"|394|12453442.96|42657184.08
20140801|47|"PUERTO MADRYN"|3|"PESCADOS Y CRUSTACEOS, MOLUSCOS Y DEMAS INVERTEBRADOS ACUATI"|490|15878524.48|66555529.72
20140901|47|"PUERTO MADRYN"|3|"PESCADOS Y CRUSTACEOS, MOLUSCOS Y DEMAS INVERTEBRADOS ACUATI"|687|22278390.6|116441445.35
20141001|47|"PUERTO MADRYN"|3|"PESCADOS Y CRUSTACEOS, MOLUSCOS Y DEMAS INVERTEBRADOS ACUATI"|802|23302453.27|122135172.62
20141101|47|"PUERTO MADRYN"|3|"PESCADOS Y CRUSTACEOS, MOLUSCOS Y DEMAS INVERTEBRADOS ACUATI"|474|13692742.32|66690459.66
20141201|47|"PUERTO MADRYN"|3|"PESCADOS Y CRUSTACEOS, MOLUSCOS Y DEMAS INVERTEBRADOS ACUATI"|385|12058360.26|58380080.07
20150101|47|"PUERTO MADRYN"|3|"PESCADOS Y CRUSTACEOS, MOLUSCOS Y DEMAS INVERTEBRADOS ACUATI"|402|11552093.71|55939940.91
20150201|47|"PUERTO MADRYN"|3|"PESCADOS Y CRUSTACEOS, MOLUSCOS Y DEMAS INVERTEBRADOS ACUATI"|273|7445823.48|35236682.65
20150301|47|"PUERTO MADRYN"|3|"PESCADOS Y CRUSTACEOS, MOLUSCOS Y DEMAS INVERTEBRADOS ACUATI"|427|14161385.06|43262764.77
20150401|47|"PUERTO MADRYN"|3|"PESCADOS Y CRUSTACEOS, MOLUSCOS Y DEMAS INVERTEBRADOS ACUATI"|454|10950710.83|32225270.15
20150501|47|"PUERTO MADRYN"|3|"PESCADOS Y CRUSTACEOS, MOLUSCOS Y DEMAS INVERTEBRADOS ACUATI"|384|11620706.32|41703577.83
20150601|47|"PUERTO MADRYN"|3|"PESCADOS Y CRUSTACEOS, MOLUSCOS Y DEMAS INVERTEBRADOS ACUATI"|441|11526220.12|45155648.56
20150701|47|"PUERTO MADRYN"|3|"PESCADOS Y CRUSTACEOS, MOLUSCOS Y DEMAS INVERTEBRADOS ACUATI"|526|14770021.24|60142478.87
20150801|47|"PUERTO MADRYN"|3|"PESCADOS Y CRUSTACEOS, MOLUSCOS Y DEMAS INVERTEBRADOS ACUATI"|435|13115418.55|62108730.02
20150901|47|"PUERTO MADRYN"|3|"PESCADOS Y CRUSTACEOS, MOLUSCOS Y DEMAS INVERTEBRADOS ACUATI"|615|16581758.21|81961629.83
20151001|47|"PUERTO MADRYN"|3|"PESCADOS Y CRUSTACEOS, MOLUSCOS Y DEMAS INVERTEBRADOS ACUATI"|576|17554170.94|82368409.12
20151101|47|"PUERTO MADRYN"|3|"PESCADOS Y CRUSTACEOS, MOLUSCOS Y DEMAS INVERTEBRADOS ACUATI"|434|14014998.33|58862126.81
20151201|47|"PUERTO MADRYN"|3|"PESCADOS Y CRUSTACEOS, MOLUSCOS Y DEMAS INVERTEBRADOS ACUATI"|493|13899130.48|58209960.57
