"fecha_oficia"|"aduana"|"aduana_desc"|"mercaderia"|"mercaderia_desc"|"cantidad"|"kilos"|"importe"
20100101|20|"DIAMANTE"|307|"MOLUSCOS, INCLUSO SEPARADOS DE SUS VALVAS, VIVOS, FRESCOS, R"|0|0|0
20100201|20|"DIAMANTE"|307|"MOLUSCOS, INCLUSO SEPARADOS DE SUS VALVAS, VIVOS, FRESCOS, R"|0|0|0
20100301|20|"DIAMANTE"|307|"MOLUSCOS, INCLUSO SEPARADOS DE SUS VALVAS, VIVOS, FRESCOS, R"|0|0|0
20100401|20|"DIAMANTE"|307|"MOLUSCOS, INCLUSO SEPARADOS DE SUS VALVAS, VIVOS, FRESCOS, R"|0|0|0
20100501|20|"DIAMANTE"|307|"MOLUSCOS, INCLUSO SEPARADOS DE SUS VALVAS, VIVOS, FRESCOS, R"|0|0|0
20100601|20|"DIAMANTE"|307|"MOLUSCOS, INCLUSO SEPARADOS DE SUS VALVAS, VIVOS, FRESCOS, R"|0|0|0
20100701|20|"DIAMANTE"|307|"MOLUSCOS, INCLUSO SEPARADOS DE SUS VALVAS, VIVOS, FRESCOS, R"|0|0|0
20100801|20|"DIAMANTE"|307|"MOLUSCOS, INCLUSO SEPARADOS DE SUS VALVAS, VIVOS, FRESCOS, R"|0|0|0
20100901|20|"DIAMANTE"|307|"MOLUSCOS, INCLUSO SEPARADOS DE SUS VALVAS, VIVOS, FRESCOS, R"|0|0|0
20101001|20|"DIAMANTE"|307|"MOLUSCOS, INCLUSO SEPARADOS DE SUS VALVAS, VIVOS, FRESCOS, R"|0|0|0
20101101|20|"DIAMANTE"|307|"MOLUSCOS, INCLUSO SEPARADOS DE SUS VALVAS, VIVOS, FRESCOS, R"|0|0|0
20101201|20|"DIAMANTE"|307|"MOLUSCOS, INCLUSO SEPARADOS DE SUS VALVAS, VIVOS, FRESCOS, R"|0|0|0
20110101|20|"DIAMANTE"|307|"MOLUSCOS, INCLUSO SEPARADOS DE SUS VALVAS, VIVOS, FRESCOS, R"|0|0|0
20110201|20|"DIAMANTE"|307|"MOLUSCOS, INCLUSO SEPARADOS DE SUS VALVAS, VIVOS, FRESCOS, R"|0|0|0
20110301|20|"DIAMANTE"|307|"MOLUSCOS, INCLUSO SEPARADOS DE SUS VALVAS, VIVOS, FRESCOS, R"|0|0|0
20110401|20|"DIAMANTE"|307|"MOLUSCOS, INCLUSO SEPARADOS DE SUS VALVAS, VIVOS, FRESCOS, R"|0|0|0
20110501|20|"DIAMANTE"|307|"MOLUSCOS, INCLUSO SEPARADOS DE SUS VALVAS, VIVOS, FRESCOS, R"|0|0|0
20110601|20|"DIAMANTE"|307|"MOLUSCOS, INCLUSO SEPARADOS DE SUS VALVAS, VIVOS, FRESCOS, R"|0|0|0
20110701|20|"DIAMANTE"|307|"MOLUSCOS, INCLUSO SEPARADOS DE SUS VALVAS, VIVOS, FRESCOS, R"|0|0|0
20110801|20|"DIAMANTE"|307|"MOLUSCOS, INCLUSO SEPARADOS DE SUS VALVAS, VIVOS, FRESCOS, R"|0|0|0
20110901|20|"DIAMANTE"|307|"MOLUSCOS, INCLUSO SEPARADOS DE SUS VALVAS, VIVOS, FRESCOS, R"|0|0|0
20111001|20|"DIAMANTE"|307|"MOLUSCOS, INCLUSO SEPARADOS DE SUS VALVAS, VIVOS, FRESCOS, R"|0|0|0
20111101|20|"DIAMANTE"|307|"MOLUSCOS, INCLUSO SEPARADOS DE SUS VALVAS, VIVOS, FRESCOS, R"|0|0|0
20111201|20|"DIAMANTE"|307|"MOLUSCOS, INCLUSO SEPARADOS DE SUS VALVAS, VIVOS, FRESCOS, R"|0|0|0
20120101|20|"DIAMANTE"|307|"MOLUSCOS, INCLUSO SEPARADOS DE SUS VALVAS, VIVOS, FRESCOS, R"|0|0|0
20120201|20|"DIAMANTE"|307|"MOLUSCOS, INCLUSO SEPARADOS DE SUS VALVAS, VIVOS, FRESCOS, R"|0|0|0
20120301|20|"DIAMANTE"|307|"MOLUSCOS, INCLUSO SEPARADOS DE SUS VALVAS, VIVOS, FRESCOS, R"|2|134|160.8
20120401|20|"DIAMANTE"|307|"MOLUSCOS, INCLUSO SEPARADOS DE SUS VALVAS, VIVOS, FRESCOS, R"|2|168|201.6
20120501|20|"DIAMANTE"|307|"MOLUSCOS, INCLUSO SEPARADOS DE SUS VALVAS, VIVOS, FRESCOS, R"|3|84|100.8
20120601|20|"DIAMANTE"|307|"MOLUSCOS, INCLUSO SEPARADOS DE SUS VALVAS, VIVOS, FRESCOS, R"|4|220|264
20120701|20|"DIAMANTE"|307|"MOLUSCOS, INCLUSO SEPARADOS DE SUS VALVAS, VIVOS, FRESCOS, R"|4|138|165.6
20120801|20|"DIAMANTE"|307|"MOLUSCOS, INCLUSO SEPARADOS DE SUS VALVAS, VIVOS, FRESCOS, R"|10|399.6|479.52
20120901|20|"DIAMANTE"|307|"MOLUSCOS, INCLUSO SEPARADOS DE SUS VALVAS, VIVOS, FRESCOS, R"|0|0|0
20121001|20|"DIAMANTE"|307|"MOLUSCOS, INCLUSO SEPARADOS DE SUS VALVAS, VIVOS, FRESCOS, R"|0|0|0
20121101|20|"DIAMANTE"|307|"MOLUSCOS, INCLUSO SEPARADOS DE SUS VALVAS, VIVOS, FRESCOS, R"|0|0|0
20121201|20|"DIAMANTE"|307|"MOLUSCOS, INCLUSO SEPARADOS DE SUS VALVAS, VIVOS, FRESCOS, R"|0|0|0
20130101|20|"DIAMANTE"|307|"MOLUSCOS, INCLUSO SEPARADOS DE SUS VALVAS, VIVOS, FRESCOS, R"|6|396|475.2
20130201|20|"DIAMANTE"|307|"MOLUSCOS, INCLUSO SEPARADOS DE SUS VALVAS, VIVOS, FRESCOS, R"|0|0|0
20130301|20|"DIAMANTE"|307|"MOLUSCOS, INCLUSO SEPARADOS DE SUS VALVAS, VIVOS, FRESCOS, R"|0|0|0
20130401|20|"DIAMANTE"|307|"MOLUSCOS, INCLUSO SEPARADOS DE SUS VALVAS, VIVOS, FRESCOS, R"|2|125|150
20130501|20|"DIAMANTE"|307|"MOLUSCOS, INCLUSO SEPARADOS DE SUS VALVAS, VIVOS, FRESCOS, R"|8|398.4|478.08
20130601|20|"DIAMANTE"|307|"MOLUSCOS, INCLUSO SEPARADOS DE SUS VALVAS, VIVOS, FRESCOS, R"|4|199.2|239.04
20130701|20|"DIAMANTE"|307|"MOLUSCOS, INCLUSO SEPARADOS DE SUS VALVAS, VIVOS, FRESCOS, R"|16|2063|2475.6
20130801|20|"DIAMANTE"|307|"MOLUSCOS, INCLUSO SEPARADOS DE SUS VALVAS, VIVOS, FRESCOS, R"|5|976.5|1171.8
20130901|20|"DIAMANTE"|307|"MOLUSCOS, INCLUSO SEPARADOS DE SUS VALVAS, VIVOS, FRESCOS, R"|4|567|1070.4
20131001|20|"DIAMANTE"|307|"MOLUSCOS, INCLUSO SEPARADOS DE SUS VALVAS, VIVOS, FRESCOS, R"|12|1593|4615.2
20131101|20|"DIAMANTE"|307|"MOLUSCOS, INCLUSO SEPARADOS DE SUS VALVAS, VIVOS, FRESCOS, R"|0|0|0
20131201|20|"DIAMANTE"|307|"MOLUSCOS, INCLUSO SEPARADOS DE SUS VALVAS, VIVOS, FRESCOS, R"|2|400|1680
20140101|20|"DIAMANTE"|307|"MOLUSCOS, INCLUSO SEPARADOS DE SUS VALVAS, VIVOS, FRESCOS, R"|12|414|556.8
20140201|20|"DIAMANTE"|307|"MOLUSCOS, INCLUSO SEPARADOS DE SUS VALVAS, VIVOS, FRESCOS, R"|7|1670|4619
20140301|20|"DIAMANTE"|307|"MOLUSCOS, INCLUSO SEPARADOS DE SUS VALVAS, VIVOS, FRESCOS, R"|4|360|540
20140401|20|"DIAMANTE"|307|"MOLUSCOS, INCLUSO SEPARADOS DE SUS VALVAS, VIVOS, FRESCOS, R"|2|150|360
20140501|20|"DIAMANTE"|307|"MOLUSCOS, INCLUSO SEPARADOS DE SUS VALVAS, VIVOS, FRESCOS, R"|14|10473|24665.4
20140601|20|"DIAMANTE"|307|"MOLUSCOS, INCLUSO SEPARADOS DE SUS VALVAS, VIVOS, FRESCOS, R"|4|525|1305
20140701|20|"DIAMANTE"|307|"MOLUSCOS, INCLUSO SEPARADOS DE SUS VALVAS, VIVOS, FRESCOS, R"|14|2314|4368
20140801|20|"DIAMANTE"|307|"MOLUSCOS, INCLUSO SEPARADOS DE SUS VALVAS, VIVOS, FRESCOS, R"|3|552|1724.4
20140901|20|"DIAMANTE"|307|"MOLUSCOS, INCLUSO SEPARADOS DE SUS VALVAS, VIVOS, FRESCOS, R"|13|7608|12111.6
20141001|20|"DIAMANTE"|307|"MOLUSCOS, INCLUSO SEPARADOS DE SUS VALVAS, VIVOS, FRESCOS, R"|0|0|0
20141101|20|"DIAMANTE"|307|"MOLUSCOS, INCLUSO SEPARADOS DE SUS VALVAS, VIVOS, FRESCOS, R"|22|3567.6|8087.8
20141201|20|"DIAMANTE"|307|"MOLUSCOS, INCLUSO SEPARADOS DE SUS VALVAS, VIVOS, FRESCOS, R"|8|1590|4911.6
20150101|20|"DIAMANTE"|307|"MOLUSCOS, INCLUSO SEPARADOS DE SUS VALVAS, VIVOS, FRESCOS, R"|12|1425|4080.6
20150201|20|"DIAMANTE"|307|"MOLUSCOS, INCLUSO SEPARADOS DE SUS VALVAS, VIVOS, FRESCOS, R"|18|3113|7607
20150301|20|"DIAMANTE"|307|"MOLUSCOS, INCLUSO SEPARADOS DE SUS VALVAS, VIVOS, FRESCOS, R"|6|833|1863.8
20150401|20|"DIAMANTE"|307|"MOLUSCOS, INCLUSO SEPARADOS DE SUS VALVAS, VIVOS, FRESCOS, R"|12|816|2148.6
20150501|20|"DIAMANTE"|307|"MOLUSCOS, INCLUSO SEPARADOS DE SUS VALVAS, VIVOS, FRESCOS, R"|6|1827|4625.4
20150601|20|"DIAMANTE"|307|"MOLUSCOS, INCLUSO SEPARADOS DE SUS VALVAS, VIVOS, FRESCOS, R"|15|9991|16050.2
20150701|20|"DIAMANTE"|307|"MOLUSCOS, INCLUSO SEPARADOS DE SUS VALVAS, VIVOS, FRESCOS, R"|9|7592|10733.2
20150801|20|"DIAMANTE"|307|"MOLUSCOS, INCLUSO SEPARADOS DE SUS VALVAS, VIVOS, FRESCOS, R"|20|13880|22444.2
20150901|20|"DIAMANTE"|307|"MOLUSCOS, INCLUSO SEPARADOS DE SUS VALVAS, VIVOS, FRESCOS, R"|8|8016.6|11400.24
20151001|20|"DIAMANTE"|307|"MOLUSCOS, INCLUSO SEPARADOS DE SUS VALVAS, VIVOS, FRESCOS, R"|13|1460.4|3087.84
20151101|20|"DIAMANTE"|307|"MOLUSCOS, INCLUSO SEPARADOS DE SUS VALVAS, VIVOS, FRESCOS, R"|9|777|1597.2
20151201|20|"DIAMANTE"|307|"MOLUSCOS, INCLUSO SEPARADOS DE SUS VALVAS, VIVOS, FRESCOS, R"|20|8163|11356.8
