"fecha_oficia"|"aduana"|"aduana_desc"|"mercaderia"|"mercaderia_desc"|"cantidad"|"kilos"|"importe"
20100101|14|"COMODORO RIVADAVIA"|302|"PESCADO FRESCO O REFRIGERADO, EXCEPTO LOS FILETES Y DEMAS CA"|0|0|0
20100201|14|"COMODORO RIVADAVIA"|302|"PESCADO FRESCO O REFRIGERADO, EXCEPTO LOS FILETES Y DEMAS CA"|0|0|0
20100301|14|"COMODORO RIVADAVIA"|302|"PESCADO FRESCO O REFRIGERADO, EXCEPTO LOS FILETES Y DEMAS CA"|0|0|0
20100401|14|"COMODORO RIVADAVIA"|302|"PESCADO FRESCO O REFRIGERADO, EXCEPTO LOS FILETES Y DEMAS CA"|0|0|0
20100501|14|"COMODORO RIVADAVIA"|302|"PESCADO FRESCO O REFRIGERADO, EXCEPTO LOS FILETES Y DEMAS CA"|0|0|0
20100601|14|"COMODORO RIVADAVIA"|302|"PESCADO FRESCO O REFRIGERADO, EXCEPTO LOS FILETES Y DEMAS CA"|0|0|0
20100701|14|"COMODORO RIVADAVIA"|302|"PESCADO FRESCO O REFRIGERADO, EXCEPTO LOS FILETES Y DEMAS CA"|0|0|0
20100801|14|"COMODORO RIVADAVIA"|302|"PESCADO FRESCO O REFRIGERADO, EXCEPTO LOS FILETES Y DEMAS CA"|0|0|0
20100901|14|"COMODORO RIVADAVIA"|302|"PESCADO FRESCO O REFRIGERADO, EXCEPTO LOS FILETES Y DEMAS CA"|0|0|0
20101001|14|"COMODORO RIVADAVIA"|302|"PESCADO FRESCO O REFRIGERADO, EXCEPTO LOS FILETES Y DEMAS CA"|0|0|0
20101101|14|"COMODORO RIVADAVIA"|302|"PESCADO FRESCO O REFRIGERADO, EXCEPTO LOS FILETES Y DEMAS CA"|0|0|0
20101201|14|"COMODORO RIVADAVIA"|302|"PESCADO FRESCO O REFRIGERADO, EXCEPTO LOS FILETES Y DEMAS CA"|0|0|0
20110101|14|"COMODORO RIVADAVIA"|302|"PESCADO FRESCO O REFRIGERADO, EXCEPTO LOS FILETES Y DEMAS CA"|0|0|0
20110201|14|"COMODORO RIVADAVIA"|302|"PESCADO FRESCO O REFRIGERADO, EXCEPTO LOS FILETES Y DEMAS CA"|0|0|0
20110301|14|"COMODORO RIVADAVIA"|302|"PESCADO FRESCO O REFRIGERADO, EXCEPTO LOS FILETES Y DEMAS CA"|0|0|0
20110401|14|"COMODORO RIVADAVIA"|302|"PESCADO FRESCO O REFRIGERADO, EXCEPTO LOS FILETES Y DEMAS CA"|0|0|0
20110501|14|"COMODORO RIVADAVIA"|302|"PESCADO FRESCO O REFRIGERADO, EXCEPTO LOS FILETES Y DEMAS CA"|0|0|0
20110601|14|"COMODORO RIVADAVIA"|302|"PESCADO FRESCO O REFRIGERADO, EXCEPTO LOS FILETES Y DEMAS CA"|0|0|0
20110701|14|"COMODORO RIVADAVIA"|302|"PESCADO FRESCO O REFRIGERADO, EXCEPTO LOS FILETES Y DEMAS CA"|0|0|0
20110801|14|"COMODORO RIVADAVIA"|302|"PESCADO FRESCO O REFRIGERADO, EXCEPTO LOS FILETES Y DEMAS CA"|0|0|0
20110901|14|"COMODORO RIVADAVIA"|302|"PESCADO FRESCO O REFRIGERADO, EXCEPTO LOS FILETES Y DEMAS CA"|0|0|0
20111001|14|"COMODORO RIVADAVIA"|302|"PESCADO FRESCO O REFRIGERADO, EXCEPTO LOS FILETES Y DEMAS CA"|0|0|0
20111101|14|"COMODORO RIVADAVIA"|302|"PESCADO FRESCO O REFRIGERADO, EXCEPTO LOS FILETES Y DEMAS CA"|0|0|0
20111201|14|"COMODORO RIVADAVIA"|302|"PESCADO FRESCO O REFRIGERADO, EXCEPTO LOS FILETES Y DEMAS CA"|0|0|0
20120101|14|"COMODORO RIVADAVIA"|302|"PESCADO FRESCO O REFRIGERADO, EXCEPTO LOS FILETES Y DEMAS CA"|0|0|0
20120201|14|"COMODORO RIVADAVIA"|302|"PESCADO FRESCO O REFRIGERADO, EXCEPTO LOS FILETES Y DEMAS CA"|0|0|0
20120301|14|"COMODORO RIVADAVIA"|302|"PESCADO FRESCO O REFRIGERADO, EXCEPTO LOS FILETES Y DEMAS CA"|0|0|0
20120401|14|"COMODORO RIVADAVIA"|302|"PESCADO FRESCO O REFRIGERADO, EXCEPTO LOS FILETES Y DEMAS CA"|0|0|0
20120501|14|"COMODORO RIVADAVIA"|302|"PESCADO FRESCO O REFRIGERADO, EXCEPTO LOS FILETES Y DEMAS CA"|0|0|0
20120601|14|"COMODORO RIVADAVIA"|302|"PESCADO FRESCO O REFRIGERADO, EXCEPTO LOS FILETES Y DEMAS CA"|0|0|0
20120701|14|"COMODORO RIVADAVIA"|302|"PESCADO FRESCO O REFRIGERADO, EXCEPTO LOS FILETES Y DEMAS CA"|0|0|0
20120801|14|"COMODORO RIVADAVIA"|302|"PESCADO FRESCO O REFRIGERADO, EXCEPTO LOS FILETES Y DEMAS CA"|0|0|0
20120901|14|"COMODORO RIVADAVIA"|302|"PESCADO FRESCO O REFRIGERADO, EXCEPTO LOS FILETES Y DEMAS CA"|0|0|0
20121001|14|"COMODORO RIVADAVIA"|302|"PESCADO FRESCO O REFRIGERADO, EXCEPTO LOS FILETES Y DEMAS CA"|0|0|0
20121101|14|"COMODORO RIVADAVIA"|302|"PESCADO FRESCO O REFRIGERADO, EXCEPTO LOS FILETES Y DEMAS CA"|0|0|0
20121201|14|"COMODORO RIVADAVIA"|302|"PESCADO FRESCO O REFRIGERADO, EXCEPTO LOS FILETES Y DEMAS CA"|0|0|0
20130101|14|"COMODORO RIVADAVIA"|302|"PESCADO FRESCO O REFRIGERADO, EXCEPTO LOS FILETES Y DEMAS CA"|0|0|0
20130201|14|"COMODORO RIVADAVIA"|302|"PESCADO FRESCO O REFRIGERADO, EXCEPTO LOS FILETES Y DEMAS CA"|0|0|0
20130301|14|"COMODORO RIVADAVIA"|302|"PESCADO FRESCO O REFRIGERADO, EXCEPTO LOS FILETES Y DEMAS CA"|0|0|0
20130401|14|"COMODORO RIVADAVIA"|302|"PESCADO FRESCO O REFRIGERADO, EXCEPTO LOS FILETES Y DEMAS CA"|0|0|0
20130501|14|"COMODORO RIVADAVIA"|302|"PESCADO FRESCO O REFRIGERADO, EXCEPTO LOS FILETES Y DEMAS CA"|0|0|0
20130601|14|"COMODORO RIVADAVIA"|302|"PESCADO FRESCO O REFRIGERADO, EXCEPTO LOS FILETES Y DEMAS CA"|0|0|0
20130701|14|"COMODORO RIVADAVIA"|302|"PESCADO FRESCO O REFRIGERADO, EXCEPTO LOS FILETES Y DEMAS CA"|0|0|0
20130801|14|"COMODORO RIVADAVIA"|302|"PESCADO FRESCO O REFRIGERADO, EXCEPTO LOS FILETES Y DEMAS CA"|0|0|0
20130901|14|"COMODORO RIVADAVIA"|302|"PESCADO FRESCO O REFRIGERADO, EXCEPTO LOS FILETES Y DEMAS CA"|0|0|0
20131001|14|"COMODORO RIVADAVIA"|302|"PESCADO FRESCO O REFRIGERADO, EXCEPTO LOS FILETES Y DEMAS CA"|0|0|0
20131101|14|"COMODORO RIVADAVIA"|302|"PESCADO FRESCO O REFRIGERADO, EXCEPTO LOS FILETES Y DEMAS CA"|0|0|0
20131201|14|"COMODORO RIVADAVIA"|302|"PESCADO FRESCO O REFRIGERADO, EXCEPTO LOS FILETES Y DEMAS CA"|0|0|0
20140101|14|"COMODORO RIVADAVIA"|302|"PESCADO FRESCO O REFRIGERADO, EXCEPTO LOS FILETES Y DEMAS CA"|0|0|0
20140201|14|"COMODORO RIVADAVIA"|302|"PESCADO FRESCO O REFRIGERADO, EXCEPTO LOS FILETES Y DEMAS CA"|0|0|0
20140301|14|"COMODORO RIVADAVIA"|302|"PESCADO FRESCO O REFRIGERADO, EXCEPTO LOS FILETES Y DEMAS CA"|0|0|0
20140401|14|"COMODORO RIVADAVIA"|302|"PESCADO FRESCO O REFRIGERADO, EXCEPTO LOS FILETES Y DEMAS CA"|0|0|0
20140501|14|"COMODORO RIVADAVIA"|302|"PESCADO FRESCO O REFRIGERADO, EXCEPTO LOS FILETES Y DEMAS CA"|0|0|0
20140601|14|"COMODORO RIVADAVIA"|302|"PESCADO FRESCO O REFRIGERADO, EXCEPTO LOS FILETES Y DEMAS CA"|0|0|0
20140701|14|"COMODORO RIVADAVIA"|302|"PESCADO FRESCO O REFRIGERADO, EXCEPTO LOS FILETES Y DEMAS CA"|0|0|0
20140801|14|"COMODORO RIVADAVIA"|302|"PESCADO FRESCO O REFRIGERADO, EXCEPTO LOS FILETES Y DEMAS CA"|0|0|0
20140901|14|"COMODORO RIVADAVIA"|302|"PESCADO FRESCO O REFRIGERADO, EXCEPTO LOS FILETES Y DEMAS CA"|0|0|0
20141001|14|"COMODORO RIVADAVIA"|302|"PESCADO FRESCO O REFRIGERADO, EXCEPTO LOS FILETES Y DEMAS CA"|0|0|0
20141101|14|"COMODORO RIVADAVIA"|302|"PESCADO FRESCO O REFRIGERADO, EXCEPTO LOS FILETES Y DEMAS CA"|0|0|0
20141201|14|"COMODORO RIVADAVIA"|302|"PESCADO FRESCO O REFRIGERADO, EXCEPTO LOS FILETES Y DEMAS CA"|0|0|0
20150101|14|"COMODORO RIVADAVIA"|302|"PESCADO FRESCO O REFRIGERADO, EXCEPTO LOS FILETES Y DEMAS CA"|0|0|0
20150201|14|"COMODORO RIVADAVIA"|302|"PESCADO FRESCO O REFRIGERADO, EXCEPTO LOS FILETES Y DEMAS CA"|0|0|0
20150301|14|"COMODORO RIVADAVIA"|302|"PESCADO FRESCO O REFRIGERADO, EXCEPTO LOS FILETES Y DEMAS CA"|0|0|0
20150401|14|"COMODORO RIVADAVIA"|302|"PESCADO FRESCO O REFRIGERADO, EXCEPTO LOS FILETES Y DEMAS CA"|0|0|0
20150501|14|"COMODORO RIVADAVIA"|302|"PESCADO FRESCO O REFRIGERADO, EXCEPTO LOS FILETES Y DEMAS CA"|0|0|0
20150601|14|"COMODORO RIVADAVIA"|302|"PESCADO FRESCO O REFRIGERADO, EXCEPTO LOS FILETES Y DEMAS CA"|0|0|0
20150701|14|"COMODORO RIVADAVIA"|302|"PESCADO FRESCO O REFRIGERADO, EXCEPTO LOS FILETES Y DEMAS CA"|0|0|0
20150801|14|"COMODORO RIVADAVIA"|302|"PESCADO FRESCO O REFRIGERADO, EXCEPTO LOS FILETES Y DEMAS CA"|0|0|0
20150901|14|"COMODORO RIVADAVIA"|302|"PESCADO FRESCO O REFRIGERADO, EXCEPTO LOS FILETES Y DEMAS CA"|0|0|0
20151001|14|"COMODORO RIVADAVIA"|302|"PESCADO FRESCO O REFRIGERADO, EXCEPTO LOS FILETES Y DEMAS CA"|0|0|0
20151101|14|"COMODORO RIVADAVIA"|302|"PESCADO FRESCO O REFRIGERADO, EXCEPTO LOS FILETES Y DEMAS CA"|0|0|0
20151201|14|"COMODORO RIVADAVIA"|302|"PESCADO FRESCO O REFRIGERADO, EXCEPTO LOS FILETES Y DEMAS CA"|0|0|0
