"fecha_oficia"|"aduana"|"aduana_desc"|"mercaderia"|"mercaderia_desc"|"cantidad"|"kilos"|"importe"
20100101|87|"CALETA OLIVIA"|305|"PESCADO SECO, SALADO O EN SALMUERA; PESCADOAHUMADO, INCLUSO "|0|0|0
20100201|87|"CALETA OLIVIA"|305|"PESCADO SECO, SALADO O EN SALMUERA; PESCADOAHUMADO, INCLUSO "|0|0|0
20100301|87|"CALETA OLIVIA"|305|"PESCADO SECO, SALADO O EN SALMUERA; PESCADOAHUMADO, INCLUSO "|0|0|0
20100401|87|"CALETA OLIVIA"|305|"PESCADO SECO, SALADO O EN SALMUERA; PESCADOAHUMADO, INCLUSO "|0|0|0
20100501|87|"CALETA OLIVIA"|305|"PESCADO SECO, SALADO O EN SALMUERA; PESCADOAHUMADO, INCLUSO "|0|0|0
20100601|87|"CALETA OLIVIA"|305|"PESCADO SECO, SALADO O EN SALMUERA; PESCADOAHUMADO, INCLUSO "|0|0|0
20100701|87|"CALETA OLIVIA"|305|"PESCADO SECO, SALADO O EN SALMUERA; PESCADOAHUMADO, INCLUSO "|0|0|0
20100801|87|"CALETA OLIVIA"|305|"PESCADO SECO, SALADO O EN SALMUERA; PESCADOAHUMADO, INCLUSO "|0|0|0
20100901|87|"CALETA OLIVIA"|305|"PESCADO SECO, SALADO O EN SALMUERA; PESCADOAHUMADO, INCLUSO "|0|0|0
20101001|87|"CALETA OLIVIA"|305|"PESCADO SECO, SALADO O EN SALMUERA; PESCADOAHUMADO, INCLUSO "|0|0|0
20101101|87|"CALETA OLIVIA"|305|"PESCADO SECO, SALADO O EN SALMUERA; PESCADOAHUMADO, INCLUSO "|3|84126|117776.4
20101201|87|"CALETA OLIVIA"|305|"PESCADO SECO, SALADO O EN SALMUERA; PESCADOAHUMADO, INCLUSO "|0|0|0
20110101|87|"CALETA OLIVIA"|305|"PESCADO SECO, SALADO O EN SALMUERA; PESCADOAHUMADO, INCLUSO "|0|0|0
20110201|87|"CALETA OLIVIA"|305|"PESCADO SECO, SALADO O EN SALMUERA; PESCADOAHUMADO, INCLUSO "|0|0|0
20110301|87|"CALETA OLIVIA"|305|"PESCADO SECO, SALADO O EN SALMUERA; PESCADOAHUMADO, INCLUSO "|0|0|0
20110401|87|"CALETA OLIVIA"|305|"PESCADO SECO, SALADO O EN SALMUERA; PESCADOAHUMADO, INCLUSO "|0|0|0
20110501|87|"CALETA OLIVIA"|305|"PESCADO SECO, SALADO O EN SALMUERA; PESCADOAHUMADO, INCLUSO "|0|0|0
20110601|87|"CALETA OLIVIA"|305|"PESCADO SECO, SALADO O EN SALMUERA; PESCADOAHUMADO, INCLUSO "|0|0|0
20110701|87|"CALETA OLIVIA"|305|"PESCADO SECO, SALADO O EN SALMUERA; PESCADOAHUMADO, INCLUSO "|0|0|0
20110801|87|"CALETA OLIVIA"|305|"PESCADO SECO, SALADO O EN SALMUERA; PESCADOAHUMADO, INCLUSO "|0|0|0
20110901|87|"CALETA OLIVIA"|305|"PESCADO SECO, SALADO O EN SALMUERA; PESCADOAHUMADO, INCLUSO "|0|0|0
20111001|87|"CALETA OLIVIA"|305|"PESCADO SECO, SALADO O EN SALMUERA; PESCADOAHUMADO, INCLUSO "|2|42378|59329.2
20111101|87|"CALETA OLIVIA"|305|"PESCADO SECO, SALADO O EN SALMUERA; PESCADOAHUMADO, INCLUSO "|0|0|0
20111201|87|"CALETA OLIVIA"|305|"PESCADO SECO, SALADO O EN SALMUERA; PESCADOAHUMADO, INCLUSO "|0|0|0
20120101|87|"CALETA OLIVIA"|305|"PESCADO SECO, SALADO O EN SALMUERA; PESCADOAHUMADO, INCLUSO "|0|0|0
20120201|87|"CALETA OLIVIA"|305|"PESCADO SECO, SALADO O EN SALMUERA; PESCADOAHUMADO, INCLUSO "|0|0|0
20120301|87|"CALETA OLIVIA"|305|"PESCADO SECO, SALADO O EN SALMUERA; PESCADOAHUMADO, INCLUSO "|0|0|0
20120401|87|"CALETA OLIVIA"|305|"PESCADO SECO, SALADO O EN SALMUERA; PESCADOAHUMADO, INCLUSO "|0|0|0
20120501|87|"CALETA OLIVIA"|305|"PESCADO SECO, SALADO O EN SALMUERA; PESCADOAHUMADO, INCLUSO "|0|0|0
20120601|87|"CALETA OLIVIA"|305|"PESCADO SECO, SALADO O EN SALMUERA; PESCADOAHUMADO, INCLUSO "|0|0|0
20120701|87|"CALETA OLIVIA"|305|"PESCADO SECO, SALADO O EN SALMUERA; PESCADOAHUMADO, INCLUSO "|0|0|0
20120801|87|"CALETA OLIVIA"|305|"PESCADO SECO, SALADO O EN SALMUERA; PESCADOAHUMADO, INCLUSO "|0|0|0
20120901|87|"CALETA OLIVIA"|305|"PESCADO SECO, SALADO O EN SALMUERA; PESCADOAHUMADO, INCLUSO "|0|0|0
20121001|87|"CALETA OLIVIA"|305|"PESCADO SECO, SALADO O EN SALMUERA; PESCADOAHUMADO, INCLUSO "|0|0|0
20121101|87|"CALETA OLIVIA"|305|"PESCADO SECO, SALADO O EN SALMUERA; PESCADOAHUMADO, INCLUSO "|0|0|0
20121201|87|"CALETA OLIVIA"|305|"PESCADO SECO, SALADO O EN SALMUERA; PESCADOAHUMADO, INCLUSO "|0|0|0
20130101|87|"CALETA OLIVIA"|305|"PESCADO SECO, SALADO O EN SALMUERA; PESCADOAHUMADO, INCLUSO "|0|0|0
20130201|87|"CALETA OLIVIA"|305|"PESCADO SECO, SALADO O EN SALMUERA; PESCADOAHUMADO, INCLUSO "|0|0|0
20130301|87|"CALETA OLIVIA"|305|"PESCADO SECO, SALADO O EN SALMUERA; PESCADOAHUMADO, INCLUSO "|0|0|0
20130401|87|"CALETA OLIVIA"|305|"PESCADO SECO, SALADO O EN SALMUERA; PESCADOAHUMADO, INCLUSO "|0|0|0
20130501|87|"CALETA OLIVIA"|305|"PESCADO SECO, SALADO O EN SALMUERA; PESCADOAHUMADO, INCLUSO "|0|0|0
20130601|87|"CALETA OLIVIA"|305|"PESCADO SECO, SALADO O EN SALMUERA; PESCADOAHUMADO, INCLUSO "|0|0|0
20130701|87|"CALETA OLIVIA"|305|"PESCADO SECO, SALADO O EN SALMUERA; PESCADOAHUMADO, INCLUSO "|0|0|0
20130801|87|"CALETA OLIVIA"|305|"PESCADO SECO, SALADO O EN SALMUERA; PESCADOAHUMADO, INCLUSO "|0|0|0
20130901|87|"CALETA OLIVIA"|305|"PESCADO SECO, SALADO O EN SALMUERA; PESCADOAHUMADO, INCLUSO "|0|0|0
20131001|87|"CALETA OLIVIA"|305|"PESCADO SECO, SALADO O EN SALMUERA; PESCADOAHUMADO, INCLUSO "|0|0|0
20131101|87|"CALETA OLIVIA"|305|"PESCADO SECO, SALADO O EN SALMUERA; PESCADOAHUMADO, INCLUSO "|0|0|0
20131201|87|"CALETA OLIVIA"|305|"PESCADO SECO, SALADO O EN SALMUERA; PESCADOAHUMADO, INCLUSO "|0|0|0
20140101|87|"CALETA OLIVIA"|305|"PESCADO SECO, SALADO O EN SALMUERA; PESCADOAHUMADO, INCLUSO "|0|0|0
20140201|87|"CALETA OLIVIA"|305|"PESCADO SECO, SALADO O EN SALMUERA; PESCADOAHUMADO, INCLUSO "|0|0|0
20140301|87|"CALETA OLIVIA"|305|"PESCADO SECO, SALADO O EN SALMUERA; PESCADOAHUMADO, INCLUSO "|0|0|0
20140401|87|"CALETA OLIVIA"|305|"PESCADO SECO, SALADO O EN SALMUERA; PESCADOAHUMADO, INCLUSO "|0|0|0
20140501|87|"CALETA OLIVIA"|305|"PESCADO SECO, SALADO O EN SALMUERA; PESCADOAHUMADO, INCLUSO "|0|0|0
20140601|87|"CALETA OLIVIA"|305|"PESCADO SECO, SALADO O EN SALMUERA; PESCADOAHUMADO, INCLUSO "|0|0|0
20140701|87|"CALETA OLIVIA"|305|"PESCADO SECO, SALADO O EN SALMUERA; PESCADOAHUMADO, INCLUSO "|0|0|0
20140801|87|"CALETA OLIVIA"|305|"PESCADO SECO, SALADO O EN SALMUERA; PESCADOAHUMADO, INCLUSO "|0|0|0
20140901|87|"CALETA OLIVIA"|305|"PESCADO SECO, SALADO O EN SALMUERA; PESCADOAHUMADO, INCLUSO "|0|0|0
20141001|87|"CALETA OLIVIA"|305|"PESCADO SECO, SALADO O EN SALMUERA; PESCADOAHUMADO, INCLUSO "|0|0|0
20141101|87|"CALETA OLIVIA"|305|"PESCADO SECO, SALADO O EN SALMUERA; PESCADOAHUMADO, INCLUSO "|0|0|0
20141201|87|"CALETA OLIVIA"|305|"PESCADO SECO, SALADO O EN SALMUERA; PESCADOAHUMADO, INCLUSO "|0|0|0
20150101|87|"CALETA OLIVIA"|305|"PESCADO SECO, SALADO O EN SALMUERA; PESCADOAHUMADO, INCLUSO "|0|0|0
20150201|87|"CALETA OLIVIA"|305|"PESCADO SECO, SALADO O EN SALMUERA; PESCADOAHUMADO, INCLUSO "|0|0|0
20150301|87|"CALETA OLIVIA"|305|"PESCADO SECO, SALADO O EN SALMUERA; PESCADOAHUMADO, INCLUSO "|0|0|0
20150401|87|"CALETA OLIVIA"|305|"PESCADO SECO, SALADO O EN SALMUERA; PESCADOAHUMADO, INCLUSO "|0|0|0
20150501|87|"CALETA OLIVIA"|305|"PESCADO SECO, SALADO O EN SALMUERA; PESCADOAHUMADO, INCLUSO "|0|0|0
20150601|87|"CALETA OLIVIA"|305|"PESCADO SECO, SALADO O EN SALMUERA; PESCADOAHUMADO, INCLUSO "|0|0|0
20150701|87|"CALETA OLIVIA"|305|"PESCADO SECO, SALADO O EN SALMUERA; PESCADOAHUMADO, INCLUSO "|0|0|0
20150801|87|"CALETA OLIVIA"|305|"PESCADO SECO, SALADO O EN SALMUERA; PESCADOAHUMADO, INCLUSO "|0|0|0
20150901|87|"CALETA OLIVIA"|305|"PESCADO SECO, SALADO O EN SALMUERA; PESCADOAHUMADO, INCLUSO "|0|0|0
20151001|87|"CALETA OLIVIA"|305|"PESCADO SECO, SALADO O EN SALMUERA; PESCADOAHUMADO, INCLUSO "|0|0|0
20151101|87|"CALETA OLIVIA"|305|"PESCADO SECO, SALADO O EN SALMUERA; PESCADOAHUMADO, INCLUSO "|0|0|0
20151201|87|"CALETA OLIVIA"|305|"PESCADO SECO, SALADO O EN SALMUERA; PESCADOAHUMADO, INCLUSO "|0|0|0
