"fecha_oficia"|"aduana"|"aduana_desc"|"mercaderia"|"mercaderia_desc"|"cantidad"|"kilos"|"importe"
20100101|14|"COMODORO RIVADAVIA"|306|"CRUSTACEOS, INCLUSO PELADOS, VIVOS, FRESCOS, REFRIGERADOS, C"|0|0|0
20100201|14|"COMODORO RIVADAVIA"|306|"CRUSTACEOS, INCLUSO PELADOS, VIVOS, FRESCOS, REFRIGERADOS, C"|0|0|0
20100301|14|"COMODORO RIVADAVIA"|306|"CRUSTACEOS, INCLUSO PELADOS, VIVOS, FRESCOS, REFRIGERADOS, C"|1|38400|209520
20100401|14|"COMODORO RIVADAVIA"|306|"CRUSTACEOS, INCLUSO PELADOS, VIVOS, FRESCOS, REFRIGERADOS, C"|1|23664|126057.6
20100501|14|"COMODORO RIVADAVIA"|306|"CRUSTACEOS, INCLUSO PELADOS, VIVOS, FRESCOS, REFRIGERADOS, C"|0|0|0
20100601|14|"COMODORO RIVADAVIA"|306|"CRUSTACEOS, INCLUSO PELADOS, VIVOS, FRESCOS, REFRIGERADOS, C"|2|38230|299840
20100701|14|"COMODORO RIVADAVIA"|306|"CRUSTACEOS, INCLUSO PELADOS, VIVOS, FRESCOS, REFRIGERADOS, C"|9|76596|590993
20100801|14|"COMODORO RIVADAVIA"|306|"CRUSTACEOS, INCLUSO PELADOS, VIVOS, FRESCOS, REFRIGERADOS, C"|9|43298|325793.95
20100901|14|"COMODORO RIVADAVIA"|306|"CRUSTACEOS, INCLUSO PELADOS, VIVOS, FRESCOS, REFRIGERADOS, C"|2|8984|87348
20101001|14|"COMODORO RIVADAVIA"|306|"CRUSTACEOS, INCLUSO PELADOS, VIVOS, FRESCOS, REFRIGERADOS, C"|10|95728|742857
20101101|14|"COMODORO RIVADAVIA"|306|"CRUSTACEOS, INCLUSO PELADOS, VIVOS, FRESCOS, REFRIGERADOS, C"|4|48876|302662.8
20101201|14|"COMODORO RIVADAVIA"|306|"CRUSTACEOS, INCLUSO PELADOS, VIVOS, FRESCOS, REFRIGERADOS, C"|0|0|0
20110101|14|"COMODORO RIVADAVIA"|306|"CRUSTACEOS, INCLUSO PELADOS, VIVOS, FRESCOS, REFRIGERADOS, C"|0|0|0
20110201|14|"COMODORO RIVADAVIA"|306|"CRUSTACEOS, INCLUSO PELADOS, VIVOS, FRESCOS, REFRIGERADOS, C"|16|200038|1504381
20110301|14|"COMODORO RIVADAVIA"|306|"CRUSTACEOS, INCLUSO PELADOS, VIVOS, FRESCOS, REFRIGERADOS, C"|4|49956|355602.6
20110401|14|"COMODORO RIVADAVIA"|306|"CRUSTACEOS, INCLUSO PELADOS, VIVOS, FRESCOS, REFRIGERADOS, C"|22|296484|1883763
20110501|14|"COMODORO RIVADAVIA"|306|"CRUSTACEOS, INCLUSO PELADOS, VIVOS, FRESCOS, REFRIGERADOS, C"|2|32400|314290
20110601|14|"COMODORO RIVADAVIA"|306|"CRUSTACEOS, INCLUSO PELADOS, VIVOS, FRESCOS, REFRIGERADOS, C"|0|0|0
20110701|14|"COMODORO RIVADAVIA"|306|"CRUSTACEOS, INCLUSO PELADOS, VIVOS, FRESCOS, REFRIGERADOS, C"|0|0|0
20110801|14|"COMODORO RIVADAVIA"|306|"CRUSTACEOS, INCLUSO PELADOS, VIVOS, FRESCOS, REFRIGERADOS, C"|5|229308|1659651.33
20110901|14|"COMODORO RIVADAVIA"|306|"CRUSTACEOS, INCLUSO PELADOS, VIVOS, FRESCOS, REFRIGERADOS, C"|6|226623|1728294.78
20111001|14|"COMODORO RIVADAVIA"|306|"CRUSTACEOS, INCLUSO PELADOS, VIVOS, FRESCOS, REFRIGERADOS, C"|6|31210.5|207091.35
20111101|14|"COMODORO RIVADAVIA"|306|"CRUSTACEOS, INCLUSO PELADOS, VIVOS, FRESCOS, REFRIGERADOS, C"|18|283232|2245306
20111201|14|"COMODORO RIVADAVIA"|306|"CRUSTACEOS, INCLUSO PELADOS, VIVOS, FRESCOS, REFRIGERADOS, C"|20|305855.85|2510488.08
20120101|14|"COMODORO RIVADAVIA"|306|"CRUSTACEOS, INCLUSO PELADOS, VIVOS, FRESCOS, REFRIGERADOS, C"|24|556639|3620019.4
20120201|14|"COMODORO RIVADAVIA"|306|"CRUSTACEOS, INCLUSO PELADOS, VIVOS, FRESCOS, REFRIGERADOS, C"|5|169556|1239914.4
20120301|14|"COMODORO RIVADAVIA"|306|"CRUSTACEOS, INCLUSO PELADOS, VIVOS, FRESCOS, REFRIGERADOS, C"|4|183984|1466000.4
20120401|14|"COMODORO RIVADAVIA"|306|"CRUSTACEOS, INCLUSO PELADOS, VIVOS, FRESCOS, REFRIGERADOS, C"|6|222944|1627044.5
20120501|14|"COMODORO RIVADAVIA"|306|"CRUSTACEOS, INCLUSO PELADOS, VIVOS, FRESCOS, REFRIGERADOS, C"|10|189908|1430527.5
20120601|14|"COMODORO RIVADAVIA"|306|"CRUSTACEOS, INCLUSO PELADOS, VIVOS, FRESCOS, REFRIGERADOS, C"|0|0|0
20120701|14|"COMODORO RIVADAVIA"|306|"CRUSTACEOS, INCLUSO PELADOS, VIVOS, FRESCOS, REFRIGERADOS, C"|0|0|0
20120801|14|"COMODORO RIVADAVIA"|306|"CRUSTACEOS, INCLUSO PELADOS, VIVOS, FRESCOS, REFRIGERADOS, C"|0|0|0
20120901|14|"COMODORO RIVADAVIA"|306|"CRUSTACEOS, INCLUSO PELADOS, VIVOS, FRESCOS, REFRIGERADOS, C"|2|88972|462654.4
20121001|14|"COMODORO RIVADAVIA"|306|"CRUSTACEOS, INCLUSO PELADOS, VIVOS, FRESCOS, REFRIGERADOS, C"|2|62510|486210
20121101|14|"COMODORO RIVADAVIA"|306|"CRUSTACEOS, INCLUSO PELADOS, VIVOS, FRESCOS, REFRIGERADOS, C"|7|257133.73|2001119.13
20121201|14|"COMODORO RIVADAVIA"|306|"CRUSTACEOS, INCLUSO PELADOS, VIVOS, FRESCOS, REFRIGERADOS, C"|11|252610.49|1950279.07
20130101|14|"COMODORO RIVADAVIA"|306|"CRUSTACEOS, INCLUSO PELADOS, VIVOS, FRESCOS, REFRIGERADOS, C"|4|282814.52|2468919.4
20130201|14|"COMODORO RIVADAVIA"|306|"CRUSTACEOS, INCLUSO PELADOS, VIVOS, FRESCOS, REFRIGERADOS, C"|11|334791.44|2918561.9
20130301|14|"COMODORO RIVADAVIA"|306|"CRUSTACEOS, INCLUSO PELADOS, VIVOS, FRESCOS, REFRIGERADOS, C"|2|32040|150182.4
20130401|14|"COMODORO RIVADAVIA"|306|"CRUSTACEOS, INCLUSO PELADOS, VIVOS, FRESCOS, REFRIGERADOS, C"|3|22056|101493.6
20130501|14|"COMODORO RIVADAVIA"|306|"CRUSTACEOS, INCLUSO PELADOS, VIVOS, FRESCOS, REFRIGERADOS, C"|1|21312|85651.2
20130601|14|"COMODORO RIVADAVIA"|306|"CRUSTACEOS, INCLUSO PELADOS, VIVOS, FRESCOS, REFRIGERADOS, C"|3|1104|6168
20130701|14|"COMODORO RIVADAVIA"|306|"CRUSTACEOS, INCLUSO PELADOS, VIVOS, FRESCOS, REFRIGERADOS, C"|0|0|0
20130801|14|"COMODORO RIVADAVIA"|306|"CRUSTACEOS, INCLUSO PELADOS, VIVOS, FRESCOS, REFRIGERADOS, C"|0|0|0
20130901|14|"COMODORO RIVADAVIA"|306|"CRUSTACEOS, INCLUSO PELADOS, VIVOS, FRESCOS, REFRIGERADOS, C"|1|24000|145980
20131001|14|"COMODORO RIVADAVIA"|306|"CRUSTACEOS, INCLUSO PELADOS, VIVOS, FRESCOS, REFRIGERADOS, C"|3|48000|276943
20131101|14|"COMODORO RIVADAVIA"|306|"CRUSTACEOS, INCLUSO PELADOS, VIVOS, FRESCOS, REFRIGERADOS, C"|3|46568|241431
20131201|14|"COMODORO RIVADAVIA"|306|"CRUSTACEOS, INCLUSO PELADOS, VIVOS, FRESCOS, REFRIGERADOS, C"|4|68540|453237.2
20140101|14|"COMODORO RIVADAVIA"|306|"CRUSTACEOS, INCLUSO PELADOS, VIVOS, FRESCOS, REFRIGERADOS, C"|7|87808|524237.2
20140201|14|"COMODORO RIVADAVIA"|306|"CRUSTACEOS, INCLUSO PELADOS, VIVOS, FRESCOS, REFRIGERADOS, C"|7|118739.08|849856.58
20140301|14|"COMODORO RIVADAVIA"|306|"CRUSTACEOS, INCLUSO PELADOS, VIVOS, FRESCOS, REFRIGERADOS, C"|4|81997.78|653923.88
20140401|14|"COMODORO RIVADAVIA"|306|"CRUSTACEOS, INCLUSO PELADOS, VIVOS, FRESCOS, REFRIGERADOS, C"|6|103422.5|694558
20140501|14|"COMODORO RIVADAVIA"|306|"CRUSTACEOS, INCLUSO PELADOS, VIVOS, FRESCOS, REFRIGERADOS, C"|7|118420.9|867001.05
20140601|14|"COMODORO RIVADAVIA"|306|"CRUSTACEOS, INCLUSO PELADOS, VIVOS, FRESCOS, REFRIGERADOS, C"|4|116484.83|921301.43
20140701|14|"COMODORO RIVADAVIA"|306|"CRUSTACEOS, INCLUSO PELADOS, VIVOS, FRESCOS, REFRIGERADOS, C"|9|216337.63|1690315.71
20140801|14|"COMODORO RIVADAVIA"|306|"CRUSTACEOS, INCLUSO PELADOS, VIVOS, FRESCOS, REFRIGERADOS, C"|8|174356.7|1286495.31
20140901|14|"COMODORO RIVADAVIA"|306|"CRUSTACEOS, INCLUSO PELADOS, VIVOS, FRESCOS, REFRIGERADOS, C"|10|209524.43|1546052.6
20141001|14|"COMODORO RIVADAVIA"|306|"CRUSTACEOS, INCLUSO PELADOS, VIVOS, FRESCOS, REFRIGERADOS, C"|14|250124.24|1839667.38
20141101|14|"COMODORO RIVADAVIA"|306|"CRUSTACEOS, INCLUSO PELADOS, VIVOS, FRESCOS, REFRIGERADOS, C"|5|39016|310834.4
20141201|14|"COMODORO RIVADAVIA"|306|"CRUSTACEOS, INCLUSO PELADOS, VIVOS, FRESCOS, REFRIGERADOS, C"|10|174080.64|1102761.46
20150101|14|"COMODORO RIVADAVIA"|306|"CRUSTACEOS, INCLUSO PELADOS, VIVOS, FRESCOS, REFRIGERADOS, C"|11|334659.08|2303769.87
20150201|14|"COMODORO RIVADAVIA"|306|"CRUSTACEOS, INCLUSO PELADOS, VIVOS, FRESCOS, REFRIGERADOS, C"|6|261326.24|1732121.18
20150301|14|"COMODORO RIVADAVIA"|306|"CRUSTACEOS, INCLUSO PELADOS, VIVOS, FRESCOS, REFRIGERADOS, C"|5|301881.11|2163025.28
20150401|14|"COMODORO RIVADAVIA"|306|"CRUSTACEOS, INCLUSO PELADOS, VIVOS, FRESCOS, REFRIGERADOS, C"|6|142106.65|1048518.99
20150501|14|"COMODORO RIVADAVIA"|306|"CRUSTACEOS, INCLUSO PELADOS, VIVOS, FRESCOS, REFRIGERADOS, C"|0|0|0
20150601|14|"COMODORO RIVADAVIA"|306|"CRUSTACEOS, INCLUSO PELADOS, VIVOS, FRESCOS, REFRIGERADOS, C"|4|30108|166958.4
20150701|14|"COMODORO RIVADAVIA"|306|"CRUSTACEOS, INCLUSO PELADOS, VIVOS, FRESCOS, REFRIGERADOS, C"|10|90024|471037.2
20150801|14|"COMODORO RIVADAVIA"|306|"CRUSTACEOS, INCLUSO PELADOS, VIVOS, FRESCOS, REFRIGERADOS, C"|6|94012|486290.8
20150901|14|"COMODORO RIVADAVIA"|306|"CRUSTACEOS, INCLUSO PELADOS, VIVOS, FRESCOS, REFRIGERADOS, C"|7|142652|700197.2
20151001|14|"COMODORO RIVADAVIA"|306|"CRUSTACEOS, INCLUSO PELADOS, VIVOS, FRESCOS, REFRIGERADOS, C"|7|115689.6|592812.4
20151101|14|"COMODORO RIVADAVIA"|306|"CRUSTACEOS, INCLUSO PELADOS, VIVOS, FRESCOS, REFRIGERADOS, C"|11|185012|955623.64
20151201|14|"COMODORO RIVADAVIA"|306|"CRUSTACEOS, INCLUSO PELADOS, VIVOS, FRESCOS, REFRIGERADOS, C"|8|116928|719107.2
