"fecha_oficia"|"aduana"|"aduana_desc"|"mercaderia"|"mercaderia_desc"|"cantidad"|"kilos"|"importe"
20100101|47|"PUERTO MADRYN"|307|"MOLUSCOS, INCLUSO SEPARADOS DE SUS VALVAS, VIVOS, FRESCOS, R"|43|4857111.6|6029655.69
20100201|47|"PUERTO MADRYN"|307|"MOLUSCOS, INCLUSO SEPARADOS DE SUS VALVAS, VIVOS, FRESCOS, R"|48|5523869.7|8726249.41
20100301|47|"PUERTO MADRYN"|307|"MOLUSCOS, INCLUSO SEPARADOS DE SUS VALVAS, VIVOS, FRESCOS, R"|115|7654457.58|16064585.82
20100401|47|"PUERTO MADRYN"|307|"MOLUSCOS, INCLUSO SEPARADOS DE SUS VALVAS, VIVOS, FRESCOS, R"|42|6932384.95|14225513
20100501|47|"PUERTO MADRYN"|307|"MOLUSCOS, INCLUSO SEPARADOS DE SUS VALVAS, VIVOS, FRESCOS, R"|29|3790114.79|8453896.75
20100601|47|"PUERTO MADRYN"|307|"MOLUSCOS, INCLUSO SEPARADOS DE SUS VALVAS, VIVOS, FRESCOS, R"|23|3053976.92|7511915.9
20100701|47|"PUERTO MADRYN"|307|"MOLUSCOS, INCLUSO SEPARADOS DE SUS VALVAS, VIVOS, FRESCOS, R"|17|216986.85|960030.74
20100801|47|"PUERTO MADRYN"|307|"MOLUSCOS, INCLUSO SEPARADOS DE SUS VALVAS, VIVOS, FRESCOS, R"|42|3646852.8|11870652.82
20100901|47|"PUERTO MADRYN"|307|"MOLUSCOS, INCLUSO SEPARADOS DE SUS VALVAS, VIVOS, FRESCOS, R"|47|11225430.02|26960603.66
20101001|47|"PUERTO MADRYN"|307|"MOLUSCOS, INCLUSO SEPARADOS DE SUS VALVAS, VIVOS, FRESCOS, R"|28|1482509.8|4346632.9
20101101|47|"PUERTO MADRYN"|307|"MOLUSCOS, INCLUSO SEPARADOS DE SUS VALVAS, VIVOS, FRESCOS, R"|40|3110599.48|6607160.85
20101201|47|"PUERTO MADRYN"|307|"MOLUSCOS, INCLUSO SEPARADOS DE SUS VALVAS, VIVOS, FRESCOS, R"|50|3606249.76|7757749.41
20110101|47|"PUERTO MADRYN"|307|"MOLUSCOS, INCLUSO SEPARADOS DE SUS VALVAS, VIVOS, FRESCOS, R"|20|1015350.18|2823613.02
20110201|47|"PUERTO MADRYN"|307|"MOLUSCOS, INCLUSO SEPARADOS DE SUS VALVAS, VIVOS, FRESCOS, R"|37|2742961.9|5462084.23
20110301|47|"PUERTO MADRYN"|307|"MOLUSCOS, INCLUSO SEPARADOS DE SUS VALVAS, VIVOS, FRESCOS, R"|150|20209844.99|50652685.65
20110401|47|"PUERTO MADRYN"|307|"MOLUSCOS, INCLUSO SEPARADOS DE SUS VALVAS, VIVOS, FRESCOS, R"|83|7830139.98|19582064.18
20110501|47|"PUERTO MADRYN"|307|"MOLUSCOS, INCLUSO SEPARADOS DE SUS VALVAS, VIVOS, FRESCOS, R"|69|6385086.34|16833219.11
20110601|47|"PUERTO MADRYN"|307|"MOLUSCOS, INCLUSO SEPARADOS DE SUS VALVAS, VIVOS, FRESCOS, R"|18|1079342.89|2623838.33
20110701|47|"PUERTO MADRYN"|307|"MOLUSCOS, INCLUSO SEPARADOS DE SUS VALVAS, VIVOS, FRESCOS, R"|18|551028.4|2124433.3
20110801|47|"PUERTO MADRYN"|307|"MOLUSCOS, INCLUSO SEPARADOS DE SUS VALVAS, VIVOS, FRESCOS, R"|38|2505602.3|8573682.94
20110901|47|"PUERTO MADRYN"|307|"MOLUSCOS, INCLUSO SEPARADOS DE SUS VALVAS, VIVOS, FRESCOS, R"|34|751361.89|2815687.55
20111001|47|"PUERTO MADRYN"|307|"MOLUSCOS, INCLUSO SEPARADOS DE SUS VALVAS, VIVOS, FRESCOS, R"|27|798466.2|2402974.2
20111101|47|"PUERTO MADRYN"|307|"MOLUSCOS, INCLUSO SEPARADOS DE SUS VALVAS, VIVOS, FRESCOS, R"|30|1279952.5|4553703.36
20111201|47|"PUERTO MADRYN"|307|"MOLUSCOS, INCLUSO SEPARADOS DE SUS VALVAS, VIVOS, FRESCOS, R"|37|3233813|6924246.95
20120101|47|"PUERTO MADRYN"|307|"MOLUSCOS, INCLUSO SEPARADOS DE SUS VALVAS, VIVOS, FRESCOS, R"|48|2513407.74|6511130.25
20120201|47|"PUERTO MADRYN"|307|"MOLUSCOS, INCLUSO SEPARADOS DE SUS VALVAS, VIVOS, FRESCOS, R"|69|11741328|26942648.84
20120301|47|"PUERTO MADRYN"|307|"MOLUSCOS, INCLUSO SEPARADOS DE SUS VALVAS, VIVOS, FRESCOS, R"|100|8384653.81|20153887.39
20120401|47|"PUERTO MADRYN"|307|"MOLUSCOS, INCLUSO SEPARADOS DE SUS VALVAS, VIVOS, FRESCOS, R"|96|8030433.39|20875953.47
20120501|47|"PUERTO MADRYN"|307|"MOLUSCOS, INCLUSO SEPARADOS DE SUS VALVAS, VIVOS, FRESCOS, R"|109|6788000.75|17466419.4
20120601|47|"PUERTO MADRYN"|307|"MOLUSCOS, INCLUSO SEPARADOS DE SUS VALVAS, VIVOS, FRESCOS, R"|54|2119438.11|5095981.59
20120701|47|"PUERTO MADRYN"|307|"MOLUSCOS, INCLUSO SEPARADOS DE SUS VALVAS, VIVOS, FRESCOS, R"|40|1372946.64|2905686.98
20120801|47|"PUERTO MADRYN"|307|"MOLUSCOS, INCLUSO SEPARADOS DE SUS VALVAS, VIVOS, FRESCOS, R"|22|721346.64|2052636.19
20120901|47|"PUERTO MADRYN"|307|"MOLUSCOS, INCLUSO SEPARADOS DE SUS VALVAS, VIVOS, FRESCOS, R"|7|177614|312727.95
20121001|47|"PUERTO MADRYN"|307|"MOLUSCOS, INCLUSO SEPARADOS DE SUS VALVAS, VIVOS, FRESCOS, R"|12|170111.2|288514.06
20121101|47|"PUERTO MADRYN"|307|"MOLUSCOS, INCLUSO SEPARADOS DE SUS VALVAS, VIVOS, FRESCOS, R"|2|54000|327200
20121201|47|"PUERTO MADRYN"|307|"MOLUSCOS, INCLUSO SEPARADOS DE SUS VALVAS, VIVOS, FRESCOS, R"|9|41667|57317.33
20130101|47|"PUERTO MADRYN"|307|"MOLUSCOS, INCLUSO SEPARADOS DE SUS VALVAS, VIVOS, FRESCOS, R"|5|62436.16|88857.31
20130201|47|"PUERTO MADRYN"|307|"MOLUSCOS, INCLUSO SEPARADOS DE SUS VALVAS, VIVOS, FRESCOS, R"|19|2466189.74|4189665.77
20130301|47|"PUERTO MADRYN"|307|"MOLUSCOS, INCLUSO SEPARADOS DE SUS VALVAS, VIVOS, FRESCOS, R"|66|5223717.4|9292017.3
20130401|47|"PUERTO MADRYN"|307|"MOLUSCOS, INCLUSO SEPARADOS DE SUS VALVAS, VIVOS, FRESCOS, R"|122|7376875.42|15147709.28
20130501|47|"PUERTO MADRYN"|307|"MOLUSCOS, INCLUSO SEPARADOS DE SUS VALVAS, VIVOS, FRESCOS, R"|113|7613412.11|16133798.08
20130601|47|"PUERTO MADRYN"|307|"MOLUSCOS, INCLUSO SEPARADOS DE SUS VALVAS, VIVOS, FRESCOS, R"|76|5921615.2|12612056.97
20130701|47|"PUERTO MADRYN"|307|"MOLUSCOS, INCLUSO SEPARADOS DE SUS VALVAS, VIVOS, FRESCOS, R"|64|4435353.05|9764148.87
20130801|47|"PUERTO MADRYN"|307|"MOLUSCOS, INCLUSO SEPARADOS DE SUS VALVAS, VIVOS, FRESCOS, R"|42|3850489.7|6195829.2
20130901|47|"PUERTO MADRYN"|307|"MOLUSCOS, INCLUSO SEPARADOS DE SUS VALVAS, VIVOS, FRESCOS, R"|21|1615738.93|2160460.91
20131001|47|"PUERTO MADRYN"|307|"MOLUSCOS, INCLUSO SEPARADOS DE SUS VALVAS, VIVOS, FRESCOS, R"|17|347332.6|486683.55
20131101|47|"PUERTO MADRYN"|307|"MOLUSCOS, INCLUSO SEPARADOS DE SUS VALVAS, VIVOS, FRESCOS, R"|25|1077314.58|1747079.18
20131201|47|"PUERTO MADRYN"|307|"MOLUSCOS, INCLUSO SEPARADOS DE SUS VALVAS, VIVOS, FRESCOS, R"|10|308003.78|403925.16
20140101|47|"PUERTO MADRYN"|307|"MOLUSCOS, INCLUSO SEPARADOS DE SUS VALVAS, VIVOS, FRESCOS, R"|18|665151.3|772105.25
20140201|47|"PUERTO MADRYN"|307|"MOLUSCOS, INCLUSO SEPARADOS DE SUS VALVAS, VIVOS, FRESCOS, R"|11|1518529.79|2150418.4
20140301|47|"PUERTO MADRYN"|307|"MOLUSCOS, INCLUSO SEPARADOS DE SUS VALVAS, VIVOS, FRESCOS, R"|107|7256187.35|11220182.06
20140401|47|"PUERTO MADRYN"|307|"MOLUSCOS, INCLUSO SEPARADOS DE SUS VALVAS, VIVOS, FRESCOS, R"|101|9772573.36|15191623.26
20140501|47|"PUERTO MADRYN"|307|"MOLUSCOS, INCLUSO SEPARADOS DE SUS VALVAS, VIVOS, FRESCOS, R"|129|9271161.07|14421543.73
20140601|47|"PUERTO MADRYN"|307|"MOLUSCOS, INCLUSO SEPARADOS DE SUS VALVAS, VIVOS, FRESCOS, R"|63|4717062.8|7409665.58
20140701|47|"PUERTO MADRYN"|307|"MOLUSCOS, INCLUSO SEPARADOS DE SUS VALVAS, VIVOS, FRESCOS, R"|51|3095493.63|4168994.84
20140801|47|"PUERTO MADRYN"|307|"MOLUSCOS, INCLUSO SEPARADOS DE SUS VALVAS, VIVOS, FRESCOS, R"|28|2094825.42|3100293.03
20140901|47|"PUERTO MADRYN"|307|"MOLUSCOS, INCLUSO SEPARADOS DE SUS VALVAS, VIVOS, FRESCOS, R"|19|956251|1229416.98
20141001|47|"PUERTO MADRYN"|307|"MOLUSCOS, INCLUSO SEPARADOS DE SUS VALVAS, VIVOS, FRESCOS, R"|22|400122.5|599485.59
20141101|47|"PUERTO MADRYN"|307|"MOLUSCOS, INCLUSO SEPARADOS DE SUS VALVAS, VIVOS, FRESCOS, R"|6|638945|525520.9
20141201|47|"PUERTO MADRYN"|307|"MOLUSCOS, INCLUSO SEPARADOS DE SUS VALVAS, VIVOS, FRESCOS, R"|8|130614|201055.08
20150101|47|"PUERTO MADRYN"|307|"MOLUSCOS, INCLUSO SEPARADOS DE SUS VALVAS, VIVOS, FRESCOS, R"|19|226599|257288.02
20150201|47|"PUERTO MADRYN"|307|"MOLUSCOS, INCLUSO SEPARADOS DE SUS VALVAS, VIVOS, FRESCOS, R"|5|84086|133622.38
20150301|47|"PUERTO MADRYN"|307|"MOLUSCOS, INCLUSO SEPARADOS DE SUS VALVAS, VIVOS, FRESCOS, R"|48|4650554.98|5391203.94
20150401|47|"PUERTO MADRYN"|307|"MOLUSCOS, INCLUSO SEPARADOS DE SUS VALVAS, VIVOS, FRESCOS, R"|37|2366937.01|2309128.01
20150501|47|"PUERTO MADRYN"|307|"MOLUSCOS, INCLUSO SEPARADOS DE SUS VALVAS, VIVOS, FRESCOS, R"|34|1369310.21|1623574.43
20150601|47|"PUERTO MADRYN"|307|"MOLUSCOS, INCLUSO SEPARADOS DE SUS VALVAS, VIVOS, FRESCOS, R"|28|1041961|1431833.13
20150701|47|"PUERTO MADRYN"|307|"MOLUSCOS, INCLUSO SEPARADOS DE SUS VALVAS, VIVOS, FRESCOS, R"|32|1168469.23|1634732.3
20150801|47|"PUERTO MADRYN"|307|"MOLUSCOS, INCLUSO SEPARADOS DE SUS VALVAS, VIVOS, FRESCOS, R"|3|67886|57029.98
20150901|47|"PUERTO MADRYN"|307|"MOLUSCOS, INCLUSO SEPARADOS DE SUS VALVAS, VIVOS, FRESCOS, R"|2|29200|29200
20151001|47|"PUERTO MADRYN"|307|"MOLUSCOS, INCLUSO SEPARADOS DE SUS VALVAS, VIVOS, FRESCOS, R"|2|27445|27445
20151101|47|"PUERTO MADRYN"|307|"MOLUSCOS, INCLUSO SEPARADOS DE SUS VALVAS, VIVOS, FRESCOS, R"|0|0|0
20151201|47|"PUERTO MADRYN"|307|"MOLUSCOS, INCLUSO SEPARADOS DE SUS VALVAS, VIVOS, FRESCOS, R"|1|6119|7342.8
