"fecha_oficia"|"aduana"|"aduana_desc"|"mercaderia"|"mercaderia_desc"|"cantidad"|"kilos"|"importe"
20100101|20|"DIAMANTE"|304|"FILETES Y DEMAS CARNE DE PESCADO (INCLUSO PICADA), FRESCOS, "|2|56028|44822.4
20100201|20|"DIAMANTE"|304|"FILETES Y DEMAS CARNE DE PESCADO (INCLUSO PICADA), FRESCOS, "|2|33514|34536.2
20100301|20|"DIAMANTE"|304|"FILETES Y DEMAS CARNE DE PESCADO (INCLUSO PICADA), FRESCOS, "|4|83979|71545.95
20100401|20|"DIAMANTE"|304|"FILETES Y DEMAS CARNE DE PESCADO (INCLUSO PICADA), FRESCOS, "|1|28014|22411.2
20100501|20|"DIAMANTE"|304|"FILETES Y DEMAS CARNE DE PESCADO (INCLUSO PICADA), FRESCOS, "|2|30514|30211.2
20100601|20|"DIAMANTE"|304|"FILETES Y DEMAS CARNE DE PESCADO (INCLUSO PICADA), FRESCOS, "|3|57528|48572.4
20100701|20|"DIAMANTE"|304|"FILETES Y DEMAS CARNE DE PESCADO (INCLUSO PICADA), FRESCOS, "|1|10000|8000
20100801|20|"DIAMANTE"|304|"FILETES Y DEMAS CARNE DE PESCADO (INCLUSO PICADA), FRESCOS, "|2|15985|42788
20100901|20|"DIAMANTE"|304|"FILETES Y DEMAS CARNE DE PESCADO (INCLUSO PICADA), FRESCOS, "|3|11000|41800
20101001|20|"DIAMANTE"|304|"FILETES Y DEMAS CARNE DE PESCADO (INCLUSO PICADA), FRESCOS, "|1|5000|19000
20101101|20|"DIAMANTE"|304|"FILETES Y DEMAS CARNE DE PESCADO (INCLUSO PICADA), FRESCOS, "|1|16000|38285.71
20101201|20|"DIAMANTE"|304|"FILETES Y DEMAS CARNE DE PESCADO (INCLUSO PICADA), FRESCOS, "|3|70728|79997.4
20110101|20|"DIAMANTE"|304|"FILETES Y DEMAS CARNE DE PESCADO (INCLUSO PICADA), FRESCOS,"|0|0|0
20110201|20|"DIAMANTE"|304|"FILETES Y DEMAS CARNE DE PESCADO (INCLUSO PICADA), FRESCOS, "|2|25310|25310
20110301|20|"DIAMANTE"|304|"FILETES Y DEMAS CARNE DE PESCADO (INCLUSO PICADA), FRESCOS,"|0|0|0
20110401|20|"DIAMANTE"|304|"FILETES Y DEMAS CARNE DE PESCADO (INCLUSO PICADA), FRESCOS, "|1|10000|35000
20110501|20|"DIAMANTE"|304|"FILETES Y DEMAS CARNE DE PESCADO (INCLUSO PICADA), FRESCOS,"|0|0|0
20110601|20|"DIAMANTE"|304|"FILETES Y DEMAS CARNE DE PESCADO (INCLUSO PICADA), FRESCOS,"|0|0|0
20110701|20|"DIAMANTE"|304|"FILETES Y DEMAS CARNE DE PESCADO (INCLUSO PICADA), FRESCOS, "|8|37300|145794.4
20110801|20|"DIAMANTE"|304|"FILETES Y DEMAS CARNE DE PESCADO (INCLUSO PICADA), FRESCOS,"|0|0|0
20110901|20|"DIAMANTE"|304|"FILETES Y DEMAS CARNE DE PESCADO (INCLUSO PICADA), FRESCOS, "|1|8000|34400
20111001|20|"DIAMANTE"|304|"FILETES Y DEMAS CARNE DE PESCADO (INCLUSO PICADA), FRESCOS, "|1|16002|14401.8
20111101|20|"DIAMANTE"|304|"FILETES Y DEMAS CARNE DE PESCADO (INCLUSO PICADA), FRESCOS, "|3|72030|70429.8
20111201|20|"DIAMANTE"|304|"FILETES Y DEMAS CARNE DE PESCADO (INCLUSO PICADA), FRESCOS, "|1|28014|28014
20120101|20|"DIAMANTE"|304|"FILETES Y DEMAS CARNE DE PESCADO (INCLUSO PICADA), FRESCOS, "|2|40719|36647.1
20120201|20|"DIAMANTE"|304|"FILETES Y DEMAS CARNE DE PESCADO (INCLUSO PICADA), FRESCOS,"|0|0|0
20120301|20|"DIAMANTE"|304|"FILETES Y DEMAS CARNE DE PESCADO (INCLUSO PICADA), FRESCOS, "|1|420|504
20120401|20|"DIAMANTE"|304|"FILETES Y DEMAS CARNE DE PESCADO (INCLUSO PICADA), FRESCOS, "|4|4360|2852
20120501|20|"DIAMANTE"|304|"FILETES Y DEMAS CARNE DE PESCADO (INCLUSO PICADA), FRESCOS, "|2|4000|18000
20120601|20|"DIAMANTE"|304|"FILETES Y DEMAS CARNE DE PESCADO (INCLUSO PICADA), FRESCOS, "|7|2960|6752
20120701|20|"DIAMANTE"|304|"FILETES Y DEMAS CARNE DE PESCADO (INCLUSO PICADA), FRESCOS, "|12|60516.8|58914.56
20120801|20|"DIAMANTE"|304|"FILETES Y DEMAS CARNE DE PESCADO (INCLUSO PICADA), FRESCOS, "|10|489.2|587.04
20120901|20|"DIAMANTE"|304|"FILETES Y DEMAS CARNE DE PESCADO (INCLUSO PICADA), FRESCOS, "|3|39640|39240
20121001|20|"DIAMANTE"|304|"FILETES Y DEMAS CARNE DE PESCADO (INCLUSO PICADA), FRESCOS, "|2|4000|2400
20121101|20|"DIAMANTE"|304|"FILETES Y DEMAS CARNE DE PESCADO (INCLUSO PICADA), FRESCOS,"|0|0|0
20121201|20|"DIAMANTE"|304|"FILETES Y DEMAS CARNE DE PESCADO (INCLUSO PICADA), FRESCOS, "|6|15596.6|32823.27
20130101|20|"DIAMANTE"|304|"FILETES Y DEMAS CARNE DE PESCADO (INCLUSO PICADA), FRESCOS, "|7|34322|86193.66
20130201|20|"DIAMANTE"|304|"FILETES Y DEMAS CARNE DE PESCADO (INCLUSO PICADA), FRESCOS, "|1|600|360
20130301|20|"DIAMANTE"|304|"FILETES Y DEMAS CARNE DE PESCADO (INCLUSO PICADA), FRESCOS, "|3|18418|41140.86
20130401|20|"DIAMANTE"|304|"FILETES Y DEMAS CARNE DE PESCADO (INCLUSO PICADA), FRESCOS, "|17|7343|16392
20130501|20|"DIAMANTE"|304|"FILETES Y DEMAS CARNE DE PESCADO (INCLUSO PICADA), FRESCOS, "|3|1240|888
20130601|20|"DIAMANTE"|304|"FILETES Y DEMAS CARNE DE PESCADO (INCLUSO PICADA), FRESCOS, "|3|3020|1884
20130701|20|"DIAMANTE"|304|"FILETES Y DEMAS CARNE DE PESCADO (INCLUSO PICADA), FRESCOS, "|12|2116|2059.2
20130801|20|"DIAMANTE"|304|"FILETES Y DEMAS CARNE DE PESCADO (INCLUSO PICADA), FRESCOS, "|6|10380|26136
20130901|20|"DIAMANTE"|304|"FILETES Y DEMAS CARNE DE PESCADO (INCLUSO PICADA), FRESCOS, "|6|9300|25560
20131001|20|"DIAMANTE"|304|"FILETES Y DEMAS CARNE DE PESCADO (INCLUSO PICADA), FRESCOS, "|14|27583|39162.1
20131101|20|"DIAMANTE"|304|"FILETES Y DEMAS CARNE DE PESCADO (INCLUSO PICADA), FRESCOS, "|10|38037|68419.5
20131201|20|"DIAMANTE"|304|"FILETES Y DEMAS CARNE DE PESCADO (INCLUSO PICADA), FRESCOS, "|12|48417|69721.5
20140101|20|"DIAMANTE"|304|"FILETES Y DEMAS CARNE DE PESCADO (INCLUSO PICADA), FRESCOS, "|14|8683.8|19476.06
20140201|20|"DIAMANTE"|304|"FILETES Y DEMAS CARNE DE PESCADO (INCLUSO PICADA), FRESCOS, "|15|49660|66940.5
20140301|20|"DIAMANTE"|304|"FILETES Y DEMAS CARNE DE PESCADO (INCLUSO PICADA), FRESCOS, "|8|912|1814.4
20140401|20|"DIAMANTE"|304|"FILETES Y DEMAS CARNE DE PESCADO (INCLUSO PICADA), FRESCOS, "|15|6880|8736
20140501|20|"DIAMANTE"|304|"FILETES Y DEMAS CARNE DE PESCADO (INCLUSO PICADA), FRESCOS, "|6|20829|20992.2
20140601|20|"DIAMANTE"|304|"FILETES Y DEMAS CARNE DE PESCADO (INCLUSO PICADA), FRESCOS, "|6|16818|16981.2
20140701|20|"DIAMANTE"|304|"FILETES Y DEMAS CARNE DE PESCADO (INCLUSO PICADA), FRESCOS, "|6|1356.8|1628.16
20140801|20|"DIAMANTE"|304|"FILETES Y DEMAS CARNE DE PESCADO (INCLUSO PICADA), FRESCOS, "|4|1000|960
20140901|20|"DIAMANTE"|304|"FILETES Y DEMAS CARNE DE PESCADO (INCLUSO PICADA), FRESCOS, "|18|46952|89112
20141001|20|"DIAMANTE"|304|"FILETES Y DEMAS CARNE DE PESCADO (INCLUSO PICADA), FRESCOS, "|1|400|240
20141101|20|"DIAMANTE"|304|"FILETES Y DEMAS CARNE DE PESCADO (INCLUSO PICADA), FRESCOS, "|20|23189.8|33629.04
20141201|20|"DIAMANTE"|304|"FILETES Y DEMAS CARNE DE PESCADO (INCLUSO PICADA), FRESCOS, "|4|1816|4420.8
20150101|20|"DIAMANTE"|304|"FILETES Y DEMAS CARNE DE PESCADO (INCLUSO PICADA), FRESCOS, "|4|18314|20877.2
20150201|20|"DIAMANTE"|304|"FILETES Y DEMAS CARNE DE PESCADO (INCLUSO PICADA), FRESCOS, "|20|7944|17169.2
20150301|20|"DIAMANTE"|304|"FILETES Y DEMAS CARNE DE PESCADO (INCLUSO PICADA), FRESCOS, "|10|2700|5492
20150401|20|"DIAMANTE"|304|"FILETES Y DEMAS CARNE DE PESCADO (INCLUSO PICADA), FRESCOS, "|11|41228.4|42568.72
20150501|20|"DIAMANTE"|304|"FILETES Y DEMAS CARNE DE PESCADO (INCLUSO PICADA), FRESCOS, "|9|2740|5914
20150601|20|"DIAMANTE"|304|"FILETES Y DEMAS CARNE DE PESCADO (INCLUSO PICADA), FRESCOS, "|11|2420|6718
20150701|20|"DIAMANTE"|304|"FILETES Y DEMAS CARNE DE PESCADO (INCLUSO PICADA), FRESCOS, "|4|720|1620
20150801|20|"DIAMANTE"|304|"FILETES Y DEMAS CARNE DE PESCADO (INCLUSO PICADA), FRESCOS, "|16|3160|6164
20150901|20|"DIAMANTE"|304|"FILETES Y DEMAS CARNE DE PESCADO (INCLUSO PICADA), FRESCOS, "|6|39236|86535.2
20151001|20|"DIAMANTE"|304|"FILETES Y DEMAS CARNE DE PESCADO (INCLUSO PICADA), FRESCOS, "|9|1231.2|3800.16
20151101|20|"DIAMANTE"|304|"FILETES Y DEMAS CARNE DE PESCADO (INCLUSO PICADA), FRESCOS, "|9|1219.2|2944.96
20151201|20|"DIAMANTE"|304|"FILETES Y DEMAS CARNE DE PESCADO (INCLUSO PICADA), FRESCOS, "|8|5588|12094.8
