"fecha_oficia"|"aduana"|"aduana_desc"|"mercaderia"|"mercaderia_desc"|"cantidad"|"kilos"|"importe"
20100101|62|"SANTA FE"|304|"FILETES Y DEMAS CARNE DE PESCADO (INCLUSO PICADA), FRESCOS,"|0|0|0
20100201|62|"SANTA FE"|304|"FILETES Y DEMAS CARNE DE PESCADO (INCLUSO PICADA), FRESCOS,"|0|0|0
20100301|62|"SANTA FE"|304|"FILETES Y DEMAS CARNE DE PESCADO (INCLUSO PICADA), FRESCOS,"|0|0|0
20100401|62|"SANTA FE"|304|"FILETES Y DEMAS CARNE DE PESCADO (INCLUSO PICADA), FRESCOS,"|0|0|0
20100501|62|"SANTA FE"|304|"FILETES Y DEMAS CARNE DE PESCADO (INCLUSO PICADA), FRESCOS,"|0|0|0
20100601|62|"SANTA FE"|304|"FILETES Y DEMAS CARNE DE PESCADO (INCLUSO PICADA), FRESCOS,"|0|0|0
20100701|62|"SANTA FE"|304|"FILETES Y DEMAS CARNE DE PESCADO (INCLUSO PICADA), FRESCOS,"|0|0|0
20100801|62|"SANTA FE"|304|"FILETES Y DEMAS CARNE DE PESCADO (INCLUSO PICADA), FRESCOS,"|0|0|0
20100901|62|"SANTA FE"|304|"FILETES Y DEMAS CARNE DE PESCADO (INCLUSO PICADA), FRESCOS,"|0|0|0
20101001|62|"SANTA FE"|304|"FILETES Y DEMAS CARNE DE PESCADO (INCLUSO PICADA), FRESCOS,"|0|0|0
20101101|62|"SANTA FE"|304|"FILETES Y DEMAS CARNE DE PESCADO (INCLUSO PICADA), FRESCOS,"|0|0|0
20101201|62|"SANTA FE"|304|"FILETES Y DEMAS CARNE DE PESCADO (INCLUSO PICADA), FRESCOS,"|0|0|0
20110101|62|"SANTA FE"|304|"FILETES Y DEMAS CARNE DE PESCADO (INCLUSO PICADA), FRESCOS,"|0|0|0
20110201|62|"SANTA FE"|304|"FILETES Y DEMAS CARNE DE PESCADO (INCLUSO PICADA), FRESCOS,"|0|0|0
20110301|62|"SANTA FE"|304|"FILETES Y DEMAS CARNE DE PESCADO (INCLUSO PICADA), FRESCOS,"|0|0|0
20110401|62|"SANTA FE"|304|"FILETES Y DEMAS CARNE DE PESCADO (INCLUSO PICADA), FRESCOS,"|0|0|0
20110501|62|"SANTA FE"|304|"FILETES Y DEMAS CARNE DE PESCADO (INCLUSO PICADA), FRESCOS,"|0|0|0
20110601|62|"SANTA FE"|304|"FILETES Y DEMAS CARNE DE PESCADO (INCLUSO PICADA), FRESCOS,"|0|0|0
20110701|62|"SANTA FE"|304|"FILETES Y DEMAS CARNE DE PESCADO (INCLUSO PICADA), FRESCOS,"|0|0|0
20110801|62|"SANTA FE"|304|"FILETES Y DEMAS CARNE DE PESCADO (INCLUSO PICADA), FRESCOS,"|0|0|0
20110901|62|"SANTA FE"|304|"FILETES Y DEMAS CARNE DE PESCADO (INCLUSO PICADA), FRESCOS,"|0|0|0
20111001|62|"SANTA FE"|304|"FILETES Y DEMAS CARNE DE PESCADO (INCLUSO PICADA), FRESCOS,"|0|0|0
20111101|62|"SANTA FE"|304|"FILETES Y DEMAS CARNE DE PESCADO (INCLUSO PICADA), FRESCOS,"|0|0|0
20111201|62|"SANTA FE"|304|"FILETES Y DEMAS CARNE DE PESCADO (INCLUSO PICADA), FRESCOS,"|0|0|0
20120101|62|"SANTA FE"|304|"FILETES Y DEMAS CARNE DE PESCADO (INCLUSO PICADA), FRESCOS,"|0|0|0
20120201|62|"SANTA FE"|304|"FILETES Y DEMAS CARNE DE PESCADO (INCLUSO PICADA), FRESCOS,"|0|0|0
20120301|62|"SANTA FE"|304|"FILETES Y DEMAS CARNE DE PESCADO (INCLUSO PICADA), FRESCOS,"|0|0|0
20120401|62|"SANTA FE"|304|"FILETES Y DEMAS CARNE DE PESCADO (INCLUSO PICADA), FRESCOS,"|0|0|0
20120501|62|"SANTA FE"|304|"FILETES Y DEMAS CARNE DE PESCADO (INCLUSO PICADA), FRESCOS,"|0|0|0
20120601|62|"SANTA FE"|304|"FILETES Y DEMAS CARNE DE PESCADO (INCLUSO PICADA), FRESCOS,"|0|0|0
20120701|62|"SANTA FE"|304|"FILETES Y DEMAS CARNE DE PESCADO (INCLUSO PICADA), FRESCOS,"|0|0|0
20120801|62|"SANTA FE"|304|"FILETES Y DEMAS CARNE DE PESCADO (INCLUSO PICADA), FRESCOS,"|0|0|0
20120901|62|"SANTA FE"|304|"FILETES Y DEMAS CARNE DE PESCADO (INCLUSO PICADA), FRESCOS,"|0|0|0
20121001|62|"SANTA FE"|304|"FILETES Y DEMAS CARNE DE PESCADO (INCLUSO PICADA), FRESCOS,"|0|0|0
20121101|62|"SANTA FE"|304|"FILETES Y DEMAS CARNE DE PESCADO (INCLUSO PICADA), FRESCOS,"|0|0|0
20121201|62|"SANTA FE"|304|"FILETES Y DEMAS CARNE DE PESCADO (INCLUSO PICADA), FRESCOS,"|0|0|0
20130101|62|"SANTA FE"|304|"FILETES Y DEMAS CARNE DE PESCADO (INCLUSO PICADA), FRESCOS,"|0|0|0
20130201|62|"SANTA FE"|304|"FILETES Y DEMAS CARNE DE PESCADO (INCLUSO PICADA), FRESCOS,"|0|0|0
20130301|62|"SANTA FE"|304|"FILETES Y DEMAS CARNE DE PESCADO (INCLUSO PICADA), FRESCOS, "|5|824|1344
20130401|62|"SANTA FE"|304|"FILETES Y DEMAS CARNE DE PESCADO (INCLUSO PICADA), FRESCOS,"|0|0|0
20130501|62|"SANTA FE"|304|"FILETES Y DEMAS CARNE DE PESCADO (INCLUSO PICADA), FRESCOS,"|0|0|0
20130601|62|"SANTA FE"|304|"FILETES Y DEMAS CARNE DE PESCADO (INCLUSO PICADA), FRESCOS,"|0|0|0
20130701|62|"SANTA FE"|304|"FILETES Y DEMAS CARNE DE PESCADO (INCLUSO PICADA), FRESCOS,"|0|0|0
20130801|62|"SANTA FE"|304|"FILETES Y DEMAS CARNE DE PESCADO (INCLUSO PICADA), FRESCOS,"|0|0|0
20130901|62|"SANTA FE"|304|"FILETES Y DEMAS CARNE DE PESCADO (INCLUSO PICADA), FRESCOS,"|0|0|0
20131001|62|"SANTA FE"|304|"FILETES Y DEMAS CARNE DE PESCADO (INCLUSO PICADA), FRESCOS,"|0|0|0
20131101|62|"SANTA FE"|304|"FILETES Y DEMAS CARNE DE PESCADO (INCLUSO PICADA), FRESCOS,"|0|0|0
20131201|62|"SANTA FE"|304|"FILETES Y DEMAS CARNE DE PESCADO (INCLUSO PICADA), FRESCOS,"|0|0|0
20140101|62|"SANTA FE"|304|"FILETES Y DEMAS CARNE DE PESCADO (INCLUSO PICADA), FRESCOS,"|0|0|0
20140201|62|"SANTA FE"|304|"FILETES Y DEMAS CARNE DE PESCADO (INCLUSO PICADA), FRESCOS,"|0|0|0
20140301|62|"SANTA FE"|304|"FILETES Y DEMAS CARNE DE PESCADO (INCLUSO PICADA), FRESCOS,"|0|0|0
20140401|62|"SANTA FE"|304|"FILETES Y DEMAS CARNE DE PESCADO (INCLUSO PICADA), FRESCOS,"|0|0|0
20140501|62|"SANTA FE"|304|"FILETES Y DEMAS CARNE DE PESCADO (INCLUSO PICADA), FRESCOS,"|0|0|0
20140601|62|"SANTA FE"|304|"FILETES Y DEMAS CARNE DE PESCADO (INCLUSO PICADA), FRESCOS,"|0|0|0
20140701|62|"SANTA FE"|304|"FILETES Y DEMAS CARNE DE PESCADO (INCLUSO PICADA), FRESCOS,"|0|0|0
20140801|62|"SANTA FE"|304|"FILETES Y DEMAS CARNE DE PESCADO (INCLUSO PICADA), FRESCOS,"|0|0|0
20140901|62|"SANTA FE"|304|"FILETES Y DEMAS CARNE DE PESCADO (INCLUSO PICADA), FRESCOS,"|0|0|0
20141001|62|"SANTA FE"|304|"FILETES Y DEMAS CARNE DE PESCADO (INCLUSO PICADA), FRESCOS,"|0|0|0
20141101|62|"SANTA FE"|304|"FILETES Y DEMAS CARNE DE PESCADO (INCLUSO PICADA), FRESCOS,"|0|0|0
20141201|62|"SANTA FE"|304|"FILETES Y DEMAS CARNE DE PESCADO (INCLUSO PICADA), FRESCOS,"|0|0|0
20150101|62|"SANTA FE"|304|"FILETES Y DEMAS CARNE DE PESCADO (INCLUSO PICADA), FRESCOS,"|0|0|0
20150201|62|"SANTA FE"|304|"FILETES Y DEMAS CARNE DE PESCADO (INCLUSO PICADA), FRESCOS,"|0|0|0
20150301|62|"SANTA FE"|304|"FILETES Y DEMAS CARNE DE PESCADO (INCLUSO PICADA), FRESCOS,"|0|0|0
20150401|62|"SANTA FE"|304|"FILETES Y DEMAS CARNE DE PESCADO (INCLUSO PICADA), FRESCOS,"|0|0|0
20150501|62|"SANTA FE"|304|"FILETES Y DEMAS CARNE DE PESCADO (INCLUSO PICADA), FRESCOS,"|0|0|0
20150601|62|"SANTA FE"|304|"FILETES Y DEMAS CARNE DE PESCADO (INCLUSO PICADA), FRESCOS,"|0|0|0
20150701|62|"SANTA FE"|304|"FILETES Y DEMAS CARNE DE PESCADO (INCLUSO PICADA), FRESCOS,"|0|0|0
20150801|62|"SANTA FE"|304|"FILETES Y DEMAS CARNE DE PESCADO (INCLUSO PICADA), FRESCOS,"|0|0|0
20150901|62|"SANTA FE"|304|"FILETES Y DEMAS CARNE DE PESCADO (INCLUSO PICADA), FRESCOS,"|0|0|0
20151001|62|"SANTA FE"|304|"FILETES Y DEMAS CARNE DE PESCADO (INCLUSO PICADA), FRESCOS, "|1|1000|1400
20151101|62|"SANTA FE"|304|"FILETES Y DEMAS CARNE DE PESCADO (INCLUSO PICADA), FRESCOS,"|0|0|0
20151201|62|"SANTA FE"|304|"FILETES Y DEMAS CARNE DE PESCADO (INCLUSO PICADA), FRESCOS, "|1|1000|1200
