"fecha_oficia"|"aduana"|"aduana_desc"|"mercaderia"|"mercaderia_desc"|"cantidad"|"kilos"|"importe"
20100101|37|"MAR DEL PLATA"|306|"CRUSTACEOS, INCLUSO PELADOS, VIVOS, FRESCOS, REFRIGERADOS, C"|12|229950|1628432.04
20100201|37|"MAR DEL PLATA"|306|"CRUSTACEOS, INCLUSO PELADOS, VIVOS, FRESCOS, REFRIGERADOS, C"|4|168780|1217972
20100301|37|"MAR DEL PLATA"|306|"CRUSTACEOS, INCLUSO PELADOS, VIVOS, FRESCOS, REFRIGERADOS, C"|2|50676|569564
20100401|37|"MAR DEL PLATA"|306|"CRUSTACEOS, INCLUSO PELADOS, VIVOS, FRESCOS, REFRIGERADOS, C"|3|72600|513880
20100501|37|"MAR DEL PLATA"|306|"CRUSTACEOS, INCLUSO PELADOS, VIVOS, FRESCOS, REFRIGERADOS, C"|6|130920|931236
20100601|37|"MAR DEL PLATA"|306|"CRUSTACEOS, INCLUSO PELADOS, VIVOS, FRESCOS, REFRIGERADOS, C"|24|363877|2589295.8
20100701|37|"MAR DEL PLATA"|306|"CRUSTACEOS, INCLUSO PELADOS, VIVOS, FRESCOS, REFRIGERADOS, C"|10|203031|1368315.73
20100801|37|"MAR DEL PLATA"|306|"CRUSTACEOS, INCLUSO PELADOS, VIVOS, FRESCOS, REFRIGERADOS, C"|5|178200|1300780
20100901|37|"MAR DEL PLATA"|306|"CRUSTACEOS, INCLUSO PELADOS, VIVOS, FRESCOS, REFRIGERADOS, C"|7|185826.78|1431668.82
20101001|37|"MAR DEL PLATA"|306|"CRUSTACEOS, INCLUSO PELADOS, VIVOS, FRESCOS, REFRIGERADOS, C"|14|741440|7355061.76
20101101|37|"MAR DEL PLATA"|306|"CRUSTACEOS, INCLUSO PELADOS, VIVOS, FRESCOS, REFRIGERADOS, C"|14|802132|6504312.94
20101201|37|"MAR DEL PLATA"|306|"CRUSTACEOS, INCLUSO PELADOS, VIVOS, FRESCOS, REFRIGERADOS, C"|17|324085|1919521.2
20110101|37|"MAR DEL PLATA"|306|"CRUSTACEOS, INCLUSO PELADOS, VIVOS, FRESCOS, REFRIGERADOS, C"|9|287640|1919069.2
20110201|37|"MAR DEL PLATA"|306|"CRUSTACEOS, INCLUSO PELADOS, VIVOS, FRESCOS, REFRIGERADOS, C"|13|406107.4|2694757.29
20110301|37|"MAR DEL PLATA"|306|"CRUSTACEOS, INCLUSO PELADOS, VIVOS, FRESCOS, REFRIGERADOS, C"|12|513380.85|3631447.6
20110401|37|"MAR DEL PLATA"|306|"CRUSTACEOS, INCLUSO PELADOS, VIVOS, FRESCOS, REFRIGERADOS, C"|15|327145.16|2578723
20110501|37|"MAR DEL PLATA"|306|"CRUSTACEOS, INCLUSO PELADOS, VIVOS, FRESCOS, REFRIGERADOS, C"|24|404420.46|3120291.07
20110601|37|"MAR DEL PLATA"|306|"CRUSTACEOS, INCLUSO PELADOS, VIVOS, FRESCOS, REFRIGERADOS, C"|14|342434.51|2604995.7
20110701|37|"MAR DEL PLATA"|306|"CRUSTACEOS, INCLUSO PELADOS, VIVOS, FRESCOS, REFRIGERADOS, C"|11|235876.82|1789250.3
20110801|37|"MAR DEL PLATA"|306|"CRUSTACEOS, INCLUSO PELADOS, VIVOS, FRESCOS, REFRIGERADOS, C"|28|986457.68|6691754.82
20110901|37|"MAR DEL PLATA"|306|"CRUSTACEOS, INCLUSO PELADOS, VIVOS, FRESCOS, REFRIGERADOS, C"|29|1263858.94|8691579.84
20111001|37|"MAR DEL PLATA"|306|"CRUSTACEOS, INCLUSO PELADOS, VIVOS, FRESCOS, REFRIGERADOS, C"|30|908528.8|6073483.91
20111101|37|"MAR DEL PLATA"|306|"CRUSTACEOS, INCLUSO PELADOS, VIVOS, FRESCOS, REFRIGERADOS, C"|31|502140.63|3230909.51
20111201|37|"MAR DEL PLATA"|306|"CRUSTACEOS, INCLUSO PELADOS, VIVOS, FRESCOS, REFRIGERADOS, C"|35|810300.11|4485817.36
20120101|37|"MAR DEL PLATA"|306|"CRUSTACEOS, INCLUSO PELADOS, VIVOS, FRESCOS, REFRIGERADOS, C"|19|581165.08|3080751.52
20120201|37|"MAR DEL PLATA"|306|"CRUSTACEOS, INCLUSO PELADOS, VIVOS, FRESCOS, REFRIGERADOS, C"|17|182807|1009912.7
20120301|37|"MAR DEL PLATA"|306|"CRUSTACEOS, INCLUSO PELADOS, VIVOS, FRESCOS, REFRIGERADOS, C"|17|254016.35|1625860.01
20120401|37|"MAR DEL PLATA"|306|"CRUSTACEOS, INCLUSO PELADOS, VIVOS, FRESCOS, REFRIGERADOS, C"|4|45606|277136.4
20120501|37|"MAR DEL PLATA"|306|"CRUSTACEOS, INCLUSO PELADOS, VIVOS, FRESCOS, REFRIGERADOS, C"|6|49236|278475.6
20120601|37|"MAR DEL PLATA"|306|"CRUSTACEOS, INCLUSO PELADOS, VIVOS, FRESCOS, REFRIGERADOS, C"|14|585745.02|3003520.74
20120701|37|"MAR DEL PLATA"|306|"CRUSTACEOS, INCLUSO PELADOS, VIVOS, FRESCOS, REFRIGERADOS, C"|11|262332|1487538
20120801|37|"MAR DEL PLATA"|306|"CRUSTACEOS, INCLUSO PELADOS, VIVOS, FRESCOS, REFRIGERADOS, C"|14|203602|1154141.24
20120901|37|"MAR DEL PLATA"|306|"CRUSTACEOS, INCLUSO PELADOS, VIVOS, FRESCOS, REFRIGERADOS, C"|14|723776.04|4380489.48
20121001|37|"MAR DEL PLATA"|306|"CRUSTACEOS, INCLUSO PELADOS, VIVOS, FRESCOS, REFRIGERADOS, C"|26|1393884|7438629.6
20121101|37|"MAR DEL PLATA"|306|"CRUSTACEOS, INCLUSO PELADOS, VIVOS, FRESCOS, REFRIGERADOS, C"|39|1036764|6070477.2
20121201|37|"MAR DEL PLATA"|306|"CRUSTACEOS, INCLUSO PELADOS, VIVOS, FRESCOS, REFRIGERADOS, C"|35|788398.67|4347312.13
20130101|37|"MAR DEL PLATA"|306|"CRUSTACEOS, INCLUSO PELADOS, VIVOS, FRESCOS, REFRIGERADOS, C"|13|247897.2|1675582.14
20130201|37|"MAR DEL PLATA"|306|"CRUSTACEOS, INCLUSO PELADOS, VIVOS, FRESCOS, REFRIGERADOS, C"|20|549570.24|3412472.6
20130301|37|"MAR DEL PLATA"|306|"CRUSTACEOS, INCLUSO PELADOS, VIVOS, FRESCOS, REFRIGERADOS, C"|27|554835.36|2885760.45
20130401|37|"MAR DEL PLATA"|306|"CRUSTACEOS, INCLUSO PELADOS, VIVOS, FRESCOS, REFRIGERADOS, C"|31|632615.25|3420919.84
20130501|37|"MAR DEL PLATA"|306|"CRUSTACEOS, INCLUSO PELADOS, VIVOS, FRESCOS, REFRIGERADOS, C"|31|672535.41|3522940.66
20130601|37|"MAR DEL PLATA"|306|"CRUSTACEOS, INCLUSO PELADOS, VIVOS, FRESCOS, REFRIGERADOS, C"|21|376735.2|2699248
20130701|37|"MAR DEL PLATA"|306|"CRUSTACEOS, INCLUSO PELADOS, VIVOS, FRESCOS, REFRIGERADOS, C"|55|1331908.88|8262278.4
20130801|37|"MAR DEL PLATA"|306|"CRUSTACEOS, INCLUSO PELADOS, VIVOS, FRESCOS, REFRIGERADOS, C"|49|1182735.62|6980441.83
20130901|37|"MAR DEL PLATA"|306|"CRUSTACEOS, INCLUSO PELADOS, VIVOS, FRESCOS, REFRIGERADOS, C"|78|2190307.25|14579163.84
20131001|37|"MAR DEL PLATA"|306|"CRUSTACEOS, INCLUSO PELADOS, VIVOS, FRESCOS, REFRIGERADOS, C"|103|2346831.31|16436939.69
20131101|37|"MAR DEL PLATA"|306|"CRUSTACEOS, INCLUSO PELADOS, VIVOS, FRESCOS, REFRIGERADOS, C"|80|1672114.46|11750978.23
20131201|37|"MAR DEL PLATA"|306|"CRUSTACEOS, INCLUSO PELADOS, VIVOS, FRESCOS, REFRIGERADOS, C"|69|1267513.23|8375218.28
20140101|37|"MAR DEL PLATA"|306|"CRUSTACEOS, INCLUSO PELADOS, VIVOS, FRESCOS, REFRIGERADOS, C"|63|1135935.58|7349817.33
20140201|37|"MAR DEL PLATA"|306|"CRUSTACEOS, INCLUSO PELADOS, VIVOS, FRESCOS, REFRIGERADOS, C"|76|1583522.44|11407895.75
20140301|37|"MAR DEL PLATA"|306|"CRUSTACEOS, INCLUSO PELADOS, VIVOS, FRESCOS, REFRIGERADOS, C"|58|1103899.46|7283278.11
20140401|37|"MAR DEL PLATA"|306|"CRUSTACEOS, INCLUSO PELADOS, VIVOS, FRESCOS, REFRIGERADOS, C"|80|1191746.09|7900522.84
20140501|37|"MAR DEL PLATA"|306|"CRUSTACEOS, INCLUSO PELADOS, VIVOS, FRESCOS, REFRIGERADOS, C"|34|419448.56|2845939.59
20140601|37|"MAR DEL PLATA"|306|"CRUSTACEOS, INCLUSO PELADOS, VIVOS, FRESCOS, REFRIGERADOS, C"|38|748870.8|5511612.28
20140701|37|"MAR DEL PLATA"|306|"CRUSTACEOS, INCLUSO PELADOS, VIVOS, FRESCOS, REFRIGERADOS, C"|78|1710625.86|11479869.34
20140801|37|"MAR DEL PLATA"|306|"CRUSTACEOS, INCLUSO PELADOS, VIVOS, FRESCOS, REFRIGERADOS, C"|77|1848652.98|12578468.22
20140901|37|"MAR DEL PLATA"|306|"CRUSTACEOS, INCLUSO PELADOS, VIVOS, FRESCOS, REFRIGERADOS, C"|122|2905460.14|20032396.47
20141001|37|"MAR DEL PLATA"|306|"CRUSTACEOS, INCLUSO PELADOS, VIVOS, FRESCOS, REFRIGERADOS, C"|142|3239164.43|22807686.94
20141101|37|"MAR DEL PLATA"|306|"CRUSTACEOS, INCLUSO PELADOS, VIVOS, FRESCOS, REFRIGERADOS, C"|96|2182316.25|15171838.36
20141201|37|"MAR DEL PLATA"|306|"CRUSTACEOS, INCLUSO PELADOS, VIVOS, FRESCOS, REFRIGERADOS, C"|55|725970.89|4712302.25
20150101|37|"MAR DEL PLATA"|306|"CRUSTACEOS, INCLUSO PELADOS, VIVOS, FRESCOS, REFRIGERADOS, C"|65|1003521.58|6468638.82
20150201|37|"MAR DEL PLATA"|306|"CRUSTACEOS, INCLUSO PELADOS, VIVOS, FRESCOS, REFRIGERADOS, C"|61|1046690.91|6743319.69
20150301|37|"MAR DEL PLATA"|306|"CRUSTACEOS, INCLUSO PELADOS, VIVOS, FRESCOS, REFRIGERADOS, C"|57|1023873|6251822.89
20150401|37|"MAR DEL PLATA"|306|"CRUSTACEOS, INCLUSO PELADOS, VIVOS, FRESCOS, REFRIGERADOS, C"|57|1255880.84|7696471.05
20150501|37|"MAR DEL PLATA"|306|"CRUSTACEOS, INCLUSO PELADOS, VIVOS, FRESCOS, REFRIGERADOS, C"|63|1723821.02|10935939.28
20150601|37|"MAR DEL PLATA"|306|"CRUSTACEOS, INCLUSO PELADOS, VIVOS, FRESCOS, REFRIGERADOS, C"|61|1434212.66|9299075.81
20150701|37|"MAR DEL PLATA"|306|"CRUSTACEOS, INCLUSO PELADOS, VIVOS, FRESCOS, REFRIGERADOS, C"|62|1709697.66|10882023.59
20150801|37|"MAR DEL PLATA"|306|"CRUSTACEOS, INCLUSO PELADOS, VIVOS, FRESCOS, REFRIGERADOS, C"|84|3559916.04|22433248.74
20150901|37|"MAR DEL PLATA"|306|"CRUSTACEOS, INCLUSO PELADOS, VIVOS, FRESCOS, REFRIGERADOS, C"|116|3602932.59|22852800.48
20151001|37|"MAR DEL PLATA"|306|"CRUSTACEOS, INCLUSO PELADOS, VIVOS, FRESCOS, REFRIGERADOS, C"|160|4203861.38|26761585.34
20151101|37|"MAR DEL PLATA"|306|"CRUSTACEOS, INCLUSO PELADOS, VIVOS, FRESCOS, REFRIGERADOS, C"|90|2470903.79|15790662.41
20151201|37|"MAR DEL PLATA"|306|"CRUSTACEOS, INCLUSO PELADOS, VIVOS, FRESCOS, REFRIGERADOS, C"|74|1608456.22|9948577.43
