"fecha_oficia"|"aduana"|"aduana_desc"|"mercaderia"|"mercaderia_desc"|"cantidad"|"kilos"|"importe"
20100101|14|"COMODORO RIVADAVIA"|303|"PESCADO CONGELADO, EXCEPTO LOS FILETESY DEMAS CARNE DE PESCA"|0|0|0
20100201|14|"COMODORO RIVADAVIA"|303|"PESCADO CONGELADO, EXCEPTO LOS FILETESY DEMAS CARNE DE PESCA"|1|27396|27396
20100301|14|"COMODORO RIVADAVIA"|303|"PESCADO CONGELADO, EXCEPTO LOS FILETESY DEMAS CARNE DE PESCA"|0|0|0
20100401|14|"COMODORO RIVADAVIA"|303|"PESCADO CONGELADO, EXCEPTO LOS FILETESY DEMAS CARNE DE PESCA"|0|0|0
20100501|14|"COMODORO RIVADAVIA"|303|"PESCADO CONGELADO, EXCEPTO LOS FILETESY DEMAS CARNE DE PESCA"|0|0|0
20100601|14|"COMODORO RIVADAVIA"|303|"PESCADO CONGELADO, EXCEPTO LOS FILETESY DEMAS CARNE DE PESCA"|0|0|0
20100701|14|"COMODORO RIVADAVIA"|303|"PESCADO CONGELADO, EXCEPTO LOS FILETESY DEMAS CARNE DE PESCA"|0|0|0
20100801|14|"COMODORO RIVADAVIA"|303|"PESCADO CONGELADO, EXCEPTO LOS FILETESY DEMAS CARNE DE PESCA"|0|0|0
20100901|14|"COMODORO RIVADAVIA"|303|"PESCADO CONGELADO, EXCEPTO LOS FILETESY DEMAS CARNE DE PESCA"|0|0|0
20101001|14|"COMODORO RIVADAVIA"|303|"PESCADO CONGELADO, EXCEPTO LOS FILETESY DEMAS CARNE DE PESCA"|1|2640|3936
20101101|14|"COMODORO RIVADAVIA"|303|"PESCADO CONGELADO, EXCEPTO LOS FILETESY DEMAS CARNE DE PESCA"|3|98904|97724.4
20101201|14|"COMODORO RIVADAVIA"|303|"PESCADO CONGELADO, EXCEPTO LOS FILETESY DEMAS CARNE DE PESCA"|2|75993|73107.75
20110101|14|"COMODORO RIVADAVIA"|303|"PESCADO CONGELADO, EXCEPTO LOS FILETESY DEMAS CARNE DE PESCA"|0|0|0
20110201|14|"COMODORO RIVADAVIA"|303|"PESCADO CONGELADO, EXCEPTO LOS FILETESY DEMAS CARNE DE PESCA"|2|55800|55800
20110301|14|"COMODORO RIVADAVIA"|303|"PESCADO CONGELADO, EXCEPTO LOS FILETESY DEMAS CARNE DE PESCA"|1|30240|44452.8
20110401|14|"COMODORO RIVADAVIA"|303|"PESCADO CONGELADO, EXCEPTO LOS FILETESY DEMAS CARNE DE PESCA"|3|77365|112739.95
20110501|14|"COMODORO RIVADAVIA"|303|"PESCADO CONGELADO, EXCEPTO LOS FILETESY DEMAS CARNE DE PESCA"|3|64080|89280
20110601|14|"COMODORO RIVADAVIA"|303|"PESCADO CONGELADO, EXCEPTO LOS FILETESY DEMAS CARNE DE PESCA"|2|55335|83002.5
20110701|14|"COMODORO RIVADAVIA"|303|"PESCADO CONGELADO, EXCEPTO LOS FILETESY DEMAS CARNE DE PESCA"|1|26997|44545.05
20110801|14|"COMODORO RIVADAVIA"|303|"PESCADO CONGELADO, EXCEPTO LOS FILETESY DEMAS CARNE DE PESCA"|1|7000|10150
20110901|14|"COMODORO RIVADAVIA"|303|"PESCADO CONGELADO, EXCEPTO LOS FILETESY DEMAS CARNE DE PESCA"|1|27321|42347.55
20111001|14|"COMODORO RIVADAVIA"|303|"PESCADO CONGELADO, EXCEPTO LOS FILETESY DEMAS CARNE DE PESCA"|0|0|0
20111101|14|"COMODORO RIVADAVIA"|303|"PESCADO CONGELADO, EXCEPTO LOS FILETESY DEMAS CARNE DE PESCA"|1|27000|42390
20111201|14|"COMODORO RIVADAVIA"|303|"PESCADO CONGELADO, EXCEPTO LOS FILETESY DEMAS CARNE DE PESCA"|0|0|0
20120101|14|"COMODORO RIVADAVIA"|303|"PESCADO CONGELADO, EXCEPTO LOS FILETESY DEMAS CARNE DE PESCA"|0|0|0
20120201|14|"COMODORO RIVADAVIA"|303|"PESCADO CONGELADO, EXCEPTO LOS FILETESY DEMAS CARNE DE PESCA"|2|53976|75566.4
20120301|14|"COMODORO RIVADAVIA"|303|"PESCADO CONGELADO, EXCEPTO LOS FILETESY DEMAS CARNE DE PESCA"|8|241715.5|265900.47
20120401|14|"COMODORO RIVADAVIA"|303|"PESCADO CONGELADO, EXCEPTO LOS FILETESY DEMAS CARNE DE PESCA"|5|163652|183939.4
20120501|14|"COMODORO RIVADAVIA"|303|"PESCADO CONGELADO, EXCEPTO LOS FILETESY DEMAS CARNE DE PESCA"|11|601024|646479.6
20120601|14|"COMODORO RIVADAVIA"|303|"PESCADO CONGELADO, EXCEPTO LOS FILETESY DEMAS CARNE DE PESCA"|7|216648|254450.4
20120701|14|"COMODORO RIVADAVIA"|303|"PESCADO CONGELADO, EXCEPTO LOS FILETESY DEMAS CARNE DE PESCA"|7|217700|228585
20120801|14|"COMODORO RIVADAVIA"|303|"PESCADO CONGELADO, EXCEPTO LOS FILETESY DEMAS CARNE DE PESCA"|5|114231|134239.95
20120901|14|"COMODORO RIVADAVIA"|303|"PESCADO CONGELADO, EXCEPTO LOS FILETESY DEMAS CARNE DE PESCA"|5|114741|149625.45
20121001|14|"COMODORO RIVADAVIA"|303|"PESCADO CONGELADO, EXCEPTO LOS FILETESY DEMAS CARNE DE PESCA"|3|81495|85569.75
20121101|14|"COMODORO RIVADAVIA"|303|"PESCADO CONGELADO, EXCEPTO LOS FILETESY DEMAS CARNE DE PESCA"|1|27000|36450
20121201|14|"COMODORO RIVADAVIA"|303|"PESCADO CONGELADO, EXCEPTO LOS FILETESY DEMAS CARNE DE PESCA"|6|143108|169141.8
20130101|14|"COMODORO RIVADAVIA"|303|"PESCADO CONGELADO, EXCEPTO LOS FILETESY DEMAS CARNE DE PESCA"|3|137475|144348.75
20130201|14|"COMODORO RIVADAVIA"|303|"PESCADO CONGELADO, EXCEPTO LOS FILETESY DEMAS CARNE DE PESCA"|3|121687|134602.35
20130301|14|"COMODORO RIVADAVIA"|303|"PESCADO CONGELADO, EXCEPTO LOS FILETESY DEMAS CARNE DE PESCA"|0|0|0
20130401|14|"COMODORO RIVADAVIA"|303|"PESCADO CONGELADO, EXCEPTO LOS FILETESY DEMAS CARNE DE PESCA"|4|93702|128268
20130501|14|"COMODORO RIVADAVIA"|303|"PESCADO CONGELADO, EXCEPTO LOS FILETESY DEMAS CARNE DE PESCA"|3|82030|86141.5
20130601|14|"COMODORO RIVADAVIA"|303|"PESCADO CONGELADO, EXCEPTO LOS FILETESY DEMAS CARNE DE PESCA"|2|82380|86499
20130701|14|"COMODORO RIVADAVIA"|303|"PESCADO CONGELADO, EXCEPTO LOS FILETESY DEMAS CARNE DE PESCA"|4|64538.5|73267.02
20130801|14|"COMODORO RIVADAVIA"|303|"PESCADO CONGELADO, EXCEPTO LOS FILETESY DEMAS CARNE DE PESCA"|0|0|0
20130901|14|"COMODORO RIVADAVIA"|303|"PESCADO CONGELADO, EXCEPTO LOS FILETESY DEMAS CARNE DE PESCA"|2|60980|64029
20131001|14|"COMODORO RIVADAVIA"|303|"PESCADO CONGELADO, EXCEPTO LOS FILETESY DEMAS CARNE DE PESCA"|1|18985|20483.75
20131101|14|"COMODORO RIVADAVIA"|303|"PESCADO CONGELADO, EXCEPTO LOS FILETESY DEMAS CARNE DE PESCA"|3|86380|90923
20131201|14|"COMODORO RIVADAVIA"|303|"PESCADO CONGELADO, EXCEPTO LOS FILETESY DEMAS CARNE DE PESCA"|2|47109.8|67510.1
20140101|14|"COMODORO RIVADAVIA"|303|"PESCADO CONGELADO, EXCEPTO LOS FILETESY DEMAS CARNE DE PESCA"|0|0|0
20140201|14|"COMODORO RIVADAVIA"|303|"PESCADO CONGELADO, EXCEPTO LOS FILETESY DEMAS CARNE DE PESCA"|1|55380|58149
20140301|14|"COMODORO RIVADAVIA"|303|"PESCADO CONGELADO, EXCEPTO LOS FILETESY DEMAS CARNE DE PESCA"|3|58927|75417.93
20140401|14|"COMODORO RIVADAVIA"|303|"PESCADO CONGELADO, EXCEPTO LOS FILETESY DEMAS CARNE DE PESCA"|3|70678|87156.5
20140501|14|"COMODORO RIVADAVIA"|303|"PESCADO CONGELADO, EXCEPTO LOS FILETESY DEMAS CARNE DE PESCA"|7|167380|230484.5
20140601|14|"COMODORO RIVADAVIA"|303|"PESCADO CONGELADO, EXCEPTO LOS FILETESY DEMAS CARNE DE PESCA"|2|33708|50572.8
20140701|14|"COMODORO RIVADAVIA"|303|"PESCADO CONGELADO, EXCEPTO LOS FILETESY DEMAS CARNE DE PESCA"|2|36000|63095.56
20140801|14|"COMODORO RIVADAVIA"|303|"PESCADO CONGELADO, EXCEPTO LOS FILETESY DEMAS CARNE DE PESCA"|1|26988|43450.68
20140901|14|"COMODORO RIVADAVIA"|303|"PESCADO CONGELADO, EXCEPTO LOS FILETESY DEMAS CARNE DE PESCA"|0|0|0
20141001|14|"COMODORO RIVADAVIA"|303|"PESCADO CONGELADO, EXCEPTO LOS FILETESY DEMAS CARNE DE PESCA"|0|0|0
20141101|14|"COMODORO RIVADAVIA"|303|"PESCADO CONGELADO, EXCEPTO LOS FILETESY DEMAS CARNE DE PESCA"|0|0|0
20141201|14|"COMODORO RIVADAVIA"|303|"PESCADO CONGELADO, EXCEPTO LOS FILETESY DEMAS CARNE DE PESCA"|0|0|0
20150101|14|"COMODORO RIVADAVIA"|303|"PESCADO CONGELADO, EXCEPTO LOS FILETESY DEMAS CARNE DE PESCA"|1|27300|28665
20150201|14|"COMODORO RIVADAVIA"|303|"PESCADO CONGELADO, EXCEPTO LOS FILETESY DEMAS CARNE DE PESCA"|0|0|0
20150301|14|"COMODORO RIVADAVIA"|303|"PESCADO CONGELADO, EXCEPTO LOS FILETESY DEMAS CARNE DE PESCA"|0|0|0
20150401|14|"COMODORO RIVADAVIA"|303|"PESCADO CONGELADO, EXCEPTO LOS FILETESY DEMAS CARNE DE PESCA"|0|0|0
20150501|14|"COMODORO RIVADAVIA"|303|"PESCADO CONGELADO, EXCEPTO LOS FILETESY DEMAS CARNE DE PESCA"|1|54000|48600
20150601|14|"COMODORO RIVADAVIA"|303|"PESCADO CONGELADO, EXCEPTO LOS FILETESY DEMAS CARNE DE PESCA"|0|0|0
20150701|14|"COMODORO RIVADAVIA"|303|"PESCADO CONGELADO, EXCEPTO LOS FILETESY DEMAS CARNE DE PESCA"|0|0|0
20150801|14|"COMODORO RIVADAVIA"|303|"PESCADO CONGELADO, EXCEPTO LOS FILETESY DEMAS CARNE DE PESCA"|0|0|0
20150901|14|"COMODORO RIVADAVIA"|303|"PESCADO CONGELADO, EXCEPTO LOS FILETESY DEMAS CARNE DE PESCA"|0|0|0
20151001|14|"COMODORO RIVADAVIA"|303|"PESCADO CONGELADO, EXCEPTO LOS FILETESY DEMAS CARNE DE PESCA"|1|54600|57330
20151101|14|"COMODORO RIVADAVIA"|303|"PESCADO CONGELADO, EXCEPTO LOS FILETESY DEMAS CARNE DE PESCA"|0|0|0
20151201|14|"COMODORO RIVADAVIA"|303|"PESCADO CONGELADO, EXCEPTO LOS FILETESY DEMAS CARNE DE PESCA"|1|25000|28750
