"fecha_oficia"|"aduana"|"aduana_desc"|"mercaderia"|"mercaderia_desc"|"cantidad"|"kilos"|"importe"
20100101|37|"MAR DEL PLATA"|302|"PESCADO FRESCO O REFRIGERADO, EXCEPTO LOS FILETES Y DEMAS CA"|0|0|0
20100201|37|"MAR DEL PLATA"|302|"PESCADO FRESCO O REFRIGERADO, EXCEPTO LOS FILETES Y DEMAS CA"|0|0|0
20100301|37|"MAR DEL PLATA"|302|"PESCADO FRESCO O REFRIGERADO, EXCEPTO LOS FILETES Y DEMAS CA"|0|0|0
20100401|37|"MAR DEL PLATA"|302|"PESCADO FRESCO O REFRIGERADO, EXCEPTO LOS FILETES Y DEMAS CA"|0|0|0
20100501|37|"MAR DEL PLATA"|302|"PESCADO FRESCO O REFRIGERADO, EXCEPTO LOS FILETES Y DEMAS CA"|0|0|0
20100601|37|"MAR DEL PLATA"|302|"PESCADO FRESCO O REFRIGERADO, EXCEPTO LOS FILETES Y DEMAS CA"|0|0|0
20100701|37|"MAR DEL PLATA"|302|"PESCADO FRESCO O REFRIGERADO, EXCEPTO LOS FILETES Y DEMAS CA"|0|0|0
20100801|37|"MAR DEL PLATA"|302|"PESCADO FRESCO O REFRIGERADO, EXCEPTO LOS FILETES Y DEMAS CA"|0|0|0
20100901|37|"MAR DEL PLATA"|302|"PESCADO FRESCO O REFRIGERADO, EXCEPTO LOS FILETES Y DEMAS CA"|0|0|0
20101001|37|"MAR DEL PLATA"|302|"PESCADO FRESCO O REFRIGERADO, EXCEPTO LOS FILETES Y DEMAS CA"|0|0|0
20101101|37|"MAR DEL PLATA"|302|"PESCADO FRESCO O REFRIGERADO, EXCEPTO LOS FILETES Y DEMAS CA"|3|90000|99000
20101201|37|"MAR DEL PLATA"|302|"PESCADO FRESCO O REFRIGERADO, EXCEPTO LOS FILETES Y DEMAS CA"|1|10000|11000
20110101|37|"MAR DEL PLATA"|302|"PESCADO FRESCO O REFRIGERADO, EXCEPTO LOS FILETES Y DEMAS CA"|0|0|0
20110201|37|"MAR DEL PLATA"|302|"PESCADO FRESCO O REFRIGERADO, EXCEPTO LOS FILETES Y DEMAS CA"|0|0|0
20110301|37|"MAR DEL PLATA"|302|"PESCADO FRESCO O REFRIGERADO, EXCEPTO LOS FILETES Y DEMAS CA"|0|0|0
20110401|37|"MAR DEL PLATA"|302|"PESCADO FRESCO O REFRIGERADO, EXCEPTO LOS FILETES Y DEMAS CA"|0|0|0
20110501|37|"MAR DEL PLATA"|302|"PESCADO FRESCO O REFRIGERADO, EXCEPTO LOS FILETES Y DEMAS CA"|0|0|0
20110601|37|"MAR DEL PLATA"|302|"PESCADO FRESCO O REFRIGERADO, EXCEPTO LOS FILETES Y DEMAS CA"|0|0|0
20110701|37|"MAR DEL PLATA"|302|"PESCADO FRESCO O REFRIGERADO, EXCEPTO LOS FILETES Y DEMAS CA"|0|0|0
20110801|37|"MAR DEL PLATA"|302|"PESCADO FRESCO O REFRIGERADO, EXCEPTO LOS FILETES Y DEMAS CA"|0|0|0
20110901|37|"MAR DEL PLATA"|302|"PESCADO FRESCO O REFRIGERADO, EXCEPTO LOS FILETES Y DEMAS CA"|0|0|0
20111001|37|"MAR DEL PLATA"|302|"PESCADO FRESCO O REFRIGERADO, EXCEPTO LOS FILETES Y DEMAS CA"|0|0|0
20111101|37|"MAR DEL PLATA"|302|"PESCADO FRESCO O REFRIGERADO, EXCEPTO LOS FILETES Y DEMAS CA"|0|0|0
20111201|37|"MAR DEL PLATA"|302|"PESCADO FRESCO O REFRIGERADO, EXCEPTO LOS FILETES Y DEMAS CA"|0|0|0
20120101|37|"MAR DEL PLATA"|302|"PESCADO FRESCO O REFRIGERADO, EXCEPTO LOS FILETES Y DEMAS CA"|0|0|0
20120201|37|"MAR DEL PLATA"|302|"PESCADO FRESCO O REFRIGERADO, EXCEPTO LOS FILETES Y DEMAS CA"|0|0|0
20120301|37|"MAR DEL PLATA"|302|"PESCADO FRESCO O REFRIGERADO, EXCEPTO LOS FILETES Y DEMAS CA"|0|0|0
20120401|37|"MAR DEL PLATA"|302|"PESCADO FRESCO O REFRIGERADO, EXCEPTO LOS FILETES Y DEMAS CA"|0|0|0
20120501|37|"MAR DEL PLATA"|302|"PESCADO FRESCO O REFRIGERADO, EXCEPTO LOS FILETES Y DEMAS CA"|0|0|0
20120601|37|"MAR DEL PLATA"|302|"PESCADO FRESCO O REFRIGERADO, EXCEPTO LOS FILETES Y DEMAS CA"|0|0|0
20120701|37|"MAR DEL PLATA"|302|"PESCADO FRESCO O REFRIGERADO, EXCEPTO LOS FILETES Y DEMAS CA"|0|0|0
20120801|37|"MAR DEL PLATA"|302|"PESCADO FRESCO O REFRIGERADO, EXCEPTO LOS FILETES Y DEMAS CA"|0|0|0
20120901|37|"MAR DEL PLATA"|302|"PESCADO FRESCO O REFRIGERADO, EXCEPTO LOS FILETES Y DEMAS CA"|0|0|0
20121001|37|"MAR DEL PLATA"|302|"PESCADO FRESCO O REFRIGERADO, EXCEPTO LOS FILETES Y DEMAS CA"|0|0|0
20121101|37|"MAR DEL PLATA"|302|"PESCADO FRESCO O REFRIGERADO, EXCEPTO LOS FILETES Y DEMAS CA"|0|0|0
20121201|37|"MAR DEL PLATA"|302|"PESCADO FRESCO O REFRIGERADO, EXCEPTO LOS FILETES Y DEMAS CA"|0|0|0
20130101|37|"MAR DEL PLATA"|302|"PESCADO FRESCO O REFRIGERADO, EXCEPTO LOS FILETES Y DEMAS CA"|0|0|0
20130201|37|"MAR DEL PLATA"|302|"PESCADO FRESCO O REFRIGERADO, EXCEPTO LOS FILETES Y DEMAS CA"|0|0|0
20130301|37|"MAR DEL PLATA"|302|"PESCADO FRESCO O REFRIGERADO, EXCEPTO LOS FILETES Y DEMAS CA"|1|3500|3500
20130401|37|"MAR DEL PLATA"|302|"PESCADO FRESCO O REFRIGERADO, EXCEPTO LOS FILETES Y DEMAS CA"|0|0|0
20130501|37|"MAR DEL PLATA"|302|"PESCADO FRESCO O REFRIGERADO, EXCEPTO LOS FILETES Y DEMAS CA"|2|3960|5544
20130601|37|"MAR DEL PLATA"|302|"PESCADO FRESCO O REFRIGERADO, EXCEPTO LOS FILETES Y DEMAS CA"|7|20120|30497.6
20130701|37|"MAR DEL PLATA"|302|"PESCADO FRESCO O REFRIGERADO, EXCEPTO LOS FILETES Y DEMAS CA"|5|44210|61894
20130801|37|"MAR DEL PLATA"|302|"PESCADO FRESCO O REFRIGERADO, EXCEPTO LOS FILETES Y DEMAS CA"|8|33808|49731.2
20130901|37|"MAR DEL PLATA"|302|"PESCADO FRESCO O REFRIGERADO, EXCEPTO LOS FILETES Y DEMAS CA"|2|10400|14560
20131001|37|"MAR DEL PLATA"|302|"PESCADO FRESCO O REFRIGERADO, EXCEPTO LOS FILETES Y DEMAS CA"|1|6400|8320
20131101|37|"MAR DEL PLATA"|302|"PESCADO FRESCO O REFRIGERADO, EXCEPTO LOS FILETES Y DEMAS CA"|5|22508|28990.4
20131201|37|"MAR DEL PLATA"|302|"PESCADO FRESCO O REFRIGERADO, EXCEPTO LOS FILETES Y DEMAS CA"|2|4808|6070.4
20140101|37|"MAR DEL PLATA"|302|"PESCADO FRESCO O REFRIGERADO, EXCEPTO LOS FILETES Y DEMAS CA"|0|0|0
20140201|37|"MAR DEL PLATA"|302|"PESCADO FRESCO O REFRIGERADO, EXCEPTO LOS FILETES Y DEMAS CA"|1|6400|8320
20140301|37|"MAR DEL PLATA"|302|"PESCADO FRESCO O REFRIGERADO, EXCEPTO LOS FILETES Y DEMAS CA"|1|1008|1310.4
20140401|37|"MAR DEL PLATA"|302|"PESCADO FRESCO O REFRIGERADO, EXCEPTO LOS FILETES Y DEMAS CA"|0|0|0
20140501|37|"MAR DEL PLATA"|302|"PESCADO FRESCO O REFRIGERADO, EXCEPTO LOS FILETES Y DEMAS CA"|0|0|0
20140601|37|"MAR DEL PLATA"|302|"PESCADO FRESCO O REFRIGERADO, EXCEPTO LOS FILETES Y DEMAS CA"|0|0|0
20140701|37|"MAR DEL PLATA"|302|"PESCADO FRESCO O REFRIGERADO, EXCEPTO LOS FILETES Y DEMAS CA"|0|0|0
20140801|37|"MAR DEL PLATA"|302|"PESCADO FRESCO O REFRIGERADO, EXCEPTO LOS FILETES Y DEMAS CA"|0|0|0
20140901|37|"MAR DEL PLATA"|302|"PESCADO FRESCO O REFRIGERADO, EXCEPTO LOS FILETES Y DEMAS CA"|0|0|0
20141001|37|"MAR DEL PLATA"|302|"PESCADO FRESCO O REFRIGERADO, EXCEPTO LOS FILETES Y DEMAS CA"|0|0|0
20141101|37|"MAR DEL PLATA"|302|"PESCADO FRESCO O REFRIGERADO, EXCEPTO LOS FILETES Y DEMAS CA"|0|0|0
20141201|37|"MAR DEL PLATA"|302|"PESCADO FRESCO O REFRIGERADO, EXCEPTO LOS FILETES Y DEMAS CA"|2|4000|11600
20150101|37|"MAR DEL PLATA"|302|"PESCADO FRESCO O REFRIGERADO, EXCEPTO LOS FILETES Y DEMAS CA"|4|5449|15476.78
20150201|37|"MAR DEL PLATA"|302|"PESCADO FRESCO O REFRIGERADO, EXCEPTO LOS FILETES Y DEMAS CA"|0|0|0
20150301|37|"MAR DEL PLATA"|302|"PESCADO FRESCO O REFRIGERADO, EXCEPTO LOS FILETES Y DEMAS CA"|0|0|0
20150401|37|"MAR DEL PLATA"|302|"PESCADO FRESCO O REFRIGERADO, EXCEPTO LOS FILETES Y DEMAS CA"|1|1800|4500
20150501|37|"MAR DEL PLATA"|302|"PESCADO FRESCO O REFRIGERADO, EXCEPTO LOS FILETES Y DEMAS CA"|11|9732.3|22537.72
20150601|37|"MAR DEL PLATA"|302|"PESCADO FRESCO O REFRIGERADO, EXCEPTO LOS FILETES Y DEMAS CA"|4|3193.3|8047.72
20150701|37|"MAR DEL PLATA"|302|"PESCADO FRESCO O REFRIGERADO, EXCEPTO LOS FILETES Y DEMAS CA"|4|2090.3|5376.04
20150801|37|"MAR DEL PLATA"|302|"PESCADO FRESCO O REFRIGERADO, EXCEPTO LOS FILETES Y DEMAS CA"|7|3296.9|7612.57
20150901|37|"MAR DEL PLATA"|302|"PESCADO FRESCO O REFRIGERADO, EXCEPTO LOS FILETES Y DEMAS CA"|7|2303.1|5677.19
20151001|37|"MAR DEL PLATA"|302|"PESCADO FRESCO O REFRIGERADO, EXCEPTO LOS FILETES Y DEMAS CA"|7|4858|11027.84
20151101|37|"MAR DEL PLATA"|302|"PESCADO FRESCO O REFRIGERADO, EXCEPTO LOS FILETES Y DEMAS CA"|6|3539.5|9082.52
20151201|37|"MAR DEL PLATA"|302|"PESCADO FRESCO O REFRIGERADO, EXCEPTO LOS FILETES Y DEMAS CA"|0|0|0
