"fecha_oficia"|"aduana"|"aduana_desc"|"mercaderia"|"mercaderia_desc"|"cantidad"|"kilos"|"importe"
20100101|19|"PUERTO DESEADO"|305|"PESCADO SECO, SALADO O EN SALMUERA; PESCADOAHUMADO, INCLUSO "|0|0|0
20100201|19|"PUERTO DESEADO"|305|"PESCADO SECO, SALADO O EN SALMUERA; PESCADOAHUMADO, INCLUSO "|0|0|0
20100301|19|"PUERTO DESEADO"|305|"PESCADO SECO, SALADO O EN SALMUERA; PESCADOAHUMADO, INCLUSO "|0|0|0
20100401|19|"PUERTO DESEADO"|305|"PESCADO SECO, SALADO O EN SALMUERA; PESCADOAHUMADO, INCLUSO "|0|0|0
20100501|19|"PUERTO DESEADO"|305|"PESCADO SECO, SALADO O EN SALMUERA; PESCADOAHUMADO, INCLUSO "|0|0|0
20100601|19|"PUERTO DESEADO"|305|"PESCADO SECO, SALADO O EN SALMUERA; PESCADOAHUMADO, INCLUSO "|0|0|0
20100701|19|"PUERTO DESEADO"|305|"PESCADO SECO, SALADO O EN SALMUERA; PESCADOAHUMADO, INCLUSO "|0|0|0
20100801|19|"PUERTO DESEADO"|305|"PESCADO SECO, SALADO O EN SALMUERA; PESCADOAHUMADO, INCLUSO "|0|0|0
20100901|19|"PUERTO DESEADO"|305|"PESCADO SECO, SALADO O EN SALMUERA; PESCADOAHUMADO, INCLUSO "|0|0|0
20101001|19|"PUERTO DESEADO"|305|"PESCADO SECO, SALADO O EN SALMUERA; PESCADOAHUMADO, INCLUSO "|0|0|0
20101101|19|"PUERTO DESEADO"|305|"PESCADO SECO, SALADO O EN SALMUERA; PESCADOAHUMADO, INCLUSO "|0|0|0
20101201|19|"PUERTO DESEADO"|305|"PESCADO SECO, SALADO O EN SALMUERA; PESCADOAHUMADO, INCLUSO "|0|0|0
20110101|19|"PUERTO DESEADO"|305|"PESCADO SECO, SALADO O EN SALMUERA; PESCADOAHUMADO, INCLUSO "|0|0|0
20110201|19|"PUERTO DESEADO"|305|"PESCADO SECO, SALADO O EN SALMUERA; PESCADOAHUMADO, INCLUSO "|0|0|0
20110301|19|"PUERTO DESEADO"|305|"PESCADO SECO, SALADO O EN SALMUERA; PESCADOAHUMADO, INCLUSO "|0|0|0
20110401|19|"PUERTO DESEADO"|305|"PESCADO SECO, SALADO O EN SALMUERA; PESCADOAHUMADO, INCLUSO "|0|0|0
20110501|19|"PUERTO DESEADO"|305|"PESCADO SECO, SALADO O EN SALMUERA; PESCADOAHUMADO, INCLUSO "|0|0|0
20110601|19|"PUERTO DESEADO"|305|"PESCADO SECO, SALADO O EN SALMUERA; PESCADOAHUMADO, INCLUSO "|0|0|0
20110701|19|"PUERTO DESEADO"|305|"PESCADO SECO, SALADO O EN SALMUERA; PESCADOAHUMADO, INCLUSO "|0|0|0
20110801|19|"PUERTO DESEADO"|305|"PESCADO SECO, SALADO O EN SALMUERA; PESCADOAHUMADO, INCLUSO "|0|0|0
20110901|19|"PUERTO DESEADO"|305|"PESCADO SECO, SALADO O EN SALMUERA; PESCADOAHUMADO, INCLUSO "|0|0|0
20111001|19|"PUERTO DESEADO"|305|"PESCADO SECO, SALADO O EN SALMUERA; PESCADOAHUMADO, INCLUSO "|0|0|0
20111101|19|"PUERTO DESEADO"|305|"PESCADO SECO, SALADO O EN SALMUERA; PESCADOAHUMADO, INCLUSO "|0|0|0
20111201|19|"PUERTO DESEADO"|305|"PESCADO SECO, SALADO O EN SALMUERA; PESCADOAHUMADO, INCLUSO "|0|0|0
20120101|19|"PUERTO DESEADO"|305|"PESCADO SECO, SALADO O EN SALMUERA; PESCADOAHUMADO, INCLUSO "|0|0|0
20120201|19|"PUERTO DESEADO"|305|"PESCADO SECO, SALADO O EN SALMUERA; PESCADOAHUMADO, INCLUSO "|0|0|0
20120301|19|"PUERTO DESEADO"|305|"PESCADO SECO, SALADO O EN SALMUERA; PESCADOAHUMADO, INCLUSO "|0|0|0
20120401|19|"PUERTO DESEADO"|305|"PESCADO SECO, SALADO O EN SALMUERA; PESCADOAHUMADO, INCLUSO "|0|0|0
20120501|19|"PUERTO DESEADO"|305|"PESCADO SECO, SALADO O EN SALMUERA; PESCADOAHUMADO, INCLUSO "|0|0|0
20120601|19|"PUERTO DESEADO"|305|"PESCADO SECO, SALADO O EN SALMUERA; PESCADOAHUMADO, INCLUSO "|0|0|0
20120701|19|"PUERTO DESEADO"|305|"PESCADO SECO, SALADO O EN SALMUERA; PESCADOAHUMADO, INCLUSO "|0|0|0
20120801|19|"PUERTO DESEADO"|305|"PESCADO SECO, SALADO O EN SALMUERA; PESCADOAHUMADO, INCLUSO "|0|0|0
20120901|19|"PUERTO DESEADO"|305|"PESCADO SECO, SALADO O EN SALMUERA; PESCADOAHUMADO, INCLUSO "|0|0|0
20121001|19|"PUERTO DESEADO"|305|"PESCADO SECO, SALADO O EN SALMUERA; PESCADOAHUMADO, INCLUSO "|0|0|0
20121101|19|"PUERTO DESEADO"|305|"PESCADO SECO, SALADO O EN SALMUERA; PESCADOAHUMADO, INCLUSO "|0|0|0
20121201|19|"PUERTO DESEADO"|305|"PESCADO SECO, SALADO O EN SALMUERA; PESCADOAHUMADO, INCLUSO "|0|0|0
20130101|19|"PUERTO DESEADO"|305|"PESCADO SECO, SALADO O EN SALMUERA; PESCADOAHUMADO, INCLUSO "|0|0|0
20130201|19|"PUERTO DESEADO"|305|"PESCADO SECO, SALADO O EN SALMUERA; PESCADOAHUMADO, INCLUSO "|0|0|0
20130301|19|"PUERTO DESEADO"|305|"PESCADO SECO, SALADO O EN SALMUERA; PESCADOAHUMADO, INCLUSO "|0|0|0
20130401|19|"PUERTO DESEADO"|305|"PESCADO SECO, SALADO O EN SALMUERA; PESCADOAHUMADO, INCLUSO "|0|0|0
20130501|19|"PUERTO DESEADO"|305|"PESCADO SECO, SALADO O EN SALMUERA; PESCADOAHUMADO, INCLUSO "|0|0|0
20130601|19|"PUERTO DESEADO"|305|"PESCADO SECO, SALADO O EN SALMUERA; PESCADOAHUMADO, INCLUSO "|0|0|0
20130701|19|"PUERTO DESEADO"|305|"PESCADO SECO, SALADO O EN SALMUERA; PESCADOAHUMADO, INCLUSO "|0|0|0
20130801|19|"PUERTO DESEADO"|305|"PESCADO SECO, SALADO O EN SALMUERA; PESCADOAHUMADO, INCLUSO "|0|0|0
20130901|19|"PUERTO DESEADO"|305|"PESCADO SECO, SALADO O EN SALMUERA; PESCADOAHUMADO, INCLUSO "|0|0|0
20131001|19|"PUERTO DESEADO"|305|"PESCADO SECO, SALADO O EN SALMUERA; PESCADOAHUMADO, INCLUSO "|0|0|0
20131101|19|"PUERTO DESEADO"|305|"PESCADO SECO, SALADO O EN SALMUERA; PESCADOAHUMADO, INCLUSO "|0|0|0
20131201|19|"PUERTO DESEADO"|305|"PESCADO SECO, SALADO O EN SALMUERA; PESCADOAHUMADO, INCLUSO "|0|0|0
20140101|19|"PUERTO DESEADO"|305|"PESCADO SECO, SALADO O EN SALMUERA; PESCADOAHUMADO, INCLUSO "|0|0|0
20140201|19|"PUERTO DESEADO"|305|"PESCADO SECO, SALADO O EN SALMUERA; PESCADOAHUMADO, INCLUSO "|0|0|0
20140301|19|"PUERTO DESEADO"|305|"PESCADO SECO, SALADO O EN SALMUERA; PESCADOAHUMADO, INCLUSO "|0|0|0
20140401|19|"PUERTO DESEADO"|305|"PESCADO SECO, SALADO O EN SALMUERA; PESCADOAHUMADO, INCLUSO "|0|0|0
20140501|19|"PUERTO DESEADO"|305|"PESCADO SECO, SALADO O EN SALMUERA; PESCADOAHUMADO, INCLUSO "|0|0|0
20140601|19|"PUERTO DESEADO"|305|"PESCADO SECO, SALADO O EN SALMUERA; PESCADOAHUMADO, INCLUSO "|0|0|0
20140701|19|"PUERTO DESEADO"|305|"PESCADO SECO, SALADO O EN SALMUERA; PESCADOAHUMADO, INCLUSO "|0|0|0
20140801|19|"PUERTO DESEADO"|305|"PESCADO SECO, SALADO O EN SALMUERA; PESCADOAHUMADO, INCLUSO "|0|0|0
20140901|19|"PUERTO DESEADO"|305|"PESCADO SECO, SALADO O EN SALMUERA; PESCADOAHUMADO, INCLUSO "|0|0|0
20141001|19|"PUERTO DESEADO"|305|"PESCADO SECO, SALADO O EN SALMUERA; PESCADOAHUMADO, INCLUSO "|0|0|0
20141101|19|"PUERTO DESEADO"|305|"PESCADO SECO, SALADO O EN SALMUERA; PESCADOAHUMADO, INCLUSO "|0|0|0
20141201|19|"PUERTO DESEADO"|305|"PESCADO SECO, SALADO O EN SALMUERA; PESCADOAHUMADO, INCLUSO "|0|0|0
20150101|19|"PUERTO DESEADO"|305|"PESCADO SECO, SALADO O EN SALMUERA; PESCADOAHUMADO, INCLUSO "|0|0|0
20150201|19|"PUERTO DESEADO"|305|"PESCADO SECO, SALADO O EN SALMUERA; PESCADOAHUMADO, INCLUSO "|0|0|0
20150301|19|"PUERTO DESEADO"|305|"PESCADO SECO, SALADO O EN SALMUERA; PESCADOAHUMADO, INCLUSO "|0|0|0
20150401|19|"PUERTO DESEADO"|305|"PESCADO SECO, SALADO O EN SALMUERA; PESCADOAHUMADO, INCLUSO "|0|0|0
20150501|19|"PUERTO DESEADO"|305|"PESCADO SECO, SALADO O EN SALMUERA; PESCADOAHUMADO, INCLUSO "|0|0|0
20150601|19|"PUERTO DESEADO"|305|"PESCADO SECO, SALADO O EN SALMUERA; PESCADOAHUMADO, INCLUSO "|0|0|0
20150701|19|"PUERTO DESEADO"|305|"PESCADO SECO, SALADO O EN SALMUERA; PESCADOAHUMADO, INCLUSO "|0|0|0
20150801|19|"PUERTO DESEADO"|305|"PESCADO SECO, SALADO O EN SALMUERA; PESCADOAHUMADO, INCLUSO "|0|0|0
20150901|19|"PUERTO DESEADO"|305|"PESCADO SECO, SALADO O EN SALMUERA; PESCADOAHUMADO, INCLUSO "|0|0|0
20151001|19|"PUERTO DESEADO"|305|"PESCADO SECO, SALADO O EN SALMUERA; PESCADOAHUMADO, INCLUSO "|0|0|0
20151101|19|"PUERTO DESEADO"|305|"PESCADO SECO, SALADO O EN SALMUERA; PESCADOAHUMADO, INCLUSO "|0|0|0
20151201|19|"PUERTO DESEADO"|305|"PESCADO SECO, SALADO O EN SALMUERA; PESCADOAHUMADO, INCLUSO "|0|0|0
