"fecha_oficia"|"aduana"|"aduana_desc"|"mercaderia"|"mercaderia_desc"|"cantidad"|"kilos"|"importe"
20100101|67|"USHUAIA"|306|"CRUSTACEOS, INCLUSO PELADOS, VIVOS, FRESCOS, REFRIGERADOS, C"|0|0|0
20100201|67|"USHUAIA"|306|"CRUSTACEOS, INCLUSO PELADOS, VIVOS, FRESCOS, REFRIGERADOS, C"|0|0|0
20100301|67|"USHUAIA"|306|"CRUSTACEOS, INCLUSO PELADOS, VIVOS, FRESCOS, REFRIGERADOS, C"|0|0|0
20100401|67|"USHUAIA"|306|"CRUSTACEOS, INCLUSO PELADOS, VIVOS, FRESCOS, REFRIGERADOS, C"|0|0|0
20100501|67|"USHUAIA"|306|"CRUSTACEOS, INCLUSO PELADOS, VIVOS, FRESCOS, REFRIGERADOS, C"|0|0|0
20100601|67|"USHUAIA"|306|"CRUSTACEOS, INCLUSO PELADOS, VIVOS, FRESCOS, REFRIGERADOS, C"|0|0|0
20100701|67|"USHUAIA"|306|"CRUSTACEOS, INCLUSO PELADOS, VIVOS, FRESCOS, REFRIGERADOS, C"|0|0|0
20100801|67|"USHUAIA"|306|"CRUSTACEOS, INCLUSO PELADOS, VIVOS, FRESCOS, REFRIGERADOS, C"|0|0|0
20100901|67|"USHUAIA"|306|"CRUSTACEOS, INCLUSO PELADOS, VIVOS, FRESCOS, REFRIGERADOS, C"|0|0|0
20101001|67|"USHUAIA"|306|"CRUSTACEOS, INCLUSO PELADOS, VIVOS, FRESCOS, REFRIGERADOS, C"|0|0|0
20101101|67|"USHUAIA"|306|"CRUSTACEOS, INCLUSO PELADOS, VIVOS, FRESCOS, REFRIGERADOS, C"|0|0|0
20101201|67|"USHUAIA"|306|"CRUSTACEOS, INCLUSO PELADOS, VIVOS, FRESCOS, REFRIGERADOS, C"|0|0|0
20110101|67|"USHUAIA"|306|"CRUSTACEOS, INCLUSO PELADOS, VIVOS, FRESCOS, REFRIGERADOS, C"|0|0|0
20110201|67|"USHUAIA"|306|"CRUSTACEOS, INCLUSO PELADOS, VIVOS, FRESCOS, REFRIGERADOS, C"|0|0|0
20110301|67|"USHUAIA"|306|"CRUSTACEOS, INCLUSO PELADOS, VIVOS, FRESCOS, REFRIGERADOS, C"|0|0|0
20110401|67|"USHUAIA"|306|"CRUSTACEOS, INCLUSO PELADOS, VIVOS, FRESCOS, REFRIGERADOS, C"|0|0|0
20110501|67|"USHUAIA"|306|"CRUSTACEOS, INCLUSO PELADOS, VIVOS, FRESCOS, REFRIGERADOS, C"|0|0|0
20110601|67|"USHUAIA"|306|"CRUSTACEOS, INCLUSO PELADOS, VIVOS, FRESCOS, REFRIGERADOS, C"|0|0|0
20110701|67|"USHUAIA"|306|"CRUSTACEOS, INCLUSO PELADOS, VIVOS, FRESCOS, REFRIGERADOS, C"|0|0|0
20110801|67|"USHUAIA"|306|"CRUSTACEOS, INCLUSO PELADOS, VIVOS, FRESCOS, REFRIGERADOS, C"|0|0|0
20110901|67|"USHUAIA"|306|"CRUSTACEOS, INCLUSO PELADOS, VIVOS, FRESCOS, REFRIGERADOS, C"|0|0|0
20111001|67|"USHUAIA"|306|"CRUSTACEOS, INCLUSO PELADOS, VIVOS, FRESCOS, REFRIGERADOS, C"|0|0|0
20111101|67|"USHUAIA"|306|"CRUSTACEOS, INCLUSO PELADOS, VIVOS, FRESCOS, REFRIGERADOS, C"|0|0|0
20111201|67|"USHUAIA"|306|"CRUSTACEOS, INCLUSO PELADOS, VIVOS, FRESCOS, REFRIGERADOS, C"|0|0|0
20120101|67|"USHUAIA"|306|"CRUSTACEOS, INCLUSO PELADOS, VIVOS, FRESCOS, REFRIGERADOS, C"|0|0|0
20120201|67|"USHUAIA"|306|"CRUSTACEOS, INCLUSO PELADOS, VIVOS, FRESCOS, REFRIGERADOS, C"|0|0|0
20120301|67|"USHUAIA"|306|"CRUSTACEOS, INCLUSO PELADOS, VIVOS, FRESCOS, REFRIGERADOS, C"|0|0|0
20120401|67|"USHUAIA"|306|"CRUSTACEOS, INCLUSO PELADOS, VIVOS, FRESCOS, REFRIGERADOS, C"|0|0|0
20120501|67|"USHUAIA"|306|"CRUSTACEOS, INCLUSO PELADOS, VIVOS, FRESCOS, REFRIGERADOS, C"|0|0|0
20120601|67|"USHUAIA"|306|"CRUSTACEOS, INCLUSO PELADOS, VIVOS, FRESCOS, REFRIGERADOS, C"|0|0|0
20120701|67|"USHUAIA"|306|"CRUSTACEOS, INCLUSO PELADOS, VIVOS, FRESCOS, REFRIGERADOS, C"|0|0|0
20120801|67|"USHUAIA"|306|"CRUSTACEOS, INCLUSO PELADOS, VIVOS, FRESCOS, REFRIGERADOS, C"|0|0|0
20120901|67|"USHUAIA"|306|"CRUSTACEOS, INCLUSO PELADOS, VIVOS, FRESCOS, REFRIGERADOS, C"|0|0|0
20121001|67|"USHUAIA"|306|"CRUSTACEOS, INCLUSO PELADOS, VIVOS, FRESCOS, REFRIGERADOS, C"|0|0|0
20121101|67|"USHUAIA"|306|"CRUSTACEOS, INCLUSO PELADOS, VIVOS, FRESCOS, REFRIGERADOS, C"|0|0|0
20121201|67|"USHUAIA"|306|"CRUSTACEOS, INCLUSO PELADOS, VIVOS, FRESCOS, REFRIGERADOS, C"|0|0|0
20130101|67|"USHUAIA"|306|"CRUSTACEOS, INCLUSO PELADOS, VIVOS, FRESCOS, REFRIGERADOS, C"|0|0|0
20130201|67|"USHUAIA"|306|"CRUSTACEOS, INCLUSO PELADOS, VIVOS, FRESCOS, REFRIGERADOS, C"|0|0|0
20130301|67|"USHUAIA"|306|"CRUSTACEOS, INCLUSO PELADOS, VIVOS, FRESCOS, REFRIGERADOS, C"|0|0|0
20130401|67|"USHUAIA"|306|"CRUSTACEOS, INCLUSO PELADOS, VIVOS, FRESCOS, REFRIGERADOS, C"|0|0|0
20130501|67|"USHUAIA"|306|"CRUSTACEOS, INCLUSO PELADOS, VIVOS, FRESCOS, REFRIGERADOS, C"|0|0|0
20130601|67|"USHUAIA"|306|"CRUSTACEOS, INCLUSO PELADOS, VIVOS, FRESCOS, REFRIGERADOS, C"|0|0|0
20130701|67|"USHUAIA"|306|"CRUSTACEOS, INCLUSO PELADOS, VIVOS, FRESCOS, REFRIGERADOS, C"|0|0|0
20130801|67|"USHUAIA"|306|"CRUSTACEOS, INCLUSO PELADOS, VIVOS, FRESCOS, REFRIGERADOS, C"|0|0|0
20130901|67|"USHUAIA"|306|"CRUSTACEOS, INCLUSO PELADOS, VIVOS, FRESCOS, REFRIGERADOS, C"|0|0|0
20131001|67|"USHUAIA"|306|"CRUSTACEOS, INCLUSO PELADOS, VIVOS, FRESCOS, REFRIGERADOS, C"|0|0|0
20131101|67|"USHUAIA"|306|"CRUSTACEOS, INCLUSO PELADOS, VIVOS, FRESCOS, REFRIGERADOS, C"|0|0|0
20131201|67|"USHUAIA"|306|"CRUSTACEOS, INCLUSO PELADOS, VIVOS, FRESCOS, REFRIGERADOS, C"|0|0|0
20140101|67|"USHUAIA"|306|"CRUSTACEOS, INCLUSO PELADOS, VIVOS, FRESCOS, REFRIGERADOS, C"|0|0|0
20140201|67|"USHUAIA"|306|"CRUSTACEOS, INCLUSO PELADOS, VIVOS, FRESCOS, REFRIGERADOS, C"|0|0|0
20140301|67|"USHUAIA"|306|"CRUSTACEOS, INCLUSO PELADOS, VIVOS, FRESCOS, REFRIGERADOS, C"|0|0|0
20140401|67|"USHUAIA"|306|"CRUSTACEOS, INCLUSO PELADOS, VIVOS, FRESCOS, REFRIGERADOS, C"|0|0|0
20140501|67|"USHUAIA"|306|"CRUSTACEOS, INCLUSO PELADOS, VIVOS, FRESCOS, REFRIGERADOS, C"|0|0|0
20140601|67|"USHUAIA"|306|"CRUSTACEOS, INCLUSO PELADOS, VIVOS, FRESCOS, REFRIGERADOS, C"|0|0|0
20140701|67|"USHUAIA"|306|"CRUSTACEOS, INCLUSO PELADOS, VIVOS, FRESCOS, REFRIGERADOS, C"|0|0|0
20140801|67|"USHUAIA"|306|"CRUSTACEOS, INCLUSO PELADOS, VIVOS, FRESCOS, REFRIGERADOS, C"|0|0|0
20140901|67|"USHUAIA"|306|"CRUSTACEOS, INCLUSO PELADOS, VIVOS, FRESCOS, REFRIGERADOS, C"|0|0|0
20141001|67|"USHUAIA"|306|"CRUSTACEOS, INCLUSO PELADOS, VIVOS, FRESCOS, REFRIGERADOS, C"|0|0|0
20141101|67|"USHUAIA"|306|"CRUSTACEOS, INCLUSO PELADOS, VIVOS, FRESCOS, REFRIGERADOS, C"|0|0|0
20141201|67|"USHUAIA"|306|"CRUSTACEOS, INCLUSO PELADOS, VIVOS, FRESCOS, REFRIGERADOS, C"|0|0|0
20150101|67|"USHUAIA"|306|"CRUSTACEOS, INCLUSO PELADOS, VIVOS, FRESCOS, REFRIGERADOS, C"|0|0|0
20150201|67|"USHUAIA"|306|"CRUSTACEOS, INCLUSO PELADOS, VIVOS, FRESCOS, REFRIGERADOS, C"|0|0|0
20150301|67|"USHUAIA"|306|"CRUSTACEOS, INCLUSO PELADOS, VIVOS, FRESCOS, REFRIGERADOS, C"|0|0|0
20150401|67|"USHUAIA"|306|"CRUSTACEOS, INCLUSO PELADOS, VIVOS, FRESCOS, REFRIGERADOS, C"|0|0|0
20150501|67|"USHUAIA"|306|"CRUSTACEOS, INCLUSO PELADOS, VIVOS, FRESCOS, REFRIGERADOS, C"|0|0|0
20150601|67|"USHUAIA"|306|"CRUSTACEOS, INCLUSO PELADOS, VIVOS, FRESCOS, REFRIGERADOS, C"|0|0|0
20150701|67|"USHUAIA"|306|"CRUSTACEOS, INCLUSO PELADOS, VIVOS, FRESCOS, REFRIGERADOS, C"|0|0|0
20150801|67|"USHUAIA"|306|"CRUSTACEOS, INCLUSO PELADOS, VIVOS, FRESCOS, REFRIGERADOS, C"|0|0|0
20150901|67|"USHUAIA"|306|"CRUSTACEOS, INCLUSO PELADOS, VIVOS, FRESCOS, REFRIGERADOS, C"|0|0|0
20151001|67|"USHUAIA"|306|"CRUSTACEOS, INCLUSO PELADOS, VIVOS, FRESCOS, REFRIGERADOS, C"|0|0|0
20151101|67|"USHUAIA"|306|"CRUSTACEOS, INCLUSO PELADOS, VIVOS, FRESCOS, REFRIGERADOS, C"|0|0|0
20151201|67|"USHUAIA"|306|"CRUSTACEOS, INCLUSO PELADOS, VIVOS, FRESCOS, REFRIGERADOS, C"|0|0|0
