"fecha_oficia"|"aduana"|"aduana_desc"|"mercaderia"|"mercaderia_desc"|"cantidad"|"kilos"|"importe"
20100101|47|"PUERTO MADRYN"|304|"FILETES Y DEMAS CARNE DE PESCADO (INCLUSO PICADA), FRESCOS, "|98|2545853.94|6977503.89
20100201|47|"PUERTO MADRYN"|304|"FILETES Y DEMAS CARNE DE PESCADO (INCLUSO PICADA), FRESCOS, "|85|1317600.24|3511933.21
20100301|47|"PUERTO MADRYN"|304|"FILETES Y DEMAS CARNE DE PESCADO (INCLUSO PICADA), FRESCOS, "|205|6349033.1|17871968.71
20100401|47|"PUERTO MADRYN"|304|"FILETES Y DEMAS CARNE DE PESCADO (INCLUSO PICADA), FRESCOS, "|161|7773141.52|20836438.05
20100501|47|"PUERTO MADRYN"|304|"FILETES Y DEMAS CARNE DE PESCADO (INCLUSO PICADA), FRESCOS, "|237|8434781.49|23627154.73
20100601|47|"PUERTO MADRYN"|304|"FILETES Y DEMAS CARNE DE PESCADO (INCLUSO PICADA), FRESCOS, "|161|7936174.47|21553189.3
20100701|47|"PUERTO MADRYN"|304|"FILETES Y DEMAS CARNE DE PESCADO (INCLUSO PICADA), FRESCOS, "|131|8387875.62|23654791.51
20100801|47|"PUERTO MADRYN"|304|"FILETES Y DEMAS CARNE DE PESCADO (INCLUSO PICADA), FRESCOS, "|176|5297937.73|16052415.9
20100901|47|"PUERTO MADRYN"|304|"FILETES Y DEMAS CARNE DE PESCADO (INCLUSO PICADA), FRESCOS, "|118|4387304.43|13554244.45
20101001|47|"PUERTO MADRYN"|304|"FILETES Y DEMAS CARNE DE PESCADO (INCLUSO PICADA), FRESCOS, "|132|4457468.87|13146301.04
20101101|47|"PUERTO MADRYN"|304|"FILETES Y DEMAS CARNE DE PESCADO (INCLUSO PICADA), FRESCOS, "|148|6555155.52|19605957.31
20101201|47|"PUERTO MADRYN"|304|"FILETES Y DEMAS CARNE DE PESCADO (INCLUSO PICADA), FRESCOS, "|173|5989156.72|18128056.77
20110101|47|"PUERTO MADRYN"|304|"FILETES Y DEMAS CARNE DE PESCADO (INCLUSO PICADA), FRESCOS, "|68|2014418.48|5696668.11
20110201|47|"PUERTO MADRYN"|304|"FILETES Y DEMAS CARNE DE PESCADO (INCLUSO PICADA), FRESCOS, "|68|1215819.51|4407872.22
20110301|47|"PUERTO MADRYN"|304|"FILETES Y DEMAS CARNE DE PESCADO (INCLUSO PICADA), FRESCOS, "|182|3916775.79|13451121.83
20110401|47|"PUERTO MADRYN"|304|"FILETES Y DEMAS CARNE DE PESCADO (INCLUSO PICADA), FRESCOS, "|103|2080299.88|7881723.56
20110501|47|"PUERTO MADRYN"|304|"FILETES Y DEMAS CARNE DE PESCADO (INCLUSO PICADA), FRESCOS, "|194|6766197.52|22372731.17
20110601|47|"PUERTO MADRYN"|304|"FILETES Y DEMAS CARNE DE PESCADO (INCLUSO PICADA), FRESCOS, "|150|5365799.29|18761872.33
20110701|47|"PUERTO MADRYN"|304|"FILETES Y DEMAS CARNE DE PESCADO (INCLUSO PICADA), FRESCOS, "|122|3699614.75|13116383.23
20110801|47|"PUERTO MADRYN"|304|"FILETES Y DEMAS CARNE DE PESCADO (INCLUSO PICADA), FRESCOS, "|158|6087656.25|20845964.74
20110901|47|"PUERTO MADRYN"|304|"FILETES Y DEMAS CARNE DE PESCADO (INCLUSO PICADA), FRESCOS, "|178|5495575.41|19915069.02
20111001|47|"PUERTO MADRYN"|304|"FILETES Y DEMAS CARNE DE PESCADO (INCLUSO PICADA), FRESCOS, "|133|4959972.95|16850431.07
20111101|47|"PUERTO MADRYN"|304|"FILETES Y DEMAS CARNE DE PESCADO (INCLUSO PICADA), FRESCOS, "|187|7271127.8|23895543.02
20111201|47|"PUERTO MADRYN"|304|"FILETES Y DEMAS CARNE DE PESCADO (INCLUSO PICADA), FRESCOS, "|183|6000918.62|22004631.38
20120101|47|"PUERTO MADRYN"|304|"FILETES Y DEMAS CARNE DE PESCADO (INCLUSO PICADA), FRESCOS, "|74|3273613.38|9870604.24
20120201|47|"PUERTO MADRYN"|304|"FILETES Y DEMAS CARNE DE PESCADO (INCLUSO PICADA), FRESCOS, "|71|1560895.17|5727471.06
20120301|47|"PUERTO MADRYN"|304|"FILETES Y DEMAS CARNE DE PESCADO (INCLUSO PICADA), FRESCOS, "|74|1047781.96|3406659.04
20120401|47|"PUERTO MADRYN"|304|"FILETES Y DEMAS CARNE DE PESCADO (INCLUSO PICADA), FRESCOS, "|51|973319.87|3313940.81
20120501|47|"PUERTO MADRYN"|304|"FILETES Y DEMAS CARNE DE PESCADO (INCLUSO PICADA), FRESCOS, "|111|1973305.56|6060111.28
20120601|47|"PUERTO MADRYN"|304|"FILETES Y DEMAS CARNE DE PESCADO (INCLUSO PICADA), FRESCOS, "|81|1636019.66|5025982.53
20120701|47|"PUERTO MADRYN"|304|"FILETES Y DEMAS CARNE DE PESCADO (INCLUSO PICADA), FRESCOS, "|94|1738603.51|5349449.94
20120801|47|"PUERTO MADRYN"|304|"FILETES Y DEMAS CARNE DE PESCADO (INCLUSO PICADA), FRESCOS, "|51|1374804.6|4315225.05
20120901|47|"PUERTO MADRYN"|304|"FILETES Y DEMAS CARNE DE PESCADO (INCLUSO PICADA), FRESCOS, "|55|1547525.16|4794861.03
20121001|47|"PUERTO MADRYN"|304|"FILETES Y DEMAS CARNE DE PESCADO (INCLUSO PICADA), FRESCOS, "|88|2946720.33|8228230.24
20121101|47|"PUERTO MADRYN"|304|"FILETES Y DEMAS CARNE DE PESCADO (INCLUSO PICADA), FRESCOS, "|69|1494960.48|4687917.55
20121201|47|"PUERTO MADRYN"|304|"FILETES Y DEMAS CARNE DE PESCADO (INCLUSO PICADA), FRESCOS, "|66|1010503.45|3260838.4
20130101|47|"PUERTO MADRYN"|304|"FILETES Y DEMAS CARNE DE PESCADO (INCLUSO PICADA), FRESCOS, "|22|391836.74|1241795.44
20130201|47|"PUERTO MADRYN"|304|"FILETES Y DEMAS CARNE DE PESCADO (INCLUSO PICADA), FRESCOS, "|29|596363.87|2073909.24
20130301|47|"PUERTO MADRYN"|304|"FILETES Y DEMAS CARNE DE PESCADO (INCLUSO PICADA), FRESCOS, "|53|761406.74|2320279.24
20130401|47|"PUERTO MADRYN"|304|"FILETES Y DEMAS CARNE DE PESCADO (INCLUSO PICADA), FRESCOS, "|125|2396137.89|7419856.84
20130501|47|"PUERTO MADRYN"|304|"FILETES Y DEMAS CARNE DE PESCADO (INCLUSO PICADA), FRESCOS, "|130|2944334.08|8588785.99
20130601|47|"PUERTO MADRYN"|304|"FILETES Y DEMAS CARNE DE PESCADO (INCLUSO PICADA), FRESCOS, "|65|1405674.71|3937242
20130701|47|"PUERTO MADRYN"|304|"FILETES Y DEMAS CARNE DE PESCADO (INCLUSO PICADA), FRESCOS, "|81|2033985.21|5800330.72
20130801|47|"PUERTO MADRYN"|304|"FILETES Y DEMAS CARNE DE PESCADO (INCLUSO PICADA), FRESCOS, "|89|2483827.19|6859619.37
20130901|47|"PUERTO MADRYN"|304|"FILETES Y DEMAS CARNE DE PESCADO (INCLUSO PICADA), FRESCOS, "|70|2891908.7|8109930.95
20131001|47|"PUERTO MADRYN"|304|"FILETES Y DEMAS CARNE DE PESCADO (INCLUSO PICADA), FRESCOS, "|67|2029847.56|5905065.35
20131101|47|"PUERTO MADRYN"|304|"FILETES Y DEMAS CARNE DE PESCADO (INCLUSO PICADA), FRESCOS, "|77|3033394.66|8728487.78
20131201|47|"PUERTO MADRYN"|304|"FILETES Y DEMAS CARNE DE PESCADO (INCLUSO PICADA), FRESCOS, "|48|956091.35|2838171.88
20140101|47|"PUERTO MADRYN"|304|"FILETES Y DEMAS CARNE DE PESCADO (INCLUSO PICADA), FRESCOS, "|21|371274|1091934.29
20140201|47|"PUERTO MADRYN"|304|"FILETES Y DEMAS CARNE DE PESCADO (INCLUSO PICADA), FRESCOS, "|33|793074|2363238.4
20140301|47|"PUERTO MADRYN"|304|"FILETES Y DEMAS CARNE DE PESCADO (INCLUSO PICADA), FRESCOS, "|39|1194945.8|3424310.78
20140401|47|"PUERTO MADRYN"|304|"FILETES Y DEMAS CARNE DE PESCADO (INCLUSO PICADA), FRESCOS, "|45|1719868.8|4663887.59
20140501|47|"PUERTO MADRYN"|304|"FILETES Y DEMAS CARNE DE PESCADO (INCLUSO PICADA), FRESCOS, "|85|2377091|6779271.24
20140601|47|"PUERTO MADRYN"|304|"FILETES Y DEMAS CARNE DE PESCADO (INCLUSO PICADA), FRESCOS, "|66|1640472.5|4479625.23
20140701|47|"PUERTO MADRYN"|304|"FILETES Y DEMAS CARNE DE PESCADO (INCLUSO PICADA), FRESCOS, "|67|1795005.2|5037138.96
20140801|47|"PUERTO MADRYN"|304|"FILETES Y DEMAS CARNE DE PESCADO (INCLUSO PICADA), FRESCOS, "|52|1573760|4499117.41
20140901|47|"PUERTO MADRYN"|304|"FILETES Y DEMAS CARNE DE PESCADO (INCLUSO PICADA), FRESCOS, "|48|2687945.6|7548004.45
20141001|47|"PUERTO MADRYN"|304|"FILETES Y DEMAS CARNE DE PESCADO (INCLUSO PICADA), FRESCOS, "|67|2121946.8|5959645.96
20141101|47|"PUERTO MADRYN"|304|"FILETES Y DEMAS CARNE DE PESCADO (INCLUSO PICADA), FRESCOS, "|40|1335718|3750280.74
20141201|47|"PUERTO MADRYN"|304|"FILETES Y DEMAS CARNE DE PESCADO (INCLUSO PICADA), FRESCOS, "|30|777515.8|2261986.66
20150101|47|"PUERTO MADRYN"|304|"FILETES Y DEMAS CARNE DE PESCADO (INCLUSO PICADA), FRESCOS, "|26|416675.8|1164360.81
20150201|47|"PUERTO MADRYN"|304|"FILETES Y DEMAS CARNE DE PESCADO (INCLUSO PICADA), FRESCOS, "|13|151694.5|441034.56
20150301|47|"PUERTO MADRYN"|304|"FILETES Y DEMAS CARNE DE PESCADO (INCLUSO PICADA), FRESCOS, "|49|1485835.4|4113972.85
20150401|47|"PUERTO MADRYN"|304|"FILETES Y DEMAS CARNE DE PESCADO (INCLUSO PICADA), FRESCOS, "|94|2042067.9|5577008.24
20150501|47|"PUERTO MADRYN"|304|"FILETES Y DEMAS CARNE DE PESCADO (INCLUSO PICADA), FRESCOS, "|41|1511422.5|4072062.52
20150601|47|"PUERTO MADRYN"|304|"FILETES Y DEMAS CARNE DE PESCADO (INCLUSO PICADA), FRESCOS, "|86|2502395.8|7087156.56
20150701|47|"PUERTO MADRYN"|304|"FILETES Y DEMAS CARNE DE PESCADO (INCLUSO PICADA), FRESCOS, "|69|2122877.7|5680446.31
20150801|47|"PUERTO MADRYN"|304|"FILETES Y DEMAS CARNE DE PESCADO (INCLUSO PICADA), FRESCOS, "|43|1927215|5534062.49
20150901|47|"PUERTO MADRYN"|304|"FILETES Y DEMAS CARNE DE PESCADO (INCLUSO PICADA), FRESCOS, "|55|1978237.6|5660102.7
20151001|47|"PUERTO MADRYN"|304|"FILETES Y DEMAS CARNE DE PESCADO (INCLUSO PICADA), FRESCOS, "|62|2104945.1|6135893.85
20151101|47|"PUERTO MADRYN"|304|"FILETES Y DEMAS CARNE DE PESCADO (INCLUSO PICADA), FRESCOS, "|28|1300137.6|3570689.92
20151201|47|"PUERTO MADRYN"|304|"FILETES Y DEMAS CARNE DE PESCADO (INCLUSO PICADA), FRESCOS, "|52|1547045|4137282.8
