"fecha_oficia"|"aduana"|"aduana_desc"|"mercaderia"|"mercaderia_desc"|"cantidad"|"kilos"|"importe"
20100101|19|"PUERTO DESEADO"|306|"CRUSTACEOS, INCLUSO PELADOS, VIVOS, FRESCOS, REFRIGERADOS, C"|22|465968|3483977.9
20100201|19|"PUERTO DESEADO"|306|"CRUSTACEOS, INCLUSO PELADOS, VIVOS, FRESCOS, REFRIGERADOS, C"|32|309694.3|2452734.53
20100301|19|"PUERTO DESEADO"|306|"CRUSTACEOS, INCLUSO PELADOS, VIVOS, FRESCOS, REFRIGERADOS, C"|23|126215.4|1030273.49
20100401|19|"PUERTO DESEADO"|306|"CRUSTACEOS, INCLUSO PELADOS, VIVOS, FRESCOS, REFRIGERADOS, C"|74|2116577.4|14795555.23
20100501|19|"PUERTO DESEADO"|306|"CRUSTACEOS, INCLUSO PELADOS, VIVOS, FRESCOS, REFRIGERADOS, C"|116|3037208.64|21360021.77
20100601|19|"PUERTO DESEADO"|306|"CRUSTACEOS, INCLUSO PELADOS, VIVOS, FRESCOS, REFRIGERADOS, C"|286|16082065.6|122077113.51
20100701|19|"PUERTO DESEADO"|306|"CRUSTACEOS, INCLUSO PELADOS, VIVOS, FRESCOS, REFRIGERADOS, C"|242|19026005.4|151747782.52
20100801|19|"PUERTO DESEADO"|306|"CRUSTACEOS, INCLUSO PELADOS, VIVOS, FRESCOS, REFRIGERADOS, C"|231|13877782.8|104451202.55
20100901|19|"PUERTO DESEADO"|306|"CRUSTACEOS, INCLUSO PELADOS, VIVOS, FRESCOS, REFRIGERADOS, C"|239|15384205|113698889.11
20101001|19|"PUERTO DESEADO"|306|"CRUSTACEOS, INCLUSO PELADOS, VIVOS, FRESCOS, REFRIGERADOS, C"|150|7100481|53084339.81
20101101|19|"PUERTO DESEADO"|306|"CRUSTACEOS, INCLUSO PELADOS, VIVOS, FRESCOS, REFRIGERADOS, C"|143|4727623|34840584.28
20101201|19|"PUERTO DESEADO"|306|"CRUSTACEOS, INCLUSO PELADOS, VIVOS, FRESCOS, REFRIGERADOS, C"|60|1714149|12117185.59
20110101|19|"PUERTO DESEADO"|306|"CRUSTACEOS, INCLUSO PELADOS, VIVOS, FRESCOS, REFRIGERADOS, C"|38|1059008|6926301.36
20110201|19|"PUERTO DESEADO"|306|"CRUSTACEOS, INCLUSO PELADOS, VIVOS, FRESCOS, REFRIGERADOS, C"|55|1048109|7320789.86
20110301|19|"PUERTO DESEADO"|306|"CRUSTACEOS, INCLUSO PELADOS, VIVOS, FRESCOS, REFRIGERADOS, C"|63|2077067|15890121.21
20110401|19|"PUERTO DESEADO"|306|"CRUSTACEOS, INCLUSO PELADOS, VIVOS, FRESCOS, REFRIGERADOS, C"|66|1521755|11539025.16
20110501|19|"PUERTO DESEADO"|306|"CRUSTACEOS, INCLUSO PELADOS, VIVOS, FRESCOS, REFRIGERADOS, C"|142|6036831|41237041.65
20110601|19|"PUERTO DESEADO"|306|"CRUSTACEOS, INCLUSO PELADOS, VIVOS, FRESCOS, REFRIGERADOS, C"|120|10667844|78466578.02
20110701|19|"PUERTO DESEADO"|306|"CRUSTACEOS, INCLUSO PELADOS, VIVOS, FRESCOS, REFRIGERADOS, C"|247|19755050.62|142394898.67
20110801|19|"PUERTO DESEADO"|306|"CRUSTACEOS, INCLUSO PELADOS, VIVOS, FRESCOS, REFRIGERADOS, C"|260|18151728|124664782.88
20110901|19|"PUERTO DESEADO"|306|"CRUSTACEOS, INCLUSO PELADOS, VIVOS, FRESCOS, REFRIGERADOS, C"|239|12452520|86248903.09
20111001|19|"PUERTO DESEADO"|306|"CRUSTACEOS, INCLUSO PELADOS, VIVOS, FRESCOS, REFRIGERADOS, C"|212|11324509.79|75354739.03
20111101|19|"PUERTO DESEADO"|306|"CRUSTACEOS, INCLUSO PELADOS, VIVOS, FRESCOS, REFRIGERADOS, C"|96|2948120|19214473.84
20111201|19|"PUERTO DESEADO"|306|"CRUSTACEOS, INCLUSO PELADOS, VIVOS, FRESCOS, REFRIGERADOS, C"|63|3898463|25614313.3
20120101|19|"PUERTO DESEADO"|306|"CRUSTACEOS, INCLUSO PELADOS, VIVOS, FRESCOS, REFRIGERADOS, C"|44|1649092.34|10410124.15
20120201|19|"PUERTO DESEADO"|306|"CRUSTACEOS, INCLUSO PELADOS, VIVOS, FRESCOS, REFRIGERADOS, C"|29|994385.47|6171215.81
20120301|19|"PUERTO DESEADO"|306|"CRUSTACEOS, INCLUSO PELADOS, VIVOS, FRESCOS, REFRIGERADOS, C"|35|907900.17|5839936.21
20120401|19|"PUERTO DESEADO"|306|"CRUSTACEOS, INCLUSO PELADOS, VIVOS, FRESCOS, REFRIGERADOS, C"|31|1135365.6|7238961.08
20120501|19|"PUERTO DESEADO"|306|"CRUSTACEOS, INCLUSO PELADOS, VIVOS, FRESCOS, REFRIGERADOS, C"|59|1963026|12648571.48
20120601|19|"PUERTO DESEADO"|306|"CRUSTACEOS, INCLUSO PELADOS, VIVOS, FRESCOS, REFRIGERADOS, C"|64|2369633.6|16251438.23
20120701|19|"PUERTO DESEADO"|306|"CRUSTACEOS, INCLUSO PELADOS, VIVOS, FRESCOS, REFRIGERADOS, C"|164|4617664|30807195.97
20120801|19|"PUERTO DESEADO"|306|"CRUSTACEOS, INCLUSO PELADOS, VIVOS, FRESCOS, REFRIGERADOS, C"|165|8239056|50627037.13
20120901|19|"PUERTO DESEADO"|306|"CRUSTACEOS, INCLUSO PELADOS, VIVOS, FRESCOS, REFRIGERADOS, C"|199|8328224|53990510.99
20121001|19|"PUERTO DESEADO"|306|"CRUSTACEOS, INCLUSO PELADOS, VIVOS, FRESCOS, REFRIGERADOS, C"|147|6106104.8|36982147.38
20121101|19|"PUERTO DESEADO"|306|"CRUSTACEOS, INCLUSO PELADOS, VIVOS, FRESCOS, REFRIGERADOS, C"|42|1552597.6|10222467.27
20121201|19|"PUERTO DESEADO"|306|"CRUSTACEOS, INCLUSO PELADOS, VIVOS, FRESCOS, REFRIGERADOS, C"|37|1098721.93|6450282.77
20130101|19|"PUERTO DESEADO"|306|"CRUSTACEOS, INCLUSO PELADOS, VIVOS, FRESCOS, REFRIGERADOS, C"|11|316009.41|2305790.51
20130201|19|"PUERTO DESEADO"|306|"CRUSTACEOS, INCLUSO PELADOS, VIVOS, FRESCOS, REFRIGERADOS, C"|19|421112.23|3047765.33
20130301|19|"PUERTO DESEADO"|306|"CRUSTACEOS, INCLUSO PELADOS, VIVOS, FRESCOS, REFRIGERADOS, C"|21|567494.2|3771464.41
20130401|19|"PUERTO DESEADO"|306|"CRUSTACEOS, INCLUSO PELADOS, VIVOS, FRESCOS, REFRIGERADOS, C"|29|749192|5554058.7
20130501|19|"PUERTO DESEADO"|306|"CRUSTACEOS, INCLUSO PELADOS, VIVOS, FRESCOS, REFRIGERADOS, C"|11|367726.69|2814125.27
20130601|19|"PUERTO DESEADO"|306|"CRUSTACEOS, INCLUSO PELADOS, VIVOS, FRESCOS, REFRIGERADOS, C"|126|4268092|29540845.77
20130701|19|"PUERTO DESEADO"|306|"CRUSTACEOS, INCLUSO PELADOS, VIVOS, FRESCOS, REFRIGERADOS, C"|175|6676041|46571008.14
20130801|19|"PUERTO DESEADO"|306|"CRUSTACEOS, INCLUSO PELADOS, VIVOS, FRESCOS, REFRIGERADOS, C"|224|7357590|51596097.69
20130901|19|"PUERTO DESEADO"|306|"CRUSTACEOS, INCLUSO PELADOS, VIVOS, FRESCOS, REFRIGERADOS, C"|208|6974832|48361077.09
20131001|19|"PUERTO DESEADO"|306|"CRUSTACEOS, INCLUSO PELADOS, VIVOS, FRESCOS, REFRIGERADOS, C"|121|4790524.1|35727139.33
20131101|19|"PUERTO DESEADO"|306|"CRUSTACEOS, INCLUSO PELADOS, VIVOS, FRESCOS, REFRIGERADOS, C"|100|3736592.3|29559360.98
20131201|19|"PUERTO DESEADO"|306|"CRUSTACEOS, INCLUSO PELADOS, VIVOS, FRESCOS, REFRIGERADOS, C"|27|959746.5|7695740.16
20140101|19|"PUERTO DESEADO"|306|"CRUSTACEOS, INCLUSO PELADOS, VIVOS, FRESCOS, REFRIGERADOS, C"|20|462048|3510694.17
20140201|19|"PUERTO DESEADO"|306|"CRUSTACEOS, INCLUSO PELADOS, VIVOS, FRESCOS, REFRIGERADOS, C"|42|1347239.22|10301980.95
20140301|19|"PUERTO DESEADO"|306|"CRUSTACEOS, INCLUSO PELADOS, VIVOS, FRESCOS, REFRIGERADOS, C"|41|1532368.89|11637569.81
20140401|19|"PUERTO DESEADO"|306|"CRUSTACEOS, INCLUSO PELADOS, VIVOS, FRESCOS, REFRIGERADOS, C"|61|1542967.64|10671970.63
20140501|19|"PUERTO DESEADO"|306|"CRUSTACEOS, INCLUSO PELADOS, VIVOS, FRESCOS, REFRIGERADOS, C"|44|1395723.34|10250665.04
20140601|19|"PUERTO DESEADO"|306|"CRUSTACEOS, INCLUSO PELADOS, VIVOS, FRESCOS, REFRIGERADOS, C"|95|4481093.22|32201224.6
20140701|19|"PUERTO DESEADO"|306|"CRUSTACEOS, INCLUSO PELADOS, VIVOS, FRESCOS, REFRIGERADOS, C"|143|6635844.5|46685345.15
20140801|19|"PUERTO DESEADO"|306|"CRUSTACEOS, INCLUSO PELADOS, VIVOS, FRESCOS, REFRIGERADOS, C"|103|4041607.7|29298209.86
20140901|19|"PUERTO DESEADO"|306|"CRUSTACEOS, INCLUSO PELADOS, VIVOS, FRESCOS, REFRIGERADOS, C"|110|4951758.17|36151750.78
20141001|19|"PUERTO DESEADO"|306|"CRUSTACEOS, INCLUSO PELADOS, VIVOS, FRESCOS, REFRIGERADOS, C"|120|6127002.62|45557935.57
20141101|19|"PUERTO DESEADO"|306|"CRUSTACEOS, INCLUSO PELADOS, VIVOS, FRESCOS, REFRIGERADOS, C"|68|2144691|16104593.84
20141201|19|"PUERTO DESEADO"|306|"CRUSTACEOS, INCLUSO PELADOS, VIVOS, FRESCOS, REFRIGERADOS, C"|20|474373.85|3452881.37
20150101|19|"PUERTO DESEADO"|306|"CRUSTACEOS, INCLUSO PELADOS, VIVOS, FRESCOS, REFRIGERADOS, C"|34|1104777.17|8329382.65
20150201|19|"PUERTO DESEADO"|306|"CRUSTACEOS, INCLUSO PELADOS, VIVOS, FRESCOS, REFRIGERADOS, C"|58|2202519.13|15879728.84
20150301|19|"PUERTO DESEADO"|306|"CRUSTACEOS, INCLUSO PELADOS, VIVOS, FRESCOS, REFRIGERADOS, C"|28|1093264.49|7986083.77
20150401|19|"PUERTO DESEADO"|306|"CRUSTACEOS, INCLUSO PELADOS, VIVOS, FRESCOS, REFRIGERADOS, C"|36|1234321.4|8605079.84
20150501|19|"PUERTO DESEADO"|306|"CRUSTACEOS, INCLUSO PELADOS, VIVOS, FRESCOS, REFRIGERADOS, C"|43|1387459.99|9036307.99
20150601|19|"PUERTO DESEADO"|306|"CRUSTACEOS, INCLUSO PELADOS, VIVOS, FRESCOS, REFRIGERADOS, C"|104|5013725.37|32065364.28
20150701|19|"PUERTO DESEADO"|306|"CRUSTACEOS, INCLUSO PELADOS, VIVOS, FRESCOS, REFRIGERADOS, C"|210|9073306.32|56718196.44
20150801|19|"PUERTO DESEADO"|306|"CRUSTACEOS, INCLUSO PELADOS, VIVOS, FRESCOS, REFRIGERADOS, C"|134|7131395.26|45511089.88
20150901|19|"PUERTO DESEADO"|306|"CRUSTACEOS, INCLUSO PELADOS, VIVOS, FRESCOS, REFRIGERADOS, C"|98|5298651|33817307.6
20151001|19|"PUERTO DESEADO"|306|"CRUSTACEOS, INCLUSO PELADOS, VIVOS, FRESCOS, REFRIGERADOS, C"|180|7745296.18|48600177.73
20151101|19|"PUERTO DESEADO"|306|"CRUSTACEOS, INCLUSO PELADOS, VIVOS, FRESCOS, REFRIGERADOS, C"|87|3972585.27|25445182.49
20151201|19|"PUERTO DESEADO"|306|"CRUSTACEOS, INCLUSO PELADOS, VIVOS, FRESCOS, REFRIGERADOS, C"|53|1879687.36|12550189.71
