"fecha_oficia"|"aduana"|"aduana_desc"|"mercaderia"|"mercaderia_desc"|"cantidad"|"kilos"|"importe"
20100101|19|"PUERTO DESEADO"|304|"FILETES Y DEMAS CARNE DE PESCADO (INCLUSO PICADA), FRESCOS, "|8|182610.14|438104
20100201|19|"PUERTO DESEADO"|304|"FILETES Y DEMAS CARNE DE PESCADO (INCLUSO PICADA), FRESCOS, "|35|425202|1043690.54
20100301|19|"PUERTO DESEADO"|304|"FILETES Y DEMAS CARNE DE PESCADO (INCLUSO PICADA), FRESCOS, "|26|778619.06|1968699.48
20100401|19|"PUERTO DESEADO"|304|"FILETES Y DEMAS CARNE DE PESCADO (INCLUSO PICADA), FRESCOS, "|25|631254.6|1665729.05
20100501|19|"PUERTO DESEADO"|304|"FILETES Y DEMAS CARNE DE PESCADO (INCLUSO PICADA), FRESCOS, "|36|606609.5|1605540.84
20100601|19|"PUERTO DESEADO"|304|"FILETES Y DEMAS CARNE DE PESCADO (INCLUSO PICADA), FRESCOS, "|24|799845.8|2281144
20100701|19|"PUERTO DESEADO"|304|"FILETES Y DEMAS CARNE DE PESCADO (INCLUSO PICADA), FRESCOS, "|26|643503.4|1825187.65
20100801|19|"PUERTO DESEADO"|304|"FILETES Y DEMAS CARNE DE PESCADO (INCLUSO PICADA), FRESCOS, "|34|879553.24|2470632.58
20100901|19|"PUERTO DESEADO"|304|"FILETES Y DEMAS CARNE DE PESCADO (INCLUSO PICADA), FRESCOS, "|13|391362.2|1126316.9
20101001|19|"PUERTO DESEADO"|304|"FILETES Y DEMAS CARNE DE PESCADO (INCLUSO PICADA), FRESCOS, "|25|650298.6|1782362.6
20101101|19|"PUERTO DESEADO"|304|"FILETES Y DEMAS CARNE DE PESCADO (INCLUSO PICADA), FRESCOS, "|40|1501479.8|4244785.69
20101201|19|"PUERTO DESEADO"|304|"FILETES Y DEMAS CARNE DE PESCADO (INCLUSO PICADA), FRESCOS, "|31|589211.6|1667642.33
20110101|19|"PUERTO DESEADO"|304|"FILETES Y DEMAS CARNE DE PESCADO (INCLUSO PICADA), FRESCOS, "|2|51996|155988
20110201|19|"PUERTO DESEADO"|304|"FILETES Y DEMAS CARNE DE PESCADO (INCLUSO PICADA), FRESCOS, "|4|139356|440684.31
20110301|19|"PUERTO DESEADO"|304|"FILETES Y DEMAS CARNE DE PESCADO (INCLUSO PICADA), FRESCOS, "|18|794445|2256021.96
20110401|19|"PUERTO DESEADO"|304|"FILETES Y DEMAS CARNE DE PESCADO (INCLUSO PICADA), FRESCOS, "|33|857415.6|2890334.31
20110501|19|"PUERTO DESEADO"|304|"FILETES Y DEMAS CARNE DE PESCADO (INCLUSO PICADA), FRESCOS, "|38|1392906.66|4219255.06
20110601|19|"PUERTO DESEADO"|304|"FILETES Y DEMAS CARNE DE PESCADO (INCLUSO PICADA), FRESCOS, "|34|1242371.69|3625107.76
20110701|19|"PUERTO DESEADO"|304|"FILETES Y DEMAS CARNE DE PESCADO (INCLUSO PICADA), FRESCOS, "|37|1112829.82|3189022.4
20110801|19|"PUERTO DESEADO"|304|"FILETES Y DEMAS CARNE DE PESCADO (INCLUSO PICADA), FRESCOS, "|29|1074274.84|3233479.84
20110901|19|"PUERTO DESEADO"|304|"FILETES Y DEMAS CARNE DE PESCADO (INCLUSO PICADA), FRESCOS, "|31|1422753.73|4298390.27
20111001|19|"PUERTO DESEADO"|304|"FILETES Y DEMAS CARNE DE PESCADO (INCLUSO PICADA), FRESCOS, "|28|866408|2691190.91
20111101|19|"PUERTO DESEADO"|304|"FILETES Y DEMAS CARNE DE PESCADO (INCLUSO PICADA), FRESCOS, "|21|414350|1334076.04
20111201|19|"PUERTO DESEADO"|304|"FILETES Y DEMAS CARNE DE PESCADO (INCLUSO PICADA), FRESCOS, "|19|357765.6|1098171.81
20120101|19|"PUERTO DESEADO"|304|"FILETES Y DEMAS CARNE DE PESCADO (INCLUSO PICADA), FRESCOS, "|4|63026|207198.9
20120201|19|"PUERTO DESEADO"|304|"FILETES Y DEMAS CARNE DE PESCADO (INCLUSO PICADA), FRESCOS, "|5|109763.16|364793.59
20120301|19|"PUERTO DESEADO"|304|"FILETES Y DEMAS CARNE DE PESCADO (INCLUSO PICADA), FRESCOS, "|4|101440|308322
20120401|19|"PUERTO DESEADO"|304|"FILETES Y DEMAS CARNE DE PESCADO (INCLUSO PICADA), FRESCOS, "|9|188969|594733.53
20120501|19|"PUERTO DESEADO"|304|"FILETES Y DEMAS CARNE DE PESCADO (INCLUSO PICADA), FRESCOS, "|13|268282|870632.06
20120601|19|"PUERTO DESEADO"|304|"FILETES Y DEMAS CARNE DE PESCADO (INCLUSO PICADA), FRESCOS, "|34|807064|2661554.92
20120701|19|"PUERTO DESEADO"|304|"FILETES Y DEMAS CARNE DE PESCADO (INCLUSO PICADA), FRESCOS, "|23|540409|1800175.37
20120801|19|"PUERTO DESEADO"|304|"FILETES Y DEMAS CARNE DE PESCADO (INCLUSO PICADA), FRESCOS, "|18|525203|1654477.95
20120901|19|"PUERTO DESEADO"|304|"FILETES Y DEMAS CARNE DE PESCADO (INCLUSO PICADA), FRESCOS, "|15|485773|1566676.85
20121001|19|"PUERTO DESEADO"|304|"FILETES Y DEMAS CARNE DE PESCADO (INCLUSO PICADA), FRESCOS, "|9|307362|1009891.2
20121101|19|"PUERTO DESEADO"|304|"FILETES Y DEMAS CARNE DE PESCADO (INCLUSO PICADA), FRESCOS, "|3|81973|257099.5
20121201|19|"PUERTO DESEADO"|304|"FILETES Y DEMAS CARNE DE PESCADO (INCLUSO PICADA), FRESCOS, "|7|163514.4|534484.04
20130101|19|"PUERTO DESEADO"|304|"FILETES Y DEMAS CARNE DE PESCADO (INCLUSO PICADA), FRESCOS, "|3|81651.2|265459.91
20130201|19|"PUERTO DESEADO"|304|"FILETES Y DEMAS CARNE DE PESCADO (INCLUSO PICADA), FRESCOS, "|4|74809|246407.1
20130301|19|"PUERTO DESEADO"|304|"FILETES Y DEMAS CARNE DE PESCADO (INCLUSO PICADA), FRESCOS, "|5|111039.6|330328.22
20130401|19|"PUERTO DESEADO"|304|"FILETES Y DEMAS CARNE DE PESCADO (INCLUSO PICADA), FRESCOS, "|2|104732|322904.8
20130501|19|"PUERTO DESEADO"|304|"FILETES Y DEMAS CARNE DE PESCADO (INCLUSO PICADA), FRESCOS, "|2|64950|188851.5
20130601|19|"PUERTO DESEADO"|304|"FILETES Y DEMAS CARNE DE PESCADO (INCLUSO PICADA), FRESCOS, "|7|129604|390648.64
20130701|19|"PUERTO DESEADO"|304|"FILETES Y DEMAS CARNE DE PESCADO (INCLUSO PICADA), FRESCOS, "|17|231974|701499.09
20130801|19|"PUERTO DESEADO"|304|"FILETES Y DEMAS CARNE DE PESCADO (INCLUSO PICADA), FRESCOS, "|6|152111|453511.25
20130901|19|"PUERTO DESEADO"|304|"FILETES Y DEMAS CARNE DE PESCADO (INCLUSO PICADA), FRESCOS, "|7|52101.44|151132.61
20131001|19|"PUERTO DESEADO"|304|"FILETES Y DEMAS CARNE DE PESCADO (INCLUSO PICADA), FRESCOS, "|6|150217|472274.4
20131101|19|"PUERTO DESEADO"|304|"FILETES Y DEMAS CARNE DE PESCADO (INCLUSO PICADA), FRESCOS, "|1|28014|81539.85
20131201|19|"PUERTO DESEADO"|304|"FILETES Y DEMAS CARNE DE PESCADO (INCLUSO PICADA), FRESCOS, "|1|26586|86291.1
20140101|19|"PUERTO DESEADO"|304|"FILETES Y DEMAS CARNE DE PESCADO (INCLUSO PICADA), FRESCOS, "|1|19971|59913
20140201|19|"PUERTO DESEADO"|304|"FILETES Y DEMAS CARNE DE PESCADO (INCLUSO PICADA), FRESCOS, "|8|202243|638322.61
20140301|19|"PUERTO DESEADO"|304|"FILETES Y DEMAS CARNE DE PESCADO (INCLUSO PICADA), FRESCOS, "|1|16800|52080
20140401|19|"PUERTO DESEADO"|304|"FILETES Y DEMAS CARNE DE PESCADO (INCLUSO PICADA), FRESCOS, "|3|66514|196377.65
20140501|19|"PUERTO DESEADO"|304|"FILETES Y DEMAS CARNE DE PESCADO (INCLUSO PICADA), FRESCOS, "|9|236134.9|661563.91
20140601|19|"PUERTO DESEADO"|304|"FILETES Y DEMAS CARNE DE PESCADO (INCLUSO PICADA), FRESCOS, "|4|85645|265959.38
20140701|19|"PUERTO DESEADO"|304|"FILETES Y DEMAS CARNE DE PESCADO (INCLUSO PICADA), FRESCOS, "|4|87622.7|250385.83
20140801|19|"PUERTO DESEADO"|304|"FILETES Y DEMAS CARNE DE PESCADO (INCLUSO PICADA), FRESCOS, "|4|64850|184346.4
20140901|19|"PUERTO DESEADO"|304|"FILETES Y DEMAS CARNE DE PESCADO (INCLUSO PICADA), FRESCOS, "|1|1085|3146.5
20141001|19|"PUERTO DESEADO"|304|"FILETES Y DEMAS CARNE DE PESCADO (INCLUSO PICADA), FRESCOS, "|1|28014|81240.6
20141101|19|"PUERTO DESEADO"|304|"FILETES Y DEMAS CARNE DE PESCADO (INCLUSO PICADA), FRESCOS,"|0|0|0
20141201|19|"PUERTO DESEADO"|304|"FILETES Y DEMAS CARNE DE PESCADO (INCLUSO PICADA), FRESCOS,"|0|0|0
20150101|19|"PUERTO DESEADO"|304|"FILETES Y DEMAS CARNE DE PESCADO (INCLUSO PICADA), FRESCOS,"|0|0|0
20150201|19|"PUERTO DESEADO"|304|"FILETES Y DEMAS CARNE DE PESCADO (INCLUSO PICADA), FRESCOS,"|0|0|0
20150301|19|"PUERTO DESEADO"|304|"FILETES Y DEMAS CARNE DE PESCADO (INCLUSO PICADA), FRESCOS,"|0|0|0
20150401|19|"PUERTO DESEADO"|304|"FILETES Y DEMAS CARNE DE PESCADO (INCLUSO PICADA), FRESCOS,"|0|0|0
20150501|19|"PUERTO DESEADO"|304|"FILETES Y DEMAS CARNE DE PESCADO (INCLUSO PICADA), FRESCOS,"|0|0|0
20150601|19|"PUERTO DESEADO"|304|"FILETES Y DEMAS CARNE DE PESCADO (INCLUSO PICADA), FRESCOS, "|1|26985|83653.5
20150701|19|"PUERTO DESEADO"|304|"FILETES Y DEMAS CARNE DE PESCADO (INCLUSO PICADA), FRESCOS,"|0|0|0
20150801|19|"PUERTO DESEADO"|304|"FILETES Y DEMAS CARNE DE PESCADO (INCLUSO PICADA), FRESCOS,"|0|0|0
20150901|19|"PUERTO DESEADO"|304|"FILETES Y DEMAS CARNE DE PESCADO (INCLUSO PICADA), FRESCOS,"|0|0|0
20151001|19|"PUERTO DESEADO"|304|"FILETES Y DEMAS CARNE DE PESCADO (INCLUSO PICADA), FRESCOS,"|0|0|0
20151101|19|"PUERTO DESEADO"|304|"FILETES Y DEMAS CARNE DE PESCADO (INCLUSO PICADA), FRESCOS,"|0|0|0
20151201|19|"PUERTO DESEADO"|304|"FILETES Y DEMAS CARNE DE PESCADO (INCLUSO PICADA), FRESCOS,"|0|0|0
