"fecha_oficia"|"aduana"|"aduana_desc"|"mercaderia"|"mercaderia_desc"|"cantidad"|"kilos"|"importe"
20100101|14|"COMODORO RIVADAVIA"|304|"FILETES Y DEMAS CARNE DE PESCADO (INCLUSO PICADA), FRESCOS, "|5|113736|266095.16
20100201|14|"COMODORO RIVADAVIA"|304|"FILETES Y DEMAS CARNE DE PESCADO (INCLUSO PICADA), FRESCOS,"|0|0|0
20100301|14|"COMODORO RIVADAVIA"|304|"FILETES Y DEMAS CARNE DE PESCADO (INCLUSO PICADA), FRESCOS,"|0|0|0
20100401|14|"COMODORO RIVADAVIA"|304|"FILETES Y DEMAS CARNE DE PESCADO (INCLUSO PICADA), FRESCOS,"|0|0|0
20100501|14|"COMODORO RIVADAVIA"|304|"FILETES Y DEMAS CARNE DE PESCADO (INCLUSO PICADA), FRESCOS,"|0|0|0
20100601|14|"COMODORO RIVADAVIA"|304|"FILETES Y DEMAS CARNE DE PESCADO (INCLUSO PICADA), FRESCOS,"|0|0|0
20100701|14|"COMODORO RIVADAVIA"|304|"FILETES Y DEMAS CARNE DE PESCADO (INCLUSO PICADA), FRESCOS,"|0|0|0
20100801|14|"COMODORO RIVADAVIA"|304|"FILETES Y DEMAS CARNE DE PESCADO (INCLUSO PICADA), FRESCOS,"|0|0|0
20100901|14|"COMODORO RIVADAVIA"|304|"FILETES Y DEMAS CARNE DE PESCADO (INCLUSO PICADA), FRESCOS,"|0|0|0
20101001|14|"COMODORO RIVADAVIA"|304|"FILETES Y DEMAS CARNE DE PESCADO (INCLUSO PICADA), FRESCOS, "|1|8010|22875
20101101|14|"COMODORO RIVADAVIA"|304|"FILETES Y DEMAS CARNE DE PESCADO (INCLUSO PICADA), FRESCOS, "|3|64365|181166.37
20101201|14|"COMODORO RIVADAVIA"|304|"FILETES Y DEMAS CARNE DE PESCADO (INCLUSO PICADA), FRESCOS, "|1|19677|53914.98
20110101|14|"COMODORO RIVADAVIA"|304|"FILETES Y DEMAS CARNE DE PESCADO (INCLUSO PICADA), FRESCOS, "|4|155442|488590.83
20110201|14|"COMODORO RIVADAVIA"|304|"FILETES Y DEMAS CARNE DE PESCADO (INCLUSO PICADA), FRESCOS, "|8|176253|542228.82
20110301|14|"COMODORO RIVADAVIA"|304|"FILETES Y DEMAS CARNE DE PESCADO (INCLUSO PICADA), FRESCOS, "|2|51324|164236.8
20110401|14|"COMODORO RIVADAVIA"|304|"FILETES Y DEMAS CARNE DE PESCADO (INCLUSO PICADA), FRESCOS, "|2|54999|186996.6
20110501|14|"COMODORO RIVADAVIA"|304|"FILETES Y DEMAS CARNE DE PESCADO (INCLUSO PICADA), FRESCOS, "|9|273129|903180
20110601|14|"COMODORO RIVADAVIA"|304|"FILETES Y DEMAS CARNE DE PESCADO (INCLUSO PICADA), FRESCOS, "|5|130935|441379.05
20110701|14|"COMODORO RIVADAVIA"|304|"FILETES Y DEMAS CARNE DE PESCADO (INCLUSO PICADA), FRESCOS, "|4|104202|348225.15
20110801|14|"COMODORO RIVADAVIA"|304|"FILETES Y DEMAS CARNE DE PESCADO (INCLUSO PICADA), FRESCOS, "|11|275646|920317.65
20110901|14|"COMODORO RIVADAVIA"|304|"FILETES Y DEMAS CARNE DE PESCADO (INCLUSO PICADA), FRESCOS, "|8|218372|746028.36
20111001|14|"COMODORO RIVADAVIA"|304|"FILETES Y DEMAS CARNE DE PESCADO (INCLUSO PICADA), FRESCOS, "|4|114009|385530.18
20111101|14|"COMODORO RIVADAVIA"|304|"FILETES Y DEMAS CARNE DE PESCADO (INCLUSO PICADA), FRESCOS, "|4|210777|684971.7
20111201|14|"COMODORO RIVADAVIA"|304|"FILETES Y DEMAS CARNE DE PESCADO (INCLUSO PICADA), FRESCOS, "|3|76188|252202.02
20120101|14|"COMODORO RIVADAVIA"|304|"FILETES Y DEMAS CARNE DE PESCADO (INCLUSO PICADA), FRESCOS, "|2|90006|297110.52
20120201|14|"COMODORO RIVADAVIA"|304|"FILETES Y DEMAS CARNE DE PESCADO (INCLUSO PICADA), FRESCOS, "|5|87986|278986.26
20120301|14|"COMODORO RIVADAVIA"|304|"FILETES Y DEMAS CARNE DE PESCADO (INCLUSO PICADA), FRESCOS, "|2|48993|141981
20120401|14|"COMODORO RIVADAVIA"|304|"FILETES Y DEMAS CARNE DE PESCADO (INCLUSO PICADA), FRESCOS,"|0|0|0
20120501|14|"COMODORO RIVADAVIA"|304|"FILETES Y DEMAS CARNE DE PESCADO (INCLUSO PICADA), FRESCOS, "|2|29841|93025.8
20120601|14|"COMODORO RIVADAVIA"|304|"FILETES Y DEMAS CARNE DE PESCADO (INCLUSO PICADA), FRESCOS,"|0|0|0
20120701|14|"COMODORO RIVADAVIA"|304|"FILETES Y DEMAS CARNE DE PESCADO (INCLUSO PICADA), FRESCOS,"|0|0|0
20120801|14|"COMODORO RIVADAVIA"|304|"FILETES Y DEMAS CARNE DE PESCADO (INCLUSO PICADA), FRESCOS, "|2|41853|121989
20120901|14|"COMODORO RIVADAVIA"|304|"FILETES Y DEMAS CARNE DE PESCADO (INCLUSO PICADA), FRESCOS, "|2|40803|119049
20121001|14|"COMODORO RIVADAVIA"|304|"FILETES Y DEMAS CARNE DE PESCADO (INCLUSO PICADA), FRESCOS, "|1|27006|82368.3
20121101|14|"COMODORO RIVADAVIA"|304|"FILETES Y DEMAS CARNE DE PESCADO (INCLUSO PICADA), FRESCOS, "|1|27006|82518.45
20121201|14|"COMODORO RIVADAVIA"|304|"FILETES Y DEMAS CARNE DE PESCADO (INCLUSO PICADA), FRESCOS, "|2|19740|57246
20130101|14|"COMODORO RIVADAVIA"|304|"FILETES Y DEMAS CARNE DE PESCADO (INCLUSO PICADA), FRESCOS,"|0|0|0
20130201|14|"COMODORO RIVADAVIA"|304|"FILETES Y DEMAS CARNE DE PESCADO (INCLUSO PICADA), FRESCOS, "|2|28812|86436
20130301|14|"COMODORO RIVADAVIA"|304|"FILETES Y DEMAS CARNE DE PESCADO (INCLUSO PICADA), FRESCOS, "|1|22008|60742.08
20130401|14|"COMODORO RIVADAVIA"|304|"FILETES Y DEMAS CARNE DE PESCADO (INCLUSO PICADA), FRESCOS, "|2|45794|126944.72
20130501|14|"COMODORO RIVADAVIA"|304|"FILETES Y DEMAS CARNE DE PESCADO (INCLUSO PICADA), FRESCOS, "|3|77448|226820.16
20130601|14|"COMODORO RIVADAVIA"|304|"FILETES Y DEMAS CARNE DE PESCADO (INCLUSO PICADA), FRESCOS, "|2|45990|125552.7
20130701|14|"COMODORO RIVADAVIA"|304|"FILETES Y DEMAS CARNE DE PESCADO (INCLUSO PICADA), FRESCOS, "|6|121820.31|347523.8
20130801|14|"COMODORO RIVADAVIA"|304|"FILETES Y DEMAS CARNE DE PESCADO (INCLUSO PICADA), FRESCOS, "|2|50302|136025.4
20130901|14|"COMODORO RIVADAVIA"|304|"FILETES Y DEMAS CARNE DE PESCADO (INCLUSO PICADA), FRESCOS, "|5|125790|356561.52
20131001|14|"COMODORO RIVADAVIA"|304|"FILETES Y DEMAS CARNE DE PESCADO (INCLUSO PICADA), FRESCOS, "|4|89027|259977
20131101|14|"COMODORO RIVADAVIA"|304|"FILETES Y DEMAS CARNE DE PESCADO (INCLUSO PICADA), FRESCOS, "|2|49543|145421.4
20131201|14|"COMODORO RIVADAVIA"|304|"FILETES Y DEMAS CARNE DE PESCADO (INCLUSO PICADA), FRESCOS,"|0|0|0
20140101|14|"COMODORO RIVADAVIA"|304|"FILETES Y DEMAS CARNE DE PESCADO (INCLUSO PICADA), FRESCOS, "|6|135816|383362.2
20140201|14|"COMODORO RIVADAVIA"|304|"FILETES Y DEMAS CARNE DE PESCADO (INCLUSO PICADA), FRESCOS, "|4|102545|273768.9
20140301|14|"COMODORO RIVADAVIA"|304|"FILETES Y DEMAS CARNE DE PESCADO (INCLUSO PICADA), FRESCOS, "|6|85979|248858.38
20140401|14|"COMODORO RIVADAVIA"|304|"FILETES Y DEMAS CARNE DE PESCADO (INCLUSO PICADA), FRESCOS, "|12|320070|966250.84
20140501|14|"COMODORO RIVADAVIA"|304|"FILETES Y DEMAS CARNE DE PESCADO (INCLUSO PICADA), FRESCOS, "|15|402997|1196133.82
20140601|14|"COMODORO RIVADAVIA"|304|"FILETES Y DEMAS CARNE DE PESCADO (INCLUSO PICADA), FRESCOS, "|17|392259|1184158.99
20140701|14|"COMODORO RIVADAVIA"|304|"FILETES Y DEMAS CARNE DE PESCADO (INCLUSO PICADA), FRESCOS, "|16|422046|1285799.99
20140801|14|"COMODORO RIVADAVIA"|304|"FILETES Y DEMAS CARNE DE PESCADO (INCLUSO PICADA), FRESCOS, "|3|76981|234744.25
20140901|14|"COMODORO RIVADAVIA"|304|"FILETES Y DEMAS CARNE DE PESCADO (INCLUSO PICADA), FRESCOS, "|2|53998|167132.28
20141001|14|"COMODORO RIVADAVIA"|304|"FILETES Y DEMAS CARNE DE PESCADO (INCLUSO PICADA), FRESCOS, "|1|27006|87820.94
20141101|14|"COMODORO RIVADAVIA"|304|"FILETES Y DEMAS CARNE DE PESCADO (INCLUSO PICADA), FRESCOS, "|1|5000|17000
20141201|14|"COMODORO RIVADAVIA"|304|"FILETES Y DEMAS CARNE DE PESCADO (INCLUSO PICADA), FRESCOS, "|5|104520|328212.9
20150101|14|"COMODORO RIVADAVIA"|304|"FILETES Y DEMAS CARNE DE PESCADO (INCLUSO PICADA), FRESCOS, "|3|81018|256016.88
20150201|14|"COMODORO RIVADAVIA"|304|"FILETES Y DEMAS CARNE DE PESCADO (INCLUSO PICADA), FRESCOS, "|2|53655|164683.05
20150301|14|"COMODORO RIVADAVIA"|304|"FILETES Y DEMAS CARNE DE PESCADO (INCLUSO PICADA), FRESCOS, "|1|27006|89119.8
20150401|14|"COMODORO RIVADAVIA"|304|"FILETES Y DEMAS CARNE DE PESCADO (INCLUSO PICADA), FRESCOS, "|18|446698|1409263.15
20150501|14|"COMODORO RIVADAVIA"|304|"FILETES Y DEMAS CARNE DE PESCADO (INCLUSO PICADA), FRESCOS, "|18|476588|1532815.76
20150601|14|"COMODORO RIVADAVIA"|304|"FILETES Y DEMAS CARNE DE PESCADO (INCLUSO PICADA), FRESCOS, "|14|348266|1151263.34
20150701|14|"COMODORO RIVADAVIA"|304|"FILETES Y DEMAS CARNE DE PESCADO (INCLUSO PICADA), FRESCOS, "|9|210049|675101.35
20150801|14|"COMODORO RIVADAVIA"|304|"FILETES Y DEMAS CARNE DE PESCADO (INCLUSO PICADA), FRESCOS, "|4|108010|348872.02
20150901|14|"COMODORO RIVADAVIA"|304|"FILETES Y DEMAS CARNE DE PESCADO (INCLUSO PICADA), FRESCOS,"|0|0|0
20151001|14|"COMODORO RIVADAVIA"|304|"FILETES Y DEMAS CARNE DE PESCADO (INCLUSO PICADA), FRESCOS,"|0|0|0
20151101|14|"COMODORO RIVADAVIA"|304|"FILETES Y DEMAS CARNE DE PESCADO (INCLUSO PICADA), FRESCOS,"|0|0|0
20151201|14|"COMODORO RIVADAVIA"|304|"FILETES Y DEMAS CARNE DE PESCADO (INCLUSO PICADA), FRESCOS, "|2|54012|180130.02
