"fecha_oficia"|"aduana"|"aduana_desc"|"mercaderia"|"mercaderia_desc"|"cantidad"|"kilos"|"importe"
20100101|87|"CALETA OLIVIA"|303|"PESCADO CONGELADO, EXCEPTO LOS FILETESY DEMAS CARNE DE PESCA"|2|1935|2515.5
20100201|87|"CALETA OLIVIA"|303|"PESCADO CONGELADO, EXCEPTO LOS FILETESY DEMAS CARNE DE PESCA"|0|0|0
20100301|87|"CALETA OLIVIA"|303|"PESCADO CONGELADO, EXCEPTO LOS FILETESY DEMAS CARNE DE PESCA"|0|0|0
20100401|87|"CALETA OLIVIA"|303|"PESCADO CONGELADO, EXCEPTO LOS FILETESY DEMAS CARNE DE PESCA"|0|0|0
20100501|87|"CALETA OLIVIA"|303|"PESCADO CONGELADO, EXCEPTO LOS FILETESY DEMAS CARNE DE PESCA"|0|0|0
20100601|87|"CALETA OLIVIA"|303|"PESCADO CONGELADO, EXCEPTO LOS FILETESY DEMAS CARNE DE PESCA"|0|0|0
20100701|87|"CALETA OLIVIA"|303|"PESCADO CONGELADO, EXCEPTO LOS FILETESY DEMAS CARNE DE PESCA"|0|0|0
20100801|87|"CALETA OLIVIA"|303|"PESCADO CONGELADO, EXCEPTO LOS FILETESY DEMAS CARNE DE PESCA"|0|0|0
20100901|87|"CALETA OLIVIA"|303|"PESCADO CONGELADO, EXCEPTO LOS FILETESY DEMAS CARNE DE PESCA"|0|0|0
20101001|87|"CALETA OLIVIA"|303|"PESCADO CONGELADO, EXCEPTO LOS FILETESY DEMAS CARNE DE PESCA"|0|0|0
20101101|87|"CALETA OLIVIA"|303|"PESCADO CONGELADO, EXCEPTO LOS FILETESY DEMAS CARNE DE PESCA"|3|6042|12084
20101201|87|"CALETA OLIVIA"|303|"PESCADO CONGELADO, EXCEPTO LOS FILETESY DEMAS CARNE DE PESCA"|1|43030|45929
20110101|87|"CALETA OLIVIA"|303|"PESCADO CONGELADO, EXCEPTO LOS FILETESY DEMAS CARNE DE PESCA"|0|0|0
20110201|87|"CALETA OLIVIA"|303|"PESCADO CONGELADO, EXCEPTO LOS FILETESY DEMAS CARNE DE PESCA"|3|63995|88201.6
20110301|87|"CALETA OLIVIA"|303|"PESCADO CONGELADO, EXCEPTO LOS FILETESY DEMAS CARNE DE PESCA"|1|3798|5697
20110401|87|"CALETA OLIVIA"|303|"PESCADO CONGELADO, EXCEPTO LOS FILETESY DEMAS CARNE DE PESCA"|2|28620|42930
20110501|87|"CALETA OLIVIA"|303|"PESCADO CONGELADO, EXCEPTO LOS FILETESY DEMAS CARNE DE PESCA"|2|9423|14134.5
20110601|87|"CALETA OLIVIA"|303|"PESCADO CONGELADO, EXCEPTO LOS FILETESY DEMAS CARNE DE PESCA"|0|0|0
20110701|87|"CALETA OLIVIA"|303|"PESCADO CONGELADO, EXCEPTO LOS FILETESY DEMAS CARNE DE PESCA"|0|0|0
20110801|87|"CALETA OLIVIA"|303|"PESCADO CONGELADO, EXCEPTO LOS FILETESY DEMAS CARNE DE PESCA"|2|4500|6750
20110901|87|"CALETA OLIVIA"|303|"PESCADO CONGELADO, EXCEPTO LOS FILETESY DEMAS CARNE DE PESCA"|2|13500|20250
20111001|87|"CALETA OLIVIA"|303|"PESCADO CONGELADO, EXCEPTO LOS FILETESY DEMAS CARNE DE PESCA"|5|40872|63114
20111101|87|"CALETA OLIVIA"|303|"PESCADO CONGELADO, EXCEPTO LOS FILETESY DEMAS CARNE DE PESCA"|2|22716|34074
20111201|87|"CALETA OLIVIA"|303|"PESCADO CONGELADO, EXCEPTO LOS FILETESY DEMAS CARNE DE PESCA"|0|0|0
20120101|87|"CALETA OLIVIA"|303|"PESCADO CONGELADO, EXCEPTO LOS FILETESY DEMAS CARNE DE PESCA"|0|0|0
20120201|87|"CALETA OLIVIA"|303|"PESCADO CONGELADO, EXCEPTO LOS FILETESY DEMAS CARNE DE PESCA"|0|0|0
20120301|87|"CALETA OLIVIA"|303|"PESCADO CONGELADO, EXCEPTO LOS FILETESY DEMAS CARNE DE PESCA"|0|0|0
20120401|87|"CALETA OLIVIA"|303|"PESCADO CONGELADO, EXCEPTO LOS FILETESY DEMAS CARNE DE PESCA"|0|0|0
20120501|87|"CALETA OLIVIA"|303|"PESCADO CONGELADO, EXCEPTO LOS FILETESY DEMAS CARNE DE PESCA"|0|0|0
20120601|87|"CALETA OLIVIA"|303|"PESCADO CONGELADO, EXCEPTO LOS FILETESY DEMAS CARNE DE PESCA"|0|0|0
20120701|87|"CALETA OLIVIA"|303|"PESCADO CONGELADO, EXCEPTO LOS FILETESY DEMAS CARNE DE PESCA"|0|0|0
20120801|87|"CALETA OLIVIA"|303|"PESCADO CONGELADO, EXCEPTO LOS FILETESY DEMAS CARNE DE PESCA"|0|0|0
20120901|87|"CALETA OLIVIA"|303|"PESCADO CONGELADO, EXCEPTO LOS FILETESY DEMAS CARNE DE PESCA"|0|0|0
20121001|87|"CALETA OLIVIA"|303|"PESCADO CONGELADO, EXCEPTO LOS FILETESY DEMAS CARNE DE PESCA"|0|0|0
20121101|87|"CALETA OLIVIA"|303|"PESCADO CONGELADO, EXCEPTO LOS FILETESY DEMAS CARNE DE PESCA"|0|0|0
20121201|87|"CALETA OLIVIA"|303|"PESCADO CONGELADO, EXCEPTO LOS FILETESY DEMAS CARNE DE PESCA"|0|0|0
20130101|87|"CALETA OLIVIA"|303|"PESCADO CONGELADO, EXCEPTO LOS FILETESY DEMAS CARNE DE PESCA"|0|0|0
20130201|87|"CALETA OLIVIA"|303|"PESCADO CONGELADO, EXCEPTO LOS FILETESY DEMAS CARNE DE PESCA"|0|0|0
20130301|87|"CALETA OLIVIA"|303|"PESCADO CONGELADO, EXCEPTO LOS FILETESY DEMAS CARNE DE PESCA"|0|0|0
20130401|87|"CALETA OLIVIA"|303|"PESCADO CONGELADO, EXCEPTO LOS FILETESY DEMAS CARNE DE PESCA"|0|0|0
20130501|87|"CALETA OLIVIA"|303|"PESCADO CONGELADO, EXCEPTO LOS FILETESY DEMAS CARNE DE PESCA"|0|0|0
20130601|87|"CALETA OLIVIA"|303|"PESCADO CONGELADO, EXCEPTO LOS FILETESY DEMAS CARNE DE PESCA"|0|0|0
20130701|87|"CALETA OLIVIA"|303|"PESCADO CONGELADO, EXCEPTO LOS FILETESY DEMAS CARNE DE PESCA"|0|0|0
20130801|87|"CALETA OLIVIA"|303|"PESCADO CONGELADO, EXCEPTO LOS FILETESY DEMAS CARNE DE PESCA"|0|0|0
20130901|87|"CALETA OLIVIA"|303|"PESCADO CONGELADO, EXCEPTO LOS FILETESY DEMAS CARNE DE PESCA"|0|0|0
20131001|87|"CALETA OLIVIA"|303|"PESCADO CONGELADO, EXCEPTO LOS FILETESY DEMAS CARNE DE PESCA"|0|0|0
20131101|87|"CALETA OLIVIA"|303|"PESCADO CONGELADO, EXCEPTO LOS FILETESY DEMAS CARNE DE PESCA"|0|0|0
20131201|87|"CALETA OLIVIA"|303|"PESCADO CONGELADO, EXCEPTO LOS FILETESY DEMAS CARNE DE PESCA"|0|0|0
20140101|87|"CALETA OLIVIA"|303|"PESCADO CONGELADO, EXCEPTO LOS FILETESY DEMAS CARNE DE PESCA"|0|0|0
20140201|87|"CALETA OLIVIA"|303|"PESCADO CONGELADO, EXCEPTO LOS FILETESY DEMAS CARNE DE PESCA"|0|0|0
20140301|87|"CALETA OLIVIA"|303|"PESCADO CONGELADO, EXCEPTO LOS FILETESY DEMAS CARNE DE PESCA"|0|0|0
20140401|87|"CALETA OLIVIA"|303|"PESCADO CONGELADO, EXCEPTO LOS FILETESY DEMAS CARNE DE PESCA"|0|0|0
20140501|87|"CALETA OLIVIA"|303|"PESCADO CONGELADO, EXCEPTO LOS FILETESY DEMAS CARNE DE PESCA"|0|0|0
20140601|87|"CALETA OLIVIA"|303|"PESCADO CONGELADO, EXCEPTO LOS FILETESY DEMAS CARNE DE PESCA"|0|0|0
20140701|87|"CALETA OLIVIA"|303|"PESCADO CONGELADO, EXCEPTO LOS FILETESY DEMAS CARNE DE PESCA"|0|0|0
20140801|87|"CALETA OLIVIA"|303|"PESCADO CONGELADO, EXCEPTO LOS FILETESY DEMAS CARNE DE PESCA"|0|0|0
20140901|87|"CALETA OLIVIA"|303|"PESCADO CONGELADO, EXCEPTO LOS FILETESY DEMAS CARNE DE PESCA"|0|0|0
20141001|87|"CALETA OLIVIA"|303|"PESCADO CONGELADO, EXCEPTO LOS FILETESY DEMAS CARNE DE PESCA"|0|0|0
20141101|87|"CALETA OLIVIA"|303|"PESCADO CONGELADO, EXCEPTO LOS FILETESY DEMAS CARNE DE PESCA"|0|0|0
20141201|87|"CALETA OLIVIA"|303|"PESCADO CONGELADO, EXCEPTO LOS FILETESY DEMAS CARNE DE PESCA"|0|0|0
20150101|87|"CALETA OLIVIA"|303|"PESCADO CONGELADO, EXCEPTO LOS FILETESY DEMAS CARNE DE PESCA"|0|0|0
20150201|87|"CALETA OLIVIA"|303|"PESCADO CONGELADO, EXCEPTO LOS FILETESY DEMAS CARNE DE PESCA"|0|0|0
20150301|87|"CALETA OLIVIA"|303|"PESCADO CONGELADO, EXCEPTO LOS FILETESY DEMAS CARNE DE PESCA"|0|0|0
20150401|87|"CALETA OLIVIA"|303|"PESCADO CONGELADO, EXCEPTO LOS FILETESY DEMAS CARNE DE PESCA"|0|0|0
20150501|87|"CALETA OLIVIA"|303|"PESCADO CONGELADO, EXCEPTO LOS FILETESY DEMAS CARNE DE PESCA"|0|0|0
20150601|87|"CALETA OLIVIA"|303|"PESCADO CONGELADO, EXCEPTO LOS FILETESY DEMAS CARNE DE PESCA"|0|0|0
20150701|87|"CALETA OLIVIA"|303|"PESCADO CONGELADO, EXCEPTO LOS FILETESY DEMAS CARNE DE PESCA"|0|0|0
20150801|87|"CALETA OLIVIA"|303|"PESCADO CONGELADO, EXCEPTO LOS FILETESY DEMAS CARNE DE PESCA"|0|0|0
20150901|87|"CALETA OLIVIA"|303|"PESCADO CONGELADO, EXCEPTO LOS FILETESY DEMAS CARNE DE PESCA"|0|0|0
20151001|87|"CALETA OLIVIA"|303|"PESCADO CONGELADO, EXCEPTO LOS FILETESY DEMAS CARNE DE PESCA"|0|0|0
20151101|87|"CALETA OLIVIA"|303|"PESCADO CONGELADO, EXCEPTO LOS FILETESY DEMAS CARNE DE PESCA"|0|0|0
20151201|87|"CALETA OLIVIA"|303|"PESCADO CONGELADO, EXCEPTO LOS FILETESY DEMAS CARNE DE PESCA"|0|0|0
