"fecha_oficia"|"aduana"|"aduana_desc"|"mercaderia"|"mercaderia_desc"|"cantidad"|"kilos"|"importe"
20100101|37|"MAR DEL PLATA"|307|"MOLUSCOS, INCLUSO SEPARADOS DE SUS VALVAS, VIVOS, FRESCOS, R"|57|2731247.6|12043486.84
20100201|37|"MAR DEL PLATA"|307|"MOLUSCOS, INCLUSO SEPARADOS DE SUS VALVAS, VIVOS, FRESCOS, R"|30|4365469|13125932.09
20100301|37|"MAR DEL PLATA"|307|"MOLUSCOS, INCLUSO SEPARADOS DE SUS VALVAS, VIVOS, FRESCOS, R"|258|22832920.22|41591029.31
20100401|37|"MAR DEL PLATA"|307|"MOLUSCOS, INCLUSO SEPARADOS DE SUS VALVAS, VIVOS, FRESCOS, R"|113|5570501.32|13338268.64
20100501|37|"MAR DEL PLATA"|307|"MOLUSCOS, INCLUSO SEPARADOS DE SUS VALVAS, VIVOS, FRESCOS, R"|96|4946392.8|15823801.1
20100601|37|"MAR DEL PLATA"|307|"MOLUSCOS, INCLUSO SEPARADOS DE SUS VALVAS, VIVOS, FRESCOS, R"|79|2621855.59|12409891.04
20100701|37|"MAR DEL PLATA"|307|"MOLUSCOS, INCLUSO SEPARADOS DE SUS VALVAS, VIVOS, FRESCOS, R"|56|2845380.1|13120649.08
20100801|37|"MAR DEL PLATA"|307|"MOLUSCOS, INCLUSO SEPARADOS DE SUS VALVAS, VIVOS, FRESCOS, R"|215|26970639.29|83107051.98
20100901|37|"MAR DEL PLATA"|307|"MOLUSCOS, INCLUSO SEPARADOS DE SUS VALVAS, VIVOS, FRESCOS, R"|259|29367411.94|81845459.92
20101001|37|"MAR DEL PLATA"|307|"MOLUSCOS, INCLUSO SEPARADOS DE SUS VALVAS, VIVOS, FRESCOS, R"|276|21421946.54|55654388.49
20101101|37|"MAR DEL PLATA"|307|"MOLUSCOS, INCLUSO SEPARADOS DE SUS VALVAS, VIVOS, FRESCOS, R"|175|9869890.1|28147090.71
20101201|37|"MAR DEL PLATA"|307|"MOLUSCOS, INCLUSO SEPARADOS DE SUS VALVAS, VIVOS, FRESCOS, R"|121|5096363.8|20780192.84
20110101|37|"MAR DEL PLATA"|307|"MOLUSCOS, INCLUSO SEPARADOS DE SUS VALVAS, VIVOS, FRESCOS, R"|113|4177929.8|15299465.85
20110201|37|"MAR DEL PLATA"|307|"MOLUSCOS, INCLUSO SEPARADOS DE SUS VALVAS, VIVOS, FRESCOS, R"|100|4421893|15877932.98
20110301|37|"MAR DEL PLATA"|307|"MOLUSCOS, INCLUSO SEPARADOS DE SUS VALVAS, VIVOS, FRESCOS, R"|327|31223140.48|70271289.73
20110401|37|"MAR DEL PLATA"|307|"MOLUSCOS, INCLUSO SEPARADOS DE SUS VALVAS, VIVOS, FRESCOS, R"|161|11701344.14|32793623.57
20110501|37|"MAR DEL PLATA"|307|"MOLUSCOS, INCLUSO SEPARADOS DE SUS VALVAS, VIVOS, FRESCOS, R"|226|13636358.53|40850879.61
20110601|37|"MAR DEL PLATA"|307|"MOLUSCOS, INCLUSO SEPARADOS DE SUS VALVAS, VIVOS, FRESCOS, R"|137|4624818.7|18283795.03
20110701|37|"MAR DEL PLATA"|307|"MOLUSCOS, INCLUSO SEPARADOS DE SUS VALVAS, VIVOS, FRESCOS, R"|118|7974776.3|32741554.41
20110801|37|"MAR DEL PLATA"|307|"MOLUSCOS, INCLUSO SEPARADOS DE SUS VALVAS, VIVOS, FRESCOS, R"|169|10193818.96|37445753.33
20110901|37|"MAR DEL PLATA"|307|"MOLUSCOS, INCLUSO SEPARADOS DE SUS VALVAS, VIVOS, FRESCOS, R"|120|7150549.49|36004134.27
20111001|37|"MAR DEL PLATA"|307|"MOLUSCOS, INCLUSO SEPARADOS DE SUS VALVAS, VIVOS, FRESCOS, R"|59|2822871.2|17859696.48
20111101|37|"MAR DEL PLATA"|307|"MOLUSCOS, INCLUSO SEPARADOS DE SUS VALVAS, VIVOS, FRESCOS, R"|26|1532419.9|11509420.7
20111201|37|"MAR DEL PLATA"|307|"MOLUSCOS, INCLUSO SEPARADOS DE SUS VALVAS, VIVOS, FRESCOS, R"|43|4007572|18786468.03
20120101|37|"MAR DEL PLATA"|307|"MOLUSCOS, INCLUSO SEPARADOS DE SUS VALVAS, VIVOS, FRESCOS, R"|95|8827811.92|28491043.3
20120201|37|"MAR DEL PLATA"|307|"MOLUSCOS, INCLUSO SEPARADOS DE SUS VALVAS, VIVOS, FRESCOS, R"|46|4630319.12|17705991.79
20120301|37|"MAR DEL PLATA"|307|"MOLUSCOS, INCLUSO SEPARADOS DE SUS VALVAS, VIVOS, FRESCOS, R"|178|16998095.16|36758071.3
20120401|37|"MAR DEL PLATA"|307|"MOLUSCOS, INCLUSO SEPARADOS DE SUS VALVAS, VIVOS, FRESCOS, R"|168|15742405.95|33307458.08
20120501|37|"MAR DEL PLATA"|307|"MOLUSCOS, INCLUSO SEPARADOS DE SUS VALVAS, VIVOS, FRESCOS, R"|117|10978057.06|23542703.19
20120601|37|"MAR DEL PLATA"|307|"MOLUSCOS, INCLUSO SEPARADOS DE SUS VALVAS, VIVOS, FRESCOS, R"|178|12671110.58|26624539.11
20120701|37|"MAR DEL PLATA"|307|"MOLUSCOS, INCLUSO SEPARADOS DE SUS VALVAS, VIVOS, FRESCOS, R"|76|4418076.37|10957871.86
20120801|37|"MAR DEL PLATA"|307|"MOLUSCOS, INCLUSO SEPARADOS DE SUS VALVAS, VIVOS, FRESCOS, R"|66|2518725.4|8175397.88
20120901|37|"MAR DEL PLATA"|307|"MOLUSCOS, INCLUSO SEPARADOS DE SUS VALVAS, VIVOS, FRESCOS, R"|14|686055.8|2365604.14
20121001|37|"MAR DEL PLATA"|307|"MOLUSCOS, INCLUSO SEPARADOS DE SUS VALVAS, VIVOS, FRESCOS, R"|23|1443863.5|7504366.73
20121101|37|"MAR DEL PLATA"|307|"MOLUSCOS, INCLUSO SEPARADOS DE SUS VALVAS, VIVOS, FRESCOS, R"|19|1076347|6693127.92
20121201|37|"MAR DEL PLATA"|307|"MOLUSCOS, INCLUSO SEPARADOS DE SUS VALVAS, VIVOS, FRESCOS, R"|8|710012.2|3525224.05
20130101|37|"MAR DEL PLATA"|307|"MOLUSCOS, INCLUSO SEPARADOS DE SUS VALVAS, VIVOS, FRESCOS, R"|13|1159969|6898852.68
20130201|37|"MAR DEL PLATA"|307|"MOLUSCOS, INCLUSO SEPARADOS DE SUS VALVAS, VIVOS, FRESCOS, R"|59|8404543.6|20414440.77
20130301|37|"MAR DEL PLATA"|307|"MOLUSCOS, INCLUSO SEPARADOS DE SUS VALVAS, VIVOS, FRESCOS, R"|200|15765648.2|27108629.86
20130401|37|"MAR DEL PLATA"|307|"MOLUSCOS, INCLUSO SEPARADOS DE SUS VALVAS, VIVOS, FRESCOS, R"|167|14672158.6|27474474.72
20130501|37|"MAR DEL PLATA"|307|"MOLUSCOS, INCLUSO SEPARADOS DE SUS VALVAS, VIVOS, FRESCOS, R"|162|11333764.4|24128810.36
20130601|37|"MAR DEL PLATA"|307|"MOLUSCOS, INCLUSO SEPARADOS DE SUS VALVAS, VIVOS, FRESCOS, R"|118|9777859.9|21099878.12
20130701|37|"MAR DEL PLATA"|307|"MOLUSCOS, INCLUSO SEPARADOS DE SUS VALVAS, VIVOS, FRESCOS, R"|229|18013390.3|32037407.55
20130801|37|"MAR DEL PLATA"|307|"MOLUSCOS, INCLUSO SEPARADOS DE SUS VALVAS, VIVOS, FRESCOS, R"|378|26526517.43|40940082.45
20130901|37|"MAR DEL PLATA"|307|"MOLUSCOS, INCLUSO SEPARADOS DE SUS VALVAS, VIVOS, FRESCOS, R"|275|15284307.43|25369328.23
20131001|37|"MAR DEL PLATA"|307|"MOLUSCOS, INCLUSO SEPARADOS DE SUS VALVAS, VIVOS, FRESCOS, R"|115|6374357.1|12307311.53
20131101|37|"MAR DEL PLATA"|307|"MOLUSCOS, INCLUSO SEPARADOS DE SUS VALVAS, VIVOS, FRESCOS, R"|84|3806079.26|9330614.2
20131201|37|"MAR DEL PLATA"|307|"MOLUSCOS, INCLUSO SEPARADOS DE SUS VALVAS, VIVOS, FRESCOS, R"|68|3595136.64|10512418.29
20140101|37|"MAR DEL PLATA"|307|"MOLUSCOS, INCLUSO SEPARADOS DE SUS VALVAS, VIVOS, FRESCOS, R"|61|3868898|11437303.68
20140201|37|"MAR DEL PLATA"|307|"MOLUSCOS, INCLUSO SEPARADOS DE SUS VALVAS, VIVOS, FRESCOS, R"|92|7906838.6|13270357.06
20140301|37|"MAR DEL PLATA"|307|"MOLUSCOS, INCLUSO SEPARADOS DE SUS VALVAS, VIVOS, FRESCOS, R"|201|16637656.51|28871332.46
20140401|37|"MAR DEL PLATA"|307|"MOLUSCOS, INCLUSO SEPARADOS DE SUS VALVAS, VIVOS, FRESCOS, R"|246|20750276.85|34661073.77
20140501|37|"MAR DEL PLATA"|307|"MOLUSCOS, INCLUSO SEPARADOS DE SUS VALVAS, VIVOS, FRESCOS, R"|276|28236177.6|44547031.46
20140601|37|"MAR DEL PLATA"|307|"MOLUSCOS, INCLUSO SEPARADOS DE SUS VALVAS, VIVOS, FRESCOS, R"|198|21036745.48|29516732.75
20140701|37|"MAR DEL PLATA"|307|"MOLUSCOS, INCLUSO SEPARADOS DE SUS VALVAS, VIVOS, FRESCOS, R"|276|25536120.3|37172154.19
20140801|37|"MAR DEL PLATA"|307|"MOLUSCOS, INCLUSO SEPARADOS DE SUS VALVAS, VIVOS, FRESCOS, R"|158|9590405.52|14765551.8
20140901|37|"MAR DEL PLATA"|307|"MOLUSCOS, INCLUSO SEPARADOS DE SUS VALVAS, VIVOS, FRESCOS, R"|133|5413244.22|8523258.94
20141001|37|"MAR DEL PLATA"|307|"MOLUSCOS, INCLUSO SEPARADOS DE SUS VALVAS, VIVOS, FRESCOS, R"|114|4863072.46|10354053.71
20141101|37|"MAR DEL PLATA"|307|"MOLUSCOS, INCLUSO SEPARADOS DE SUS VALVAS, VIVOS, FRESCOS, R"|75|3540317.8|9569476.84
20141201|37|"MAR DEL PLATA"|307|"MOLUSCOS, INCLUSO SEPARADOS DE SUS VALVAS, VIVOS, FRESCOS, R"|41|2009078.4|8165584.49
20150101|37|"MAR DEL PLATA"|307|"MOLUSCOS, INCLUSO SEPARADOS DE SUS VALVAS, VIVOS, FRESCOS, R"|44|1988135.2|4556722.76
20150201|37|"MAR DEL PLATA"|307|"MOLUSCOS, INCLUSO SEPARADOS DE SUS VALVAS, VIVOS, FRESCOS, R"|100|8597574.9|16003043.78
20150301|37|"MAR DEL PLATA"|307|"MOLUSCOS, INCLUSO SEPARADOS DE SUS VALVAS, VIVOS, FRESCOS, R"|332|35467176.96|44090801.38
20150401|37|"MAR DEL PLATA"|307|"MOLUSCOS, INCLUSO SEPARADOS DE SUS VALVAS, VIVOS, FRESCOS, R"|384|40152196.44|42761381.35
20150501|37|"MAR DEL PLATA"|307|"MOLUSCOS, INCLUSO SEPARADOS DE SUS VALVAS, VIVOS, FRESCOS, R"|320|36857245.84|44493125.5
20150601|37|"MAR DEL PLATA"|307|"MOLUSCOS, INCLUSO SEPARADOS DE SUS VALVAS, VIVOS, FRESCOS, R"|334|29593481.98|31531879.22
20150701|37|"MAR DEL PLATA"|307|"MOLUSCOS, INCLUSO SEPARADOS DE SUS VALVAS, VIVOS, FRESCOS, R"|205|12536943.76|16494321.9
20150801|37|"MAR DEL PLATA"|307|"MOLUSCOS, INCLUSO SEPARADOS DE SUS VALVAS, VIVOS, FRESCOS, R"|98|4806098.88|8258095.36
20150901|37|"MAR DEL PLATA"|307|"MOLUSCOS, INCLUSO SEPARADOS DE SUS VALVAS, VIVOS, FRESCOS, R"|99|4369427.94|6764124.34
20151001|37|"MAR DEL PLATA"|307|"MOLUSCOS, INCLUSO SEPARADOS DE SUS VALVAS, VIVOS, FRESCOS, R"|49|2878308.28|3397672.33
20151101|37|"MAR DEL PLATA"|307|"MOLUSCOS, INCLUSO SEPARADOS DE SUS VALVAS, VIVOS, FRESCOS, R"|34|1040675.6|3575970.75
20151201|37|"MAR DEL PLATA"|307|"MOLUSCOS, INCLUSO SEPARADOS DE SUS VALVAS, VIVOS, FRESCOS, R"|27|939275.8|3659406.7
