"fecha_oficia"|"aduana"|"aduana_desc"|"mercaderia"|"mercaderia_desc"|"cantidad"|"kilos"|"importe"
20100101|20|"DIAMANTE"|306|"CRUSTACEOS, INCLUSO PELADOS, VIVOS, FRESCOS, REFRIGERADOS, C"|0|0|0
20100201|20|"DIAMANTE"|306|"CRUSTACEOS, INCLUSO PELADOS, VIVOS, FRESCOS, REFRIGERADOS, C"|0|0|0
20100301|20|"DIAMANTE"|306|"CRUSTACEOS, INCLUSO PELADOS, VIVOS, FRESCOS, REFRIGERADOS, C"|0|0|0
20100401|20|"DIAMANTE"|306|"CRUSTACEOS, INCLUSO PELADOS, VIVOS, FRESCOS, REFRIGERADOS, C"|0|0|0
20100501|20|"DIAMANTE"|306|"CRUSTACEOS, INCLUSO PELADOS, VIVOS, FRESCOS, REFRIGERADOS, C"|0|0|0
20100601|20|"DIAMANTE"|306|"CRUSTACEOS, INCLUSO PELADOS, VIVOS, FRESCOS, REFRIGERADOS, C"|0|0|0
20100701|20|"DIAMANTE"|306|"CRUSTACEOS, INCLUSO PELADOS, VIVOS, FRESCOS, REFRIGERADOS, C"|0|0|0
20100801|20|"DIAMANTE"|306|"CRUSTACEOS, INCLUSO PELADOS, VIVOS, FRESCOS, REFRIGERADOS, C"|0|0|0
20100901|20|"DIAMANTE"|306|"CRUSTACEOS, INCLUSO PELADOS, VIVOS, FRESCOS, REFRIGERADOS, C"|0|0|0
20101001|20|"DIAMANTE"|306|"CRUSTACEOS, INCLUSO PELADOS, VIVOS, FRESCOS, REFRIGERADOS, C"|0|0|0
20101101|20|"DIAMANTE"|306|"CRUSTACEOS, INCLUSO PELADOS, VIVOS, FRESCOS, REFRIGERADOS, C"|0|0|0
20101201|20|"DIAMANTE"|306|"CRUSTACEOS, INCLUSO PELADOS, VIVOS, FRESCOS, REFRIGERADOS, C"|0|0|0
20110101|20|"DIAMANTE"|306|"CRUSTACEOS, INCLUSO PELADOS, VIVOS, FRESCOS, REFRIGERADOS, C"|0|0|0
20110201|20|"DIAMANTE"|306|"CRUSTACEOS, INCLUSO PELADOS, VIVOS, FRESCOS, REFRIGERADOS, C"|0|0|0
20110301|20|"DIAMANTE"|306|"CRUSTACEOS, INCLUSO PELADOS, VIVOS, FRESCOS, REFRIGERADOS, C"|0|0|0
20110401|20|"DIAMANTE"|306|"CRUSTACEOS, INCLUSO PELADOS, VIVOS, FRESCOS, REFRIGERADOS, C"|0|0|0
20110501|20|"DIAMANTE"|306|"CRUSTACEOS, INCLUSO PELADOS, VIVOS, FRESCOS, REFRIGERADOS, C"|0|0|0
20110601|20|"DIAMANTE"|306|"CRUSTACEOS, INCLUSO PELADOS, VIVOS, FRESCOS, REFRIGERADOS, C"|0|0|0
20110701|20|"DIAMANTE"|306|"CRUSTACEOS, INCLUSO PELADOS, VIVOS, FRESCOS, REFRIGERADOS, C"|0|0|0
20110801|20|"DIAMANTE"|306|"CRUSTACEOS, INCLUSO PELADOS, VIVOS, FRESCOS, REFRIGERADOS, C"|0|0|0
20110901|20|"DIAMANTE"|306|"CRUSTACEOS, INCLUSO PELADOS, VIVOS, FRESCOS, REFRIGERADOS, C"|0|0|0
20111001|20|"DIAMANTE"|306|"CRUSTACEOS, INCLUSO PELADOS, VIVOS, FRESCOS, REFRIGERADOS, C"|0|0|0
20111101|20|"DIAMANTE"|306|"CRUSTACEOS, INCLUSO PELADOS, VIVOS, FRESCOS, REFRIGERADOS, C"|0|0|0
20111201|20|"DIAMANTE"|306|"CRUSTACEOS, INCLUSO PELADOS, VIVOS, FRESCOS, REFRIGERADOS, C"|0|0|0
20120101|20|"DIAMANTE"|306|"CRUSTACEOS, INCLUSO PELADOS, VIVOS, FRESCOS, REFRIGERADOS, C"|0|0|0
20120201|20|"DIAMANTE"|306|"CRUSTACEOS, INCLUSO PELADOS, VIVOS, FRESCOS, REFRIGERADOS, C"|0|0|0
20120301|20|"DIAMANTE"|306|"CRUSTACEOS, INCLUSO PELADOS, VIVOS, FRESCOS, REFRIGERADOS, C"|0|0|0
20120401|20|"DIAMANTE"|306|"CRUSTACEOS, INCLUSO PELADOS, VIVOS, FRESCOS, REFRIGERADOS, C"|0|0|0
20120501|20|"DIAMANTE"|306|"CRUSTACEOS, INCLUSO PELADOS, VIVOS, FRESCOS, REFRIGERADOS, C"|0|0|0
20120601|20|"DIAMANTE"|306|"CRUSTACEOS, INCLUSO PELADOS, VIVOS, FRESCOS, REFRIGERADOS, C"|0|0|0
20120701|20|"DIAMANTE"|306|"CRUSTACEOS, INCLUSO PELADOS, VIVOS, FRESCOS, REFRIGERADOS, C"|8|184|220.8
20120801|20|"DIAMANTE"|306|"CRUSTACEOS, INCLUSO PELADOS, VIVOS, FRESCOS, REFRIGERADOS, C"|6|210|252
20120901|20|"DIAMANTE"|306|"CRUSTACEOS, INCLUSO PELADOS, VIVOS, FRESCOS, REFRIGERADOS, C"|0|0|0
20121001|20|"DIAMANTE"|306|"CRUSTACEOS, INCLUSO PELADOS, VIVOS, FRESCOS, REFRIGERADOS, C"|0|0|0
20121101|20|"DIAMANTE"|306|"CRUSTACEOS, INCLUSO PELADOS, VIVOS, FRESCOS, REFRIGERADOS, C"|0|0|0
20121201|20|"DIAMANTE"|306|"CRUSTACEOS, INCLUSO PELADOS, VIVOS, FRESCOS, REFRIGERADOS, C"|2|48|57.6
20130101|20|"DIAMANTE"|306|"CRUSTACEOS, INCLUSO PELADOS, VIVOS, FRESCOS, REFRIGERADOS, C"|6|540|648
20130201|20|"DIAMANTE"|306|"CRUSTACEOS, INCLUSO PELADOS, VIVOS, FRESCOS, REFRIGERADOS, C"|0|0|0
20130301|20|"DIAMANTE"|306|"CRUSTACEOS, INCLUSO PELADOS, VIVOS, FRESCOS, REFRIGERADOS, C"|0|0|0
20130401|20|"DIAMANTE"|306|"CRUSTACEOS, INCLUSO PELADOS, VIVOS, FRESCOS, REFRIGERADOS, C"|2|480|576
20130501|20|"DIAMANTE"|306|"CRUSTACEOS, INCLUSO PELADOS, VIVOS, FRESCOS, REFRIGERADOS, C"|1|135|162
20130601|20|"DIAMANTE"|306|"CRUSTACEOS, INCLUSO PELADOS, VIVOS, FRESCOS, REFRIGERADOS, C"|0|0|0
20130701|20|"DIAMANTE"|306|"CRUSTACEOS, INCLUSO PELADOS, VIVOS, FRESCOS, REFRIGERADOS, C"|6|2490|2988
20130801|20|"DIAMANTE"|306|"CRUSTACEOS, INCLUSO PELADOS, VIVOS, FRESCOS, REFRIGERADOS, C"|5|840|1008
20130901|20|"DIAMANTE"|306|"CRUSTACEOS, INCLUSO PELADOS, VIVOS, FRESCOS, REFRIGERADOS, C"|5|534|640.8
20131001|20|"DIAMANTE"|306|"CRUSTACEOS, INCLUSO PELADOS, VIVOS, FRESCOS, REFRIGERADOS, C"|8|2874|3448.8
20131101|20|"DIAMANTE"|306|"CRUSTACEOS, INCLUSO PELADOS, VIVOS, FRESCOS, REFRIGERADOS, C"|4|1530|1836
20131201|20|"DIAMANTE"|306|"CRUSTACEOS, INCLUSO PELADOS, VIVOS, FRESCOS, REFRIGERADOS, C"|7|2415|3426
20140101|20|"DIAMANTE"|306|"CRUSTACEOS, INCLUSO PELADOS, VIVOS, FRESCOS, REFRIGERADOS, C"|8|2778|5283.6
20140201|20|"DIAMANTE"|306|"CRUSTACEOS, INCLUSO PELADOS, VIVOS, FRESCOS, REFRIGERADOS, C"|13|19209|56407.5
20140301|20|"DIAMANTE"|306|"CRUSTACEOS, INCLUSO PELADOS, VIVOS, FRESCOS, REFRIGERADOS, C"|7|17362|52257
20140401|20|"DIAMANTE"|306|"CRUSTACEOS, INCLUSO PELADOS, VIVOS, FRESCOS, REFRIGERADOS, C"|6|3690|11508
20140501|20|"DIAMANTE"|306|"CRUSTACEOS, INCLUSO PELADOS, VIVOS, FRESCOS, REFRIGERADOS, C"|5|4758|13269.6
20140601|20|"DIAMANTE"|306|"CRUSTACEOS, INCLUSO PELADOS, VIVOS, FRESCOS, REFRIGERADOS, C"|1|690|828
20140701|20|"DIAMANTE"|306|"CRUSTACEOS, INCLUSO PELADOS, VIVOS, FRESCOS, REFRIGERADOS, C"|8|2535|3042
20140801|20|"DIAMANTE"|306|"CRUSTACEOS, INCLUSO PELADOS, VIVOS, FRESCOS, REFRIGERADOS, C"|1|1500|4950
20140901|20|"DIAMANTE"|306|"CRUSTACEOS, INCLUSO PELADOS, VIVOS, FRESCOS, REFRIGERADOS, C"|3|6876|11098.8
20141001|20|"DIAMANTE"|306|"CRUSTACEOS, INCLUSO PELADOS, VIVOS, FRESCOS, REFRIGERADOS, C"|7|55562.4|233797.92
20141101|20|"DIAMANTE"|306|"CRUSTACEOS, INCLUSO PELADOS, VIVOS, FRESCOS, REFRIGERADOS, C"|8|63396|268217.28
20141201|20|"DIAMANTE"|306|"CRUSTACEOS, INCLUSO PELADOS, VIVOS, FRESCOS, REFRIGERADOS, C"|9|74694|322454.04
20150101|20|"DIAMANTE"|306|"CRUSTACEOS, INCLUSO PELADOS, VIVOS, FRESCOS, REFRIGERADOS, C"|6|38430|170484
20150201|20|"DIAMANTE"|306|"CRUSTACEOS, INCLUSO PELADOS, VIVOS, FRESCOS, REFRIGERADOS, C"|3|4935|25620
20150301|20|"DIAMANTE"|306|"CRUSTACEOS, INCLUSO PELADOS, VIVOS, FRESCOS, REFRIGERADOS, C"|2|4143|18132
20150401|20|"DIAMANTE"|306|"CRUSTACEOS, INCLUSO PELADOS, VIVOS, FRESCOS, REFRIGERADOS, C"|4|1968|10968
20150501|20|"DIAMANTE"|306|"CRUSTACEOS, INCLUSO PELADOS, VIVOS, FRESCOS, REFRIGERADOS, C"|3|2340|11472
20150601|20|"DIAMANTE"|306|"CRUSTACEOS, INCLUSO PELADOS, VIVOS, FRESCOS, REFRIGERADOS, C"|6|4290|21192
20150701|20|"DIAMANTE"|306|"CRUSTACEOS, INCLUSO PELADOS, VIVOS, FRESCOS, REFRIGERADOS, C"|3|2130|10530
20150801|20|"DIAMANTE"|306|"CRUSTACEOS, INCLUSO PELADOS, VIVOS, FRESCOS, REFRIGERADOS, C"|6|4380|22392
20150901|20|"DIAMANTE"|306|"CRUSTACEOS, INCLUSO PELADOS, VIVOS, FRESCOS, REFRIGERADOS, C"|2|900|4536
20151001|20|"DIAMANTE"|306|"CRUSTACEOS, INCLUSO PELADOS, VIVOS, FRESCOS, REFRIGERADOS, C"|6|1924.4|9904.8
20151101|20|"DIAMANTE"|306|"CRUSTACEOS, INCLUSO PELADOS, VIVOS, FRESCOS, REFRIGERADOS, C"|6|1295.6|6625.2
20151201|20|"DIAMANTE"|306|"CRUSTACEOS, INCLUSO PELADOS, VIVOS, FRESCOS, REFRIGERADOS, C"|11|4761|18940.8
