"fecha_oficia"|"aduana"|"aduana_desc"|"mercaderia"|"mercaderia_desc"|"cantidad"|"kilos"|"importe"
20100101|19|"PUERTO DESEADO"|303|"PESCADO CONGELADO, EXCEPTO LOS FILETESY DEMAS CARNE DE PESCA"|9|211507.86|875581.16
20100201|19|"PUERTO DESEADO"|303|"PESCADO CONGELADO, EXCEPTO LOS FILETESY DEMAS CARNE DE PESCA"|41|872747.1|1484881.94
20100301|19|"PUERTO DESEADO"|303|"PESCADO CONGELADO, EXCEPTO LOS FILETESY DEMAS CARNE DE PESCA"|23|329875.04|1905604.88
20100401|19|"PUERTO DESEADO"|303|"PESCADO CONGELADO, EXCEPTO LOS FILETESY DEMAS CARNE DE PESCA"|11|157783.22|1632116.26
20100501|19|"PUERTO DESEADO"|303|"PESCADO CONGELADO, EXCEPTO LOS FILETESY DEMAS CARNE DE PESCA"|17|277472.08|2706878.39
20100601|19|"PUERTO DESEADO"|303|"PESCADO CONGELADO, EXCEPTO LOS FILETESY DEMAS CARNE DE PESCA"|22|338600|3585041.27
20100701|19|"PUERTO DESEADO"|303|"PESCADO CONGELADO, EXCEPTO LOS FILETESY DEMAS CARNE DE PESCA"|19|219559.3|2257547.74
20100801|19|"PUERTO DESEADO"|303|"PESCADO CONGELADO, EXCEPTO LOS FILETESY DEMAS CARNE DE PESCA"|8|81951.5|523372.98
20100901|19|"PUERTO DESEADO"|303|"PESCADO CONGELADO, EXCEPTO LOS FILETESY DEMAS CARNE DE PESCA"|7|11574|24714.58
20101001|19|"PUERTO DESEADO"|303|"PESCADO CONGELADO, EXCEPTO LOS FILETESY DEMAS CARNE DE PESCA"|11|140701|199475.77
20101101|19|"PUERTO DESEADO"|303|"PESCADO CONGELADO, EXCEPTO LOS FILETESY DEMAS CARNE DE PESCA"|17|136930|180708.59
20101201|19|"PUERTO DESEADO"|303|"PESCADO CONGELADO, EXCEPTO LOS FILETESY DEMAS CARNE DE PESCA"|32|943928.6|15558340.96
20110101|19|"PUERTO DESEADO"|303|"PESCADO CONGELADO, EXCEPTO LOS FILETESY DEMAS CARNE DE PESCA"|17|560869|6743262.3
20110201|19|"PUERTO DESEADO"|303|"PESCADO CONGELADO, EXCEPTO LOS FILETESY DEMAS CARNE DE PESCA"|11|482067.2|8957717.82
20110301|19|"PUERTO DESEADO"|303|"PESCADO CONGELADO, EXCEPTO LOS FILETESY DEMAS CARNE DE PESCA"|14|467469|5591257.2
20110401|19|"PUERTO DESEADO"|303|"PESCADO CONGELADO, EXCEPTO LOS FILETESY DEMAS CARNE DE PESCA"|33|840846.31|8388858.33
20110501|19|"PUERTO DESEADO"|303|"PESCADO CONGELADO, EXCEPTO LOS FILETESY DEMAS CARNE DE PESCA"|29|766604.7|7237115.31
20110601|19|"PUERTO DESEADO"|303|"PESCADO CONGELADO, EXCEPTO LOS FILETESY DEMAS CARNE DE PESCA"|25|669531.08|5543848.03
20110701|19|"PUERTO DESEADO"|303|"PESCADO CONGELADO, EXCEPTO LOS FILETESY DEMAS CARNE DE PESCA"|26|456818.3|3507511.4
20110801|19|"PUERTO DESEADO"|303|"PESCADO CONGELADO, EXCEPTO LOS FILETESY DEMAS CARNE DE PESCA"|24|636965.4|6557995.02
20110901|19|"PUERTO DESEADO"|303|"PESCADO CONGELADO, EXCEPTO LOS FILETESY DEMAS CARNE DE PESCA"|23|503358.54|5258182.17
20111001|19|"PUERTO DESEADO"|303|"PESCADO CONGELADO, EXCEPTO LOS FILETESY DEMAS CARNE DE PESCA"|18|424272|1262895.19
20111101|19|"PUERTO DESEADO"|303|"PESCADO CONGELADO, EXCEPTO LOS FILETESY DEMAS CARNE DE PESCA"|15|340371|4162796.8
20111201|19|"PUERTO DESEADO"|303|"PESCADO CONGELADO, EXCEPTO LOS FILETESY DEMAS CARNE DE PESCA"|23|746374|5464076.8
20120101|19|"PUERTO DESEADO"|303|"PESCADO CONGELADO, EXCEPTO LOS FILETESY DEMAS CARNE DE PESCA"|7|226817|952183.89
20120201|19|"PUERTO DESEADO"|303|"PESCADO CONGELADO, EXCEPTO LOS FILETESY DEMAS CARNE DE PESCA"|9|245821.5|588107.17
20120301|19|"PUERTO DESEADO"|303|"PESCADO CONGELADO, EXCEPTO LOS FILETESY DEMAS CARNE DE PESCA"|16|283317|3907526.96
20120401|19|"PUERTO DESEADO"|303|"PESCADO CONGELADO, EXCEPTO LOS FILETESY DEMAS CARNE DE PESCA"|15|320335|2378463.21
20120501|19|"PUERTO DESEADO"|303|"PESCADO CONGELADO, EXCEPTO LOS FILETESY DEMAS CARNE DE PESCA"|48|1252636.8|6775327.92
20120601|19|"PUERTO DESEADO"|303|"PESCADO CONGELADO, EXCEPTO LOS FILETESY DEMAS CARNE DE PESCA"|53|1741614.2|6027353.5
20120701|19|"PUERTO DESEADO"|303|"PESCADO CONGELADO, EXCEPTO LOS FILETESY DEMAS CARNE DE PESCA"|47|1418126.3|7009565.03
20120801|19|"PUERTO DESEADO"|303|"PESCADO CONGELADO, EXCEPTO LOS FILETESY DEMAS CARNE DE PESCA"|37|1131162|2667107.72
20120901|19|"PUERTO DESEADO"|303|"PESCADO CONGELADO, EXCEPTO LOS FILETESY DEMAS CARNE DE PESCA"|5|93354.2|907013.15
20121001|19|"PUERTO DESEADO"|303|"PESCADO CONGELADO, EXCEPTO LOS FILETESY DEMAS CARNE DE PESCA"|11|287379.5|2289039.22
20121101|19|"PUERTO DESEADO"|303|"PESCADO CONGELADO, EXCEPTO LOS FILETESY DEMAS CARNE DE PESCA"|7|208737.3|3073851.77
20121201|19|"PUERTO DESEADO"|303|"PESCADO CONGELADO, EXCEPTO LOS FILETESY DEMAS CARNE DE PESCA"|20|530900.2|5259499.26
20130101|19|"PUERTO DESEADO"|303|"PESCADO CONGELADO, EXCEPTO LOS FILETESY DEMAS CARNE DE PESCA"|6|167761|1550787.77
20130201|19|"PUERTO DESEADO"|303|"PESCADO CONGELADO, EXCEPTO LOS FILETESY DEMAS CARNE DE PESCA"|9|210796.4|2439519.26
20130301|19|"PUERTO DESEADO"|303|"PESCADO CONGELADO, EXCEPTO LOS FILETESY DEMAS CARNE DE PESCA"|23|537426.1|6290732.96
20130401|19|"PUERTO DESEADO"|303|"PESCADO CONGELADO, EXCEPTO LOS FILETESY DEMAS CARNE DE PESCA"|5|120481.5|1802866.2
20130501|19|"PUERTO DESEADO"|303|"PESCADO CONGELADO, EXCEPTO LOS FILETESY DEMAS CARNE DE PESCA"|9|214978.8|3571370.55
20130601|19|"PUERTO DESEADO"|303|"PESCADO CONGELADO, EXCEPTO LOS FILETESY DEMAS CARNE DE PESCA"|8|116694|1968367.41
20130701|19|"PUERTO DESEADO"|303|"PESCADO CONGELADO, EXCEPTO LOS FILETESY DEMAS CARNE DE PESCA"|11|168399.7|3103783.31
20130801|19|"PUERTO DESEADO"|303|"PESCADO CONGELADO, EXCEPTO LOS FILETESY DEMAS CARNE DE PESCA"|11|194183.4|3859585.52
20130901|19|"PUERTO DESEADO"|303|"PESCADO CONGELADO, EXCEPTO LOS FILETESY DEMAS CARNE DE PESCA"|4|37809|451000.5
20131001|19|"PUERTO DESEADO"|303|"PESCADO CONGELADO, EXCEPTO LOS FILETESY DEMAS CARNE DE PESCA"|5|57592.96|175216.52
20131101|19|"PUERTO DESEADO"|303|"PESCADO CONGELADO, EXCEPTO LOS FILETESY DEMAS CARNE DE PESCA"|0|0|0
20131201|19|"PUERTO DESEADO"|303|"PESCADO CONGELADO, EXCEPTO LOS FILETESY DEMAS CARNE DE PESCA"|17|278770.56|3968250.57
20140101|19|"PUERTO DESEADO"|303|"PESCADO CONGELADO, EXCEPTO LOS FILETESY DEMAS CARNE DE PESCA"|10|204943.1|3061120.75
20140201|19|"PUERTO DESEADO"|303|"PESCADO CONGELADO, EXCEPTO LOS FILETESY DEMAS CARNE DE PESCA"|6|100896.5|869038.33
20140301|19|"PUERTO DESEADO"|303|"PESCADO CONGELADO, EXCEPTO LOS FILETESY DEMAS CARNE DE PESCA"|19|334293.3|5442338.8
20140401|19|"PUERTO DESEADO"|303|"PESCADO CONGELADO, EXCEPTO LOS FILETESY DEMAS CARNE DE PESCA"|12|245368.8|3195046.55
20140501|19|"PUERTO DESEADO"|303|"PESCADO CONGELADO, EXCEPTO LOS FILETESY DEMAS CARNE DE PESCA"|13|260798|2346219.88
20140601|19|"PUERTO DESEADO"|303|"PESCADO CONGELADO, EXCEPTO LOS FILETESY DEMAS CARNE DE PESCA"|10|170932|1641293.7
20140701|19|"PUERTO DESEADO"|303|"PESCADO CONGELADO, EXCEPTO LOS FILETESY DEMAS CARNE DE PESCA"|6|89673.4|1494233.44
20140801|19|"PUERTO DESEADO"|303|"PESCADO CONGELADO, EXCEPTO LOS FILETESY DEMAS CARNE DE PESCA"|4|109089.26|1859587.41
20140901|19|"PUERTO DESEADO"|303|"PESCADO CONGELADO, EXCEPTO LOS FILETESY DEMAS CARNE DE PESCA"|3|39222|772469.2
20141001|19|"PUERTO DESEADO"|303|"PESCADO CONGELADO, EXCEPTO LOS FILETESY DEMAS CARNE DE PESCA"|3|36215.5|297082.83
20141101|19|"PUERTO DESEADO"|303|"PESCADO CONGELADO, EXCEPTO LOS FILETESY DEMAS CARNE DE PESCA"|3|38011.5|838314.31
20141201|19|"PUERTO DESEADO"|303|"PESCADO CONGELADO, EXCEPTO LOS FILETESY DEMAS CARNE DE PESCA"|1|22521|580205.75
20150101|19|"PUERTO DESEADO"|303|"PESCADO CONGELADO, EXCEPTO LOS FILETESY DEMAS CARNE DE PESCA"|7|147506.35|3428006.28
20150201|19|"PUERTO DESEADO"|303|"PESCADO CONGELADO, EXCEPTO LOS FILETESY DEMAS CARNE DE PESCA"|7|142715.35|3320492.33
20150301|19|"PUERTO DESEADO"|303|"PESCADO CONGELADO, EXCEPTO LOS FILETESY DEMAS CARNE DE PESCA"|2|51127|258984.75
20150401|19|"PUERTO DESEADO"|303|"PESCADO CONGELADO, EXCEPTO LOS FILETESY DEMAS CARNE DE PESCA"|1|23913.5|209964
20150501|19|"PUERTO DESEADO"|303|"PESCADO CONGELADO, EXCEPTO LOS FILETESY DEMAS CARNE DE PESCA"|1|24928.6|504804.16
20150601|19|"PUERTO DESEADO"|303|"PESCADO CONGELADO, EXCEPTO LOS FILETESY DEMAS CARNE DE PESCA"|3|72703.5|1488212.95
20150701|19|"PUERTO DESEADO"|303|"PESCADO CONGELADO, EXCEPTO LOS FILETESY DEMAS CARNE DE PESCA"|7|147994|2702078.86
20150801|19|"PUERTO DESEADO"|303|"PESCADO CONGELADO, EXCEPTO LOS FILETESY DEMAS CARNE DE PESCA"|2|48065|997315.01
20150901|19|"PUERTO DESEADO"|303|"PESCADO CONGELADO, EXCEPTO LOS FILETESY DEMAS CARNE DE PESCA"|2|47947.8|1005465.91
20151001|19|"PUERTO DESEADO"|303|"PESCADO CONGELADO, EXCEPTO LOS FILETESY DEMAS CARNE DE PESCA"|6|113010.9|2138384.23
20151101|19|"PUERTO DESEADO"|303|"PESCADO CONGELADO, EXCEPTO LOS FILETESY DEMAS CARNE DE PESCA"|8|177371.2|3246551.72
20151201|19|"PUERTO DESEADO"|303|"PESCADO CONGELADO, EXCEPTO LOS FILETESY DEMAS CARNE DE PESCA"|0|0|0
