"fecha_oficia"|"aduana"|"aduana_desc"|"mercaderia"|"mercaderia_desc"|"cantidad"|"kilos"|"importe"
20100101|19|"PUERTO DESEADO"|307|"MOLUSCOS, INCLUSO SEPARADOS DE SUS VALVAS, VIVOS, FRESCOS, R"|26|953849|1859853.4
20100201|19|"PUERTO DESEADO"|307|"MOLUSCOS, INCLUSO SEPARADOS DE SUS VALVAS, VIVOS, FRESCOS, R"|42|1909371|3378940.32
20100301|19|"PUERTO DESEADO"|307|"MOLUSCOS, INCLUSO SEPARADOS DE SUS VALVAS, VIVOS, FRESCOS, R"|64|5000273|7941806.61
20100401|19|"PUERTO DESEADO"|307|"MOLUSCOS, INCLUSO SEPARADOS DE SUS VALVAS, VIVOS, FRESCOS, R"|45|1503824.25|2995570.61
20100501|19|"PUERTO DESEADO"|307|"MOLUSCOS, INCLUSO SEPARADOS DE SUS VALVAS, VIVOS, FRESCOS, R"|15|243305|557352.78
20100601|19|"PUERTO DESEADO"|307|"MOLUSCOS, INCLUSO SEPARADOS DE SUS VALVAS, VIVOS, FRESCOS, R"|7|40719.75|139361.33
20100701|19|"PUERTO DESEADO"|307|"MOLUSCOS, INCLUSO SEPARADOS DE SUS VALVAS, VIVOS, FRESCOS, R"|11|354027|946292.63
20100801|19|"PUERTO DESEADO"|307|"MOLUSCOS, INCLUSO SEPARADOS DE SUS VALVAS, VIVOS, FRESCOS, R"|26|2131293.55|6740195.16
20100901|19|"PUERTO DESEADO"|307|"MOLUSCOS, INCLUSO SEPARADOS DE SUS VALVAS, VIVOS, FRESCOS, R"|23|1047570|2590734.74
20101001|19|"PUERTO DESEADO"|307|"MOLUSCOS, INCLUSO SEPARADOS DE SUS VALVAS, VIVOS, FRESCOS, R"|21|1792595.25|5474004.72
20101101|19|"PUERTO DESEADO"|307|"MOLUSCOS, INCLUSO SEPARADOS DE SUS VALVAS, VIVOS, FRESCOS, R"|33|722076|1970305.57
20101201|19|"PUERTO DESEADO"|307|"MOLUSCOS, INCLUSO SEPARADOS DE SUS VALVAS, VIVOS, FRESCOS, R"|8|611548|1039951.65
20110101|19|"PUERTO DESEADO"|307|"MOLUSCOS, INCLUSO SEPARADOS DE SUS VALVAS, VIVOS, FRESCOS, R"|14|387667|959921.28
20110201|19|"PUERTO DESEADO"|307|"MOLUSCOS, INCLUSO SEPARADOS DE SUS VALVAS, VIVOS, FRESCOS, R"|55|7886182|14860971.19
20110301|19|"PUERTO DESEADO"|307|"MOLUSCOS, INCLUSO SEPARADOS DE SUS VALVAS, VIVOS, FRESCOS, R"|85|8287490|19632109.63
20110401|19|"PUERTO DESEADO"|307|"MOLUSCOS, INCLUSO SEPARADOS DE SUS VALVAS, VIVOS, FRESCOS, R"|122|6333767.2|15092061.47
20110501|19|"PUERTO DESEADO"|307|"MOLUSCOS, INCLUSO SEPARADOS DE SUS VALVAS, VIVOS, FRESCOS, R"|76|2944927|7666702.46
20110601|19|"PUERTO DESEADO"|307|"MOLUSCOS, INCLUSO SEPARADOS DE SUS VALVAS, VIVOS, FRESCOS, R"|14|597164|2083857.32
20110701|19|"PUERTO DESEADO"|307|"MOLUSCOS, INCLUSO SEPARADOS DE SUS VALVAS, VIVOS, FRESCOS, R"|21|832326|3019346.16
20110801|19|"PUERTO DESEADO"|307|"MOLUSCOS, INCLUSO SEPARADOS DE SUS VALVAS, VIVOS, FRESCOS, R"|14|241629|690601.01
20110901|19|"PUERTO DESEADO"|307|"MOLUSCOS, INCLUSO SEPARADOS DE SUS VALVAS, VIVOS, FRESCOS, R"|13|1099231|2927908.2
20111001|19|"PUERTO DESEADO"|307|"MOLUSCOS, INCLUSO SEPARADOS DE SUS VALVAS, VIVOS, FRESCOS, R"|17|599365|1709555.14
20111101|19|"PUERTO DESEADO"|307|"MOLUSCOS, INCLUSO SEPARADOS DE SUS VALVAS, VIVOS, FRESCOS, R"|6|176496|643131.89
20111201|19|"PUERTO DESEADO"|307|"MOLUSCOS, INCLUSO SEPARADOS DE SUS VALVAS, VIVOS, FRESCOS, R"|6|308668|1182050.3
20120101|19|"PUERTO DESEADO"|307|"MOLUSCOS, INCLUSO SEPARADOS DE SUS VALVAS, VIVOS, FRESCOS, R"|8|503112|1069060.9
20120201|19|"PUERTO DESEADO"|307|"MOLUSCOS, INCLUSO SEPARADOS DE SUS VALVAS, VIVOS, FRESCOS, R"|21|4376386|8629965.64
20120301|19|"PUERTO DESEADO"|307|"MOLUSCOS, INCLUSO SEPARADOS DE SUS VALVAS, VIVOS, FRESCOS, R"|73|11370526.19|23199822.29
20120401|19|"PUERTO DESEADO"|307|"MOLUSCOS, INCLUSO SEPARADOS DE SUS VALVAS, VIVOS, FRESCOS, R"|82|10545629.1|27688398.58
20120501|19|"PUERTO DESEADO"|307|"MOLUSCOS, INCLUSO SEPARADOS DE SUS VALVAS, VIVOS, FRESCOS, R"|93|9112773.15|26537783.1
20120601|19|"PUERTO DESEADO"|307|"MOLUSCOS, INCLUSO SEPARADOS DE SUS VALVAS, VIVOS, FRESCOS, R"|59|3135339.47|8539314.66
20120701|19|"PUERTO DESEADO"|307|"MOLUSCOS, INCLUSO SEPARADOS DE SUS VALVAS, VIVOS, FRESCOS, R"|20|448722.56|1079218.03
20120801|19|"PUERTO DESEADO"|307|"MOLUSCOS, INCLUSO SEPARADOS DE SUS VALVAS, VIVOS, FRESCOS, R"|10|527454|1255133.5
20120901|19|"PUERTO DESEADO"|307|"MOLUSCOS, INCLUSO SEPARADOS DE SUS VALVAS, VIVOS, FRESCOS, R"|0|0|0
20121001|19|"PUERTO DESEADO"|307|"MOLUSCOS, INCLUSO SEPARADOS DE SUS VALVAS, VIVOS, FRESCOS, R"|1|954|2463.79
20121101|19|"PUERTO DESEADO"|307|"MOLUSCOS, INCLUSO SEPARADOS DE SUS VALVAS, VIVOS, FRESCOS, R"|3|102732|299861.91
20121201|19|"PUERTO DESEADO"|307|"MOLUSCOS, INCLUSO SEPARADOS DE SUS VALVAS, VIVOS, FRESCOS, R"|0|0|0
20130101|19|"PUERTO DESEADO"|307|"MOLUSCOS, INCLUSO SEPARADOS DE SUS VALVAS, VIVOS, FRESCOS, R"|0|0|0
20130201|19|"PUERTO DESEADO"|307|"MOLUSCOS, INCLUSO SEPARADOS DE SUS VALVAS, VIVOS, FRESCOS, R"|81|15609683.32|28745249.21
20130301|19|"PUERTO DESEADO"|307|"MOLUSCOS, INCLUSO SEPARADOS DE SUS VALVAS, VIVOS, FRESCOS, R"|112|15374633.64|32272645.84
20130401|19|"PUERTO DESEADO"|307|"MOLUSCOS, INCLUSO SEPARADOS DE SUS VALVAS, VIVOS, FRESCOS, R"|210|23939972.48|51974807.01
20130501|19|"PUERTO DESEADO"|307|"MOLUSCOS, INCLUSO SEPARADOS DE SUS VALVAS, VIVOS, FRESCOS, R"|153|17983048.72|39601571.56
20130601|19|"PUERTO DESEADO"|307|"MOLUSCOS, INCLUSO SEPARADOS DE SUS VALVAS, VIVOS, FRESCOS, R"|110|9693325.6|20528822.46
20130701|19|"PUERTO DESEADO"|307|"MOLUSCOS, INCLUSO SEPARADOS DE SUS VALVAS, VIVOS, FRESCOS, R"|48|3377462.63|7235159.09
20130801|19|"PUERTO DESEADO"|307|"MOLUSCOS, INCLUSO SEPARADOS DE SUS VALVAS, VIVOS, FRESCOS, R"|33|1980377.79|3282848.88
20130901|19|"PUERTO DESEADO"|307|"MOLUSCOS, INCLUSO SEPARADOS DE SUS VALVAS, VIVOS, FRESCOS, R"|36|2131417.02|3900056.77
20131001|19|"PUERTO DESEADO"|307|"MOLUSCOS, INCLUSO SEPARADOS DE SUS VALVAS, VIVOS, FRESCOS, R"|12|323594.94|675872.09
20131101|19|"PUERTO DESEADO"|307|"MOLUSCOS, INCLUSO SEPARADOS DE SUS VALVAS, VIVOS, FRESCOS, R"|11|247843.08|489669
20131201|19|"PUERTO DESEADO"|307|"MOLUSCOS, INCLUSO SEPARADOS DE SUS VALVAS, VIVOS, FRESCOS, R"|1|55963|67155.6
20140101|19|"PUERTO DESEADO"|307|"MOLUSCOS, INCLUSO SEPARADOS DE SUS VALVAS, VIVOS, FRESCOS, R"|8|277827|365157.21
20140201|19|"PUERTO DESEADO"|307|"MOLUSCOS, INCLUSO SEPARADOS DE SUS VALVAS, VIVOS, FRESCOS, R"|37|7075758.8|9350320.92
20140301|19|"PUERTO DESEADO"|307|"MOLUSCOS, INCLUSO SEPARADOS DE SUS VALVAS, VIVOS, FRESCOS, R"|94|12795468.7|19092601.38
20140401|19|"PUERTO DESEADO"|307|"MOLUSCOS, INCLUSO SEPARADOS DE SUS VALVAS, VIVOS, FRESCOS, R"|69|9182016.72|14240553.42
20140501|19|"PUERTO DESEADO"|307|"MOLUSCOS, INCLUSO SEPARADOS DE SUS VALVAS, VIVOS, FRESCOS, R"|121|15125340.39|23056152.05
20140601|19|"PUERTO DESEADO"|307|"MOLUSCOS, INCLUSO SEPARADOS DE SUS VALVAS, VIVOS, FRESCOS, R"|88|8051123.73|12753142.56
20140701|19|"PUERTO DESEADO"|307|"MOLUSCOS, INCLUSO SEPARADOS DE SUS VALVAS, VIVOS, FRESCOS, R"|38|2569907|4132878.39
20140801|19|"PUERTO DESEADO"|307|"MOLUSCOS, INCLUSO SEPARADOS DE SUS VALVAS, VIVOS, FRESCOS, R"|43|2578794.51|3644771.48
20140901|19|"PUERTO DESEADO"|307|"MOLUSCOS, INCLUSO SEPARADOS DE SUS VALVAS, VIVOS, FRESCOS, R"|13|530662|784750.15
20141001|19|"PUERTO DESEADO"|307|"MOLUSCOS, INCLUSO SEPARADOS DE SUS VALVAS, VIVOS, FRESCOS, R"|9|647084|1061664.34
20141101|19|"PUERTO DESEADO"|307|"MOLUSCOS, INCLUSO SEPARADOS DE SUS VALVAS, VIVOS, FRESCOS, R"|6|421893|849200.5
20141201|19|"PUERTO DESEADO"|307|"MOLUSCOS, INCLUSO SEPARADOS DE SUS VALVAS, VIVOS, FRESCOS, R"|0|0|0
20150101|19|"PUERTO DESEADO"|307|"MOLUSCOS, INCLUSO SEPARADOS DE SUS VALVAS, VIVOS, FRESCOS, R"|2|22994|104070.8
20150201|19|"PUERTO DESEADO"|307|"MOLUSCOS, INCLUSO SEPARADOS DE SUS VALVAS, VIVOS, FRESCOS, R"|13|715405|993812.03
20150301|19|"PUERTO DESEADO"|307|"MOLUSCOS, INCLUSO SEPARADOS DE SUS VALVAS, VIVOS, FRESCOS, R"|55|8949501.26|11400503.02
20150401|19|"PUERTO DESEADO"|307|"MOLUSCOS, INCLUSO SEPARADOS DE SUS VALVAS, VIVOS, FRESCOS, R"|71|7603901.64|10540723.57
20150501|19|"PUERTO DESEADO"|307|"MOLUSCOS, INCLUSO SEPARADOS DE SUS VALVAS, VIVOS, FRESCOS, R"|93|9595727.49|12720121.63
20150601|19|"PUERTO DESEADO"|307|"MOLUSCOS, INCLUSO SEPARADOS DE SUS VALVAS, VIVOS, FRESCOS, R"|50|3908750.18|4991532.78
20150701|19|"PUERTO DESEADO"|307|"MOLUSCOS, INCLUSO SEPARADOS DE SUS VALVAS, VIVOS, FRESCOS, R"|44|1663561.04|2152974.67
20150801|19|"PUERTO DESEADO"|307|"MOLUSCOS, INCLUSO SEPARADOS DE SUS VALVAS, VIVOS, FRESCOS, R"|14|460335|455374.25
20150901|19|"PUERTO DESEADO"|307|"MOLUSCOS, INCLUSO SEPARADOS DE SUS VALVAS, VIVOS, FRESCOS, R"|9|365636|467919.18
20151001|19|"PUERTO DESEADO"|307|"MOLUSCOS, INCLUSO SEPARADOS DE SUS VALVAS, VIVOS, FRESCOS, R"|8|272011|282127.83
20151101|19|"PUERTO DESEADO"|307|"MOLUSCOS, INCLUSO SEPARADOS DE SUS VALVAS, VIVOS, FRESCOS, R"|15|408548|481765.1
20151201|19|"PUERTO DESEADO"|307|"MOLUSCOS, INCLUSO SEPARADOS DE SUS VALVAS, VIVOS, FRESCOS, R"|0|0|0
