"fecha_oficia"|"aduana"|"aduana_desc"|"mercaderia"|"mercaderia_desc"|"cantidad"|"kilos"|"importe"
20100101|47|"PUERTO MADRYN"|303|"PESCADO CONGELADO, EXCEPTO LOS FILETESY DEMAS CARNE DE PESCA"|161|10486209.8|14008449.31
20100201|47|"PUERTO MADRYN"|303|"PESCADO CONGELADO, EXCEPTO LOS FILETESY DEMAS CARNE DE PESCA"|121|10228451.2|13453020.3
20100301|47|"PUERTO MADRYN"|303|"PESCADO CONGELADO, EXCEPTO LOS FILETESY DEMAS CARNE DE PESCA"|311|29490904.9|46446458.05
20100401|47|"PUERTO MADRYN"|303|"PESCADO CONGELADO, EXCEPTO LOS FILETESY DEMAS CARNE DE PESCA"|171|13605258|18085527.25
20100501|47|"PUERTO MADRYN"|303|"PESCADO CONGELADO, EXCEPTO LOS FILETESY DEMAS CARNE DE PESCA"|238|19240006.9|36198937.6
20100601|47|"PUERTO MADRYN"|303|"PESCADO CONGELADO, EXCEPTO LOS FILETESY DEMAS CARNE DE PESCA"|175|24519064.6|50080582.41
20100701|47|"PUERTO MADRYN"|303|"PESCADO CONGELADO, EXCEPTO LOS FILETESY DEMAS CARNE DE PESCA"|210|37021480.9|73628274.8
20100801|47|"PUERTO MADRYN"|303|"PESCADO CONGELADO, EXCEPTO LOS FILETESY DEMAS CARNE DE PESCA"|229|14388527|21072790.43
20100901|47|"PUERTO MADRYN"|303|"PESCADO CONGELADO, EXCEPTO LOS FILETESY DEMAS CARNE DE PESCA"|186|15892225|33642005.48
20101001|47|"PUERTO MADRYN"|303|"PESCADO CONGELADO, EXCEPTO LOS FILETESY DEMAS CARNE DE PESCA"|178|10752660.15|17510813.23
20101101|47|"PUERTO MADRYN"|303|"PESCADO CONGELADO, EXCEPTO LOS FILETESY DEMAS CARNE DE PESCA"|204|22952611.99|40178860.22
20101201|47|"PUERTO MADRYN"|303|"PESCADO CONGELADO, EXCEPTO LOS FILETESY DEMAS CARNE DE PESCA"|247|22237209|39622610.8
20110101|47|"PUERTO MADRYN"|303|"PESCADO CONGELADO, EXCEPTO LOS FILETESY DEMAS CARNE DE PESCA"|85|9528811.77|14597404.12
20110201|47|"PUERTO MADRYN"|303|"PESCADO CONGELADO, EXCEPTO LOS FILETESY DEMAS CARNE DE PESCA"|144|10654362.3|14782455.46
20110301|47|"PUERTO MADRYN"|303|"PESCADO CONGELADO, EXCEPTO LOS FILETESY DEMAS CARNE DE PESCA"|245|19104024.6|33777209.97
20110401|47|"PUERTO MADRYN"|303|"PESCADO CONGELADO, EXCEPTO LOS FILETESY DEMAS CARNE DE PESCA"|203|20915248.4|37869842.71
20110501|47|"PUERTO MADRYN"|303|"PESCADO CONGELADO, EXCEPTO LOS FILETESY DEMAS CARNE DE PESCA"|225|29781521|57412662.86
20110601|47|"PUERTO MADRYN"|303|"PESCADO CONGELADO, EXCEPTO LOS FILETESY DEMAS CARNE DE PESCA"|186|20692719.19|41645550.55
20110701|47|"PUERTO MADRYN"|303|"PESCADO CONGELADO, EXCEPTO LOS FILETESY DEMAS CARNE DE PESCA"|166|15210664.4|28190461.07
20110801|47|"PUERTO MADRYN"|303|"PESCADO CONGELADO, EXCEPTO LOS FILETESY DEMAS CARNE DE PESCA"|236|20286346.6|41245857.95
20110901|47|"PUERTO MADRYN"|303|"PESCADO CONGELADO, EXCEPTO LOS FILETESY DEMAS CARNE DE PESCA"|267|21941595.15|41412954.78
20111001|47|"PUERTO MADRYN"|303|"PESCADO CONGELADO, EXCEPTO LOS FILETESY DEMAS CARNE DE PESCA"|186|20046766.4|37830077.36
20111101|47|"PUERTO MADRYN"|303|"PESCADO CONGELADO, EXCEPTO LOS FILETESY DEMAS CARNE DE PESCA"|212|14753474.1|30061781.94
20111201|47|"PUERTO MADRYN"|303|"PESCADO CONGELADO, EXCEPTO LOS FILETESY DEMAS CARNE DE PESCA"|194|16858882.6|34850460.38
20120101|47|"PUERTO MADRYN"|303|"PESCADO CONGELADO, EXCEPTO LOS FILETESY DEMAS CARNE DE PESCA"|143|11749048.8|22187907.39
20120201|47|"PUERTO MADRYN"|303|"PESCADO CONGELADO, EXCEPTO LOS FILETESY DEMAS CARNE DE PESCA"|92|4330481.8|7799887.34
20120301|47|"PUERTO MADRYN"|303|"PESCADO CONGELADO, EXCEPTO LOS FILETESY DEMAS CARNE DE PESCA"|168|3022220.26|5569357.47
20120401|47|"PUERTO MADRYN"|303|"PESCADO CONGELADO, EXCEPTO LOS FILETESY DEMAS CARNE DE PESCA"|114|2355552.44|4533834.9
20120501|47|"PUERTO MADRYN"|303|"PESCADO CONGELADO, EXCEPTO LOS FILETESY DEMAS CARNE DE PESCA"|187|5350875.2|10937601.9
20120601|47|"PUERTO MADRYN"|303|"PESCADO CONGELADO, EXCEPTO LOS FILETESY DEMAS CARNE DE PESCA"|189|6051897.8|11826865.39
20120701|47|"PUERTO MADRYN"|303|"PESCADO CONGELADO, EXCEPTO LOS FILETESY DEMAS CARNE DE PESCA"|140|5410667.22|9807872.95
20120801|47|"PUERTO MADRYN"|303|"PESCADO CONGELADO, EXCEPTO LOS FILETESY DEMAS CARNE DE PESCA"|138|5979516|11065741.46
20120901|47|"PUERTO MADRYN"|303|"PESCADO CONGELADO, EXCEPTO LOS FILETESY DEMAS CARNE DE PESCA"|109|3636995.03|6401296.68
20121001|47|"PUERTO MADRYN"|303|"PESCADO CONGELADO, EXCEPTO LOS FILETESY DEMAS CARNE DE PESCA"|164|5055235.31|9006933.34
20121101|47|"PUERTO MADRYN"|303|"PESCADO CONGELADO, EXCEPTO LOS FILETESY DEMAS CARNE DE PESCA"|106|5014918.76|8241661.4
20121201|47|"PUERTO MADRYN"|303|"PESCADO CONGELADO, EXCEPTO LOS FILETESY DEMAS CARNE DE PESCA"|143|3085142.57|5115253.89
20130101|47|"PUERTO MADRYN"|303|"PESCADO CONGELADO, EXCEPTO LOS FILETESY DEMAS CARNE DE PESCA"|95|2533080.93|4157616.9
20130201|47|"PUERTO MADRYN"|303|"PESCADO CONGELADO, EXCEPTO LOS FILETESY DEMAS CARNE DE PESCA"|64|1899695.8|2798513.08
20130301|47|"PUERTO MADRYN"|303|"PESCADO CONGELADO, EXCEPTO LOS FILETESY DEMAS CARNE DE PESCA"|116|2392698.2|3981205.22
20130401|47|"PUERTO MADRYN"|303|"PESCADO CONGELADO, EXCEPTO LOS FILETESY DEMAS CARNE DE PESCA"|212|4675857|8191137.21
20130501|47|"PUERTO MADRYN"|303|"PESCADO CONGELADO, EXCEPTO LOS FILETESY DEMAS CARNE DE PESCA"|148|3451364.8|5820155.7
20130601|47|"PUERTO MADRYN"|303|"PESCADO CONGELADO, EXCEPTO LOS FILETESY DEMAS CARNE DE PESCA"|83|2589025.4|4087941.95
20130701|47|"PUERTO MADRYN"|303|"PESCADO CONGELADO, EXCEPTO LOS FILETESY DEMAS CARNE DE PESCA"|136|3380970.8|5182877.26
20130801|47|"PUERTO MADRYN"|303|"PESCADO CONGELADO, EXCEPTO LOS FILETESY DEMAS CARNE DE PESCA"|153|4175762.1|6428886.05
20130901|47|"PUERTO MADRYN"|303|"PESCADO CONGELADO, EXCEPTO LOS FILETESY DEMAS CARNE DE PESCA"|102|2821463.5|4544149.7
20131001|47|"PUERTO MADRYN"|303|"PESCADO CONGELADO, EXCEPTO LOS FILETESY DEMAS CARNE DE PESCA"|119|2810848|4893789.29
20131101|47|"PUERTO MADRYN"|303|"PESCADO CONGELADO, EXCEPTO LOS FILETESY DEMAS CARNE DE PESCA"|119|3035196.6|5264401.65
20131201|47|"PUERTO MADRYN"|303|"PESCADO CONGELADO, EXCEPTO LOS FILETESY DEMAS CARNE DE PESCA"|132|3163801.72|5038139.13
20140101|47|"PUERTO MADRYN"|303|"PESCADO CONGELADO, EXCEPTO LOS FILETESY DEMAS CARNE DE PESCA"|89|1959674.2|3143138.72
20140201|47|"PUERTO MADRYN"|303|"PESCADO CONGELADO, EXCEPTO LOS FILETESY DEMAS CARNE DE PESCA"|105|1823768|3214848.73
20140301|47|"PUERTO MADRYN"|303|"PESCADO CONGELADO, EXCEPTO LOS FILETESY DEMAS CARNE DE PESCA"|103|1935989.1|3477037.53
20140401|47|"PUERTO MADRYN"|303|"PESCADO CONGELADO, EXCEPTO LOS FILETESY DEMAS CARNE DE PESCA"|111|3123955.4|4836322.26
20140501|47|"PUERTO MADRYN"|303|"PESCADO CONGELADO, EXCEPTO LOS FILETESY DEMAS CARNE DE PESCA"|198|5825500.2|9823251.97
20140601|47|"PUERTO MADRYN"|303|"PESCADO CONGELADO, EXCEPTO LOS FILETESY DEMAS CARNE DE PESCA"|94|2492333.8|4167590.96
20140701|47|"PUERTO MADRYN"|303|"PESCADO CONGELADO, EXCEPTO LOS FILETESY DEMAS CARNE DE PESCA"|136|3857534.6|6932609.77
20140801|47|"PUERTO MADRYN"|303|"PESCADO CONGELADO, EXCEPTO LOS FILETESY DEMAS CARNE DE PESCA"|138|4743760|8167689.22
20140901|47|"PUERTO MADRYN"|303|"PESCADO CONGELADO, EXCEPTO LOS FILETESY DEMAS CARNE DE PESCA"|142|4444377|8419625.98
20141001|47|"PUERTO MADRYN"|303|"PESCADO CONGELADO, EXCEPTO LOS FILETESY DEMAS CARNE DE PESCA"|154|5579118.2|10061082.11
20141101|47|"PUERTO MADRYN"|303|"PESCADO CONGELADO, EXCEPTO LOS FILETESY DEMAS CARNE DE PESCA"|98|3529620.6|6535020.79
20141201|47|"PUERTO MADRYN"|303|"PESCADO CONGELADO, EXCEPTO LOS FILETESY DEMAS CARNE DE PESCA"|98|3216964.7|5325849.7
20150101|47|"PUERTO MADRYN"|303|"PESCADO CONGELADO, EXCEPTO LOS FILETESY DEMAS CARNE DE PESCA"|113|2867140.4|4837953.09
20150201|47|"PUERTO MADRYN"|303|"PESCADO CONGELADO, EXCEPTO LOS FILETESY DEMAS CARNE DE PESCA"|77|1790602.6|2957044.53
20150301|47|"PUERTO MADRYN"|303|"PESCADO CONGELADO, EXCEPTO LOS FILETESY DEMAS CARNE DE PESCA"|120|3040093.8|4789928.26
20150401|47|"PUERTO MADRYN"|303|"PESCADO CONGELADO, EXCEPTO LOS FILETESY DEMAS CARNE DE PESCA"|163|3481604.6|5578093.68
20150501|47|"PUERTO MADRYN"|303|"PESCADO CONGELADO, EXCEPTO LOS FILETESY DEMAS CARNE DE PESCA"|138|4104514.9|6209267.78
20150601|47|"PUERTO MADRYN"|303|"PESCADO CONGELADO, EXCEPTO LOS FILETESY DEMAS CARNE DE PESCA"|135|2979171.8|4533669.56
20150701|47|"PUERTO MADRYN"|303|"PESCADO CONGELADO, EXCEPTO LOS FILETESY DEMAS CARNE DE PESCA"|131|3674111.4|5316851.09
20150801|47|"PUERTO MADRYN"|303|"PESCADO CONGELADO, EXCEPTO LOS FILETESY DEMAS CARNE DE PESCA"|90|2835281.4|4205439.04
20150901|47|"PUERTO MADRYN"|303|"PESCADO CONGELADO, EXCEPTO LOS FILETESY DEMAS CARNE DE PESCA"|98|2929572|4412413.77
20151001|47|"PUERTO MADRYN"|303|"PESCADO CONGELADO, EXCEPTO LOS FILETESY DEMAS CARNE DE PESCA"|126|3261242.8|4651038
20151101|47|"PUERTO MADRYN"|303|"PESCADO CONGELADO, EXCEPTO LOS FILETESY DEMAS CARNE DE PESCA"|118|4434534.7|5826639.15
20151201|47|"PUERTO MADRYN"|303|"PESCADO CONGELADO, EXCEPTO LOS FILETESY DEMAS CARNE DE PESCA"|106|3690381.6|4767805.47
