"fecha_oficia"|"aduana"|"aduana_desc"|"mercaderia"|"mercaderia_desc"|"cantidad"|"kilos"|"importe"
20100101|67|"USHUAIA"|307|"MOLUSCOS, INCLUSO SEPARADOS DE SUS VALVAS, VIVOS, FRESCOS, R"|4|463906|2412377.19
20100201|67|"USHUAIA"|307|"MOLUSCOS, INCLUSO SEPARADOS DE SUS VALVAS, VIVOS, FRESCOS, R"|5|425958|3369666.32
20100301|67|"USHUAIA"|307|"MOLUSCOS, INCLUSO SEPARADOS DE SUS VALVAS, VIVOS, FRESCOS, R"|5|262220|278031.02
20100401|67|"USHUAIA"|307|"MOLUSCOS, INCLUSO SEPARADOS DE SUS VALVAS, VIVOS, FRESCOS, R"|8|784079|6656136.61
20100501|67|"USHUAIA"|307|"MOLUSCOS, INCLUSO SEPARADOS DE SUS VALVAS, VIVOS, FRESCOS, R"|3|6407.68|9036.85
20100601|67|"USHUAIA"|307|"MOLUSCOS, INCLUSO SEPARADOS DE SUS VALVAS, VIVOS, FRESCOS, R"|3|362895|3169573.65
20100701|67|"USHUAIA"|307|"MOLUSCOS, INCLUSO SEPARADOS DE SUS VALVAS, VIVOS, FRESCOS, R"|4|313988|2867178.35
20100801|67|"USHUAIA"|307|"MOLUSCOS, INCLUSO SEPARADOS DE SUS VALVAS, VIVOS, FRESCOS, R"|2|282285|2582389.14
20100901|67|"USHUAIA"|307|"MOLUSCOS, INCLUSO SEPARADOS DE SUS VALVAS, VIVOS, FRESCOS, R"|2|736935|7089846.63
20101001|67|"USHUAIA"|307|"MOLUSCOS, INCLUSO SEPARADOS DE SUS VALVAS, VIVOS, FRESCOS, R"|0|0|0
20101101|67|"USHUAIA"|307|"MOLUSCOS, INCLUSO SEPARADOS DE SUS VALVAS, VIVOS, FRESCOS, R"|0|0|0
20101201|67|"USHUAIA"|307|"MOLUSCOS, INCLUSO SEPARADOS DE SUS VALVAS, VIVOS, FRESCOS, R"|0|0|0
20110101|67|"USHUAIA"|307|"MOLUSCOS, INCLUSO SEPARADOS DE SUS VALVAS, VIVOS, FRESCOS, R"|0|0|0
20110201|67|"USHUAIA"|307|"MOLUSCOS, INCLUSO SEPARADOS DE SUS VALVAS, VIVOS, FRESCOS, R"|10|363483.2|4043089.79
20110301|67|"USHUAIA"|307|"MOLUSCOS, INCLUSO SEPARADOS DE SUS VALVAS, VIVOS, FRESCOS, R"|18|930130|5320112.74
20110401|67|"USHUAIA"|307|"MOLUSCOS, INCLUSO SEPARADOS DE SUS VALVAS, VIVOS, FRESCOS, R"|14|463643|3828510.66
20110501|67|"USHUAIA"|307|"MOLUSCOS, INCLUSO SEPARADOS DE SUS VALVAS, VIVOS, FRESCOS, R"|8|461742|5552470.29
20110601|67|"USHUAIA"|307|"MOLUSCOS, INCLUSO SEPARADOS DE SUS VALVAS, VIVOS, FRESCOS, R"|7|364669|4363969.77
20110701|67|"USHUAIA"|307|"MOLUSCOS, INCLUSO SEPARADOS DE SUS VALVAS, VIVOS, FRESCOS, R"|0|0|0
20110801|67|"USHUAIA"|307|"MOLUSCOS, INCLUSO SEPARADOS DE SUS VALVAS, VIVOS, FRESCOS, R"|2|384330|5576531.49
20110901|67|"USHUAIA"|307|"MOLUSCOS, INCLUSO SEPARADOS DE SUS VALVAS, VIVOS, FRESCOS, R"|6|645369|9191336.13
20111001|67|"USHUAIA"|307|"MOLUSCOS, INCLUSO SEPARADOS DE SUS VALVAS, VIVOS, FRESCOS, R"|4|301304|3674050.57
20111101|67|"USHUAIA"|307|"MOLUSCOS, INCLUSO SEPARADOS DE SUS VALVAS, VIVOS, FRESCOS, R"|2|344820|4718642.27
20111201|67|"USHUAIA"|307|"MOLUSCOS, INCLUSO SEPARADOS DE SUS VALVAS, VIVOS, FRESCOS, R"|2|280425|3838637.91
20120101|67|"USHUAIA"|307|"MOLUSCOS, INCLUSO SEPARADOS DE SUS VALVAS, VIVOS, FRESCOS, R"|3|430904|4978033.77
20120201|67|"USHUAIA"|307|"MOLUSCOS, INCLUSO SEPARADOS DE SUS VALVAS, VIVOS, FRESCOS, R"|2|89605|143044.57
20120301|67|"USHUAIA"|307|"MOLUSCOS, INCLUSO SEPARADOS DE SUS VALVAS, VIVOS, FRESCOS, R"|9|1037735|11856837.21
20120401|67|"USHUAIA"|307|"MOLUSCOS, INCLUSO SEPARADOS DE SUS VALVAS, VIVOS, FRESCOS, R"|7|461952.37|846404.19
20120501|67|"USHUAIA"|307|"MOLUSCOS, INCLUSO SEPARADOS DE SUS VALVAS, VIVOS, FRESCOS, R"|4|556440|6446950.9
20120601|67|"USHUAIA"|307|"MOLUSCOS, INCLUSO SEPARADOS DE SUS VALVAS, VIVOS, FRESCOS, R"|1|21979|75808.67
20120701|67|"USHUAIA"|307|"MOLUSCOS, INCLUSO SEPARADOS DE SUS VALVAS, VIVOS, FRESCOS, R"|1|231750|2185195.16
20120801|67|"USHUAIA"|307|"MOLUSCOS, INCLUSO SEPARADOS DE SUS VALVAS, VIVOS, FRESCOS, R"|8|574242|4984643.9
20120901|67|"USHUAIA"|307|"MOLUSCOS, INCLUSO SEPARADOS DE SUS VALVAS, VIVOS, FRESCOS, R"|1|314235|2769874.38
20121001|67|"USHUAIA"|307|"MOLUSCOS, INCLUSO SEPARADOS DE SUS VALVAS, VIVOS, FRESCOS, R"|1|331995|2636989
20121101|67|"USHUAIA"|307|"MOLUSCOS, INCLUSO SEPARADOS DE SUS VALVAS, VIVOS, FRESCOS, R"|1|301665|2393107.74
20121201|67|"USHUAIA"|307|"MOLUSCOS, INCLUSO SEPARADOS DE SUS VALVAS, VIVOS, FRESCOS, R"|0|0|0
20130101|67|"USHUAIA"|307|"MOLUSCOS, INCLUSO SEPARADOS DE SUS VALVAS, VIVOS, FRESCOS, R"|1|29000|36569
20130201|67|"USHUAIA"|307|"MOLUSCOS, INCLUSO SEPARADOS DE SUS VALVAS, VIVOS, FRESCOS, R"|6|844840.74|7408257.99
20130301|67|"USHUAIA"|307|"MOLUSCOS, INCLUSO SEPARADOS DE SUS VALVAS, VIVOS, FRESCOS, R"|2|307965|2794185.44
20130401|67|"USHUAIA"|307|"MOLUSCOS, INCLUSO SEPARADOS DE SUS VALVAS, VIVOS, FRESCOS, R"|1|92040|675207.79
20130501|67|"USHUAIA"|307|"MOLUSCOS, INCLUSO SEPARADOS DE SUS VALVAS, VIVOS, FRESCOS, R"|7|749966.5|6391760.79
20130601|67|"USHUAIA"|307|"MOLUSCOS, INCLUSO SEPARADOS DE SUS VALVAS, VIVOS, FRESCOS, R"|1|179550|1790883.36
20130701|67|"USHUAIA"|307|"MOLUSCOS, INCLUSO SEPARADOS DE SUS VALVAS, VIVOS, FRESCOS, R"|5|664482.24|3282069.52
20130801|67|"USHUAIA"|307|"MOLUSCOS, INCLUSO SEPARADOS DE SUS VALVAS, VIVOS, FRESCOS, R"|2|271990.73|2478657.48
20130901|67|"USHUAIA"|307|"MOLUSCOS, INCLUSO SEPARADOS DE SUS VALVAS, VIVOS, FRESCOS, R"|0|0|0
20131001|67|"USHUAIA"|307|"MOLUSCOS, INCLUSO SEPARADOS DE SUS VALVAS, VIVOS, FRESCOS, R"|0|0|0
20131101|67|"USHUAIA"|307|"MOLUSCOS, INCLUSO SEPARADOS DE SUS VALVAS, VIVOS, FRESCOS, R"|2|258825|3095106.14
20131201|67|"USHUAIA"|307|"MOLUSCOS, INCLUSO SEPARADOS DE SUS VALVAS, VIVOS, FRESCOS, R"|0|0|0
20140101|67|"USHUAIA"|307|"MOLUSCOS, INCLUSO SEPARADOS DE SUS VALVAS, VIVOS, FRESCOS, R"|2|240450|3235335.71
20140201|67|"USHUAIA"|307|"MOLUSCOS, INCLUSO SEPARADOS DE SUS VALVAS, VIVOS, FRESCOS, R"|2|237000|2827435
20140301|67|"USHUAIA"|307|"MOLUSCOS, INCLUSO SEPARADOS DE SUS VALVAS, VIVOS, FRESCOS, R"|4|467085|6364879.14
20140401|67|"USHUAIA"|307|"MOLUSCOS, INCLUSO SEPARADOS DE SUS VALVAS, VIVOS, FRESCOS, R"|5|583085|6725477.76
20140501|67|"USHUAIA"|307|"MOLUSCOS, INCLUSO SEPARADOS DE SUS VALVAS, VIVOS, FRESCOS, R"|1|23010|269318.39
20140601|67|"USHUAIA"|307|"MOLUSCOS, INCLUSO SEPARADOS DE SUS VALVAS, VIVOS, FRESCOS, R"|3|489720|6176134
20140701|67|"USHUAIA"|307|"MOLUSCOS, INCLUSO SEPARADOS DE SUS VALVAS, VIVOS, FRESCOS, R"|0|0|0
20140801|67|"USHUAIA"|307|"MOLUSCOS, INCLUSO SEPARADOS DE SUS VALVAS, VIVOS, FRESCOS, R"|1|22110|294131.04
20140901|67|"USHUAIA"|307|"MOLUSCOS, INCLUSO SEPARADOS DE SUS VALVAS, VIVOS, FRESCOS, R"|3|254700|3447088.65
20141001|67|"USHUAIA"|307|"MOLUSCOS, INCLUSO SEPARADOS DE SUS VALVAS, VIVOS, FRESCOS, R"|5|233580|2926259.91
20141101|67|"USHUAIA"|307|"MOLUSCOS, INCLUSO SEPARADOS DE SUS VALVAS, VIVOS, FRESCOS, R"|7|371850|4433150.47
20141201|67|"USHUAIA"|307|"MOLUSCOS, INCLUSO SEPARADOS DE SUS VALVAS, VIVOS, FRESCOS, R"|3|29246|155109.83
20150101|67|"USHUAIA"|307|"MOLUSCOS, INCLUSO SEPARADOS DE SUS VALVAS, VIVOS, FRESCOS, R"|4|231075|2825445.41
20150201|67|"USHUAIA"|307|"MOLUSCOS, INCLUSO SEPARADOS DE SUS VALVAS, VIVOS, FRESCOS, R"|5|591795|6853670.25
20150301|67|"USHUAIA"|307|"MOLUSCOS, INCLUSO SEPARADOS DE SUS VALVAS, VIVOS, FRESCOS, R"|4|167115|1984887.98
20150401|67|"USHUAIA"|307|"MOLUSCOS, INCLUSO SEPARADOS DE SUS VALVAS, VIVOS, FRESCOS, R"|5|668700|7596465.1
20150501|67|"USHUAIA"|307|"MOLUSCOS, INCLUSO SEPARADOS DE SUS VALVAS, VIVOS, FRESCOS, R"|4|439230|5031425.1
20150601|67|"USHUAIA"|307|"MOLUSCOS, INCLUSO SEPARADOS DE SUS VALVAS, VIVOS, FRESCOS, R"|11|663150|6473502.06
20150701|67|"USHUAIA"|307|"MOLUSCOS, INCLUSO SEPARADOS DE SUS VALVAS, VIVOS, FRESCOS, R"|5|361905|3771495.31
20150801|67|"USHUAIA"|307|"MOLUSCOS, INCLUSO SEPARADOS DE SUS VALVAS, VIVOS, FRESCOS, R"|6|380520|3956037.72
20150901|67|"USHUAIA"|307|"MOLUSCOS, INCLUSO SEPARADOS DE SUS VALVAS, VIVOS, FRESCOS, R"|6|320125|2815306.11
20151001|67|"USHUAIA"|307|"MOLUSCOS, INCLUSO SEPARADOS DE SUS VALVAS, VIVOS, FRESCOS, R"|6|434923|4195745.72
20151101|67|"USHUAIA"|307|"MOLUSCOS, INCLUSO SEPARADOS DE SUS VALVAS, VIVOS, FRESCOS, R"|2|349620|3413275.23
20151201|67|"USHUAIA"|307|"MOLUSCOS, INCLUSO SEPARADOS DE SUS VALVAS, VIVOS, FRESCOS, R"|3|424785|4186221.41
