"fecha_oficia"|"aduana"|"aduana_desc"|"mercaderia"|"mercaderia_desc"|"cantidad"|"kilos"|"importe"
20100101|67|"USHUAIA"|304|"FILETES Y DEMAS CARNE DE PESCADO (INCLUSO PICADA), FRESCOS, "|22|659755.5|1987749.07
20100201|67|"USHUAIA"|304|"FILETES Y DEMAS CARNE DE PESCADO (INCLUSO PICADA), FRESCOS, "|49|3524235.05|10706781.56
20100301|67|"USHUAIA"|304|"FILETES Y DEMAS CARNE DE PESCADO (INCLUSO PICADA), FRESCOS, "|29|1297963.5|3145266.32
20100401|67|"USHUAIA"|304|"FILETES Y DEMAS CARNE DE PESCADO (INCLUSO PICADA), FRESCOS, "|58|3803830.4|11536740.73
20100501|67|"USHUAIA"|304|"FILETES Y DEMAS CARNE DE PESCADO (INCLUSO PICADA), FRESCOS, "|50|4840362.4|14205915.08
20100601|67|"USHUAIA"|304|"FILETES Y DEMAS CARNE DE PESCADO (INCLUSO PICADA), FRESCOS, "|66|4488516.15|13418479.81
20100701|67|"USHUAIA"|304|"FILETES Y DEMAS CARNE DE PESCADO (INCLUSO PICADA), FRESCOS, "|52|2050336.8|6329227.8
20100801|67|"USHUAIA"|304|"FILETES Y DEMAS CARNE DE PESCADO (INCLUSO PICADA), FRESCOS, "|28|856148|2797414.02
20100901|67|"USHUAIA"|304|"FILETES Y DEMAS CARNE DE PESCADO (INCLUSO PICADA), FRESCOS, "|15|438456.9|1397136.41
20101001|67|"USHUAIA"|304|"FILETES Y DEMAS CARNE DE PESCADO (INCLUSO PICADA), FRESCOS, "|43|2725112.05|9418191.93
20101101|67|"USHUAIA"|304|"FILETES Y DEMAS CARNE DE PESCADO (INCLUSO PICADA), FRESCOS, "|34|2090095.5|6984995.01
20101201|67|"USHUAIA"|304|"FILETES Y DEMAS CARNE DE PESCADO (INCLUSO PICADA), FRESCOS, "|37|2427903.3|8790461.01
20110101|67|"USHUAIA"|304|"FILETES Y DEMAS CARNE DE PESCADO (INCLUSO PICADA), FRESCOS, "|38|2240440.1|8376216.69
20110201|67|"USHUAIA"|304|"FILETES Y DEMAS CARNE DE PESCADO (INCLUSO PICADA), FRESCOS, "|21|1228253.21|4340035.03
20110301|67|"USHUAIA"|304|"FILETES Y DEMAS CARNE DE PESCADO (INCLUSO PICADA), FRESCOS, "|34|1585219.9|4667407.74
20110401|67|"USHUAIA"|304|"FILETES Y DEMAS CARNE DE PESCADO (INCLUSO PICADA), FRESCOS, "|72|3789039.94|11544826.7
20110501|67|"USHUAIA"|304|"FILETES Y DEMAS CARNE DE PESCADO (INCLUSO PICADA), FRESCOS, "|88|3629930.3|10760697.38
20110601|67|"USHUAIA"|304|"FILETES Y DEMAS CARNE DE PESCADO (INCLUSO PICADA), FRESCOS, "|62|3332644.2|9616302.24
20110701|67|"USHUAIA"|304|"FILETES Y DEMAS CARNE DE PESCADO (INCLUSO PICADA), FRESCOS, "|66|2811254.2|7877003.08
20110801|67|"USHUAIA"|304|"FILETES Y DEMAS CARNE DE PESCADO (INCLUSO PICADA), FRESCOS, "|60|2754527.3|8090343.7
20110901|67|"USHUAIA"|304|"FILETES Y DEMAS CARNE DE PESCADO (INCLUSO PICADA), FRESCOS, "|63|2622256.9|7470418.51
20111001|67|"USHUAIA"|304|"FILETES Y DEMAS CARNE DE PESCADO (INCLUSO PICADA), FRESCOS, "|20|649286.52|1893863.74
20111101|67|"USHUAIA"|304|"FILETES Y DEMAS CARNE DE PESCADO (INCLUSO PICADA), FRESCOS, "|37|1997816.6|5650393.29
20111201|67|"USHUAIA"|304|"FILETES Y DEMAS CARNE DE PESCADO (INCLUSO PICADA), FRESCOS, "|24|766353.6|2211074.36
20120101|67|"USHUAIA"|304|"FILETES Y DEMAS CARNE DE PESCADO (INCLUSO PICADA), FRESCOS, "|6|170505|499987.14
20120201|67|"USHUAIA"|304|"FILETES Y DEMAS CARNE DE PESCADO (INCLUSO PICADA), FRESCOS, "|14|669970|2018417.6
20120301|67|"USHUAIA"|304|"FILETES Y DEMAS CARNE DE PESCADO (INCLUSO PICADA), FRESCOS, "|31|2379503.5|6869709.34
20120401|67|"USHUAIA"|304|"FILETES Y DEMAS CARNE DE PESCADO (INCLUSO PICADA), FRESCOS, "|70|3365737.4|10098372.56
20120501|67|"USHUAIA"|304|"FILETES Y DEMAS CARNE DE PESCADO (INCLUSO PICADA), FRESCOS, "|59|4826633.8|13917570.29
20120601|67|"USHUAIA"|304|"FILETES Y DEMAS CARNE DE PESCADO (INCLUSO PICADA), FRESCOS, "|91|3906837.25|11598728.14
20120701|67|"USHUAIA"|304|"FILETES Y DEMAS CARNE DE PESCADO (INCLUSO PICADA), FRESCOS, "|55|3317001.2|11062590.14
20120801|67|"USHUAIA"|304|"FILETES Y DEMAS CARNE DE PESCADO (INCLUSO PICADA), FRESCOS, "|47|948018.6|2990802.01
20120901|67|"USHUAIA"|304|"FILETES Y DEMAS CARNE DE PESCADO (INCLUSO PICADA), FRESCOS, "|18|644390.2|1858364.99
20121001|67|"USHUAIA"|304|"FILETES Y DEMAS CARNE DE PESCADO (INCLUSO PICADA), FRESCOS, "|39|1139557.9|4193981.81
20121101|67|"USHUAIA"|304|"FILETES Y DEMAS CARNE DE PESCADO (INCLUSO PICADA), FRESCOS, "|43|2089635.7|5710291.46
20121201|67|"USHUAIA"|304|"FILETES Y DEMAS CARNE DE PESCADO (INCLUSO PICADA), FRESCOS, "|57|1897265.6|5605903.77
20130101|67|"USHUAIA"|304|"FILETES Y DEMAS CARNE DE PESCADO (INCLUSO PICADA), FRESCOS, "|36|2074624.38|5692844.58
20130201|67|"USHUAIA"|304|"FILETES Y DEMAS CARNE DE PESCADO (INCLUSO PICADA), FRESCOS, "|57|2123332|5872745.86
20130301|67|"USHUAIA"|304|"FILETES Y DEMAS CARNE DE PESCADO (INCLUSO PICADA), FRESCOS, "|41|3715200.8|10322007.16
20130401|67|"USHUAIA"|304|"FILETES Y DEMAS CARNE DE PESCADO (INCLUSO PICADA), FRESCOS, "|31|2956729|7453577.67
20130501|67|"USHUAIA"|304|"FILETES Y DEMAS CARNE DE PESCADO (INCLUSO PICADA), FRESCOS, "|53|3111714.4|8282761.83
20130601|67|"USHUAIA"|304|"FILETES Y DEMAS CARNE DE PESCADO (INCLUSO PICADA), FRESCOS, "|17|1616212.1|4127213.61
20130701|67|"USHUAIA"|304|"FILETES Y DEMAS CARNE DE PESCADO (INCLUSO PICADA), FRESCOS, "|19|1080889.5|2722814.43
20130801|67|"USHUAIA"|304|"FILETES Y DEMAS CARNE DE PESCADO (INCLUSO PICADA), FRESCOS, "|34|2271397.1|5755290.01
20130901|67|"USHUAIA"|304|"FILETES Y DEMAS CARNE DE PESCADO (INCLUSO PICADA), FRESCOS, "|9|186830.7|548929.63
20131001|67|"USHUAIA"|304|"FILETES Y DEMAS CARNE DE PESCADO (INCLUSO PICADA), FRESCOS, "|7|1100395.4|2678131.24
20131101|67|"USHUAIA"|304|"FILETES Y DEMAS CARNE DE PESCADO (INCLUSO PICADA), FRESCOS, "|16|411712.5|1210479.57
20131201|67|"USHUAIA"|304|"FILETES Y DEMAS CARNE DE PESCADO (INCLUSO PICADA), FRESCOS, "|15|1503050.95|3967363.37
20140101|67|"USHUAIA"|304|"FILETES Y DEMAS CARNE DE PESCADO (INCLUSO PICADA), FRESCOS, "|19|1410501.5|3946460.12
20140201|67|"USHUAIA"|304|"FILETES Y DEMAS CARNE DE PESCADO (INCLUSO PICADA), FRESCOS, "|29|1914549.3|5588898.72
20140301|67|"USHUAIA"|304|"FILETES Y DEMAS CARNE DE PESCADO (INCLUSO PICADA), FRESCOS, "|27|2045407|5654152.93
20140401|67|"USHUAIA"|304|"FILETES Y DEMAS CARNE DE PESCADO (INCLUSO PICADA), FRESCOS, "|30|1318915.7|4155656.71
20140501|67|"USHUAIA"|304|"FILETES Y DEMAS CARNE DE PESCADO (INCLUSO PICADA), FRESCOS, "|48|4253949.7|11879959.23
20140601|67|"USHUAIA"|304|"FILETES Y DEMAS CARNE DE PESCADO (INCLUSO PICADA), FRESCOS, "|32|1082909.1|3090188.86
20140701|67|"USHUAIA"|304|"FILETES Y DEMAS CARNE DE PESCADO (INCLUSO PICADA), FRESCOS, "|43|2587676|7385869.13
20140801|67|"USHUAIA"|304|"FILETES Y DEMAS CARNE DE PESCADO (INCLUSO PICADA), FRESCOS, "|19|843279.75|2476860.39
20140901|67|"USHUAIA"|304|"FILETES Y DEMAS CARNE DE PESCADO (INCLUSO PICADA), FRESCOS, "|10|346174.1|971024.47
20141001|67|"USHUAIA"|304|"FILETES Y DEMAS CARNE DE PESCADO (INCLUSO PICADA), FRESCOS, "|7|2093005|4805477.38
20141101|67|"USHUAIA"|304|"FILETES Y DEMAS CARNE DE PESCADO (INCLUSO PICADA), FRESCOS, "|20|1056792.5|2980768.88
20141201|67|"USHUAIA"|304|"FILETES Y DEMAS CARNE DE PESCADO (INCLUSO PICADA), FRESCOS, "|25|1815009|4608684.37
20150101|67|"USHUAIA"|304|"FILETES Y DEMAS CARNE DE PESCADO (INCLUSO PICADA), FRESCOS, "|20|2245825.2|6297775.06
20150201|67|"USHUAIA"|304|"FILETES Y DEMAS CARNE DE PESCADO (INCLUSO PICADA), FRESCOS, "|10|807391.73|2473386.66
20150301|67|"USHUAIA"|304|"FILETES Y DEMAS CARNE DE PESCADO (INCLUSO PICADA), FRESCOS, "|39|1921510.1|5407636.42
20150401|67|"USHUAIA"|304|"FILETES Y DEMAS CARNE DE PESCADO (INCLUSO PICADA), FRESCOS, "|36|3046883.8|8324107.88
20150501|67|"USHUAIA"|304|"FILETES Y DEMAS CARNE DE PESCADO (INCLUSO PICADA), FRESCOS, "|32|1076585.5|2969841.43
20150601|67|"USHUAIA"|304|"FILETES Y DEMAS CARNE DE PESCADO (INCLUSO PICADA), FRESCOS, "|42|3798739.55|10289160.23
20150701|67|"USHUAIA"|304|"FILETES Y DEMAS CARNE DE PESCADO (INCLUSO PICADA), FRESCOS, "|47|1690188|4868733.04
20150801|67|"USHUAIA"|304|"FILETES Y DEMAS CARNE DE PESCADO (INCLUSO PICADA), FRESCOS, "|44|3878782.6|10209657.84
20150901|67|"USHUAIA"|304|"FILETES Y DEMAS CARNE DE PESCADO (INCLUSO PICADA), FRESCOS, "|22|1413140.4|3775790.21
20151001|67|"USHUAIA"|304|"FILETES Y DEMAS CARNE DE PESCADO (INCLUSO PICADA), FRESCOS, "|20|2294500.3|6307957.72
20151101|67|"USHUAIA"|304|"FILETES Y DEMAS CARNE DE PESCADO (INCLUSO PICADA), FRESCOS, "|26|3410338.2|10138509.75
20151201|67|"USHUAIA"|304|"FILETES Y DEMAS CARNE DE PESCADO (INCLUSO PICADA), FRESCOS, "|23|6883490|21584886.92
