"fecha_oficia"|"aduana"|"aduana_desc"|"mercaderia"|"mercaderia_desc"|"cantidad"|"kilos"|"importe"
20100101|37|"MAR DEL PLATA"|304|"FILETES Y DEMAS CARNE DE PESCADO (INCLUSO PICADA), FRESCOS, "|681|13331452.19|33789687.85
20100201|37|"MAR DEL PLATA"|304|"FILETES Y DEMAS CARNE DE PESCADO (INCLUSO PICADA), FRESCOS, "|714|14799517.02|40406385.38
20100301|37|"MAR DEL PLATA"|304|"FILETES Y DEMAS CARNE DE PESCADO (INCLUSO PICADA), FRESCOS, "|859|16846670.44|47971853.86
20100401|37|"MAR DEL PLATA"|304|"FILETES Y DEMAS CARNE DE PESCADO (INCLUSO PICADA), FRESCOS, "|688|12587223.98|36569882.12
20100501|37|"MAR DEL PLATA"|304|"FILETES Y DEMAS CARNE DE PESCADO (INCLUSO PICADA), FRESCOS, "|861|17491369.05|51468007.05
20100601|37|"MAR DEL PLATA"|304|"FILETES Y DEMAS CARNE DE PESCADO (INCLUSO PICADA), FRESCOS, "|835|18013935.07|52873006.37
20100701|37|"MAR DEL PLATA"|304|"FILETES Y DEMAS CARNE DE PESCADO (INCLUSO PICADA), FRESCOS, "|844|16706056.86|48446863.12
20100801|37|"MAR DEL PLATA"|304|"FILETES Y DEMAS CARNE DE PESCADO (INCLUSO PICADA), FRESCOS, "|849|20392396.43|60286398.76
20100901|37|"MAR DEL PLATA"|304|"FILETES Y DEMAS CARNE DE PESCADO (INCLUSO PICADA), FRESCOS, "|826|22602518.02|65209834.73
20101001|37|"MAR DEL PLATA"|304|"FILETES Y DEMAS CARNE DE PESCADO (INCLUSO PICADA), FRESCOS, "|832|19650425.16|56704168.11
20101101|37|"MAR DEL PLATA"|304|"FILETES Y DEMAS CARNE DE PESCADO (INCLUSO PICADA), FRESCOS, "|969|21166116.58|63987309.61
20101201|37|"MAR DEL PLATA"|304|"FILETES Y DEMAS CARNE DE PESCADO (INCLUSO PICADA), FRESCOS, "|691|12967070.16|41358067.17
20110101|37|"MAR DEL PLATA"|304|"FILETES Y DEMAS CARNE DE PESCADO (INCLUSO PICADA), FRESCOS, "|525|9087966.8|31079144.27
20110201|37|"MAR DEL PLATA"|304|"FILETES Y DEMAS CARNE DE PESCADO (INCLUSO PICADA), FRESCOS, "|613|12022005.22|42172194.33
20110301|37|"MAR DEL PLATA"|304|"FILETES Y DEMAS CARNE DE PESCADO (INCLUSO PICADA), FRESCOS, "|732|15193719.89|53711748.24
20110401|37|"MAR DEL PLATA"|304|"FILETES Y DEMAS CARNE DE PESCADO (INCLUSO PICADA), FRESCOS, "|475|9391808.6|34309511.16
20110501|37|"MAR DEL PLATA"|304|"FILETES Y DEMAS CARNE DE PESCADO (INCLUSO PICADA), FRESCOS, "|711|15763152.01|55141847.47
20110601|37|"MAR DEL PLATA"|304|"FILETES Y DEMAS CARNE DE PESCADO (INCLUSO PICADA), FRESCOS, "|699|14627562.6|52128480.55
20110701|37|"MAR DEL PLATA"|304|"FILETES Y DEMAS CARNE DE PESCADO (INCLUSO PICADA), FRESCOS, "|713|14767620.07|52524842.06
20110801|37|"MAR DEL PLATA"|304|"FILETES Y DEMAS CARNE DE PESCADO (INCLUSO PICADA), FRESCOS, "|753|17352485.21|61025324.73
20110901|37|"MAR DEL PLATA"|304|"FILETES Y DEMAS CARNE DE PESCADO (INCLUSO PICADA), FRESCOS, "|630|14347384.61|49488173.72
20111001|37|"MAR DEL PLATA"|304|"FILETES Y DEMAS CARNE DE PESCADO (INCLUSO PICADA), FRESCOS, "|543|10480573.36|37124589.67
20111101|37|"MAR DEL PLATA"|304|"FILETES Y DEMAS CARNE DE PESCADO (INCLUSO PICADA), FRESCOS, "|711|13691364.56|49580226.06
20111201|37|"MAR DEL PLATA"|304|"FILETES Y DEMAS CARNE DE PESCADO (INCLUSO PICADA), FRESCOS, "|519|9243952.2|33395185.55
20120101|37|"MAR DEL PLATA"|304|"FILETES Y DEMAS CARNE DE PESCADO (INCLUSO PICADA), FRESCOS, "|440|8613024.31|29967836.77
20120201|37|"MAR DEL PLATA"|304|"FILETES Y DEMAS CARNE DE PESCADO (INCLUSO PICADA), FRESCOS, "|524|9237282.55|33471858.13
20120301|37|"MAR DEL PLATA"|304|"FILETES Y DEMAS CARNE DE PESCADO (INCLUSO PICADA), FRESCOS, "|553|9513489.44|34270836.98
20120401|37|"MAR DEL PLATA"|304|"FILETES Y DEMAS CARNE DE PESCADO (INCLUSO PICADA), FRESCOS, "|378|7387423.2|25416254.7
20120501|37|"MAR DEL PLATA"|304|"FILETES Y DEMAS CARNE DE PESCADO (INCLUSO PICADA), FRESCOS, "|412|7046965.44|24619151.12
20120601|37|"MAR DEL PLATA"|304|"FILETES Y DEMAS CARNE DE PESCADO (INCLUSO PICADA), FRESCOS, "|335|5810592.41|19597119.57
20120701|37|"MAR DEL PLATA"|304|"FILETES Y DEMAS CARNE DE PESCADO (INCLUSO PICADA), FRESCOS, "|218|4629493.89|15105458.33
20120801|37|"MAR DEL PLATA"|304|"FILETES Y DEMAS CARNE DE PESCADO (INCLUSO PICADA), FRESCOS, "|352|7326012.9|23232046.97
20120901|37|"MAR DEL PLATA"|304|"FILETES Y DEMAS CARNE DE PESCADO (INCLUSO PICADA), FRESCOS, "|468|9113146.05|29586634.97
20121001|37|"MAR DEL PLATA"|304|"FILETES Y DEMAS CARNE DE PESCADO (INCLUSO PICADA), FRESCOS, "|679|12500531.11|40696840.26
20121101|37|"MAR DEL PLATA"|304|"FILETES Y DEMAS CARNE DE PESCADO (INCLUSO PICADA), FRESCOS, "|512|8929673.92|30723478.71
20121201|37|"MAR DEL PLATA"|304|"FILETES Y DEMAS CARNE DE PESCADO (INCLUSO PICADA), FRESCOS, "|487|8757134.94|29794838.92
20130101|37|"MAR DEL PLATA"|304|"FILETES Y DEMAS CARNE DE PESCADO (INCLUSO PICADA), FRESCOS, "|380|7084043.47|23650044.43
20130201|37|"MAR DEL PLATA"|304|"FILETES Y DEMAS CARNE DE PESCADO (INCLUSO PICADA), FRESCOS, "|378|7120744.07|23671721.37
20130301|37|"MAR DEL PLATA"|304|"FILETES Y DEMAS CARNE DE PESCADO (INCLUSO PICADA), FRESCOS, "|434|7237626.42|23418569.74
20130401|37|"MAR DEL PLATA"|304|"FILETES Y DEMAS CARNE DE PESCADO (INCLUSO PICADA), FRESCOS, "|446|8129966.78|26433993.61
20130501|37|"MAR DEL PLATA"|304|"FILETES Y DEMAS CARNE DE PESCADO (INCLUSO PICADA), FRESCOS, "|570|10369288.1|33756375.21
20130601|37|"MAR DEL PLATA"|304|"FILETES Y DEMAS CARNE DE PESCADO (INCLUSO PICADA), FRESCOS, "|397|7062522.96|22258186.6
20130701|37|"MAR DEL PLATA"|304|"FILETES Y DEMAS CARNE DE PESCADO (INCLUSO PICADA), FRESCOS, "|455|8124571.35|25555814.68
20130801|37|"MAR DEL PLATA"|304|"FILETES Y DEMAS CARNE DE PESCADO (INCLUSO PICADA), FRESCOS, "|436|7818457.53|24166121.78
20130901|37|"MAR DEL PLATA"|304|"FILETES Y DEMAS CARNE DE PESCADO (INCLUSO PICADA), FRESCOS, "|419|8179072.81|25425385.07
20131001|37|"MAR DEL PLATA"|304|"FILETES Y DEMAS CARNE DE PESCADO (INCLUSO PICADA), FRESCOS, "|474|11102215.55|33893597.51
20131101|37|"MAR DEL PLATA"|304|"FILETES Y DEMAS CARNE DE PESCADO (INCLUSO PICADA), FRESCOS, "|440|8765745.14|27537971.87
20131201|37|"MAR DEL PLATA"|304|"FILETES Y DEMAS CARNE DE PESCADO (INCLUSO PICADA), FRESCOS, "|400|7079477.57|23146076.53
20140101|37|"MAR DEL PLATA"|304|"FILETES Y DEMAS CARNE DE PESCADO (INCLUSO PICADA), FRESCOS, "|349|6408057.28|20128876.59
20140201|37|"MAR DEL PLATA"|304|"FILETES Y DEMAS CARNE DE PESCADO (INCLUSO PICADA), FRESCOS, "|424|9352307.69|29610474.12
20140301|37|"MAR DEL PLATA"|304|"FILETES Y DEMAS CARNE DE PESCADO (INCLUSO PICADA), FRESCOS, "|440|8535271.66|27377482.24
20140401|37|"MAR DEL PLATA"|304|"FILETES Y DEMAS CARNE DE PESCADO (INCLUSO PICADA), FRESCOS, "|395|8282893.4|26317332.4
20140501|37|"MAR DEL PLATA"|304|"FILETES Y DEMAS CARNE DE PESCADO (INCLUSO PICADA), FRESCOS, "|457|8661018.87|27137477.35
20140601|37|"MAR DEL PLATA"|304|"FILETES Y DEMAS CARNE DE PESCADO (INCLUSO PICADA), FRESCOS, "|415|7280649.66|23031073.99
20140701|37|"MAR DEL PLATA"|304|"FILETES Y DEMAS CARNE DE PESCADO (INCLUSO PICADA), FRESCOS, "|452|7865082.75|25064988.66
20140801|37|"MAR DEL PLATA"|304|"FILETES Y DEMAS CARNE DE PESCADO (INCLUSO PICADA), FRESCOS, "|419|7637753.32|23628673.2
20140901|37|"MAR DEL PLATA"|304|"FILETES Y DEMAS CARNE DE PESCADO (INCLUSO PICADA), FRESCOS, "|463|8378667.7|25864914.71
20141001|37|"MAR DEL PLATA"|304|"FILETES Y DEMAS CARNE DE PESCADO (INCLUSO PICADA), FRESCOS, "|470|8701405.4|27478989.59
20141101|37|"MAR DEL PLATA"|304|"FILETES Y DEMAS CARNE DE PESCADO (INCLUSO PICADA), FRESCOS, "|467|8808266.87|27907749.71
20141201|37|"MAR DEL PLATA"|304|"FILETES Y DEMAS CARNE DE PESCADO (INCLUSO PICADA), FRESCOS, "|418|7762189.94|26224054.71
20150101|37|"MAR DEL PLATA"|304|"FILETES Y DEMAS CARNE DE PESCADO (INCLUSO PICADA), FRESCOS, "|300|5419675.33|19409826.07
20150201|37|"MAR DEL PLATA"|304|"FILETES Y DEMAS CARNE DE PESCADO (INCLUSO PICADA), FRESCOS, "|340|6805998.52|23331636.39
20150301|37|"MAR DEL PLATA"|304|"FILETES Y DEMAS CARNE DE PESCADO (INCLUSO PICADA), FRESCOS, "|393|7662785.22|25789564.23
20150401|37|"MAR DEL PLATA"|304|"FILETES Y DEMAS CARNE DE PESCADO (INCLUSO PICADA), FRESCOS, "|304|5898524.31|20039327.64
20150501|37|"MAR DEL PLATA"|304|"FILETES Y DEMAS CARNE DE PESCADO (INCLUSO PICADA), FRESCOS, "|432|7965144.91|26478458.98
20150601|37|"MAR DEL PLATA"|304|"FILETES Y DEMAS CARNE DE PESCADO (INCLUSO PICADA), FRESCOS, "|417|8446545.89|27666600.27
20150701|37|"MAR DEL PLATA"|304|"FILETES Y DEMAS CARNE DE PESCADO (INCLUSO PICADA), FRESCOS, "|434|8507084.72|27055070.16
20150801|37|"MAR DEL PLATA"|304|"FILETES Y DEMAS CARNE DE PESCADO (INCLUSO PICADA), FRESCOS, "|346|6515730.34|20548390.54
20150901|37|"MAR DEL PLATA"|304|"FILETES Y DEMAS CARNE DE PESCADO (INCLUSO PICADA), FRESCOS, "|368|8005043.08|25016570.26
20151001|37|"MAR DEL PLATA"|304|"FILETES Y DEMAS CARNE DE PESCADO (INCLUSO PICADA), FRESCOS, "|365|7414811.78|22915726.78
20151101|37|"MAR DEL PLATA"|304|"FILETES Y DEMAS CARNE DE PESCADO (INCLUSO PICADA), FRESCOS, "|278|5918482.12|18517479.63
20151201|37|"MAR DEL PLATA"|304|"FILETES Y DEMAS CARNE DE PESCADO (INCLUSO PICADA), FRESCOS, "|329|7336412.03|23164957.54
