"fecha_oficia"|"aduana"|"aduana_desc"|"mercaderia"|"mercaderia_desc"|"cantidad"|"kilos"|"importe"
20100101|67|"USHUAIA"|303|"PESCADO CONGELADO, EXCEPTO LOS FILETESY DEMAS CARNE DE PESCA"|34|1225750.6|2171338.42
20100201|67|"USHUAIA"|303|"PESCADO CONGELADO, EXCEPTO LOS FILETESY DEMAS CARNE DE PESCA"|45|692216.33|1578592.96
20100301|67|"USHUAIA"|303|"PESCADO CONGELADO, EXCEPTO LOS FILETESY DEMAS CARNE DE PESCA"|87|1696737.05|6574812.68
20100401|67|"USHUAIA"|303|"PESCADO CONGELADO, EXCEPTO LOS FILETESY DEMAS CARNE DE PESCA"|88|3461929.19|6946496.17
20100501|67|"USHUAIA"|303|"PESCADO CONGELADO, EXCEPTO LOS FILETESY DEMAS CARNE DE PESCA"|54|952308.03|1988987.23
20100601|67|"USHUAIA"|303|"PESCADO CONGELADO, EXCEPTO LOS FILETESY DEMAS CARNE DE PESCA"|111|4596948.81|14721355.23
20100701|67|"USHUAIA"|303|"PESCADO CONGELADO, EXCEPTO LOS FILETESY DEMAS CARNE DE PESCA"|140|5778984.35|10027453.29
20100801|67|"USHUAIA"|303|"PESCADO CONGELADO, EXCEPTO LOS FILETESY DEMAS CARNE DE PESCA"|63|3376737.83|5524683.83
20100901|67|"USHUAIA"|303|"PESCADO CONGELADO, EXCEPTO LOS FILETESY DEMAS CARNE DE PESCA"|68|1647103.8|6207373.98
20101001|67|"USHUAIA"|303|"PESCADO CONGELADO, EXCEPTO LOS FILETESY DEMAS CARNE DE PESCA"|84|2551239.69|16446673.43
20101101|67|"USHUAIA"|303|"PESCADO CONGELADO, EXCEPTO LOS FILETESY DEMAS CARNE DE PESCA"|78|1239164.13|4148328.2
20101201|67|"USHUAIA"|303|"PESCADO CONGELADO, EXCEPTO LOS FILETESY DEMAS CARNE DE PESCA"|90|2825894.95|12193121.45
20110101|67|"USHUAIA"|303|"PESCADO CONGELADO, EXCEPTO LOS FILETESY DEMAS CARNE DE PESCA"|86|1995510.23|10391649.35
20110201|67|"USHUAIA"|303|"PESCADO CONGELADO, EXCEPTO LOS FILETESY DEMAS CARNE DE PESCA"|115|2665123.4|12451448.17
20110301|67|"USHUAIA"|303|"PESCADO CONGELADO, EXCEPTO LOS FILETESY DEMAS CARNE DE PESCA"|88|1825047.78|12353867.55
20110401|67|"USHUAIA"|303|"PESCADO CONGELADO, EXCEPTO LOS FILETESY DEMAS CARNE DE PESCA"|83|1771660.22|9734932.22
20110501|67|"USHUAIA"|303|"PESCADO CONGELADO, EXCEPTO LOS FILETESY DEMAS CARNE DE PESCA"|102|2709921.35|7772916.47
20110601|67|"USHUAIA"|303|"PESCADO CONGELADO, EXCEPTO LOS FILETESY DEMAS CARNE DE PESCA"|79|2191817.75|6631818.48
20110701|67|"USHUAIA"|303|"PESCADO CONGELADO, EXCEPTO LOS FILETESY DEMAS CARNE DE PESCA"|99|2415559.45|6525530.88
20110801|67|"USHUAIA"|303|"PESCADO CONGELADO, EXCEPTO LOS FILETESY DEMAS CARNE DE PESCA"|98|1951773.12|5839366.24
20110901|67|"USHUAIA"|303|"PESCADO CONGELADO, EXCEPTO LOS FILETESY DEMAS CARNE DE PESCA"|108|1799239.35|8647938.92
20111001|67|"USHUAIA"|303|"PESCADO CONGELADO, EXCEPTO LOS FILETESY DEMAS CARNE DE PESCA"|60|1495536.77|6639402.86
20111101|67|"USHUAIA"|303|"PESCADO CONGELADO, EXCEPTO LOS FILETESY DEMAS CARNE DE PESCA"|62|941072.45|3949643.14
20111201|67|"USHUAIA"|303|"PESCADO CONGELADO, EXCEPTO LOS FILETESY DEMAS CARNE DE PESCA"|23|322629.4|3502806.11
20120101|67|"USHUAIA"|303|"PESCADO CONGELADO, EXCEPTO LOS FILETESY DEMAS CARNE DE PESCA"|54|1673500.35|14120946.8
20120201|67|"USHUAIA"|303|"PESCADO CONGELADO, EXCEPTO LOS FILETESY DEMAS CARNE DE PESCA"|57|983768.81|6827203.9
20120301|67|"USHUAIA"|303|"PESCADO CONGELADO, EXCEPTO LOS FILETESY DEMAS CARNE DE PESCA"|25|521625.9|1785788.67
20120401|67|"USHUAIA"|303|"PESCADO CONGELADO, EXCEPTO LOS FILETESY DEMAS CARNE DE PESCA"|65|2456236.95|13068438.63
20120501|67|"USHUAIA"|303|"PESCADO CONGELADO, EXCEPTO LOS FILETESY DEMAS CARNE DE PESCA"|96|1448756.1|7381655.31
20120601|67|"USHUAIA"|303|"PESCADO CONGELADO, EXCEPTO LOS FILETESY DEMAS CARNE DE PESCA"|99|2310491.01|9318350.52
20120701|67|"USHUAIA"|303|"PESCADO CONGELADO, EXCEPTO LOS FILETESY DEMAS CARNE DE PESCA"|54|739573.93|2297465.54
20120801|67|"USHUAIA"|303|"PESCADO CONGELADO, EXCEPTO LOS FILETESY DEMAS CARNE DE PESCA"|111|1394800.03|6182890.71
20120901|67|"USHUAIA"|303|"PESCADO CONGELADO, EXCEPTO LOS FILETESY DEMAS CARNE DE PESCA"|39|813344.78|4673289.88
20121001|67|"USHUAIA"|303|"PESCADO CONGELADO, EXCEPTO LOS FILETESY DEMAS CARNE DE PESCA"|71|1479392.25|5181936.92
20121101|67|"USHUAIA"|303|"PESCADO CONGELADO, EXCEPTO LOS FILETESY DEMAS CARNE DE PESCA"|55|1688225.12|10933328.33
20121201|67|"USHUAIA"|303|"PESCADO CONGELADO, EXCEPTO LOS FILETESY DEMAS CARNE DE PESCA"|123|2056885.5|10238659.03
20130101|67|"USHUAIA"|303|"PESCADO CONGELADO, EXCEPTO LOS FILETESY DEMAS CARNE DE PESCA"|38|1266925|7798896.11
20130201|67|"USHUAIA"|303|"PESCADO CONGELADO, EXCEPTO LOS FILETESY DEMAS CARNE DE PESCA"|132|2061316.58|13246201.46
20130301|67|"USHUAIA"|303|"PESCADO CONGELADO, EXCEPTO LOS FILETESY DEMAS CARNE DE PESCA"|46|1994439.8|8811017.16
20130401|67|"USHUAIA"|303|"PESCADO CONGELADO, EXCEPTO LOS FILETESY DEMAS CARNE DE PESCA"|64|1156072.19|11283125.71
20130501|67|"USHUAIA"|303|"PESCADO CONGELADO, EXCEPTO LOS FILETESY DEMAS CARNE DE PESCA"|49|1365949.14|5428533.1
20130601|67|"USHUAIA"|303|"PESCADO CONGELADO, EXCEPTO LOS FILETESY DEMAS CARNE DE PESCA"|18|379296.33|3835653.16
20130701|67|"USHUAIA"|303|"PESCADO CONGELADO, EXCEPTO LOS FILETESY DEMAS CARNE DE PESCA"|67|1468545.07|6651729.09
20130801|67|"USHUAIA"|303|"PESCADO CONGELADO, EXCEPTO LOS FILETESY DEMAS CARNE DE PESCA"|64|1201208.8|6687344.63
20130901|67|"USHUAIA"|303|"PESCADO CONGELADO, EXCEPTO LOS FILETESY DEMAS CARNE DE PESCA"|18|425569.8|4465882.19
20131001|67|"USHUAIA"|303|"PESCADO CONGELADO, EXCEPTO LOS FILETESY DEMAS CARNE DE PESCA"|27|556761.57|6800965.21
20131101|67|"USHUAIA"|303|"PESCADO CONGELADO, EXCEPTO LOS FILETESY DEMAS CARNE DE PESCA"|23|191368.3|2865726.65
20131201|67|"USHUAIA"|303|"PESCADO CONGELADO, EXCEPTO LOS FILETESY DEMAS CARNE DE PESCA"|36|652528.5|7549419.76
20140101|67|"USHUAIA"|303|"PESCADO CONGELADO, EXCEPTO LOS FILETESY DEMAS CARNE DE PESCA"|20|848286.67|6772397.65
20140201|67|"USHUAIA"|303|"PESCADO CONGELADO, EXCEPTO LOS FILETESY DEMAS CARNE DE PESCA"|24|502359.26|3905837.56
20140301|67|"USHUAIA"|303|"PESCADO CONGELADO, EXCEPTO LOS FILETESY DEMAS CARNE DE PESCA"|39|625791.42|6772827.56
20140401|67|"USHUAIA"|303|"PESCADO CONGELADO, EXCEPTO LOS FILETESY DEMAS CARNE DE PESCA"|43|1560636.79|8610292.74
20140501|67|"USHUAIA"|303|"PESCADO CONGELADO, EXCEPTO LOS FILETESY DEMAS CARNE DE PESCA"|46|3004451.56|14919027.36
20140601|67|"USHUAIA"|303|"PESCADO CONGELADO, EXCEPTO LOS FILETESY DEMAS CARNE DE PESCA"|49|1064379.66|3104322.36
20140701|67|"USHUAIA"|303|"PESCADO CONGELADO, EXCEPTO LOS FILETESY DEMAS CARNE DE PESCA"|54|2083178.52|15575371.89
20140801|67|"USHUAIA"|303|"PESCADO CONGELADO, EXCEPTO LOS FILETESY DEMAS CARNE DE PESCA"|89|1835826.36|18423273.34
20140901|67|"USHUAIA"|303|"PESCADO CONGELADO, EXCEPTO LOS FILETESY DEMAS CARNE DE PESCA"|63|1253016.92|13221793.73
20141001|67|"USHUAIA"|303|"PESCADO CONGELADO, EXCEPTO LOS FILETESY DEMAS CARNE DE PESCA"|79|1599625.12|13102869.6
20141101|67|"USHUAIA"|303|"PESCADO CONGELADO, EXCEPTO LOS FILETESY DEMAS CARNE DE PESCA"|46|1360614.74|12199313.84
20141201|67|"USHUAIA"|303|"PESCADO CONGELADO, EXCEPTO LOS FILETESY DEMAS CARNE DE PESCA"|126|2620765.63|21229941.88
20150101|67|"USHUAIA"|303|"PESCADO CONGELADO, EXCEPTO LOS FILETESY DEMAS CARNE DE PESCA"|40|714955.78|5279667.74
20150201|67|"USHUAIA"|303|"PESCADO CONGELADO, EXCEPTO LOS FILETESY DEMAS CARNE DE PESCA"|68|2434349.64|22017066.8
20150301|67|"USHUAIA"|303|"PESCADO CONGELADO, EXCEPTO LOS FILETESY DEMAS CARNE DE PESCA"|148|3563101.36|34748168.27
20150401|67|"USHUAIA"|303|"PESCADO CONGELADO, EXCEPTO LOS FILETESY DEMAS CARNE DE PESCA"|63|1358838.17|8144593.86
20150501|67|"USHUAIA"|303|"PESCADO CONGELADO, EXCEPTO LOS FILETESY DEMAS CARNE DE PESCA"|83|3164244.55|14728981.14
20150601|67|"USHUAIA"|303|"PESCADO CONGELADO, EXCEPTO LOS FILETESY DEMAS CARNE DE PESCA"|143|3416626.62|16851203.66
20150701|67|"USHUAIA"|303|"PESCADO CONGELADO, EXCEPTO LOS FILETESY DEMAS CARNE DE PESCA"|126|3317208.13|10184257.82
20150801|67|"USHUAIA"|303|"PESCADO CONGELADO, EXCEPTO LOS FILETESY DEMAS CARNE DE PESCA"|129|2521631.38|5905481.68
20150901|67|"USHUAIA"|303|"PESCADO CONGELADO, EXCEPTO LOS FILETESY DEMAS CARNE DE PESCA"|80|938307.51|3277796.16
20151001|67|"USHUAIA"|303|"PESCADO CONGELADO, EXCEPTO LOS FILETESY DEMAS CARNE DE PESCA"|118|720857.52|1821807.84
20151101|67|"USHUAIA"|303|"PESCADO CONGELADO, EXCEPTO LOS FILETESY DEMAS CARNE DE PESCA"|87|861686.34|6452906.92
20151201|67|"USHUAIA"|303|"PESCADO CONGELADO, EXCEPTO LOS FILETESY DEMAS CARNE DE PESCA"|49|963050.7|4367348.09
