"fecha_oficia"|"aduana"|"aduana_desc"|"mercaderia"|"mercaderia_desc"|"cantidad"|"kilos"|"importe"
20100101|47|"PUERTO MADRYN"|302|"PESCADO FRESCO O REFRIGERADO, EXCEPTO LOS FILETES Y DEMAS CA"|0|0|0
20100201|47|"PUERTO MADRYN"|302|"PESCADO FRESCO O REFRIGERADO, EXCEPTO LOS FILETES Y DEMAS CA"|0|0|0
20100301|47|"PUERTO MADRYN"|302|"PESCADO FRESCO O REFRIGERADO, EXCEPTO LOS FILETES Y DEMAS CA"|0|0|0
20100401|47|"PUERTO MADRYN"|302|"PESCADO FRESCO O REFRIGERADO, EXCEPTO LOS FILETES Y DEMAS CA"|0|0|0
20100501|47|"PUERTO MADRYN"|302|"PESCADO FRESCO O REFRIGERADO, EXCEPTO LOS FILETES Y DEMAS CA"|0|0|0
20100601|47|"PUERTO MADRYN"|302|"PESCADO FRESCO O REFRIGERADO, EXCEPTO LOS FILETES Y DEMAS CA"|0|0|0
20100701|47|"PUERTO MADRYN"|302|"PESCADO FRESCO O REFRIGERADO, EXCEPTO LOS FILETES Y DEMAS CA"|0|0|0
20100801|47|"PUERTO MADRYN"|302|"PESCADO FRESCO O REFRIGERADO, EXCEPTO LOS FILETES Y DEMAS CA"|0|0|0
20100901|47|"PUERTO MADRYN"|302|"PESCADO FRESCO O REFRIGERADO, EXCEPTO LOS FILETES Y DEMAS CA"|0|0|0
20101001|47|"PUERTO MADRYN"|302|"PESCADO FRESCO O REFRIGERADO, EXCEPTO LOS FILETES Y DEMAS CA"|0|0|0
20101101|47|"PUERTO MADRYN"|302|"PESCADO FRESCO O REFRIGERADO, EXCEPTO LOS FILETES Y DEMAS CA"|0|0|0
20101201|47|"PUERTO MADRYN"|302|"PESCADO FRESCO O REFRIGERADO, EXCEPTO LOS FILETES Y DEMAS CA"|0|0|0
20110101|47|"PUERTO MADRYN"|302|"PESCADO FRESCO O REFRIGERADO, EXCEPTO LOS FILETES Y DEMAS CA"|0|0|0
20110201|47|"PUERTO MADRYN"|302|"PESCADO FRESCO O REFRIGERADO, EXCEPTO LOS FILETES Y DEMAS CA"|0|0|0
20110301|47|"PUERTO MADRYN"|302|"PESCADO FRESCO O REFRIGERADO, EXCEPTO LOS FILETES Y DEMAS CA"|0|0|0
20110401|47|"PUERTO MADRYN"|302|"PESCADO FRESCO O REFRIGERADO, EXCEPTO LOS FILETES Y DEMAS CA"|0|0|0
20110501|47|"PUERTO MADRYN"|302|"PESCADO FRESCO O REFRIGERADO, EXCEPTO LOS FILETES Y DEMAS CA"|0|0|0
20110601|47|"PUERTO MADRYN"|302|"PESCADO FRESCO O REFRIGERADO, EXCEPTO LOS FILETES Y DEMAS CA"|0|0|0
20110701|47|"PUERTO MADRYN"|302|"PESCADO FRESCO O REFRIGERADO, EXCEPTO LOS FILETES Y DEMAS CA"|0|0|0
20110801|47|"PUERTO MADRYN"|302|"PESCADO FRESCO O REFRIGERADO, EXCEPTO LOS FILETES Y DEMAS CA"|0|0|0
20110901|47|"PUERTO MADRYN"|302|"PESCADO FRESCO O REFRIGERADO, EXCEPTO LOS FILETES Y DEMAS CA"|0|0|0
20111001|47|"PUERTO MADRYN"|302|"PESCADO FRESCO O REFRIGERADO, EXCEPTO LOS FILETES Y DEMAS CA"|0|0|0
20111101|47|"PUERTO MADRYN"|302|"PESCADO FRESCO O REFRIGERADO, EXCEPTO LOS FILETES Y DEMAS CA"|0|0|0
20111201|47|"PUERTO MADRYN"|302|"PESCADO FRESCO O REFRIGERADO, EXCEPTO LOS FILETES Y DEMAS CA"|0|0|0
20120101|47|"PUERTO MADRYN"|302|"PESCADO FRESCO O REFRIGERADO, EXCEPTO LOS FILETES Y DEMAS CA"|0|0|0
20120201|47|"PUERTO MADRYN"|302|"PESCADO FRESCO O REFRIGERADO, EXCEPTO LOS FILETES Y DEMAS CA"|0|0|0
20120301|47|"PUERTO MADRYN"|302|"PESCADO FRESCO O REFRIGERADO, EXCEPTO LOS FILETES Y DEMAS CA"|0|0|0
20120401|47|"PUERTO MADRYN"|302|"PESCADO FRESCO O REFRIGERADO, EXCEPTO LOS FILETES Y DEMAS CA"|0|0|0
20120501|47|"PUERTO MADRYN"|302|"PESCADO FRESCO O REFRIGERADO, EXCEPTO LOS FILETES Y DEMAS CA"|0|0|0
20120601|47|"PUERTO MADRYN"|302|"PESCADO FRESCO O REFRIGERADO, EXCEPTO LOS FILETES Y DEMAS CA"|0|0|0
20120701|47|"PUERTO MADRYN"|302|"PESCADO FRESCO O REFRIGERADO, EXCEPTO LOS FILETES Y DEMAS CA"|0|0|0
20120801|47|"PUERTO MADRYN"|302|"PESCADO FRESCO O REFRIGERADO, EXCEPTO LOS FILETES Y DEMAS CA"|0|0|0
20120901|47|"PUERTO MADRYN"|302|"PESCADO FRESCO O REFRIGERADO, EXCEPTO LOS FILETES Y DEMAS CA"|0|0|0
20121001|47|"PUERTO MADRYN"|302|"PESCADO FRESCO O REFRIGERADO, EXCEPTO LOS FILETES Y DEMAS CA"|0|0|0
20121101|47|"PUERTO MADRYN"|302|"PESCADO FRESCO O REFRIGERADO, EXCEPTO LOS FILETES Y DEMAS CA"|0|0|0
20121201|47|"PUERTO MADRYN"|302|"PESCADO FRESCO O REFRIGERADO, EXCEPTO LOS FILETES Y DEMAS CA"|0|0|0
20130101|47|"PUERTO MADRYN"|302|"PESCADO FRESCO O REFRIGERADO, EXCEPTO LOS FILETES Y DEMAS CA"|0|0|0
20130201|47|"PUERTO MADRYN"|302|"PESCADO FRESCO O REFRIGERADO, EXCEPTO LOS FILETES Y DEMAS CA"|0|0|0
20130301|47|"PUERTO MADRYN"|302|"PESCADO FRESCO O REFRIGERADO, EXCEPTO LOS FILETES Y DEMAS CA"|0|0|0
20130401|47|"PUERTO MADRYN"|302|"PESCADO FRESCO O REFRIGERADO, EXCEPTO LOS FILETES Y DEMAS CA"|0|0|0
20130501|47|"PUERTO MADRYN"|302|"PESCADO FRESCO O REFRIGERADO, EXCEPTO LOS FILETES Y DEMAS CA"|0|0|0
20130601|47|"PUERTO MADRYN"|302|"PESCADO FRESCO O REFRIGERADO, EXCEPTO LOS FILETES Y DEMAS CA"|0|0|0
20130701|47|"PUERTO MADRYN"|302|"PESCADO FRESCO O REFRIGERADO, EXCEPTO LOS FILETES Y DEMAS CA"|0|0|0
20130801|47|"PUERTO MADRYN"|302|"PESCADO FRESCO O REFRIGERADO, EXCEPTO LOS FILETES Y DEMAS CA"|0|0|0
20130901|47|"PUERTO MADRYN"|302|"PESCADO FRESCO O REFRIGERADO, EXCEPTO LOS FILETES Y DEMAS CA"|0|0|0
20131001|47|"PUERTO MADRYN"|302|"PESCADO FRESCO O REFRIGERADO, EXCEPTO LOS FILETES Y DEMAS CA"|0|0|0
20131101|47|"PUERTO MADRYN"|302|"PESCADO FRESCO O REFRIGERADO, EXCEPTO LOS FILETES Y DEMAS CA"|0|0|0
20131201|47|"PUERTO MADRYN"|302|"PESCADO FRESCO O REFRIGERADO, EXCEPTO LOS FILETES Y DEMAS CA"|0|0|0
20140101|47|"PUERTO MADRYN"|302|"PESCADO FRESCO O REFRIGERADO, EXCEPTO LOS FILETES Y DEMAS CA"|0|0|0
20140201|47|"PUERTO MADRYN"|302|"PESCADO FRESCO O REFRIGERADO, EXCEPTO LOS FILETES Y DEMAS CA"|0|0|0
20140301|47|"PUERTO MADRYN"|302|"PESCADO FRESCO O REFRIGERADO, EXCEPTO LOS FILETES Y DEMAS CA"|0|0|0
20140401|47|"PUERTO MADRYN"|302|"PESCADO FRESCO O REFRIGERADO, EXCEPTO LOS FILETES Y DEMAS CA"|0|0|0
20140501|47|"PUERTO MADRYN"|302|"PESCADO FRESCO O REFRIGERADO, EXCEPTO LOS FILETES Y DEMAS CA"|0|0|0
20140601|47|"PUERTO MADRYN"|302|"PESCADO FRESCO O REFRIGERADO, EXCEPTO LOS FILETES Y DEMAS CA"|0|0|0
20140701|47|"PUERTO MADRYN"|302|"PESCADO FRESCO O REFRIGERADO, EXCEPTO LOS FILETES Y DEMAS CA"|0|0|0
20140801|47|"PUERTO MADRYN"|302|"PESCADO FRESCO O REFRIGERADO, EXCEPTO LOS FILETES Y DEMAS CA"|0|0|0
20140901|47|"PUERTO MADRYN"|302|"PESCADO FRESCO O REFRIGERADO, EXCEPTO LOS FILETES Y DEMAS CA"|0|0|0
20141001|47|"PUERTO MADRYN"|302|"PESCADO FRESCO O REFRIGERADO, EXCEPTO LOS FILETES Y DEMAS CA"|0|0|0
20141101|47|"PUERTO MADRYN"|302|"PESCADO FRESCO O REFRIGERADO, EXCEPTO LOS FILETES Y DEMAS CA"|0|0|0
20141201|47|"PUERTO MADRYN"|302|"PESCADO FRESCO O REFRIGERADO, EXCEPTO LOS FILETES Y DEMAS CA"|0|0|0
20150101|47|"PUERTO MADRYN"|302|"PESCADO FRESCO O REFRIGERADO, EXCEPTO LOS FILETES Y DEMAS CA"|0|0|0
20150201|47|"PUERTO MADRYN"|302|"PESCADO FRESCO O REFRIGERADO, EXCEPTO LOS FILETES Y DEMAS CA"|0|0|0
20150301|47|"PUERTO MADRYN"|302|"PESCADO FRESCO O REFRIGERADO, EXCEPTO LOS FILETES Y DEMAS CA"|0|0|0
20150401|47|"PUERTO MADRYN"|302|"PESCADO FRESCO O REFRIGERADO, EXCEPTO LOS FILETES Y DEMAS CA"|0|0|0
20150501|47|"PUERTO MADRYN"|302|"PESCADO FRESCO O REFRIGERADO, EXCEPTO LOS FILETES Y DEMAS CA"|0|0|0
20150601|47|"PUERTO MADRYN"|302|"PESCADO FRESCO O REFRIGERADO, EXCEPTO LOS FILETES Y DEMAS CA"|0|0|0
20150701|47|"PUERTO MADRYN"|302|"PESCADO FRESCO O REFRIGERADO, EXCEPTO LOS FILETES Y DEMAS CA"|0|0|0
20150801|47|"PUERTO MADRYN"|302|"PESCADO FRESCO O REFRIGERADO, EXCEPTO LOS FILETES Y DEMAS CA"|0|0|0
20150901|47|"PUERTO MADRYN"|302|"PESCADO FRESCO O REFRIGERADO, EXCEPTO LOS FILETES Y DEMAS CA"|0|0|0
20151001|47|"PUERTO MADRYN"|302|"PESCADO FRESCO O REFRIGERADO, EXCEPTO LOS FILETES Y DEMAS CA"|0|0|0
20151101|47|"PUERTO MADRYN"|302|"PESCADO FRESCO O REFRIGERADO, EXCEPTO LOS FILETES Y DEMAS CA"|0|0|0
20151201|47|"PUERTO MADRYN"|302|"PESCADO FRESCO O REFRIGERADO, EXCEPTO LOS FILETES Y DEMAS CA"|0|0|0
