"fecha_oficia"|"aduana"|"aduana_desc"|"mercaderia"|"mercaderia_desc"|"cantidad"|"kilos"|"importe"
20100101|37|"MAR DEL PLATA"|303|"PESCADO CONGELADO, EXCEPTO LOS FILETESY DEMAS CARNE DE PESCA"|448|12502280.44|16949394.26
20100201|37|"MAR DEL PLATA"|303|"PESCADO CONGELADO, EXCEPTO LOS FILETESY DEMAS CARNE DE PESCA"|407|13743075.83|19194456.09
20100301|37|"MAR DEL PLATA"|303|"PESCADO CONGELADO, EXCEPTO LOS FILETESY DEMAS CARNE DE PESCA"|589|18785354.62|26562886.61
20100401|37|"MAR DEL PLATA"|303|"PESCADO CONGELADO, EXCEPTO LOS FILETESY DEMAS CARNE DE PESCA"|528|16900071.86|23663764.43
20100501|37|"MAR DEL PLATA"|303|"PESCADO CONGELADO, EXCEPTO LOS FILETESY DEMAS CARNE DE PESCA"|520|20964208.13|28074256.65
20100601|37|"MAR DEL PLATA"|303|"PESCADO CONGELADO, EXCEPTO LOS FILETESY DEMAS CARNE DE PESCA"|586|21699677.1|29847213.23
20100701|37|"MAR DEL PLATA"|303|"PESCADO CONGELADO, EXCEPTO LOS FILETESY DEMAS CARNE DE PESCA"|561|18445750.32|25771079.76
20100801|37|"MAR DEL PLATA"|303|"PESCADO CONGELADO, EXCEPTO LOS FILETESY DEMAS CARNE DE PESCA"|570|24783877.46|33148516.13
20100901|37|"MAR DEL PLATA"|303|"PESCADO CONGELADO, EXCEPTO LOS FILETESY DEMAS CARNE DE PESCA"|591|23907126.71|31754521.71
20101001|37|"MAR DEL PLATA"|303|"PESCADO CONGELADO, EXCEPTO LOS FILETESY DEMAS CARNE DE PESCA"|560|25000095.9|32475517.76
20101101|37|"MAR DEL PLATA"|303|"PESCADO CONGELADO, EXCEPTO LOS FILETESY DEMAS CARNE DE PESCA"|635|22339074.2|30755927.41
20101201|37|"MAR DEL PLATA"|303|"PESCADO CONGELADO, EXCEPTO LOS FILETESY DEMAS CARNE DE PESCA"|527|18573142.23|28865301.12
20110101|37|"MAR DEL PLATA"|303|"PESCADO CONGELADO, EXCEPTO LOS FILETESY DEMAS CARNE DE PESCA"|391|13887651.99|20518107.56
20110201|37|"MAR DEL PLATA"|303|"PESCADO CONGELADO, EXCEPTO LOS FILETESY DEMAS CARNE DE PESCA"|452|17418422.55|26364109.3
20110301|37|"MAR DEL PLATA"|303|"PESCADO CONGELADO, EXCEPTO LOS FILETESY DEMAS CARNE DE PESCA"|545|20199517.85|30516997.27
20110401|37|"MAR DEL PLATA"|303|"PESCADO CONGELADO, EXCEPTO LOS FILETESY DEMAS CARNE DE PESCA"|439|16716517.56|26130605.74
20110501|37|"MAR DEL PLATA"|303|"PESCADO CONGELADO, EXCEPTO LOS FILETESY DEMAS CARNE DE PESCA"|678|26530222.01|42276260.79
20110601|37|"MAR DEL PLATA"|303|"PESCADO CONGELADO, EXCEPTO LOS FILETESY DEMAS CARNE DE PESCA"|638|23485597.04|37911109.09
20110701|37|"MAR DEL PLATA"|303|"PESCADO CONGELADO, EXCEPTO LOS FILETESY DEMAS CARNE DE PESCA"|588|18151819.28|28719136.05
20110801|37|"MAR DEL PLATA"|303|"PESCADO CONGELADO, EXCEPTO LOS FILETESY DEMAS CARNE DE PESCA"|607|25280971.02|39839045.01
20110901|37|"MAR DEL PLATA"|303|"PESCADO CONGELADO, EXCEPTO LOS FILETESY DEMAS CARNE DE PESCA"|689|26854061.61|44549126.77
20111001|37|"MAR DEL PLATA"|303|"PESCADO CONGELADO, EXCEPTO LOS FILETESY DEMAS CARNE DE PESCA"|541|19612940.27|34559335.1
20111101|37|"MAR DEL PLATA"|303|"PESCADO CONGELADO, EXCEPTO LOS FILETESY DEMAS CARNE DE PESCA"|512|16803874.76|30145654.96
20111201|37|"MAR DEL PLATA"|303|"PESCADO CONGELADO, EXCEPTO LOS FILETESY DEMAS CARNE DE PESCA"|447|18346643.31|33922714.71
20120101|37|"MAR DEL PLATA"|303|"PESCADO CONGELADO, EXCEPTO LOS FILETESY DEMAS CARNE DE PESCA"|392|13471715.68|23855063.26
20120201|37|"MAR DEL PLATA"|303|"PESCADO CONGELADO, EXCEPTO LOS FILETESY DEMAS CARNE DE PESCA"|412|11669043.5|19018086.81
20120301|37|"MAR DEL PLATA"|303|"PESCADO CONGELADO, EXCEPTO LOS FILETESY DEMAS CARNE DE PESCA"|548|13130553.95|21311398.37
20120401|37|"MAR DEL PLATA"|303|"PESCADO CONGELADO, EXCEPTO LOS FILETESY DEMAS CARNE DE PESCA"|433|10293397.07|17360397.6
20120501|37|"MAR DEL PLATA"|303|"PESCADO CONGELADO, EXCEPTO LOS FILETESY DEMAS CARNE DE PESCA"|349|8521753|15266398.78
20120601|37|"MAR DEL PLATA"|303|"PESCADO CONGELADO, EXCEPTO LOS FILETESY DEMAS CARNE DE PESCA"|333|8746410.66|14919635.17
20120701|37|"MAR DEL PLATA"|303|"PESCADO CONGELADO, EXCEPTO LOS FILETESY DEMAS CARNE DE PESCA"|500|15499756.55|23970011.57
20120801|37|"MAR DEL PLATA"|303|"PESCADO CONGELADO, EXCEPTO LOS FILETESY DEMAS CARNE DE PESCA"|460|13712766.79|19770292.83
20120901|37|"MAR DEL PLATA"|303|"PESCADO CONGELADO, EXCEPTO LOS FILETESY DEMAS CARNE DE PESCA"|435|10910038.54|16807401.09
20121001|37|"MAR DEL PLATA"|303|"PESCADO CONGELADO, EXCEPTO LOS FILETESY DEMAS CARNE DE PESCA"|551|18019184.37|27017261.91
20121101|37|"MAR DEL PLATA"|303|"PESCADO CONGELADO, EXCEPTO LOS FILETESY DEMAS CARNE DE PESCA"|479|12626202.43|19462932.89
20121201|37|"MAR DEL PLATA"|303|"PESCADO CONGELADO, EXCEPTO LOS FILETESY DEMAS CARNE DE PESCA"|489|10849898|17450850.72
20130101|37|"MAR DEL PLATA"|303|"PESCADO CONGELADO, EXCEPTO LOS FILETESY DEMAS CARNE DE PESCA"|343|7600148.92|12370211.09
20130201|37|"MAR DEL PLATA"|303|"PESCADO CONGELADO, EXCEPTO LOS FILETESY DEMAS CARNE DE PESCA"|411|9708635|15232369.11
20130301|37|"MAR DEL PLATA"|303|"PESCADO CONGELADO, EXCEPTO LOS FILETESY DEMAS CARNE DE PESCA"|443|9389260.77|14523253.69
20130401|37|"MAR DEL PLATA"|303|"PESCADO CONGELADO, EXCEPTO LOS FILETESY DEMAS CARNE DE PESCA"|467|12167522.74|18409557.12
20130501|37|"MAR DEL PLATA"|303|"PESCADO CONGELADO, EXCEPTO LOS FILETESY DEMAS CARNE DE PESCA"|594|15000917.2|22931398.09
20130601|37|"MAR DEL PLATA"|303|"PESCADO CONGELADO, EXCEPTO LOS FILETESY DEMAS CARNE DE PESCA"|511|12488361.62|18842272.05
20130701|37|"MAR DEL PLATA"|303|"PESCADO CONGELADO, EXCEPTO LOS FILETESY DEMAS CARNE DE PESCA"|604|14791643.91|21600613.31
20130801|37|"MAR DEL PLATA"|303|"PESCADO CONGELADO, EXCEPTO LOS FILETESY DEMAS CARNE DE PESCA"|510|14401377.31|19761862.17
20130901|37|"MAR DEL PLATA"|303|"PESCADO CONGELADO, EXCEPTO LOS FILETESY DEMAS CARNE DE PESCA"|576|17540122.78|24418194.03
20131001|37|"MAR DEL PLATA"|303|"PESCADO CONGELADO, EXCEPTO LOS FILETESY DEMAS CARNE DE PESCA"|546|15124489.79|21828774.66
20131101|37|"MAR DEL PLATA"|303|"PESCADO CONGELADO, EXCEPTO LOS FILETESY DEMAS CARNE DE PESCA"|426|10644027.41|15525457.94
20131201|37|"MAR DEL PLATA"|303|"PESCADO CONGELADO, EXCEPTO LOS FILETESY DEMAS CARNE DE PESCA"|392|8767065.62|13427122.66
20140101|37|"MAR DEL PLATA"|303|"PESCADO CONGELADO, EXCEPTO LOS FILETESY DEMAS CARNE DE PESCA"|291|7233533.75|10743023.52
20140201|37|"MAR DEL PLATA"|303|"PESCADO CONGELADO, EXCEPTO LOS FILETESY DEMAS CARNE DE PESCA"|364|7717287.55|11226467.72
20140301|37|"MAR DEL PLATA"|303|"PESCADO CONGELADO, EXCEPTO LOS FILETESY DEMAS CARNE DE PESCA"|431|9048686.65|13040298.21
20140401|37|"MAR DEL PLATA"|303|"PESCADO CONGELADO, EXCEPTO LOS FILETESY DEMAS CARNE DE PESCA"|529|11167248.48|16994751.01
20140501|37|"MAR DEL PLATA"|303|"PESCADO CONGELADO, EXCEPTO LOS FILETESY DEMAS CARNE DE PESCA"|546|11510732.78|16988931.21
20140601|37|"MAR DEL PLATA"|303|"PESCADO CONGELADO, EXCEPTO LOS FILETESY DEMAS CARNE DE PESCA"|629|13245448.62|20160800.21
20140701|37|"MAR DEL PLATA"|303|"PESCADO CONGELADO, EXCEPTO LOS FILETESY DEMAS CARNE DE PESCA"|546|11605953.99|17418719.55
20140801|37|"MAR DEL PLATA"|303|"PESCADO CONGELADO, EXCEPTO LOS FILETESY DEMAS CARNE DE PESCA"|532|12573899.71|19140846.17
20140901|37|"MAR DEL PLATA"|303|"PESCADO CONGELADO, EXCEPTO LOS FILETESY DEMAS CARNE DE PESCA"|623|15236673.6|22696873.79
20141001|37|"MAR DEL PLATA"|303|"PESCADO CONGELADO, EXCEPTO LOS FILETESY DEMAS CARNE DE PESCA"|493|12666938.76|18855920.75
20141101|37|"MAR DEL PLATA"|303|"PESCADO CONGELADO, EXCEPTO LOS FILETESY DEMAS CARNE DE PESCA"|390|8704340.28|13078818.97
20141201|37|"MAR DEL PLATA"|303|"PESCADO CONGELADO, EXCEPTO LOS FILETESY DEMAS CARNE DE PESCA"|407|8225612.28|13313066.11
20150101|37|"MAR DEL PLATA"|303|"PESCADO CONGELADO, EXCEPTO LOS FILETESY DEMAS CARNE DE PESCA"|347|7827646.34|12901421.72
20150201|37|"MAR DEL PLATA"|303|"PESCADO CONGELADO, EXCEPTO LOS FILETESY DEMAS CARNE DE PESCA"|457|8898208.53|14257544.69
20150301|37|"MAR DEL PLATA"|303|"PESCADO CONGELADO, EXCEPTO LOS FILETESY DEMAS CARNE DE PESCA"|475|9435186.44|15215839.14
20150401|37|"MAR DEL PLATA"|303|"PESCADO CONGELADO, EXCEPTO LOS FILETESY DEMAS CARNE DE PESCA"|538|10607306.44|16932587.29
20150501|37|"MAR DEL PLATA"|303|"PESCADO CONGELADO, EXCEPTO LOS FILETESY DEMAS CARNE DE PESCA"|465|9338115.75|15011488.65
20150601|37|"MAR DEL PLATA"|303|"PESCADO CONGELADO, EXCEPTO LOS FILETESY DEMAS CARNE DE PESCA"|489|12472464.3|18606029.94
20150701|37|"MAR DEL PLATA"|303|"PESCADO CONGELADO, EXCEPTO LOS FILETESY DEMAS CARNE DE PESCA"|574|14390364.11|21217823.48
20150801|37|"MAR DEL PLATA"|303|"PESCADO CONGELADO, EXCEPTO LOS FILETESY DEMAS CARNE DE PESCA"|488|12262612.84|18407353.16
20150901|37|"MAR DEL PLATA"|303|"PESCADO CONGELADO, EXCEPTO LOS FILETESY DEMAS CARNE DE PESCA"|475|11480344.4|17553985.46
20151001|37|"MAR DEL PLATA"|303|"PESCADO CONGELADO, EXCEPTO LOS FILETESY DEMAS CARNE DE PESCA"|512|11921388.34|17871691.91
20151101|37|"MAR DEL PLATA"|303|"PESCADO CONGELADO, EXCEPTO LOS FILETESY DEMAS CARNE DE PESCA"|358|7621804.8|10844242.42
20151201|37|"MAR DEL PLATA"|303|"PESCADO CONGELADO, EXCEPTO LOS FILETESY DEMAS CARNE DE PESCA"|363|10267612.61|14716385.84
