"fecha_oficia"|"aduana"|"aduana_desc"|"mercaderia"|"mercaderia_desc"|"cantidad"|"kilos"|"importe"
20100101|87|"CALETA OLIVIA"|307|"MOLUSCOS, INCLUSO SEPARADOS DE SUS VALVAS, VIVOS, FRESCOS, R"|0|0|0
20100201|87|"CALETA OLIVIA"|307|"MOLUSCOS, INCLUSO SEPARADOS DE SUS VALVAS, VIVOS, FRESCOS, R"|4|36064|93903.8
20100301|87|"CALETA OLIVIA"|307|"MOLUSCOS, INCLUSO SEPARADOS DE SUS VALVAS, VIVOS, FRESCOS, R"|4|110162|366576.4
20100401|87|"CALETA OLIVIA"|307|"MOLUSCOS, INCLUSO SEPARADOS DE SUS VALVAS, VIVOS, FRESCOS, R"|2|25976|85115.8
20100501|87|"CALETA OLIVIA"|307|"MOLUSCOS, INCLUSO SEPARADOS DE SUS VALVAS, VIVOS, FRESCOS, R"|0|0|0
20100601|87|"CALETA OLIVIA"|307|"MOLUSCOS, INCLUSO SEPARADOS DE SUS VALVAS, VIVOS, FRESCOS, R"|0|0|0
20100701|87|"CALETA OLIVIA"|307|"MOLUSCOS, INCLUSO SEPARADOS DE SUS VALVAS, VIVOS, FRESCOS, R"|4|213858|450565.2
20100801|87|"CALETA OLIVIA"|307|"MOLUSCOS, INCLUSO SEPARADOS DE SUS VALVAS, VIVOS, FRESCOS, R"|2|285000|699750
20100901|87|"CALETA OLIVIA"|307|"MOLUSCOS, INCLUSO SEPARADOS DE SUS VALVAS, VIVOS, FRESCOS, R"|2|5700|19665
20101001|87|"CALETA OLIVIA"|307|"MOLUSCOS, INCLUSO SEPARADOS DE SUS VALVAS, VIVOS, FRESCOS, R"|3|431256|1435599.6
20101101|87|"CALETA OLIVIA"|307|"MOLUSCOS, INCLUSO SEPARADOS DE SUS VALVAS, VIVOS, FRESCOS, R"|6|186416|312983.5
20101201|87|"CALETA OLIVIA"|307|"MOLUSCOS, INCLUSO SEPARADOS DE SUS VALVAS, VIVOS, FRESCOS, R"|0|0|0
20110101|87|"CALETA OLIVIA"|307|"MOLUSCOS, INCLUSO SEPARADOS DE SUS VALVAS, VIVOS, FRESCOS, R"|0|0|0
20110201|87|"CALETA OLIVIA"|307|"MOLUSCOS, INCLUSO SEPARADOS DE SUS VALVAS, VIVOS, FRESCOS, R"|0|0|0
20110301|87|"CALETA OLIVIA"|307|"MOLUSCOS, INCLUSO SEPARADOS DE SUS VALVAS, VIVOS, FRESCOS, R"|0|0|0
20110401|87|"CALETA OLIVIA"|307|"MOLUSCOS, INCLUSO SEPARADOS DE SUS VALVAS, VIVOS, FRESCOS, R"|0|0|0
20110501|87|"CALETA OLIVIA"|307|"MOLUSCOS, INCLUSO SEPARADOS DE SUS VALVAS, VIVOS, FRESCOS, R"|8|602958|1836761.7
20110601|87|"CALETA OLIVIA"|307|"MOLUSCOS, INCLUSO SEPARADOS DE SUS VALVAS, VIVOS, FRESCOS, R"|3|58500|180600
20110701|87|"CALETA OLIVIA"|307|"MOLUSCOS, INCLUSO SEPARADOS DE SUS VALVAS, VIVOS, FRESCOS, R"|6|53416|173263.9
20110801|87|"CALETA OLIVIA"|307|"MOLUSCOS, INCLUSO SEPARADOS DE SUS VALVAS, VIVOS, FRESCOS, R"|7|203108|760317.5
20110901|87|"CALETA OLIVIA"|307|"MOLUSCOS, INCLUSO SEPARADOS DE SUS VALVAS, VIVOS, FRESCOS, R"|8|240214.86|904779.8
20111001|87|"CALETA OLIVIA"|307|"MOLUSCOS, INCLUSO SEPARADOS DE SUS VALVAS, VIVOS, FRESCOS, R"|15|212877|744525.6
20111101|87|"CALETA OLIVIA"|307|"MOLUSCOS, INCLUSO SEPARADOS DE SUS VALVAS, VIVOS, FRESCOS, R"|0|0|0
20111201|87|"CALETA OLIVIA"|307|"MOLUSCOS, INCLUSO SEPARADOS DE SUS VALVAS, VIVOS, FRESCOS, R"|0|0|0
20120101|87|"CALETA OLIVIA"|307|"MOLUSCOS, INCLUSO SEPARADOS DE SUS VALVAS, VIVOS, FRESCOS, R"|0|0|0
20120201|87|"CALETA OLIVIA"|307|"MOLUSCOS, INCLUSO SEPARADOS DE SUS VALVAS, VIVOS, FRESCOS, R"|0|0|0
20120301|87|"CALETA OLIVIA"|307|"MOLUSCOS, INCLUSO SEPARADOS DE SUS VALVAS, VIVOS, FRESCOS, R"|0|0|0
20120401|87|"CALETA OLIVIA"|307|"MOLUSCOS, INCLUSO SEPARADOS DE SUS VALVAS, VIVOS, FRESCOS, R"|4|471349.09|1664828.28
20120501|87|"CALETA OLIVIA"|307|"MOLUSCOS, INCLUSO SEPARADOS DE SUS VALVAS, VIVOS, FRESCOS, R"|15|794394.73|2630808.56
20120601|87|"CALETA OLIVIA"|307|"MOLUSCOS, INCLUSO SEPARADOS DE SUS VALVAS, VIVOS, FRESCOS, R"|9|247476.64|791576.28
20120701|87|"CALETA OLIVIA"|307|"MOLUSCOS, INCLUSO SEPARADOS DE SUS VALVAS, VIVOS, FRESCOS, R"|0|0|0
20120801|87|"CALETA OLIVIA"|307|"MOLUSCOS, INCLUSO SEPARADOS DE SUS VALVAS, VIVOS, FRESCOS, R"|0|0|0
20120901|87|"CALETA OLIVIA"|307|"MOLUSCOS, INCLUSO SEPARADOS DE SUS VALVAS, VIVOS, FRESCOS, R"|0|0|0
20121001|87|"CALETA OLIVIA"|307|"MOLUSCOS, INCLUSO SEPARADOS DE SUS VALVAS, VIVOS, FRESCOS, R"|0|0|0
20121101|87|"CALETA OLIVIA"|307|"MOLUSCOS, INCLUSO SEPARADOS DE SUS VALVAS, VIVOS, FRESCOS, R"|0|0|0
20121201|87|"CALETA OLIVIA"|307|"MOLUSCOS, INCLUSO SEPARADOS DE SUS VALVAS, VIVOS, FRESCOS, R"|0|0|0
20130101|87|"CALETA OLIVIA"|307|"MOLUSCOS, INCLUSO SEPARADOS DE SUS VALVAS, VIVOS, FRESCOS, R"|0|0|0
20130201|87|"CALETA OLIVIA"|307|"MOLUSCOS, INCLUSO SEPARADOS DE SUS VALVAS, VIVOS, FRESCOS, R"|0|0|0
20130301|87|"CALETA OLIVIA"|307|"MOLUSCOS, INCLUSO SEPARADOS DE SUS VALVAS, VIVOS, FRESCOS, R"|2|46206.7|143396.51
20130401|87|"CALETA OLIVIA"|307|"MOLUSCOS, INCLUSO SEPARADOS DE SUS VALVAS, VIVOS, FRESCOS, R"|4|372746.9|1014831.63
20130501|87|"CALETA OLIVIA"|307|"MOLUSCOS, INCLUSO SEPARADOS DE SUS VALVAS, VIVOS, FRESCOS, R"|9|354631.4|751033.86
20130601|87|"CALETA OLIVIA"|307|"MOLUSCOS, INCLUSO SEPARADOS DE SUS VALVAS, VIVOS, FRESCOS, R"|8|314626.37|691321.86
20130701|87|"CALETA OLIVIA"|307|"MOLUSCOS, INCLUSO SEPARADOS DE SUS VALVAS, VIVOS, FRESCOS, R"|6|654652.17|1518990.46
20130801|87|"CALETA OLIVIA"|307|"MOLUSCOS, INCLUSO SEPARADOS DE SUS VALVAS, VIVOS, FRESCOS, R"|17|2282616.14|4359689.95
20130901|87|"CALETA OLIVIA"|307|"MOLUSCOS, INCLUSO SEPARADOS DE SUS VALVAS, VIVOS, FRESCOS, R"|7|657121|1264548.4
20131001|87|"CALETA OLIVIA"|307|"MOLUSCOS, INCLUSO SEPARADOS DE SUS VALVAS, VIVOS, FRESCOS, R"|6|248112.77|456517.14
20131101|87|"CALETA OLIVIA"|307|"MOLUSCOS, INCLUSO SEPARADOS DE SUS VALVAS, VIVOS, FRESCOS, R"|0|0|0
20131201|87|"CALETA OLIVIA"|307|"MOLUSCOS, INCLUSO SEPARADOS DE SUS VALVAS, VIVOS, FRESCOS, R"|1|26984.1|32380.92
20140101|87|"CALETA OLIVIA"|307|"MOLUSCOS, INCLUSO SEPARADOS DE SUS VALVAS, VIVOS, FRESCOS, R"|0|0|0
20140201|87|"CALETA OLIVIA"|307|"MOLUSCOS, INCLUSO SEPARADOS DE SUS VALVAS, VIVOS, FRESCOS, R"|1|27008.3|30087.24
20140301|87|"CALETA OLIVIA"|307|"MOLUSCOS, INCLUSO SEPARADOS DE SUS VALVAS, VIVOS, FRESCOS, R"|4|327963|440968.83
20140401|87|"CALETA OLIVIA"|307|"MOLUSCOS, INCLUSO SEPARADOS DE SUS VALVAS, VIVOS, FRESCOS, R"|8|582711.17|1044376.17
20140501|87|"CALETA OLIVIA"|307|"MOLUSCOS, INCLUSO SEPARADOS DE SUS VALVAS, VIVOS, FRESCOS, R"|11|1117803.76|2110833.13
20140601|87|"CALETA OLIVIA"|307|"MOLUSCOS, INCLUSO SEPARADOS DE SUS VALVAS, VIVOS, FRESCOS, R"|4|522139.54|977810.75
20140701|87|"CALETA OLIVIA"|307|"MOLUSCOS, INCLUSO SEPARADOS DE SUS VALVAS, VIVOS, FRESCOS, R"|0|0|0
20140801|87|"CALETA OLIVIA"|307|"MOLUSCOS, INCLUSO SEPARADOS DE SUS VALVAS, VIVOS, FRESCOS, R"|2|263167.32|394750.98
20140901|87|"CALETA OLIVIA"|307|"MOLUSCOS, INCLUSO SEPARADOS DE SUS VALVAS, VIVOS, FRESCOS, R"|0|0|0
20141001|87|"CALETA OLIVIA"|307|"MOLUSCOS, INCLUSO SEPARADOS DE SUS VALVAS, VIVOS, FRESCOS, R"|4|225572.83|214294.2
20141101|87|"CALETA OLIVIA"|307|"MOLUSCOS, INCLUSO SEPARADOS DE SUS VALVAS, VIVOS, FRESCOS, R"|0|0|0
20141201|87|"CALETA OLIVIA"|307|"MOLUSCOS, INCLUSO SEPARADOS DE SUS VALVAS, VIVOS, FRESCOS, R"|1|26980.08|25631.08
20150101|87|"CALETA OLIVIA"|307|"MOLUSCOS, INCLUSO SEPARADOS DE SUS VALVAS, VIVOS, FRESCOS, R"|1|26980.08|25631.08
20150201|87|"CALETA OLIVIA"|307|"MOLUSCOS, INCLUSO SEPARADOS DE SUS VALVAS, VIVOS, FRESCOS, R"|1|23898.07|22703.17
20150301|87|"CALETA OLIVIA"|307|"MOLUSCOS, INCLUSO SEPARADOS DE SUS VALVAS, VIVOS, FRESCOS, R"|0|0|0
20150401|87|"CALETA OLIVIA"|307|"MOLUSCOS, INCLUSO SEPARADOS DE SUS VALVAS, VIVOS, FRESCOS, R"|0|0|0
20150501|87|"CALETA OLIVIA"|307|"MOLUSCOS, INCLUSO SEPARADOS DE SUS VALVAS, VIVOS, FRESCOS, R"|0|0|0
20150601|87|"CALETA OLIVIA"|307|"MOLUSCOS, INCLUSO SEPARADOS DE SUS VALVAS, VIVOS, FRESCOS, R"|2|192795.15|359077.18
20150701|87|"CALETA OLIVIA"|307|"MOLUSCOS, INCLUSO SEPARADOS DE SUS VALVAS, VIVOS, FRESCOS, R"|1|77240.24|216686.68
20150801|87|"CALETA OLIVIA"|307|"MOLUSCOS, INCLUSO SEPARADOS DE SUS VALVAS, VIVOS, FRESCOS, R"|0|0|0
20150901|87|"CALETA OLIVIA"|307|"MOLUSCOS, INCLUSO SEPARADOS DE SUS VALVAS, VIVOS, FRESCOS, R"|0|0|0
20151001|87|"CALETA OLIVIA"|307|"MOLUSCOS, INCLUSO SEPARADOS DE SUS VALVAS, VIVOS, FRESCOS, R"|0|0|0
20151101|87|"CALETA OLIVIA"|307|"MOLUSCOS, INCLUSO SEPARADOS DE SUS VALVAS, VIVOS, FRESCOS, R"|0|0|0
20151201|87|"CALETA OLIVIA"|307|"MOLUSCOS, INCLUSO SEPARADOS DE SUS VALVAS, VIVOS, FRESCOS, R"|0|0|0
