"fecha_oficia"|"aduana"|"aduana_desc"|"mercaderia"|"mercaderia_desc"|"cantidad"|"kilos"|"importe"
20100101|47|"PUERTO MADRYN"|306|"CRUSTACEOS, INCLUSO PELADOS, VIVOS, FRESCOS, REFRIGERADOS, C"|65|1856785.85|12765101.2
20100201|47|"PUERTO MADRYN"|306|"CRUSTACEOS, INCLUSO PELADOS, VIVOS, FRESCOS, REFRIGERADOS, C"|148|7134786|47637685.22
20100301|47|"PUERTO MADRYN"|306|"CRUSTACEOS, INCLUSO PELADOS, VIVOS, FRESCOS, REFRIGERADOS, C"|191|10637243.21|70097818.49
20100401|47|"PUERTO MADRYN"|306|"CRUSTACEOS, INCLUSO PELADOS, VIVOS, FRESCOS, REFRIGERADOS, C"|134|10581887.1|73339855.71
20100501|47|"PUERTO MADRYN"|306|"CRUSTACEOS, INCLUSO PELADOS, VIVOS, FRESCOS, REFRIGERADOS, C"|294|26397224.4|172432730.53
20100601|47|"PUERTO MADRYN"|306|"CRUSTACEOS, INCLUSO PELADOS, VIVOS, FRESCOS, REFRIGERADOS, C"|343|38945766.02|252982485.25
20100701|47|"PUERTO MADRYN"|306|"CRUSTACEOS, INCLUSO PELADOS, VIVOS, FRESCOS, REFRIGERADOS, C"|343|51277896|330686231.16
20100801|47|"PUERTO MADRYN"|306|"CRUSTACEOS, INCLUSO PELADOS, VIVOS, FRESCOS, REFRIGERADOS, C"|389|73970355.56|485314426.42
20100901|47|"PUERTO MADRYN"|306|"CRUSTACEOS, INCLUSO PELADOS, VIVOS, FRESCOS, REFRIGERADOS, C"|335|23577287.8|159679152.82
20101001|47|"PUERTO MADRYN"|306|"CRUSTACEOS, INCLUSO PELADOS, VIVOS, FRESCOS, REFRIGERADOS, C"|254|25652716.87|172751480.32
20101101|47|"PUERTO MADRYN"|306|"CRUSTACEOS, INCLUSO PELADOS, VIVOS, FRESCOS, REFRIGERADOS, C"|254|16892531.07|112735167.75
20101201|47|"PUERTO MADRYN"|306|"CRUSTACEOS, INCLUSO PELADOS, VIVOS, FRESCOS, REFRIGERADOS, C"|284|23602616.91|155549205.5
20110101|47|"PUERTO MADRYN"|306|"CRUSTACEOS, INCLUSO PELADOS, VIVOS, FRESCOS, REFRIGERADOS, C"|184|18158189.05|111726159.42
20110201|47|"PUERTO MADRYN"|306|"CRUSTACEOS, INCLUSO PELADOS, VIVOS, FRESCOS, REFRIGERADOS, C"|175|12410371.19|72574146.52
20110301|47|"PUERTO MADRYN"|306|"CRUSTACEOS, INCLUSO PELADOS, VIVOS, FRESCOS, REFRIGERADOS, C"|126|5778895.81|35572500.58
20110401|47|"PUERTO MADRYN"|306|"CRUSTACEOS, INCLUSO PELADOS, VIVOS, FRESCOS, REFRIGERADOS, C"|181|9136876.37|57188661.29
20110501|47|"PUERTO MADRYN"|306|"CRUSTACEOS, INCLUSO PELADOS, VIVOS, FRESCOS, REFRIGERADOS, C"|214|35695077.15|209883288.76
20110601|47|"PUERTO MADRYN"|306|"CRUSTACEOS, INCLUSO PELADOS, VIVOS, FRESCOS, REFRIGERADOS, C"|255|42112964.37|250461508.56
20110701|47|"PUERTO MADRYN"|306|"CRUSTACEOS, INCLUSO PELADOS, VIVOS, FRESCOS, REFRIGERADOS, C"|307|38980459.34|239739707.89
20110801|47|"PUERTO MADRYN"|306|"CRUSTACEOS, INCLUSO PELADOS, VIVOS, FRESCOS, REFRIGERADOS, C"|378|51659039.76|315210696.32
20110901|47|"PUERTO MADRYN"|306|"CRUSTACEOS, INCLUSO PELADOS, VIVOS, FRESCOS, REFRIGERADOS, C"|401|33510560.5|214115025.54
20111001|47|"PUERTO MADRYN"|306|"CRUSTACEOS, INCLUSO PELADOS, VIVOS, FRESCOS, REFRIGERADOS, C"|292|16003864.2|100371590.7
20111101|47|"PUERTO MADRYN"|306|"CRUSTACEOS, INCLUSO PELADOS, VIVOS, FRESCOS, REFRIGERADOS, C"|248|18974744.6|110824314.65
20111201|47|"PUERTO MADRYN"|306|"CRUSTACEOS, INCLUSO PELADOS, VIVOS, FRESCOS, REFRIGERADOS, C"|177|13815187.06|79509207.61
20120101|47|"PUERTO MADRYN"|306|"CRUSTACEOS, INCLUSO PELADOS, VIVOS, FRESCOS, REFRIGERADOS, C"|233|20053392.6|106412689.27
20120201|47|"PUERTO MADRYN"|306|"CRUSTACEOS, INCLUSO PELADOS, VIVOS, FRESCOS, REFRIGERADOS, C"|118|5626790|28370927.93
20120301|47|"PUERTO MADRYN"|306|"CRUSTACEOS, INCLUSO PELADOS, VIVOS, FRESCOS, REFRIGERADOS, C"|81|1503604.8|8252606.65
20120401|47|"PUERTO MADRYN"|306|"CRUSTACEOS, INCLUSO PELADOS, VIVOS, FRESCOS, REFRIGERADOS, C"|129|2561197.7|15575111.3
20120501|47|"PUERTO MADRYN"|306|"CRUSTACEOS, INCLUSO PELADOS, VIVOS, FRESCOS, REFRIGERADOS, C"|118|2294374.98|13836435.82
20120601|47|"PUERTO MADRYN"|306|"CRUSTACEOS, INCLUSO PELADOS, VIVOS, FRESCOS, REFRIGERADOS, C"|168|3179598.05|20035254.39
20120701|47|"PUERTO MADRYN"|306|"CRUSTACEOS, INCLUSO PELADOS, VIVOS, FRESCOS, REFRIGERADOS, C"|201|4194877.79|26316112.83
20120801|47|"PUERTO MADRYN"|306|"CRUSTACEOS, INCLUSO PELADOS, VIVOS, FRESCOS, REFRIGERADOS, C"|257|6691728.26|41281179.85
20120901|47|"PUERTO MADRYN"|306|"CRUSTACEOS, INCLUSO PELADOS, VIVOS, FRESCOS, REFRIGERADOS, C"|249|6364505.96|39570959.22
20121001|47|"PUERTO MADRYN"|306|"CRUSTACEOS, INCLUSO PELADOS, VIVOS, FRESCOS, REFRIGERADOS, C"|310|6625779.47|39730679.4
20121101|47|"PUERTO MADRYN"|306|"CRUSTACEOS, INCLUSO PELADOS, VIVOS, FRESCOS, REFRIGERADOS, C"|142|2436330.96|14332360.55
20121201|47|"PUERTO MADRYN"|306|"CRUSTACEOS, INCLUSO PELADOS, VIVOS, FRESCOS, REFRIGERADOS, C"|180|4501096.86|23785343.69
20130101|47|"PUERTO MADRYN"|306|"CRUSTACEOS, INCLUSO PELADOS, VIVOS, FRESCOS, REFRIGERADOS, C"|149|3023923.54|15970766.73
20130201|47|"PUERTO MADRYN"|306|"CRUSTACEOS, INCLUSO PELADOS, VIVOS, FRESCOS, REFRIGERADOS, C"|146|3366659.01|17063124.51
20130301|47|"PUERTO MADRYN"|306|"CRUSTACEOS, INCLUSO PELADOS, VIVOS, FRESCOS, REFRIGERADOS, C"|83|1483274.61|8370424.79
20130401|47|"PUERTO MADRYN"|306|"CRUSTACEOS, INCLUSO PELADOS, VIVOS, FRESCOS, REFRIGERADOS, C"|143|2226129.68|11956794.31
20130501|47|"PUERTO MADRYN"|306|"CRUSTACEOS, INCLUSO PELADOS, VIVOS, FRESCOS, REFRIGERADOS, C"|116|1278320.28|7874562.36
20130601|47|"PUERTO MADRYN"|306|"CRUSTACEOS, INCLUSO PELADOS, VIVOS, FRESCOS, REFRIGERADOS, C"|128|3511760.64|22389279.59
20130701|47|"PUERTO MADRYN"|306|"CRUSTACEOS, INCLUSO PELADOS, VIVOS, FRESCOS, REFRIGERADOS, C"|193|4780698.82|29647223.71
20130801|47|"PUERTO MADRYN"|306|"CRUSTACEOS, INCLUSO PELADOS, VIVOS, FRESCOS, REFRIGERADOS, C"|257|7644672.56|47865961.33
20130901|47|"PUERTO MADRYN"|306|"CRUSTACEOS, INCLUSO PELADOS, VIVOS, FRESCOS, REFRIGERADOS, C"|257|5973863.4|38704141.78
20131001|47|"PUERTO MADRYN"|306|"CRUSTACEOS, INCLUSO PELADOS, VIVOS, FRESCOS, REFRIGERADOS, C"|468|11653488.64|81956095.96
20131101|47|"PUERTO MADRYN"|306|"CRUSTACEOS, INCLUSO PELADOS, VIVOS, FRESCOS, REFRIGERADOS, C"|339|7685949.93|55148383.92
20131201|47|"PUERTO MADRYN"|306|"CRUSTACEOS, INCLUSO PELADOS, VIVOS, FRESCOS, REFRIGERADOS, C"|247|6055884.47|39476938
20140101|47|"PUERTO MADRYN"|306|"CRUSTACEOS, INCLUSO PELADOS, VIVOS, FRESCOS, REFRIGERADOS, C"|228|6845116.71|43139404.49
20140201|47|"PUERTO MADRYN"|306|"CRUSTACEOS, INCLUSO PELADOS, VIVOS, FRESCOS, REFRIGERADOS, C"|265|6382076.99|39553227.34
20140301|47|"PUERTO MADRYN"|306|"CRUSTACEOS, INCLUSO PELADOS, VIVOS, FRESCOS, REFRIGERADOS, C"|150|2602643.42|17751300.07
20140401|47|"PUERTO MADRYN"|306|"CRUSTACEOS, INCLUSO PELADOS, VIVOS, FRESCOS, REFRIGERADOS, C"|151|2199986.77|13957731.9
20140501|47|"PUERTO MADRYN"|306|"CRUSTACEOS, INCLUSO PELADOS, VIVOS, FRESCOS, REFRIGERADOS, C"|121|1684917.65|11554792.78
20140601|47|"PUERTO MADRYN"|306|"CRUSTACEOS, INCLUSO PELADOS, VIVOS, FRESCOS, REFRIGERADOS, C"|174|4044312.49|28403294.56
20140701|47|"PUERTO MADRYN"|306|"CRUSTACEOS, INCLUSO PELADOS, VIVOS, FRESCOS, REFRIGERADOS, C"|140|3705409.53|26518440.51
20140801|47|"PUERTO MADRYN"|306|"CRUSTACEOS, INCLUSO PELADOS, VIVOS, FRESCOS, REFRIGERADOS, C"|272|7466179.06|50788430.06
20140901|47|"PUERTO MADRYN"|306|"CRUSTACEOS, INCLUSO PELADOS, VIVOS, FRESCOS, REFRIGERADOS, C"|478|14189817|99244397.94
20141001|47|"PUERTO MADRYN"|306|"CRUSTACEOS, INCLUSO PELADOS, VIVOS, FRESCOS, REFRIGERADOS, C"|559|15201265.77|105514958.96
20141101|47|"PUERTO MADRYN"|306|"CRUSTACEOS, INCLUSO PELADOS, VIVOS, FRESCOS, REFRIGERADOS, C"|330|8188458.72|55879637.23
20141201|47|"PUERTO MADRYN"|306|"CRUSTACEOS, INCLUSO PELADOS, VIVOS, FRESCOS, REFRIGERADOS, C"|249|7933265.76|50591188.63
20150101|47|"PUERTO MADRYN"|306|"CRUSTACEOS, INCLUSO PELADOS, VIVOS, FRESCOS, REFRIGERADOS, C"|244|8041678.51|49680338.99
20150201|47|"PUERTO MADRYN"|306|"CRUSTACEOS, INCLUSO PELADOS, VIVOS, FRESCOS, REFRIGERADOS, C"|178|5419440.38|31704981.18
20150301|47|"PUERTO MADRYN"|306|"CRUSTACEOS, INCLUSO PELADOS, VIVOS, FRESCOS, REFRIGERADOS, C"|210|4984900.88|28967659.72
20150401|47|"PUERTO MADRYN"|306|"CRUSTACEOS, INCLUSO PELADOS, VIVOS, FRESCOS, REFRIGERADOS, C"|160|3060101.32|18761040.22
20150501|47|"PUERTO MADRYN"|306|"CRUSTACEOS, INCLUSO PELADOS, VIVOS, FRESCOS, REFRIGERADOS, C"|171|4635458.71|29798673.1
20150601|47|"PUERTO MADRYN"|306|"CRUSTACEOS, INCLUSO PELADOS, VIVOS, FRESCOS, REFRIGERADOS, C"|192|5002691.52|32102989.31
20150701|47|"PUERTO MADRYN"|306|"CRUSTACEOS, INCLUSO PELADOS, VIVOS, FRESCOS, REFRIGERADOS, C"|294|7804562.91|47510449.17
20150801|47|"PUERTO MADRYN"|306|"CRUSTACEOS, INCLUSO PELADOS, VIVOS, FRESCOS, REFRIGERADOS, C"|299|8285036.15|52312198.51
20150901|47|"PUERTO MADRYN"|306|"CRUSTACEOS, INCLUSO PELADOS, VIVOS, FRESCOS, REFRIGERADOS, C"|460|11644748.61|71859913.36
20151001|47|"PUERTO MADRYN"|306|"CRUSTACEOS, INCLUSO PELADOS, VIVOS, FRESCOS, REFRIGERADOS, C"|386|12160538.04|71554032.27
20151101|47|"PUERTO MADRYN"|306|"CRUSTACEOS, INCLUSO PELADOS, VIVOS, FRESCOS, REFRIGERADOS, C"|288|8280326.03|49464797.74
20151201|47|"PUERTO MADRYN"|306|"CRUSTACEOS, INCLUSO PELADOS, VIVOS, FRESCOS, REFRIGERADOS, C"|334|8655584.88|49297529.5
