"fecha_oficia"|"aduana"|"aduana_desc"|"mercaderia"|"mercaderia_desc"|"cantidad"|"kilos"|"importe"
20100101|20|"DIAMANTE"|305|"PESCADO SECO, SALADO O EN SALMUERA; PESCADOAHUMADO, INCLUSO "|0|0|0
20100201|20|"DIAMANTE"|305|"PESCADO SECO, SALADO O EN SALMUERA; PESCADOAHUMADO, INCLUSO "|0|0|0
20100301|20|"DIAMANTE"|305|"PESCADO SECO, SALADO O EN SALMUERA; PESCADOAHUMADO, INCLUSO "|0|0|0
20100401|20|"DIAMANTE"|305|"PESCADO SECO, SALADO O EN SALMUERA; PESCADOAHUMADO, INCLUSO "|0|0|0
20100501|20|"DIAMANTE"|305|"PESCADO SECO, SALADO O EN SALMUERA; PESCADOAHUMADO, INCLUSO "|0|0|0
20100601|20|"DIAMANTE"|305|"PESCADO SECO, SALADO O EN SALMUERA; PESCADOAHUMADO, INCLUSO "|0|0|0
20100701|20|"DIAMANTE"|305|"PESCADO SECO, SALADO O EN SALMUERA; PESCADOAHUMADO, INCLUSO "|0|0|0
20100801|20|"DIAMANTE"|305|"PESCADO SECO, SALADO O EN SALMUERA; PESCADOAHUMADO, INCLUSO "|0|0|0
20100901|20|"DIAMANTE"|305|"PESCADO SECO, SALADO O EN SALMUERA; PESCADOAHUMADO, INCLUSO "|0|0|0
20101001|20|"DIAMANTE"|305|"PESCADO SECO, SALADO O EN SALMUERA; PESCADOAHUMADO, INCLUSO "|0|0|0
20101101|20|"DIAMANTE"|305|"PESCADO SECO, SALADO O EN SALMUERA; PESCADOAHUMADO, INCLUSO "|0|0|0
20101201|20|"DIAMANTE"|305|"PESCADO SECO, SALADO O EN SALMUERA; PESCADOAHUMADO, INCLUSO "|0|0|0
20110101|20|"DIAMANTE"|305|"PESCADO SECO, SALADO O EN SALMUERA; PESCADOAHUMADO, INCLUSO "|0|0|0
20110201|20|"DIAMANTE"|305|"PESCADO SECO, SALADO O EN SALMUERA; PESCADOAHUMADO, INCLUSO "|0|0|0
20110301|20|"DIAMANTE"|305|"PESCADO SECO, SALADO O EN SALMUERA; PESCADOAHUMADO, INCLUSO "|0|0|0
20110401|20|"DIAMANTE"|305|"PESCADO SECO, SALADO O EN SALMUERA; PESCADOAHUMADO, INCLUSO "|0|0|0
20110501|20|"DIAMANTE"|305|"PESCADO SECO, SALADO O EN SALMUERA; PESCADOAHUMADO, INCLUSO "|0|0|0
20110601|20|"DIAMANTE"|305|"PESCADO SECO, SALADO O EN SALMUERA; PESCADOAHUMADO, INCLUSO "|0|0|0
20110701|20|"DIAMANTE"|305|"PESCADO SECO, SALADO O EN SALMUERA; PESCADOAHUMADO, INCLUSO "|0|0|0
20110801|20|"DIAMANTE"|305|"PESCADO SECO, SALADO O EN SALMUERA; PESCADOAHUMADO, INCLUSO "|0|0|0
20110901|20|"DIAMANTE"|305|"PESCADO SECO, SALADO O EN SALMUERA; PESCADOAHUMADO, INCLUSO "|0|0|0
20111001|20|"DIAMANTE"|305|"PESCADO SECO, SALADO O EN SALMUERA; PESCADOAHUMADO, INCLUSO "|0|0|0
20111101|20|"DIAMANTE"|305|"PESCADO SECO, SALADO O EN SALMUERA; PESCADOAHUMADO, INCLUSO "|0|0|0
20111201|20|"DIAMANTE"|305|"PESCADO SECO, SALADO O EN SALMUERA; PESCADOAHUMADO, INCLUSO "|0|0|0
20120101|20|"DIAMANTE"|305|"PESCADO SECO, SALADO O EN SALMUERA; PESCADOAHUMADO, INCLUSO "|0|0|0
20120201|20|"DIAMANTE"|305|"PESCADO SECO, SALADO O EN SALMUERA; PESCADOAHUMADO, INCLUSO "|0|0|0
20120301|20|"DIAMANTE"|305|"PESCADO SECO, SALADO O EN SALMUERA; PESCADOAHUMADO, INCLUSO "|0|0|0
20120401|20|"DIAMANTE"|305|"PESCADO SECO, SALADO O EN SALMUERA; PESCADOAHUMADO, INCLUSO "|0|0|0
20120501|20|"DIAMANTE"|305|"PESCADO SECO, SALADO O EN SALMUERA; PESCADOAHUMADO, INCLUSO "|0|0|0
20120601|20|"DIAMANTE"|305|"PESCADO SECO, SALADO O EN SALMUERA; PESCADOAHUMADO, INCLUSO "|0|0|0
20120701|20|"DIAMANTE"|305|"PESCADO SECO, SALADO O EN SALMUERA; PESCADOAHUMADO, INCLUSO "|0|0|0
20120801|20|"DIAMANTE"|305|"PESCADO SECO, SALADO O EN SALMUERA; PESCADOAHUMADO, INCLUSO "|0|0|0
20120901|20|"DIAMANTE"|305|"PESCADO SECO, SALADO O EN SALMUERA; PESCADOAHUMADO, INCLUSO "|0|0|0
20121001|20|"DIAMANTE"|305|"PESCADO SECO, SALADO O EN SALMUERA; PESCADOAHUMADO, INCLUSO "|0|0|0
20121101|20|"DIAMANTE"|305|"PESCADO SECO, SALADO O EN SALMUERA; PESCADOAHUMADO, INCLUSO "|0|0|0
20121201|20|"DIAMANTE"|305|"PESCADO SECO, SALADO O EN SALMUERA; PESCADOAHUMADO, INCLUSO "|0|0|0
20130101|20|"DIAMANTE"|305|"PESCADO SECO, SALADO O EN SALMUERA; PESCADOAHUMADO, INCLUSO "|0|0|0
20130201|20|"DIAMANTE"|305|"PESCADO SECO, SALADO O EN SALMUERA; PESCADOAHUMADO, INCLUSO "|0|0|0
20130301|20|"DIAMANTE"|305|"PESCADO SECO, SALADO O EN SALMUERA; PESCADOAHUMADO, INCLUSO "|0|0|0
20130401|20|"DIAMANTE"|305|"PESCADO SECO, SALADO O EN SALMUERA; PESCADOAHUMADO, INCLUSO "|0|0|0
20130501|20|"DIAMANTE"|305|"PESCADO SECO, SALADO O EN SALMUERA; PESCADOAHUMADO, INCLUSO "|0|0|0
20130601|20|"DIAMANTE"|305|"PESCADO SECO, SALADO O EN SALMUERA; PESCADOAHUMADO, INCLUSO "|0|0|0
20130701|20|"DIAMANTE"|305|"PESCADO SECO, SALADO O EN SALMUERA; PESCADOAHUMADO, INCLUSO "|0|0|0
20130801|20|"DIAMANTE"|305|"PESCADO SECO, SALADO O EN SALMUERA; PESCADOAHUMADO, INCLUSO "|0|0|0
20130901|20|"DIAMANTE"|305|"PESCADO SECO, SALADO O EN SALMUERA; PESCADOAHUMADO, INCLUSO "|0|0|0
20131001|20|"DIAMANTE"|305|"PESCADO SECO, SALADO O EN SALMUERA; PESCADOAHUMADO, INCLUSO "|0|0|0
20131101|20|"DIAMANTE"|305|"PESCADO SECO, SALADO O EN SALMUERA; PESCADOAHUMADO, INCLUSO "|0|0|0
20131201|20|"DIAMANTE"|305|"PESCADO SECO, SALADO O EN SALMUERA; PESCADOAHUMADO, INCLUSO "|0|0|0
20140101|20|"DIAMANTE"|305|"PESCADO SECO, SALADO O EN SALMUERA; PESCADOAHUMADO, INCLUSO "|2|22|26.4
20140201|20|"DIAMANTE"|305|"PESCADO SECO, SALADO O EN SALMUERA; PESCADOAHUMADO, INCLUSO "|0|0|0
20140301|20|"DIAMANTE"|305|"PESCADO SECO, SALADO O EN SALMUERA; PESCADOAHUMADO, INCLUSO "|0|0|0
20140401|20|"DIAMANTE"|305|"PESCADO SECO, SALADO O EN SALMUERA; PESCADOAHUMADO, INCLUSO "|0|0|0
20140501|20|"DIAMANTE"|305|"PESCADO SECO, SALADO O EN SALMUERA; PESCADOAHUMADO, INCLUSO "|0|0|0
20140601|20|"DIAMANTE"|305|"PESCADO SECO, SALADO O EN SALMUERA; PESCADOAHUMADO, INCLUSO "|0|0|0
20140701|20|"DIAMANTE"|305|"PESCADO SECO, SALADO O EN SALMUERA; PESCADOAHUMADO, INCLUSO "|0|0|0
20140801|20|"DIAMANTE"|305|"PESCADO SECO, SALADO O EN SALMUERA; PESCADOAHUMADO, INCLUSO "|1|120|144
20140901|20|"DIAMANTE"|305|"PESCADO SECO, SALADO O EN SALMUERA; PESCADOAHUMADO, INCLUSO "|1|120|144
20141001|20|"DIAMANTE"|305|"PESCADO SECO, SALADO O EN SALMUERA; PESCADOAHUMADO, INCLUSO "|0|0|0
20141101|20|"DIAMANTE"|305|"PESCADO SECO, SALADO O EN SALMUERA; PESCADOAHUMADO, INCLUSO "|2|80|280
20141201|20|"DIAMANTE"|305|"PESCADO SECO, SALADO O EN SALMUERA; PESCADOAHUMADO, INCLUSO "|0|0|0
20150101|20|"DIAMANTE"|305|"PESCADO SECO, SALADO O EN SALMUERA; PESCADOAHUMADO, INCLUSO "|0|0|0
20150201|20|"DIAMANTE"|305|"PESCADO SECO, SALADO O EN SALMUERA; PESCADOAHUMADO, INCLUSO "|0|0|0
20150301|20|"DIAMANTE"|305|"PESCADO SECO, SALADO O EN SALMUERA; PESCADOAHUMADO, INCLUSO "|0|0|0
20150401|20|"DIAMANTE"|305|"PESCADO SECO, SALADO O EN SALMUERA; PESCADOAHUMADO, INCLUSO "|2|40|140
20150501|20|"DIAMANTE"|305|"PESCADO SECO, SALADO O EN SALMUERA; PESCADOAHUMADO, INCLUSO "|1|150|525
20150601|20|"DIAMANTE"|305|"PESCADO SECO, SALADO O EN SALMUERA; PESCADOAHUMADO, INCLUSO "|1|0|0
20150701|20|"DIAMANTE"|305|"PESCADO SECO, SALADO O EN SALMUERA; PESCADOAHUMADO, INCLUSO "|0|0|0
20150801|20|"DIAMANTE"|305|"PESCADO SECO, SALADO O EN SALMUERA; PESCADOAHUMADO, INCLUSO "|2|234|819
20150901|20|"DIAMANTE"|305|"PESCADO SECO, SALADO O EN SALMUERA; PESCADOAHUMADO, INCLUSO "|1|50|175
20151001|20|"DIAMANTE"|305|"PESCADO SECO, SALADO O EN SALMUERA; PESCADOAHUMADO, INCLUSO "|3|230|805
20151101|20|"DIAMANTE"|305|"PESCADO SECO, SALADO O EN SALMUERA; PESCADOAHUMADO, INCLUSO "|2|90|315
20151201|20|"DIAMANTE"|305|"PESCADO SECO, SALADO O EN SALMUERA; PESCADOAHUMADO, INCLUSO "|4|100|335
