"fecha_oficia"|"aduana"|"aduana_desc"|"mercaderia"|"mercaderia_desc"|"cantidad"|"kilos"|"importe"
20100101|37|"MAR DEL PLATA"|305|"PESCADO SECO, SALADO O EN SALMUERA; PESCADOAHUMADO, INCLUSO "|184|11062702|20783623.85
20100201|37|"MAR DEL PLATA"|305|"PESCADO SECO, SALADO O EN SALMUERA; PESCADOAHUMADO, INCLUSO "|130|7091145.41|14731063.38
20100301|37|"MAR DEL PLATA"|305|"PESCADO SECO, SALADO O EN SALMUERA; PESCADOAHUMADO, INCLUSO "|100|4356498.89|8262458.32
20100401|37|"MAR DEL PLATA"|305|"PESCADO SECO, SALADO O EN SALMUERA; PESCADOAHUMADO, INCLUSO "|80|1884812.87|4444739.02
20100501|37|"MAR DEL PLATA"|305|"PESCADO SECO, SALADO O EN SALMUERA; PESCADOAHUMADO, INCLUSO "|60|881259.9|2698483.9
20100601|37|"MAR DEL PLATA"|305|"PESCADO SECO, SALADO O EN SALMUERA; PESCADOAHUMADO, INCLUSO "|52|672783.34|2918556.05
20100701|37|"MAR DEL PLATA"|305|"PESCADO SECO, SALADO O EN SALMUERA; PESCADOAHUMADO, INCLUSO "|59|1068683.87|5011105.68
20100801|37|"MAR DEL PLATA"|305|"PESCADO SECO, SALADO O EN SALMUERA; PESCADOAHUMADO, INCLUSO "|40|649717.1|2981974.51
20100901|37|"MAR DEL PLATA"|305|"PESCADO SECO, SALADO O EN SALMUERA; PESCADOAHUMADO, INCLUSO "|36|603573.5|3351428.68
20101001|37|"MAR DEL PLATA"|305|"PESCADO SECO, SALADO O EN SALMUERA; PESCADOAHUMADO, INCLUSO "|40|999226.9|4954735.89
20101101|37|"MAR DEL PLATA"|305|"PESCADO SECO, SALADO O EN SALMUERA; PESCADOAHUMADO, INCLUSO "|59|2356609.8|6014102.2
20101201|37|"MAR DEL PLATA"|305|"PESCADO SECO, SALADO O EN SALMUERA; PESCADOAHUMADO, INCLUSO "|92|5267142.89|10912870.88
20110101|37|"MAR DEL PLATA"|305|"PESCADO SECO, SALADO O EN SALMUERA; PESCADOAHUMADO, INCLUSO "|156|8198826.49|18077165.86
20110201|37|"MAR DEL PLATA"|305|"PESCADO SECO, SALADO O EN SALMUERA; PESCADOAHUMADO, INCLUSO "|109|6594537.3|13619954.63
20110301|37|"MAR DEL PLATA"|305|"PESCADO SECO, SALADO O EN SALMUERA; PESCADOAHUMADO, INCLUSO "|86|2257267.9|6497204.62
20110401|37|"MAR DEL PLATA"|305|"PESCADO SECO, SALADO O EN SALMUERA; PESCADOAHUMADO, INCLUSO "|41|532124.1|4258497.98
20110501|37|"MAR DEL PLATA"|305|"PESCADO SECO, SALADO O EN SALMUERA; PESCADOAHUMADO, INCLUSO "|56|689854.67|4320627.29
20110601|37|"MAR DEL PLATA"|305|"PESCADO SECO, SALADO O EN SALMUERA; PESCADOAHUMADO, INCLUSO "|57|581210.2|5314571.49
20110701|37|"MAR DEL PLATA"|305|"PESCADO SECO, SALADO O EN SALMUERA; PESCADOAHUMADO, INCLUSO "|22|397163.72|2802708.91
20110801|37|"MAR DEL PLATA"|305|"PESCADO SECO, SALADO O EN SALMUERA; PESCADOAHUMADO, INCLUSO "|48|591249.38|3422498.99
20110901|37|"MAR DEL PLATA"|305|"PESCADO SECO, SALADO O EN SALMUERA; PESCADOAHUMADO, INCLUSO "|36|268889.84|2912564.26
20111001|37|"MAR DEL PLATA"|305|"PESCADO SECO, SALADO O EN SALMUERA; PESCADOAHUMADO, INCLUSO "|32|523402.9|2556591.89
20111101|37|"MAR DEL PLATA"|305|"PESCADO SECO, SALADO O EN SALMUERA; PESCADOAHUMADO, INCLUSO "|57|1106859.1|8579226.14
20111201|37|"MAR DEL PLATA"|305|"PESCADO SECO, SALADO O EN SALMUERA; PESCADOAHUMADO, INCLUSO "|73|3539242.7|9054186.27
20120101|37|"MAR DEL PLATA"|305|"PESCADO SECO, SALADO O EN SALMUERA; PESCADOAHUMADO, INCLUSO "|122|7265268.3|18431038.5
20120201|37|"MAR DEL PLATA"|305|"PESCADO SECO, SALADO O EN SALMUERA; PESCADOAHUMADO, INCLUSO "|56|1596982.9|4639971.83
20120301|37|"MAR DEL PLATA"|305|"PESCADO SECO, SALADO O EN SALMUERA; PESCADOAHUMADO, INCLUSO "|41|736728.8|2353308.84
20120401|37|"MAR DEL PLATA"|305|"PESCADO SECO, SALADO O EN SALMUERA; PESCADOAHUMADO, INCLUSO "|33|801443|3238158.78
20120501|37|"MAR DEL PLATA"|305|"PESCADO SECO, SALADO O EN SALMUERA; PESCADOAHUMADO, INCLUSO "|31|465173|1602195.22
20120601|37|"MAR DEL PLATA"|305|"PESCADO SECO, SALADO O EN SALMUERA; PESCADOAHUMADO, INCLUSO "|20|523032|1703543.11
20120701|37|"MAR DEL PLATA"|305|"PESCADO SECO, SALADO O EN SALMUERA; PESCADOAHUMADO, INCLUSO "|17|272247|921097.22
20120801|37|"MAR DEL PLATA"|305|"PESCADO SECO, SALADO O EN SALMUERA; PESCADOAHUMADO, INCLUSO "|27|432787|1136522.72
20120901|37|"MAR DEL PLATA"|305|"PESCADO SECO, SALADO O EN SALMUERA; PESCADOAHUMADO, INCLUSO "|16|290359|615120.29
20121001|37|"MAR DEL PLATA"|305|"PESCADO SECO, SALADO O EN SALMUERA; PESCADOAHUMADO, INCLUSO "|16|333460|1049410.93
20121101|37|"MAR DEL PLATA"|305|"PESCADO SECO, SALADO O EN SALMUERA; PESCADOAHUMADO, INCLUSO "|29|1023317|2772082.08
20121201|37|"MAR DEL PLATA"|305|"PESCADO SECO, SALADO O EN SALMUERA; PESCADOAHUMADO, INCLUSO "|68|4440175.7|9821964.36
20130101|37|"MAR DEL PLATA"|305|"PESCADO SECO, SALADO O EN SALMUERA; PESCADOAHUMADO, INCLUSO "|80|2508482|5863990.07
20130201|37|"MAR DEL PLATA"|305|"PESCADO SECO, SALADO O EN SALMUERA; PESCADOAHUMADO, INCLUSO "|39|1047221|2119034.83
20130301|37|"MAR DEL PLATA"|305|"PESCADO SECO, SALADO O EN SALMUERA; PESCADOAHUMADO, INCLUSO "|38|941387|2300062.7
20130401|37|"MAR DEL PLATA"|305|"PESCADO SECO, SALADO O EN SALMUERA; PESCADOAHUMADO, INCLUSO "|31|705080.8|1910635.3
20130501|37|"MAR DEL PLATA"|305|"PESCADO SECO, SALADO O EN SALMUERA; PESCADOAHUMADO, INCLUSO "|17|265631|966965.58
20130601|37|"MAR DEL PLATA"|305|"PESCADO SECO, SALADO O EN SALMUERA; PESCADOAHUMADO, INCLUSO "|16|289413|658188.73
20130701|37|"MAR DEL PLATA"|305|"PESCADO SECO, SALADO O EN SALMUERA; PESCADOAHUMADO, INCLUSO "|17|266686|686013.62
20130801|37|"MAR DEL PLATA"|305|"PESCADO SECO, SALADO O EN SALMUERA; PESCADOAHUMADO, INCLUSO "|23|270849|867849.47
20130901|37|"MAR DEL PLATA"|305|"PESCADO SECO, SALADO O EN SALMUERA; PESCADOAHUMADO, INCLUSO "|16|235231|521772.56
20131001|37|"MAR DEL PLATA"|305|"PESCADO SECO, SALADO O EN SALMUERA; PESCADOAHUMADO, INCLUSO "|28|1258435|2593725.84
20131101|37|"MAR DEL PLATA"|305|"PESCADO SECO, SALADO O EN SALMUERA; PESCADOAHUMADO, INCLUSO "|45|2196161|4204613.57
20131201|37|"MAR DEL PLATA"|305|"PESCADO SECO, SALADO O EN SALMUERA; PESCADOAHUMADO, INCLUSO "|51|2215106.54|4469393
20140101|37|"MAR DEL PLATA"|305|"PESCADO SECO, SALADO O EN SALMUERA; PESCADOAHUMADO, INCLUSO "|63|2868490|6715810.39
20140201|37|"MAR DEL PLATA"|305|"PESCADO SECO, SALADO O EN SALMUERA; PESCADOAHUMADO, INCLUSO "|33|1156267|2705542.14
20140301|37|"MAR DEL PLATA"|305|"PESCADO SECO, SALADO O EN SALMUERA; PESCADOAHUMADO, INCLUSO "|28|1041677|2321102.18
20140401|37|"MAR DEL PLATA"|305|"PESCADO SECO, SALADO O EN SALMUERA; PESCADOAHUMADO, INCLUSO "|13|177558|546678.56
20140501|37|"MAR DEL PLATA"|305|"PESCADO SECO, SALADO O EN SALMUERA; PESCADOAHUMADO, INCLUSO "|21|360233|811437.04
20140601|37|"MAR DEL PLATA"|305|"PESCADO SECO, SALADO O EN SALMUERA; PESCADOAHUMADO, INCLUSO "|10|106299|359400.1
20140701|37|"MAR DEL PLATA"|305|"PESCADO SECO, SALADO O EN SALMUERA; PESCADOAHUMADO, INCLUSO "|10|121884|193809.9
20140801|37|"MAR DEL PLATA"|305|"PESCADO SECO, SALADO O EN SALMUERA; PESCADOAHUMADO, INCLUSO "|8|95632|243428.83
20140901|37|"MAR DEL PLATA"|305|"PESCADO SECO, SALADO O EN SALMUERA; PESCADOAHUMADO, INCLUSO "|16|520878|1096686.33
20141001|37|"MAR DEL PLATA"|305|"PESCADO SECO, SALADO O EN SALMUERA; PESCADOAHUMADO, INCLUSO "|17|1031463|1962919.7
20141101|37|"MAR DEL PLATA"|305|"PESCADO SECO, SALADO O EN SALMUERA; PESCADOAHUMADO, INCLUSO "|41|2602378|4683635.25
20141201|37|"MAR DEL PLATA"|305|"PESCADO SECO, SALADO O EN SALMUERA; PESCADOAHUMADO, INCLUSO "|66|2935733|7849613.68
20150101|37|"MAR DEL PLATA"|305|"PESCADO SECO, SALADO O EN SALMUERA; PESCADOAHUMADO, INCLUSO "|59|2618539|6997690.47
20150201|37|"MAR DEL PLATA"|305|"PESCADO SECO, SALADO O EN SALMUERA; PESCADOAHUMADO, INCLUSO "|31|830577|2404673.66
20150301|37|"MAR DEL PLATA"|305|"PESCADO SECO, SALADO O EN SALMUERA; PESCADOAHUMADO, INCLUSO "|19|459732|1213482.9
20150401|37|"MAR DEL PLATA"|305|"PESCADO SECO, SALADO O EN SALMUERA; PESCADOAHUMADO, INCLUSO "|9|87118|249435.44
20150501|37|"MAR DEL PLATA"|305|"PESCADO SECO, SALADO O EN SALMUERA; PESCADOAHUMADO, INCLUSO "|5|146335|268615.92
20150601|37|"MAR DEL PLATA"|305|"PESCADO SECO, SALADO O EN SALMUERA; PESCADOAHUMADO, INCLUSO "|16|961431|2981835.16
20150701|37|"MAR DEL PLATA"|305|"PESCADO SECO, SALADO O EN SALMUERA; PESCADOAHUMADO, INCLUSO "|6|229539|749342.4
20150801|37|"MAR DEL PLATA"|305|"PESCADO SECO, SALADO O EN SALMUERA; PESCADOAHUMADO, INCLUSO "|24|949933|2725201.24
20150901|37|"MAR DEL PLATA"|305|"PESCADO SECO, SALADO O EN SALMUERA; PESCADOAHUMADO, INCLUSO "|13|650741|1712452.23
20151001|37|"MAR DEL PLATA"|305|"PESCADO SECO, SALADO O EN SALMUERA; PESCADOAHUMADO, INCLUSO "|12|315794|838447.79
20151101|37|"MAR DEL PLATA"|305|"PESCADO SECO, SALADO O EN SALMUERA; PESCADOAHUMADO, INCLUSO "|11|273732|700013.7
20151201|37|"MAR DEL PLATA"|305|"PESCADO SECO, SALADO O EN SALMUERA; PESCADOAHUMADO, INCLUSO "|32|1303500|3504647.76
