"fecha_oficia"|"aduana"|"aduana_desc"|"mercaderia"|"mercaderia_desc"|"cantidad"|"kilos"|"importe"
20100101|87|"CALETA OLIVIA"|306|"CRUSTACEOS, INCLUSO PELADOS, VIVOS, FRESCOS, REFRIGERADOS, C"|7|376908|2341801.8
20100201|87|"CALETA OLIVIA"|306|"CRUSTACEOS, INCLUSO PELADOS, VIVOS, FRESCOS, REFRIGERADOS, C"|7|230208|1665948
20100301|87|"CALETA OLIVIA"|306|"CRUSTACEOS, INCLUSO PELADOS, VIVOS, FRESCOS, REFRIGERADOS, C"|6|513900|3565321.2
20100401|87|"CALETA OLIVIA"|306|"CRUSTACEOS, INCLUSO PELADOS, VIVOS, FRESCOS, REFRIGERADOS, C"|21|1338312|9939099.6
20100501|87|"CALETA OLIVIA"|306|"CRUSTACEOS, INCLUSO PELADOS, VIVOS, FRESCOS, REFRIGERADOS, C"|40|4442916|36451362.99
20100601|87|"CALETA OLIVIA"|306|"CRUSTACEOS, INCLUSO PELADOS, VIVOS, FRESCOS, REFRIGERADOS, C"|54|9737202|78464384.93
20100701|87|"CALETA OLIVIA"|306|"CRUSTACEOS, INCLUSO PELADOS, VIVOS, FRESCOS, REFRIGERADOS, C"|51|6476896|48728140.77
20100801|87|"CALETA OLIVIA"|306|"CRUSTACEOS, INCLUSO PELADOS, VIVOS, FRESCOS, REFRIGERADOS, C"|59|16532880|124028008.37
20100901|87|"CALETA OLIVIA"|306|"CRUSTACEOS, INCLUSO PELADOS, VIVOS, FRESCOS, REFRIGERADOS, C"|68|17388774|114432923.98
20101001|87|"CALETA OLIVIA"|306|"CRUSTACEOS, INCLUSO PELADOS, VIVOS, FRESCOS, REFRIGERADOS, C"|25|1404150|10073255.41
20101101|87|"CALETA OLIVIA"|306|"CRUSTACEOS, INCLUSO PELADOS, VIVOS, FRESCOS, REFRIGERADOS, C"|35|1641900|11561735.72
20101201|87|"CALETA OLIVIA"|306|"CRUSTACEOS, INCLUSO PELADOS, VIVOS, FRESCOS, REFRIGERADOS, C"|11|442410|2909952.9
20110101|87|"CALETA OLIVIA"|306|"CRUSTACEOS, INCLUSO PELADOS, VIVOS, FRESCOS, REFRIGERADOS, C"|2|291200|1372911.79
20110201|87|"CALETA OLIVIA"|306|"CRUSTACEOS, INCLUSO PELADOS, VIVOS, FRESCOS, REFRIGERADOS, C"|27|1231062|7270066.63
20110301|87|"CALETA OLIVIA"|306|"CRUSTACEOS, INCLUSO PELADOS, VIVOS, FRESCOS, REFRIGERADOS, C"|12|591312|3484756.79
20110401|87|"CALETA OLIVIA"|306|"CRUSTACEOS, INCLUSO PELADOS, VIVOS, FRESCOS, REFRIGERADOS, C"|23|1651968|10451721.55
20110501|87|"CALETA OLIVIA"|306|"CRUSTACEOS, INCLUSO PELADOS, VIVOS, FRESCOS, REFRIGERADOS, C"|59|4046080.36|25148366.11
20110601|87|"CALETA OLIVIA"|306|"CRUSTACEOS, INCLUSO PELADOS, VIVOS, FRESCOS, REFRIGERADOS, C"|58|3280219|23234440.2
20110701|87|"CALETA OLIVIA"|306|"CRUSTACEOS, INCLUSO PELADOS, VIVOS, FRESCOS, REFRIGERADOS, C"|68|3196296|21877594.06
20110801|87|"CALETA OLIVIA"|306|"CRUSTACEOS, INCLUSO PELADOS, VIVOS, FRESCOS, REFRIGERADOS, C"|74|2891880|19752598.82
20110901|87|"CALETA OLIVIA"|306|"CRUSTACEOS, INCLUSO PELADOS, VIVOS, FRESCOS, REFRIGERADOS, C"|64|3047813.91|20647186.83
20111001|87|"CALETA OLIVIA"|306|"CRUSTACEOS, INCLUSO PELADOS, VIVOS, FRESCOS, REFRIGERADOS, C"|101|4970089.5|31437205.19
20111101|87|"CALETA OLIVIA"|306|"CRUSTACEOS, INCLUSO PELADOS, VIVOS, FRESCOS, REFRIGERADOS, C"|35|1138113.92|6543604.38
20111201|87|"CALETA OLIVIA"|306|"CRUSTACEOS, INCLUSO PELADOS, VIVOS, FRESCOS, REFRIGERADOS, C"|15|449604|2828552.57
20120101|87|"CALETA OLIVIA"|306|"CRUSTACEOS, INCLUSO PELADOS, VIVOS, FRESCOS, REFRIGERADOS, C"|20|784280|4900340
20120201|87|"CALETA OLIVIA"|306|"CRUSTACEOS, INCLUSO PELADOS, VIVOS, FRESCOS, REFRIGERADOS, C"|13|654103.16|4254571.2
20120301|87|"CALETA OLIVIA"|306|"CRUSTACEOS, INCLUSO PELADOS, VIVOS, FRESCOS, REFRIGERADOS, C"|3|114464|735705.6
20120401|87|"CALETA OLIVIA"|306|"CRUSTACEOS, INCLUSO PELADOS, VIVOS, FRESCOS, REFRIGERADOS, C"|14|1056956|5803373.02
20120501|87|"CALETA OLIVIA"|306|"CRUSTACEOS, INCLUSO PELADOS, VIVOS, FRESCOS, REFRIGERADOS, C"|44|2183039.2|13369838.08
20120601|87|"CALETA OLIVIA"|306|"CRUSTACEOS, INCLUSO PELADOS, VIVOS, FRESCOS, REFRIGERADOS, C"|38|2478934|16520740.13
20120701|87|"CALETA OLIVIA"|306|"CRUSTACEOS, INCLUSO PELADOS, VIVOS, FRESCOS, REFRIGERADOS, C"|16|837216|5256570.38
20120801|87|"CALETA OLIVIA"|306|"CRUSTACEOS, INCLUSO PELADOS, VIVOS, FRESCOS, REFRIGERADOS, C"|36|2488956|15595429.97
20120901|87|"CALETA OLIVIA"|306|"CRUSTACEOS, INCLUSO PELADOS, VIVOS, FRESCOS, REFRIGERADOS, C"|20|617112|4418565.73
20121001|87|"CALETA OLIVIA"|306|"CRUSTACEOS, INCLUSO PELADOS, VIVOS, FRESCOS, REFRIGERADOS, C"|41|1744488|11342255.52
20121101|87|"CALETA OLIVIA"|306|"CRUSTACEOS, INCLUSO PELADOS, VIVOS, FRESCOS, REFRIGERADOS, C"|33|1016824|6314500.39
20121201|87|"CALETA OLIVIA"|306|"CRUSTACEOS, INCLUSO PELADOS, VIVOS, FRESCOS, REFRIGERADOS, C"|40|1816092|11649914.15
20130101|87|"CALETA OLIVIA"|306|"CRUSTACEOS, INCLUSO PELADOS, VIVOS, FRESCOS, REFRIGERADOS, C"|6|127560|754068
20130201|87|"CALETA OLIVIA"|306|"CRUSTACEOS, INCLUSO PELADOS, VIVOS, FRESCOS, REFRIGERADOS, C"|5|110868|768679.2
20130301|87|"CALETA OLIVIA"|306|"CRUSTACEOS, INCLUSO PELADOS, VIVOS, FRESCOS, REFRIGERADOS, C"|0|0|0
20130401|87|"CALETA OLIVIA"|306|"CRUSTACEOS, INCLUSO PELADOS, VIVOS, FRESCOS, REFRIGERADOS, C"|20|666468|4262745.77
20130501|87|"CALETA OLIVIA"|306|"CRUSTACEOS, INCLUSO PELADOS, VIVOS, FRESCOS, REFRIGERADOS, C"|12|539412|3616917.2
20130601|87|"CALETA OLIVIA"|306|"CRUSTACEOS, INCLUSO PELADOS, VIVOS, FRESCOS, REFRIGERADOS, C"|23|1314072|9914543.64
20130701|87|"CALETA OLIVIA"|306|"CRUSTACEOS, INCLUSO PELADOS, VIVOS, FRESCOS, REFRIGERADOS, C"|55|1882917|13512622.54
20130801|87|"CALETA OLIVIA"|306|"CRUSTACEOS, INCLUSO PELADOS, VIVOS, FRESCOS, REFRIGERADOS, C"|41|1506336|10898295.99
20130901|87|"CALETA OLIVIA"|306|"CRUSTACEOS, INCLUSO PELADOS, VIVOS, FRESCOS, REFRIGERADOS, C"|61|2540784|18365568.16
20131001|87|"CALETA OLIVIA"|306|"CRUSTACEOS, INCLUSO PELADOS, VIVOS, FRESCOS, REFRIGERADOS, C"|57|1357237.56|10043237.49
20131101|87|"CALETA OLIVIA"|306|"CRUSTACEOS, INCLUSO PELADOS, VIVOS, FRESCOS, REFRIGERADOS, C"|2|24024|149727.45
20131201|87|"CALETA OLIVIA"|306|"CRUSTACEOS, INCLUSO PELADOS, VIVOS, FRESCOS, REFRIGERADOS, C"|11|162499.94|1357424.59
20140101|87|"CALETA OLIVIA"|306|"CRUSTACEOS, INCLUSO PELADOS, VIVOS, FRESCOS, REFRIGERADOS, C"|8|265999.1|1948696.04
20140201|87|"CALETA OLIVIA"|306|"CRUSTACEOS, INCLUSO PELADOS, VIVOS, FRESCOS, REFRIGERADOS, C"|18|465316.35|3633916.32
20140301|87|"CALETA OLIVIA"|306|"CRUSTACEOS, INCLUSO PELADOS, VIVOS, FRESCOS, REFRIGERADOS, C"|14|407857.56|3045162.13
20140401|87|"CALETA OLIVIA"|306|"CRUSTACEOS, INCLUSO PELADOS, VIVOS, FRESCOS, REFRIGERADOS, C"|16|795180.44|6084377.96
20140501|87|"CALETA OLIVIA"|306|"CRUSTACEOS, INCLUSO PELADOS, VIVOS, FRESCOS, REFRIGERADOS, C"|31|896796|6658768.22
20140601|87|"CALETA OLIVIA"|306|"CRUSTACEOS, INCLUSO PELADOS, VIVOS, FRESCOS, REFRIGERADOS, C"|19|914556|7127813.58
20140701|87|"CALETA OLIVIA"|306|"CRUSTACEOS, INCLUSO PELADOS, VIVOS, FRESCOS, REFRIGERADOS, C"|26|1239216|9776989.61
20140801|87|"CALETA OLIVIA"|306|"CRUSTACEOS, INCLUSO PELADOS, VIVOS, FRESCOS, REFRIGERADOS, C"|42|1967028|15184434.92
20140901|87|"CALETA OLIVIA"|306|"CRUSTACEOS, INCLUSO PELADOS, VIVOS, FRESCOS, REFRIGERADOS, C"|32|1458264|11008593.1
20141001|87|"CALETA OLIVIA"|306|"CRUSTACEOS, INCLUSO PELADOS, VIVOS, FRESCOS, REFRIGERADOS, C"|32|1437852|10318167.67
20141101|87|"CALETA OLIVIA"|306|"CRUSTACEOS, INCLUSO PELADOS, VIVOS, FRESCOS, REFRIGERADOS, C"|12|670740|4559905.2
20141201|87|"CALETA OLIVIA"|306|"CRUSTACEOS, INCLUSO PELADOS, VIVOS, FRESCOS, REFRIGERADOS, C"|6|359352|2447352.59
20150101|87|"CALETA OLIVIA"|306|"CRUSTACEOS, INCLUSO PELADOS, VIVOS, FRESCOS, REFRIGERADOS, C"|7|259224|1962866.86
20150201|87|"CALETA OLIVIA"|306|"CRUSTACEOS, INCLUSO PELADOS, VIVOS, FRESCOS, REFRIGERADOS, C"|17|624564|4620395.16
20150301|87|"CALETA OLIVIA"|306|"CRUSTACEOS, INCLUSO PELADOS, VIVOS, FRESCOS, REFRIGERADOS, C"|17|706668|4475966.88
20150401|87|"CALETA OLIVIA"|306|"CRUSTACEOS, INCLUSO PELADOS, VIVOS, FRESCOS, REFRIGERADOS, C"|16|484464|2978030.98
20150501|87|"CALETA OLIVIA"|306|"CRUSTACEOS, INCLUSO PELADOS, VIVOS, FRESCOS, REFRIGERADOS, C"|27|1056768|6924659.59
20150601|87|"CALETA OLIVIA"|306|"CRUSTACEOS, INCLUSO PELADOS, VIVOS, FRESCOS, REFRIGERADOS, C"|18|664536|4487865.39
20150701|87|"CALETA OLIVIA"|306|"CRUSTACEOS, INCLUSO PELADOS, VIVOS, FRESCOS, REFRIGERADOS, C"|51|2861508|19321145.06
20150801|87|"CALETA OLIVIA"|306|"CRUSTACEOS, INCLUSO PELADOS, VIVOS, FRESCOS, REFRIGERADOS, C"|48|1916160|13010432.37
20150901|87|"CALETA OLIVIA"|306|"CRUSTACEOS, INCLUSO PELADOS, VIVOS, FRESCOS, REFRIGERADOS, C"|15|593772|3941612.6
20151001|87|"CALETA OLIVIA"|306|"CRUSTACEOS, INCLUSO PELADOS, VIVOS, FRESCOS, REFRIGERADOS, C"|36|1688388|11710541.6
20151101|87|"CALETA OLIVIA"|306|"CRUSTACEOS, INCLUSO PELADOS, VIVOS, FRESCOS, REFRIGERADOS, C"|34|1271832|8619369.4
20151201|87|"CALETA OLIVIA"|306|"CRUSTACEOS, INCLUSO PELADOS, VIVOS, FRESCOS, REFRIGERADOS, C"|5|336144|2247694.82
