"fecha_oficia"|"aduana"|"aduana_desc"|"mercaderia"|"mercaderia_desc"|"cantidad"|"kilos"|"importe"
20100101|20|"DIAMANTE"|303|"PESCADO CONGELADO, EXCEPTO LOS FILETESY DEMAS CARNE DE PESCA"|28|668000|537119
20100201|20|"DIAMANTE"|303|"PESCADO CONGELADO, EXCEPTO LOS FILETESY DEMAS CARNE DE PESCA"|26|564760|479303
20100301|20|"DIAMANTE"|303|"PESCADO CONGELADO, EXCEPTO LOS FILETESY DEMAS CARNE DE PESCA"|67|1596370|1335190
20100401|20|"DIAMANTE"|303|"PESCADO CONGELADO, EXCEPTO LOS FILETESY DEMAS CARNE DE PESCA"|23|443500|403337
20100501|20|"DIAMANTE"|303|"PESCADO CONGELADO, EXCEPTO LOS FILETESY DEMAS CARNE DE PESCA"|32|736500|653131.5
20100601|20|"DIAMANTE"|303|"PESCADO CONGELADO, EXCEPTO LOS FILETESY DEMAS CARNE DE PESCA"|15|256500|282720
20100701|20|"DIAMANTE"|303|"PESCADO CONGELADO, EXCEPTO LOS FILETESY DEMAS CARNE DE PESCA"|24|583500|596400
20100801|20|"DIAMANTE"|303|"PESCADO CONGELADO, EXCEPTO LOS FILETESY DEMAS CARNE DE PESCA"|40|1032320|1038516
20100901|20|"DIAMANTE"|303|"PESCADO CONGELADO, EXCEPTO LOS FILETESY DEMAS CARNE DE PESCA"|38|1e+06|1041420
20101001|20|"DIAMANTE"|303|"PESCADO CONGELADO, EXCEPTO LOS FILETESY DEMAS CARNE DE PESCA"|39|945500|971040
20101101|20|"DIAMANTE"|303|"PESCADO CONGELADO, EXCEPTO LOS FILETESY DEMAS CARNE DE PESCA"|36|950230|1045641.72
20101201|20|"DIAMANTE"|303|"PESCADO CONGELADO, EXCEPTO LOS FILETESY DEMAS CARNE DE PESCA"|40|876950|1235565.29
20110101|20|"DIAMANTE"|303|"PESCADO CONGELADO, EXCEPTO LOS FILETESY DEMAS CARNE DE PESCA"|49|1106160|1287912
20110201|20|"DIAMANTE"|303|"PESCADO CONGELADO, EXCEPTO LOS FILETESY DEMAS CARNE DE PESCA"|41|951440|969930
20110301|20|"DIAMANTE"|303|"PESCADO CONGELADO, EXCEPTO LOS FILETESY DEMAS CARNE DE PESCA"|52|1181000|1258600
20110401|20|"DIAMANTE"|303|"PESCADO CONGELADO, EXCEPTO LOS FILETESY DEMAS CARNE DE PESCA"|92|1293520|1484720
20110501|20|"DIAMANTE"|303|"PESCADO CONGELADO, EXCEPTO LOS FILETESY DEMAS CARNE DE PESCA"|60|1026260.6|1305708
20110601|20|"DIAMANTE"|303|"PESCADO CONGELADO, EXCEPTO LOS FILETESY DEMAS CARNE DE PESCA"|69|1481720|1753646
20110701|20|"DIAMANTE"|303|"PESCADO CONGELADO, EXCEPTO LOS FILETESY DEMAS CARNE DE PESCA"|79|1659590|2280415.75
20110801|20|"DIAMANTE"|303|"PESCADO CONGELADO, EXCEPTO LOS FILETESY DEMAS CARNE DE PESCA"|16|304000|415200
20110901|20|"DIAMANTE"|303|"PESCADO CONGELADO, EXCEPTO LOS FILETESY DEMAS CARNE DE PESCA"|28|446940|558893
20111001|20|"DIAMANTE"|303|"PESCADO CONGELADO, EXCEPTO LOS FILETESY DEMAS CARNE DE PESCA"|43|917250|1109516
20111101|20|"DIAMANTE"|303|"PESCADO CONGELADO, EXCEPTO LOS FILETESY DEMAS CARNE DE PESCA"|36|903840|1064400
20111201|20|"DIAMANTE"|303|"PESCADO CONGELADO, EXCEPTO LOS FILETESY DEMAS CARNE DE PESCA"|96|1534000|1806440
20120101|20|"DIAMANTE"|303|"PESCADO CONGELADO, EXCEPTO LOS FILETESY DEMAS CARNE DE PESCA"|14|253710|283470
20120201|20|"DIAMANTE"|303|"PESCADO CONGELADO, EXCEPTO LOS FILETESY DEMAS CARNE DE PESCA"|42|926600|1134560
20120301|20|"DIAMANTE"|303|"PESCADO CONGELADO, EXCEPTO LOS FILETESY DEMAS CARNE DE PESCA"|53|900868|1037862.6
20120401|20|"DIAMANTE"|303|"PESCADO CONGELADO, EXCEPTO LOS FILETESY DEMAS CARNE DE PESCA"|29|500160|613554
20120501|20|"DIAMANTE"|303|"PESCADO CONGELADO, EXCEPTO LOS FILETESY DEMAS CARNE DE PESCA"|71|994603.2|1477023.84
20120601|20|"DIAMANTE"|303|"PESCADO CONGELADO, EXCEPTO LOS FILETESY DEMAS CARNE DE PESCA"|78|931504|1259174.8
20120701|20|"DIAMANTE"|303|"PESCADO CONGELADO, EXCEPTO LOS FILETESY DEMAS CARNE DE PESCA"|77|953622|1160639.4
20120801|20|"DIAMANTE"|303|"PESCADO CONGELADO, EXCEPTO LOS FILETESY DEMAS CARNE DE PESCA"|78|1237296|1535495.2
20120901|20|"DIAMANTE"|303|"PESCADO CONGELADO, EXCEPTO LOS FILETESY DEMAS CARNE DE PESCA"|61|1111860|1384440
20121001|20|"DIAMANTE"|303|"PESCADO CONGELADO, EXCEPTO LOS FILETESY DEMAS CARNE DE PESCA"|62|978640|1264713
20121101|20|"DIAMANTE"|303|"PESCADO CONGELADO, EXCEPTO LOS FILETESY DEMAS CARNE DE PESCA"|71|1156130|1460210
20121201|20|"DIAMANTE"|303|"PESCADO CONGELADO, EXCEPTO LOS FILETESY DEMAS CARNE DE PESCA"|53|758528|938278.6
20130101|20|"DIAMANTE"|303|"PESCADO CONGELADO, EXCEPTO LOS FILETESY DEMAS CARNE DE PESCA"|81|1103212|1364775.4
20130201|20|"DIAMANTE"|303|"PESCADO CONGELADO, EXCEPTO LOS FILETESY DEMAS CARNE DE PESCA"|60|909420|1098094
20130301|20|"DIAMANTE"|303|"PESCADO CONGELADO, EXCEPTO LOS FILETESY DEMAS CARNE DE PESCA"|43|552016|717791.4
20130401|20|"DIAMANTE"|303|"PESCADO CONGELADO, EXCEPTO LOS FILETESY DEMAS CARNE DE PESCA"|71|878144|1094484.8
20130501|20|"DIAMANTE"|303|"PESCADO CONGELADO, EXCEPTO LOS FILETESY DEMAS CARNE DE PESCA"|55|1037884|1283580.8
20130601|20|"DIAMANTE"|303|"PESCADO CONGELADO, EXCEPTO LOS FILETESY DEMAS CARNE DE PESCA"|65|1047412|1323894.4
20130701|20|"DIAMANTE"|303|"PESCADO CONGELADO, EXCEPTO LOS FILETESY DEMAS CARNE DE PESCA"|61|940408|1141159.6
20130801|20|"DIAMANTE"|303|"PESCADO CONGELADO, EXCEPTO LOS FILETESY DEMAS CARNE DE PESCA"|73|1181050|1481668
20130901|20|"DIAMANTE"|303|"PESCADO CONGELADO, EXCEPTO LOS FILETESY DEMAS CARNE DE PESCA"|65|1283464|1541656.8
20131001|20|"DIAMANTE"|303|"PESCADO CONGELADO, EXCEPTO LOS FILETESY DEMAS CARNE DE PESCA"|67|1186336|1419603.2
20131101|20|"DIAMANTE"|303|"PESCADO CONGELADO, EXCEPTO LOS FILETESY DEMAS CARNE DE PESCA"|42|818980|979960
20131201|20|"DIAMANTE"|303|"PESCADO CONGELADO, EXCEPTO LOS FILETESY DEMAS CARNE DE PESCA"|48|617720|819764
20140101|20|"DIAMANTE"|303|"PESCADO CONGELADO, EXCEPTO LOS FILETESY DEMAS CARNE DE PESCA"|52|844752|1031256.4
20140201|20|"DIAMANTE"|303|"PESCADO CONGELADO, EXCEPTO LOS FILETESY DEMAS CARNE DE PESCA"|75|1077350|1351495
20140301|20|"DIAMANTE"|303|"PESCADO CONGELADO, EXCEPTO LOS FILETESY DEMAS CARNE DE PESCA"|79|1385470|1677042
20140401|20|"DIAMANTE"|303|"PESCADO CONGELADO, EXCEPTO LOS FILETESY DEMAS CARNE DE PESCA"|120|1587210|1948981
20140501|20|"DIAMANTE"|303|"PESCADO CONGELADO, EXCEPTO LOS FILETESY DEMAS CARNE DE PESCA"|63|1050254|1273395.7
20140601|20|"DIAMANTE"|303|"PESCADO CONGELADO, EXCEPTO LOS FILETESY DEMAS CARNE DE PESCA"|65|1142798|1431837.6
20140701|20|"DIAMANTE"|303|"PESCADO CONGELADO, EXCEPTO LOS FILETESY DEMAS CARNE DE PESCA"|57|1048176|1271731.2
20140801|20|"DIAMANTE"|303|"PESCADO CONGELADO, EXCEPTO LOS FILETESY DEMAS CARNE DE PESCA"|53|1077980|1325979
20140901|20|"DIAMANTE"|303|"PESCADO CONGELADO, EXCEPTO LOS FILETESY DEMAS CARNE DE PESCA"|48|935270|1154419
20141001|20|"DIAMANTE"|303|"PESCADO CONGELADO, EXCEPTO LOS FILETESY DEMAS CARNE DE PESCA"|48|912700|1130560
20141101|20|"DIAMANTE"|303|"PESCADO CONGELADO, EXCEPTO LOS FILETESY DEMAS CARNE DE PESCA"|47|694854|883162
20141201|20|"DIAMANTE"|303|"PESCADO CONGELADO, EXCEPTO LOS FILETESY DEMAS CARNE DE PESCA"|55|889536|1083217.4
20150101|20|"DIAMANTE"|303|"PESCADO CONGELADO, EXCEPTO LOS FILETESY DEMAS CARNE DE PESCA"|80|1226959|1496625.1
20150201|20|"DIAMANTE"|303|"PESCADO CONGELADO, EXCEPTO LOS FILETESY DEMAS CARNE DE PESCA"|64|1016779.2|1258460.64
20150301|20|"DIAMANTE"|303|"PESCADO CONGELADO, EXCEPTO LOS FILETESY DEMAS CARNE DE PESCA"|91|1614391.6|1972673.24
20150401|20|"DIAMANTE"|303|"PESCADO CONGELADO, EXCEPTO LOS FILETESY DEMAS CARNE DE PESCA"|121|1817510|2241173
20150501|20|"DIAMANTE"|303|"PESCADO CONGELADO, EXCEPTO LOS FILETESY DEMAS CARNE DE PESCA"|76|974262|1305484.2
20150601|20|"DIAMANTE"|303|"PESCADO CONGELADO, EXCEPTO LOS FILETESY DEMAS CARNE DE PESCA"|75|1279702|1628513.2
20150701|20|"DIAMANTE"|303|"PESCADO CONGELADO, EXCEPTO LOS FILETESY DEMAS CARNE DE PESCA"|125|1699140|2103892
20150801|20|"DIAMANTE"|303|"PESCADO CONGELADO, EXCEPTO LOS FILETESY DEMAS CARNE DE PESCA"|84|1020058|1348951.8
20150901|20|"DIAMANTE"|303|"PESCADO CONGELADO, EXCEPTO LOS FILETESY DEMAS CARNE DE PESCA"|87|1252899|1533276.2
20151001|20|"DIAMANTE"|303|"PESCADO CONGELADO, EXCEPTO LOS FILETESY DEMAS CARNE DE PESCA"|69|1150579|1101157.2
20151101|20|"DIAMANTE"|303|"PESCADO CONGELADO, EXCEPTO LOS FILETESY DEMAS CARNE DE PESCA"|52|968600|799817
20151201|20|"DIAMANTE"|303|"PESCADO CONGELADO, EXCEPTO LOS FILETESY DEMAS CARNE DE PESCA"|54|922405.6|757924.56
